tipo,destino,titulo_destino,origem,titulo_origem,ordem,similaridade,ancora_sugerida
orfao,/como-funciona-um-fundo-imobiliario/,Como funciona um fundo imobiliário? Entenda agora,/o-que-significa-fii-guia-completo-sobre-fundos/,O que significa FII? Guia completo sobre fundos,1,0.476,Como funciona um fundo imobiliário
orfao,/como-funciona-um-fundo-imobiliario/,Como funciona um fundo imobiliário? Entenda agora,/o-que-significa-a-sigla-fii/,O que significa a sigla FII? | Entenda os fundos imobiliários,2,0.428,Como funciona um fundo imobiliário
orfao,/como-funciona-um-fundo-imobiliario/,Como funciona um fundo imobiliário? Entenda agora,/quanto-rende-1-000-reais-em-um-fundo-imobiliario/,Quanto rende 1.000 reais em um fundo imobiliário?,3,0.409,Como funciona um fundo imobiliário
orfao,/qual-o-preco-justo-da-itsa4-analise-completa-hoje/,Qual o preço justo da ITSA4? Análise completa hoje,/itausa-acoes-guia-completo-para-investir-na-bolsa/,Itausa ações: Guia completo para investir na bolsa,1,0.413,Qual o preço justo da ITSA4
orfao,/qual-o-preco-justo-da-itsa4-analise-completa-hoje/,Qual o preço justo da ITSA4? Análise completa hoje,/quanto-rende-uma-cota-de-itsa4-descubra-agora/,Quanto rende uma cota de ITSA4? Descubra agora,2,0.394,Qual o preço justo da ITSA4
orfao,/qual-o-preco-justo-da-itsa4-analise-completa-hoje/,Qual o preço justo da ITSA4? Análise completa hoje,/itausa-dividendos-guia-completo-para-investidores/,Itausa dividendos: guia completo para investidores,3,0.351,Qual o preço justo da ITSA4
orfao,/brasil-posto-gasolina-china-petroleo-exportacao-2026/,Brasil virou o posto de gasolina da China: o que o superávit de R$70 bilhões significa para seus investimentos,/fmi-eleva-pib-brasil-2026-guerra-golfo-petroleo/,FMI elevou o PIB do Brasil para 2026 - mas o motor é uma guerra que pode acabar amanhã,1,0.248,Brasil virou o posto de gasolina da China
orfao,/brasil-posto-gasolina-china-petroleo-exportacao-2026/,Brasil virou o posto de gasolina da China: o que o superávit de R$70 bilhões significa para seus investimentos,/3a-guerra-mundial-o-impacto-economico-que-ninguem-esta-falando/,3ª Guerra Mundial: O Impacto Econômico que Ninguém Está Falando,2,0.121,Brasil virou o posto de gasolina da China
orfao,/brasil-posto-gasolina-china-petroleo-exportacao-2026/,Brasil virou o posto de gasolina da China: o que o superávit de R$70 bilhões significa para seus investimentos,/china-ouro-20-meses-gold11-vale-a-pena-investir/,China compra ouro há 20 meses seguidos: vale a pena investir em GOLD11?,3,0.112,Brasil virou o posto de gasolina da China
orfao,/dolar-abaixo-r5-carry-trade-brasil-2026/,Dólar abaixo de R$5: por que o gringo entrou de vez no Brasil e o que fazer com seus investimentos,/o-que-e-taxa-de-cambio/,"O que é Taxa de Câmbio? Dólar, PTAX e como afeta seus investimentos",1,0.151,Dólar abaixo de R$5
orfao,/dolar-abaixo-r5-carry-trade-brasil-2026/,Dólar abaixo de R$5: por que o gringo entrou de vez no Brasil e o que fazer com seus investimentos,/bolsa-de-valores-em-alta-por-que-o-ibovespa-pode-subir-mais-e-como-nao-ficar-de-fora/,Bolsa de Valores em Alta: Por Que o Ibovespa Pode Subir Mais e Como Não Ficar de Fora,2,0.135,Dólar abaixo de R$5
orfao,/dolar-abaixo-r5-carry-trade-brasil-2026/,Dólar abaixo de R$5: por que o gringo entrou de vez no Brasil e o que fazer com seus investimentos,/fmi-eleva-pib-brasil-2026-guerra-golfo-petroleo/,FMI elevou o PIB do Brasil para 2026 - mas o motor é uma guerra que pode acabar amanhã,3,0.134,Dólar abaixo de R$5
orfao,/fmi-eleva-pib-brasil-2026-guerra-golfo-petroleo/,FMI elevou o PIB do Brasil para 2026 - mas o motor é uma guerra que pode acabar amanhã,/brasil-posto-gasolina-china-petroleo-exportacao-2026/,Brasil virou o posto de gasolina da China: o que o superávit de R$70 bilhões significa para seus investimentos,1,0.248,FMI elevou o PIB do Brasil para 2026 - mas o motor é uma guerra que pode acabar amanhã
orfao,/fmi-eleva-pib-brasil-2026-guerra-golfo-petroleo/,FMI elevou o PIB do Brasil para 2026 - mas o motor é uma guerra que pode acabar amanhã,/petr4-65-por-cento-lucro-estatais-vale-a-pena-investir/,PETR4 vale a pena? Petrobras concentra 65% do lucro das estatais,2,0.148,FMI elevou o PIB do Brasil para 2026 - mas o motor é uma guerra que pode acabar amanhã
orfao,/fmi-eleva-pib-brasil-2026-guerra-golfo-petroleo/,FMI elevou o PIB do Brasil para 2026 - mas o motor é uma guerra que pode acabar amanhã,/dolar-abaixo-r5-carry-trade-brasil-2026/,Dólar abaixo de R$5: por que o gringo entrou de vez no Brasil e o que fazer com seus investimentos,3,0.134,FMI elevou o PIB do Brasil para 2026 - mas o motor é uma guerra que pode acabar amanhã
orfao,/7-acoes-com-vantagem-competitiva-para-investir-na-b3-em-2025-moat/,7 Ações com Vantagem Competitiva para Investir na B3 em 2026 (MOAT),/vivt3-dividendos-conta-celular-gratis-para-sempre/,"Vale a Pena Comprar VIVT3? Com R$ 18 mil, a Vivo Paga Sua Conta de Celular Para Sempre",1,0.156,7 Ações com Vantagem Competitiva para Investir na B3 em 2026 (MOAT)
orfao,/7-acoes-com-vantagem-competitiva-para-investir-na-b3-em-2025-moat/,7 Ações com Vantagem Competitiva para Investir na B3 em 2026 (MOAT),/as-10-acoes-que-mais-pagam-dividendos-no-brasil-em-2024/,As 10 ações que mais pagam dividendos no Brasil em 2024,2,0.15,7 Ações com Vantagem Competitiva para Investir na B3 em 2026 (MOAT)
orfao,/7-acoes-com-vantagem-competitiva-para-investir-na-b3-em-2025-moat/,7 Ações com Vantagem Competitiva para Investir na B3 em 2026 (MOAT),/qual-o-preco-justo-da-itsa4-analise-completa-hoje/,Qual o preço justo da ITSA4? Análise completa hoje,3,0.137,7 Ações com Vantagem Competitiva para Investir na B3 em 2026 (MOAT)
orfao,/qual-o-melhor-etf-do-momento-descubra-agora/,Qual o melhor ETF do momento? Descubra agora,/qual-e-a-vantagem-de-investir-em-etf-guia-completo/,Qual é a vantagem de investir em ETF - Guia Completo,1,0.471,Qual o melhor ETF do momento
orfao,/qual-o-melhor-etf-do-momento-descubra-agora/,Qual o melhor ETF do momento? Descubra agora,/qual-a-melhor-etf-para-investir-guia-completo-2024/,Qual a melhor ETF para investir? Guia completo 2024,2,0.436,Qual o melhor ETF do momento
orfao,/qual-o-melhor-etf-do-momento-descubra-agora/,Qual o melhor ETF do momento? Descubra agora,/o-que-significa-o-etf-guia-completo-e-simples/,O que significa o ETF? | Guia Completo e Simples,3,0.419,Qual o melhor ETF do momento
orfao,/qual-a-melhor-etf-para-investir-guia-completo-2024/,Qual a melhor ETF para investir? Guia completo 2024,/qual-e-a-vantagem-de-investir-em-etf-guia-completo/,Qual é a vantagem de investir em ETF - Guia Completo,1,0.496,Qual a melhor ETF para investir
orfao,/qual-a-melhor-etf-para-investir-guia-completo-2024/,Qual a melhor ETF para investir? Guia completo 2024,/qual-o-melhor-etf-do-momento-descubra-agora/,Qual o melhor ETF do momento? Descubra agora,2,0.436,Qual a melhor ETF para investir
orfao,/qual-a-melhor-etf-para-investir-guia-completo-2024/,Qual a melhor ETF para investir? Guia completo 2024,/o-que-significa-o-etf-guia-completo-e-simples/,O que significa o ETF? | Guia Completo e Simples,3,0.415,Qual a melhor ETF para investir
orfao,/ozempic-nao-funciona-stanford-glp1-investimentos/,Ozempic não funciona pra 10% da população: Stanford derruba a tese e o que isso significa para seus investimentos,/radl3-mercado-livre-ozempic-vale-a-pena-comprar-a-queda/,RADL3 caiu com a notícia do Mercado Livre vendendo Ozempic: vale a pena comprar a queda?,1,0.118,Ozempic não funciona pra 10% da população
orfao,/ipo-spacex-2026-guia-completo-investidor-brasileiro/,IPO da SpaceX 2026: Vale US$ 2 Trilhões? Guia Completo para o Investidor Brasileiro,/ipo-spacex-vale-a-pena-investir-spcx/,IPO da SpaceX Vale a Pena? Análise Completa do SPCX para o Investidor Brasileiro,1,0.285,IPO da SpaceX 2026
orfao,/ipo-spacex-2026-guia-completo-investidor-brasileiro/,IPO da SpaceX 2026: Vale US$ 2 Trilhões? Guia Completo para o Investidor Brasileiro,/elon-musk-trilionario-rei-salomao-homem-mais-rico-historia/,Elon Musk Trilionário: O Homem Mais Rico da História — ou Não?,2,0.209,IPO da SpaceX 2026
orfao,/ipo-spacex-2026-guia-completo-investidor-brasileiro/,IPO da SpaceX 2026: Vale US$ 2 Trilhões? Guia Completo para o Investidor Brasileiro,/%f0%9f%9a%80-tesla-tsla34-vale-a-pena-descubra-se-ainda-faz-sentido-investir-em-2025/,🚀 Tesla (TSLA34) Vale a Pena? Descubra se Ainda Faz Sentido Investir em 2025!,3,0.114,IPO da SpaceX 2026
orfao,/sp-500-quanto-paga-de-dividendos-guia-completo/,S&P 500 paga dividendos? Quanto rende e como receber no Brasil,/etfs-que-pagam-dividendos-melhores-opcoes-no-brasil/,ETFs que pagam dividendos no Brasil: os melhores e como comparar,1,0.276,S&P 500 paga dividendos
orfao,/sp-500-quanto-paga-de-dividendos-guia-completo/,S&P 500 paga dividendos? Quanto rende e como receber no Brasil,/itausa-dividendos-guia-completo-para-investidores/,Itausa dividendos: guia completo para investidores,2,0.259,S&P 500 paga dividendos
orfao,/sp-500-quanto-paga-de-dividendos-guia-completo/,S&P 500 paga dividendos? Quanto rende e como receber no Brasil,/as-10-acoes-que-mais-pagam-dividendos-no-brasil-em-2024/,As 10 ações que mais pagam dividendos no Brasil em 2024,3,0.257,S&P 500 paga dividendos
orfao,/fii-papel-vs-tijolo/,"O que é FII de Papel vs Tijolo? Definição, como funciona e exemplos práticos",/o-que-e-fii/,"O que é FII? Definição, como funciona e exemplos práticos",1,0.315,O que é FII de Papel vs Tijolo
orfao,/fii-papel-vs-tijolo/,"O que é FII de Papel vs Tijolo? Definição, como funciona e exemplos práticos",/fundos-imobiliarios-o-que-sao-fiis/,Fundos Imobiliários (FIIs): Guia Completo para Iniciantes,2,0.288,O que é FII de Papel vs Tijolo
orfao,/fii-papel-vs-tijolo/,"O que é FII de Papel vs Tijolo? Definição, como funciona e exemplos práticos",/o-que-e-ifix/,"O que é IFIX? Definição, como funciona e exemplos práticos",3,0.283,O que é FII de Papel vs Tijolo
orfao,/fundos-imobiliarios-o-que-sao-fiis/,Fundos Imobiliários (FIIs): Guia Completo para Iniciantes,/o-que-e-fii/,"O que é FII? Definição, como funciona e exemplos práticos",1,0.294,Fundos Imobiliários (FIIs)
orfao,/fundos-imobiliarios-o-que-sao-fiis/,Fundos Imobiliários (FIIs): Guia Completo para Iniciantes,/fii-papel-vs-tijolo/,"O que é FII de Papel vs Tijolo? Definição, como funciona e exemplos práticos",2,0.288,Fundos Imobiliários (FIIs)
orfao,/fundos-imobiliarios-o-que-sao-fiis/,Fundos Imobiliários (FIIs): Guia Completo para Iniciantes,/fii-ou-imovel-fisico-qual-e-melhor-investimento/,FII ou Imóvel Físico: a resposta que nenhum corretor vai te dar,3,0.27,Fundos Imobiliários (FIIs)
orfao,/ivvb11-ou-bova11-qual-e-melhor/,IVVB11 ou BOVA11: Qual é Melhor para o Investidor Brasileiro?,/ivvb11-vale-a-pena-analise/,IVVB11: Vale a Pena em 2026? Análise Completa do ETF do S&P 500,1,0.355,IVVB11 ou BOVA11
orfao,/ivvb11-ou-bova11-qual-e-melhor/,IVVB11 ou BOVA11: Qual é Melhor para o Investidor Brasileiro?,/o-que-e-ivvb11/,O que é IVVB11? ETF do S&P 500 no Brasil explicado,2,0.35,IVVB11 ou BOVA11
orfao,/ivvb11-ou-bova11-qual-e-melhor/,IVVB11 ou BOVA11: Qual é Melhor para o Investidor Brasileiro?,/o-que-e-bova11/,O que é BOVA11? ETF do Ibovespa explicado,3,0.293,IVVB11 ou BOVA11
orfao,/lci-lca-investimento-isento-ir/,LCI e LCA: o Investimento Isento de IR que Poucos Conhecem,/o-que-e-lci/,"O que é LCI? Definição, como funciona e exemplos práticos",1,0.366,LCI e LCA
orfao,/lci-lca-investimento-isento-ir/,LCI e LCA: o Investimento Isento de IR que Poucos Conhecem,/o-que-e-lca/,"O que é LCA? Definição, como funciona e exemplos práticos",2,0.365,LCI e LCA
orfao,/lci-lca-investimento-isento-ir/,LCI e LCA: o Investimento Isento de IR que Poucos Conhecem,/lci-lca-ainda-valem-a-pena-2026/,A conta que ninguém faz: LCI e LCA ainda valem a pena depois da mudança do IR?,3,0.365,LCI e LCA
orfao,/cdb-vs-lci-lca-tabela-taxas-equivalentes-calculadora/,CDB vs LCI e LCA: Tabela de Taxas Equivalentes + Calculadora,/lci-lca-ainda-valem-a-pena-2026/,A conta que ninguém faz: LCI e LCA ainda valem a pena depois da mudança do IR?,1,0.308,CDB vs LCI e LCA
orfao,/cdb-vs-lci-lca-tabela-taxas-equivalentes-calculadora/,CDB vs LCI e LCA: Tabela de Taxas Equivalentes + Calculadora,/o-que-e-cdb/,"O que é CDB? Definição, como funciona e exemplos práticos",2,0.268,CDB vs LCI e LCA
orfao,/cdb-vs-lci-lca-tabela-taxas-equivalentes-calculadora/,CDB vs LCI e LCA: Tabela de Taxas Equivalentes + Calculadora,/calculadora-lca/,Calculadora LCA: Converta LCA para CDB Equivalente e Compare Rentabilidade,3,0.258,CDB vs LCI e LCA
orfao,/cdb-ou-tesouro-direto-qual-rende-mais/,CDB ou Tesouro Direto: a resposta certa depende de uma data que a maioria ignora,/o-que-e-tesouro-direto/,"O que é Tesouro Direto? Definição, como funciona e exemplos práticos",1,0.319,CDB ou Tesouro Direto
orfao,/cdb-ou-tesouro-direto-qual-rende-mais/,CDB ou Tesouro Direto: a resposta certa depende de uma data que a maioria ignora,/cdb-tesouro-direto-ou-poupanca-qual-rende-mais/,"CDB, Tesouro Direto ou Poupança: Qual Rende Mais em 2026?",2,0.315,CDB ou Tesouro Direto
orfao,/cdb-ou-tesouro-direto-qual-rende-mais/,CDB ou Tesouro Direto: a resposta certa depende de uma data que a maioria ignora,/o-que-e-tesouro-selic/,"O que é Tesouro Selic? Definição, como funciona e exemplos práticos",3,0.309,CDB ou Tesouro Direto
orfao,/lci-lca-ainda-valem-a-pena-2026/,A conta que ninguém faz: LCI e LCA ainda valem a pena depois da mudança do IR?,/o-que-e-lci/,"O que é LCI? Definição, como funciona e exemplos práticos",1,0.367,A conta que ninguém faz
orfao,/lci-lca-ainda-valem-a-pena-2026/,A conta que ninguém faz: LCI e LCA ainda valem a pena depois da mudança do IR?,/lci-lca-investimento-isento-ir/,LCI e LCA: o Investimento Isento de IR que Poucos Conhecem,2,0.365,A conta que ninguém faz
orfao,/lci-lca-ainda-valem-a-pena-2026/,A conta que ninguém faz: LCI e LCA ainda valem a pena depois da mudança do IR?,/calculadora-lci/,Calculadora LCI: Converta LCI para CDB Equivalente e Compare Rentabilidade,3,0.356,A conta que ninguém faz
orfao,/cdb-tesouro-direto-ou-poupanca-qual-rende-mais/,"CDB, Tesouro Direto ou Poupança: Qual Rende Mais em 2026?",/calculadora-cdi/,Calculadora CDI: Simule Quanto Rende seu Investimento no CDI,1,0.321,"CDB, Tesouro Direto ou Poupança"
orfao,/cdb-tesouro-direto-ou-poupanca-qual-rende-mais/,"CDB, Tesouro Direto ou Poupança: Qual Rende Mais em 2026?",/cdb-ou-tesouro-direto-qual-rende-mais/,CDB ou Tesouro Direto: a resposta certa depende de uma data que a maioria ignora,2,0.315,"CDB, Tesouro Direto ou Poupança"
orfao,/cdb-tesouro-direto-ou-poupanca-qual-rende-mais/,"CDB, Tesouro Direto ou Poupança: Qual Rende Mais em 2026?",/o-que-e-cdb/,"O que é CDB? Definição, como funciona e exemplos práticos",3,0.309,"CDB, Tesouro Direto ou Poupança"
orfao,/calculadora-lca/,Calculadora LCA: Converta LCA para CDB Equivalente e Compare Rentabilidade,/calculadora-lci/,Calculadora LCI: Converta LCI para CDB Equivalente e Compare Rentabilidade,1,0.668,Calculadora LCA
orfao,/calculadora-lca/,Calculadora LCA: Converta LCA para CDB Equivalente e Compare Rentabilidade,/o-que-e-lca/,"O que é LCA? Definição, como funciona e exemplos práticos",2,0.43,Calculadora LCA
orfao,/calculadora-lca/,Calculadora LCA: Converta LCA para CDB Equivalente e Compare Rentabilidade,/o-que-e-lci/,"O que é LCI? Definição, como funciona e exemplos práticos",3,0.37,Calculadora LCA
orfao,/calculadora-lci/,Calculadora LCI: Converta LCI para CDB Equivalente e Compare Rentabilidade,/calculadora-lca/,Calculadora LCA: Converta LCA para CDB Equivalente e Compare Rentabilidade,1,0.668,Calculadora LCI
orfao,/calculadora-lci/,Calculadora LCI: Converta LCI para CDB Equivalente e Compare Rentabilidade,/o-que-e-lci/,"O que é LCI? Definição, como funciona e exemplos práticos",2,0.407,Calculadora LCI
orfao,/calculadora-lci/,Calculadora LCI: Converta LCI para CDB Equivalente e Compare Rentabilidade,/o-que-e-lca/,"O que é LCA? Definição, como funciona e exemplos práticos",3,0.39,Calculadora LCI
orfao,/ir-sobre-investimentos/,IR sobre Investimentos: tabela completa por tipo de ativo,/como-declarar-imposto-de-renda-2026-guia-completo-para-investidores-acoes-fiis-e-dividendos/,"Como Declarar Imposto de Renda 2026: Guia Completo para Investidores (Ações, FIIs e Dividendos)",1,0.236,IR sobre Investimentos
orfao,/ir-sobre-investimentos/,IR sobre Investimentos: tabela completa por tipo de ativo,/como-declarar-bdrs-imposto-de-renda-2026/,Como Declarar BDRs no Imposto de Renda 2026: Guia Completo,2,0.233,IR sobre Investimentos
orfao,/ir-sobre-investimentos/,IR sobre Investimentos: tabela completa por tipo de ativo,/cdb-vs-lci-lca-tabela-taxas-equivalentes-calculadora/,CDB vs LCI e LCA: Tabela de Taxas Equivalentes + Calculadora,3,0.206,IR sobre Investimentos
orfao,/como-montar-reserva-emergencia/,Você está guardando dinheiro errado: o erro que 9 em cada 10 brasileiros cometem na reserva de emergência,/o-que-e-reserva-emergencia/,"O que é Reserva de Emergência? Definição, como funciona e exemplos práticos",1,0.293,Você está guardando dinheiro errado
orfao,/como-montar-reserva-emergencia/,Você está guardando dinheiro errado: o erro que 9 em cada 10 brasileiros cometem na reserva de emergência,/cdb-tesouro-direto-ou-poupanca-qual-rende-mais/,"CDB, Tesouro Direto ou Poupança: Qual Rende Mais em 2026?",2,0.163,Você está guardando dinheiro errado
orfao,/como-montar-reserva-emergencia/,Você está guardando dinheiro errado: o erro que 9 em cada 10 brasileiros cometem na reserva de emergência,/o-que-e-tesouro-selic/,"O que é Tesouro Selic? Definição, como funciona e exemplos práticos",3,0.163,Você está guardando dinheiro errado
orfao,/aura-minerals-aura33-vale-a-pena-investir-turnaround/,Aura Minerals (AURA33): Vale a Pena Investir no Turnaround que o Mercado Ignorou?,/o-que-e-bdr/,"O que é BDR? Definição, como funciona e exemplos práticos",1,0.104,Aura Minerals (AURA33)
orfao,/aura-minerals-aura33-vale-a-pena-investir-turnaround/,Aura Minerals (AURA33): Vale a Pena Investir no Turnaround que o Mercado Ignorou?,/westwing-west3-reducao-capital-5-40-por-acao-dividendo-ou-armadilha/,"Westwing vai pagar R$ 5,40 por ação: isso é dividendo ou armadilha?",2,0.102,Aura Minerals (AURA33)
orfao,/aura-minerals-aura33-vale-a-pena-investir-turnaround/,Aura Minerals (AURA33): Vale a Pena Investir no Turnaround que o Mercado Ignorou?,/ambev-abev3-resultado-1t26-vale-a-pena-investir/,Ambev (ABEV3) em 2026: os números que o mercado ainda não precificou,3,0.101,Aura Minerals (AURA33)
orfao,/o-que-e-split-acoes/,"O que é Split de Ações? Definição, como funciona e exemplos práticos",/o-que-e-proventos/,"O que são Proventos? Dividendos, JCP e como funcionam",1,0.152,O que é Split de Ações
orfao,/o-que-e-split-acoes/,"O que é Split de Ações? Definição, como funciona e exemplos práticos",/o-que-e-market-cap/,"O que é Market Cap? Definição, como funciona e exemplos práticos",2,0.143,O que é Split de Ações
orfao,/o-que-e-split-acoes/,"O que é Split de Ações? Definição, como funciona e exemplos práticos",/o-que-e-etf/,"O que é ETF? Definição, como funciona e exemplos práticos",3,0.134,O que é Split de Ações
orfao,/diferenca-acoes-on-pn-petr3-petr4-itub3-itub4/,"Diferença entre Ações ON e PN: PETR3 vs PETR4, ITUB3 vs ITUB4",/o-que-e-acao-on-pn/,"O que é Ação ON vs PN? Definição, como funciona e exemplos práticos",1,0.436,Diferença entre Ações ON e PN
orfao,/diferenca-acoes-on-pn-petr3-petr4-itub3-itub4/,"Diferença entre Ações ON e PN: PETR3 vs PETR4, ITUB3 vs ITUB4",/itub3-ou-itub4-qual-e-melhor/,ITUB3 ou ITUB4: Qual é Melhor para Comprar?,2,0.316,Diferença entre Ações ON e PN
orfao,/diferenca-acoes-on-pn-petr3-petr4-itub3-itub4/,"Diferença entre Ações ON e PN: PETR3 vs PETR4, ITUB3 vs ITUB4",/itub3-ou-itub4-qual-comprar/,ITUB3 ou ITUB4: Qual Comprar? (A Diferença que Importa em 2026),3,0.282,Diferença entre Ações ON e PN
orfao,/sportingbet-flutter-margem-apple-como-funciona-negocio-bets/,A Sportingbet Tem a Mesma Margem que a Apple — e R$ 37 Bilhões de Brasileiros Explicam Por Quê,/nike-adidas-copa-2026-bolsa-nike34-vale-a-pena/,Nike goleou a Adidas na Copa. Vale a pena comprar NIKE34 achando barganha?,1,0.115,A Sportingbet Tem a Mesma Margem que a Apple — e R$ 37 Bilhões de Brasileiros Explicam Por Quê
orfao,/sportingbet-flutter-margem-apple-como-funciona-negocio-bets/,A Sportingbet Tem a Mesma Margem que a Apple — e R$ 37 Bilhões de Brasileiros Explicam Por Quê,/abev3-copa-2026-vale-investir-pausa-hidratacao/,ABEV3 na Copa 2026: a cerveja grátis do Ancelotti já foi pro preço?,2,0.105,A Sportingbet Tem a Mesma Margem que a Apple — e R$ 37 Bilhões de Brasileiros Explicam Por Quê
orfao,/sportingbet-flutter-margem-apple-como-funciona-negocio-bets/,A Sportingbet Tem a Mesma Margem que a Apple — e R$ 37 Bilhões de Brasileiros Explicam Por Quê,/neymar-convocado-valor-financeiro-ativo-atencao/,Quanto Vale Neymar em R$? A Convocação que o Mercado Já Havia Precificado,3,0.104,A Sportingbet Tem a Mesma Margem que a Apple — e R$ 37 Bilhões de Brasileiros Explicam Por Quê
orfao,/inss-aposentadoria-abismo-708x/,Teto do INSS em 2026: o abismo de 708x que vai definir sua aposentadoria,/aposentadoria-inss-2060-08-trabalhador-por-aposentado/,"Aposentadoria pelo INSS vai acabar? Brasil terá 0,8 trabalhador por aposentado em 2060",1,0.193,Teto do INSS em 2026
orfao,/inss-aposentadoria-abismo-708x/,Teto do INSS em 2026: o abismo de 708x que vai definir sua aposentadoria,/inss-deficit-317-bilhoes-reforma-2019-aposentadoria-geracao/,"0,8 trabalhador por aposentado: a conta do INSS que o próprio governo publicou",2,0.185,Teto do INSS em 2026
orfao,/inss-aposentadoria-abismo-708x/,Teto do INSS em 2026: o abismo de 708x que vai definir sua aposentadoria,/quanto-preciso-para-viver-de-renda-no-brasil/,Fiz a conta real: quanto você precisa para viver de renda no Brasil (é mais do que você pensa),3,0.16,Teto do INSS em 2026
orfao,/vivt3-dividendos-conta-celular-gratis-para-sempre/,"Vale a Pena Comprar VIVT3? Com R$ 18 mil, a Vivo Paga Sua Conta de Celular Para Sempre",/7-acoes-com-vantagem-competitiva-para-investir-na-b3-em-2025-moat/,7 Ações com Vantagem Competitiva para Investir na B3 em 2026 (MOAT),1,0.156,Vale a Pena Comprar VIVT3
orfao,/vivt3-dividendos-conta-celular-gratis-para-sempre/,"Vale a Pena Comprar VIVT3? Com R$ 18 mil, a Vivo Paga Sua Conta de Celular Para Sempre",/as-10-acoes-que-mais-pagam-dividendos-no-brasil-em-2024/,As 10 ações que mais pagam dividendos no Brasil em 2024,2,0.153,Vale a Pena Comprar VIVT3
orfao,/vivt3-dividendos-conta-celular-gratis-para-sempre/,"Vale a Pena Comprar VIVT3? Com R$ 18 mil, a Vivo Paga Sua Conta de Celular Para Sempre",/o-que-e-dividend-yield/,"O que é Dividend Yield? Definição, como funciona e exemplos práticos",3,0.139,Vale a Pena Comprar VIVT3
orfao,/imovel-bom-investimento-o-que-ninguem-te-conta/,Imóvel é Realmente um Bom Investimento? O que o Banco Não te Conta Antes de Assinar o Contrato,/fii-ou-imovel-fisico-qual-e-melhor-investimento/,FII ou Imóvel Físico: a resposta que nenhum corretor vai te dar,1,0.261,Imóvel é Realmente um Bom Investimento
orfao,/imovel-bom-investimento-o-que-ninguem-te-conta/,Imóvel é Realmente um Bom Investimento? O que o Banco Não te Conta Antes de Assinar o Contrato,/r300mil-ape-alugar-ou-fii-qual-rende-mais/,R$ 300 mil: vale a pena comprar apartamento para alugar ou investir em FII?,2,0.226,Imóvel é Realmente um Bom Investimento
orfao,/imovel-bom-investimento-o-que-ninguem-te-conta/,Imóvel é Realmente um Bom Investimento? O que o Banco Não te Conta Antes de Assinar o Contrato,/custo-real-morar-sozinho-aluguel-conta-completa/,Custo Real de Morar Sozinho em 2026: o Aluguel É Só Metade da Conta,3,0.188,Imóvel é Realmente um Bom Investimento
orfao,/fii-ou-imovel-fisico-qual-e-melhor-investimento/,FII ou Imóvel Físico: a resposta que nenhum corretor vai te dar,/fundos-imobiliarios-o-que-sao-fiis/,Fundos Imobiliários (FIIs): Guia Completo para Iniciantes,1,0.27,FII ou Imóvel Físico
orfao,/fii-ou-imovel-fisico-qual-e-melhor-investimento/,FII ou Imóvel Físico: a resposta que nenhum corretor vai te dar,/imovel-bom-investimento-o-que-ninguem-te-conta/,Imóvel é Realmente um Bom Investimento? O que o Banco Não te Conta Antes de Assinar o Contrato,2,0.261,FII ou Imóvel Físico
orfao,/fii-ou-imovel-fisico-qual-e-melhor-investimento/,FII ou Imóvel Físico: a resposta que nenhum corretor vai te dar,/fii-papel-vs-tijolo/,"O que é FII de Papel vs Tijolo? Definição, como funciona e exemplos práticos",3,0.251,FII ou Imóvel Físico
orfao,/quanto-preciso-para-viver-de-renda-no-brasil/,Fiz a conta real: quanto você precisa para viver de renda no Brasil (é mais do que você pensa),/renda-passiva-quanto-precisa-investir/,Calculei: quanto você precisa investido para ter R$ 5.000 por mês sem trabalhar,1,0.171,Fiz a conta real
orfao,/quanto-preciso-para-viver-de-renda-no-brasil/,Fiz a conta real: quanto você precisa para viver de renda no Brasil (é mais do que você pensa),/inss-aposentadoria-abismo-708x/,Teto do INSS em 2026: o abismo de 708x que vai definir sua aposentadoria,2,0.16,Fiz a conta real
orfao,/quanto-preciso-para-viver-de-renda-no-brasil/,Fiz a conta real: quanto você precisa para viver de renda no Brasil (é mais do que você pensa),/o-que-e-tesouro-ipca/,"O que é Tesouro IPCA+? Definição, como funciona e exemplos práticos",3,0.149,Fiz a conta real
orfao,/renda-passiva-quanto-precisa-investir/,Calculei: quanto você precisa investido para ter R$ 5.000 por mês sem trabalhar,/como-viver-de-dividendos/,Quanto você realmente precisa investido para viver de dividendos no Brasil (a conta honesta),1,0.27,Calculei
orfao,/renda-passiva-quanto-precisa-investir/,Calculei: quanto você precisa investido para ter R$ 5.000 por mês sem trabalhar,/quanto-preciso-para-viver-de-renda-no-brasil/,Fiz a conta real: quanto você precisa para viver de renda no Brasil (é mais do que você pensa),2,0.171,Calculei
orfao,/renda-passiva-quanto-precisa-investir/,Calculei: quanto você precisa investido para ter R$ 5.000 por mês sem trabalhar,/dolar-abaixo-de-r5-etfs-renda-dolar-b3/,Dólar Abaixo de R$ 5: Como Investir em ETFs com Renda em Dólar pela B3,3,0.148,Calculei
orfao,/ambev-abev3-resultado-1t26-vale-a-pena-investir/,Ambev (ABEV3) em 2026: os números que o mercado ainda não precificou,/ambev-abev3-volta-carteira-btg-13-anos/,Ambev voltou pra carteira do BTG depois de 13 anos — vale comprar ABEV3?,1,0.204,Ambev (ABEV3) em 2026
orfao,/ambev-abev3-resultado-1t26-vale-a-pena-investir/,Ambev (ABEV3) em 2026: os números que o mercado ainda não precificou,/abev3-copa-2026-vale-investir-pausa-hidratacao/,ABEV3 na Copa 2026: a cerveja grátis do Ancelotti já foi pro preço?,2,0.135,Ambev (ABEV3) em 2026
orfao,/ambev-abev3-resultado-1t26-vale-a-pena-investir/,Ambev (ABEV3) em 2026: os números que o mercado ainda não precificou,/reduflacao-coca-cola-henrique-braun-acao/,Reduflação da Coca-Cola: vale a pena virar dono da ação em vez de só pagar a conta?,3,0.133,Ambev (ABEV3) em 2026
orfao,/westwing-west3-reducao-capital-5-40-por-acao-dividendo-ou-armadilha/,"Westwing vai pagar R$ 5,40 por ação: isso é dividendo ou armadilha?",/calendario-dividendos-julho-2026-logg3-vale-a-pena/,Vale a Pena Comprar Ação Só Pelo Dividendo Grande? O Caso LOGG3 em Julho de 2026,1,0.135,"Westwing vai pagar R$ 5,40 por ação"
orfao,/westwing-west3-reducao-capital-5-40-por-acao-dividendo-ou-armadilha/,"Westwing vai pagar R$ 5,40 por ação: isso é dividendo ou armadilha?",/o-que-e-proventos/,"O que são Proventos? Dividendos, JCP e como funcionam",2,0.132,"Westwing vai pagar R$ 5,40 por ação"
orfao,/westwing-west3-reducao-capital-5-40-por-acao-dividendo-ou-armadilha/,"Westwing vai pagar R$ 5,40 por ação: isso é dividendo ou armadilha?",/como-funciona-o-sistema-de-dividendos-entenda-aqui/,Como funciona o sistema de dividendos? Entenda aqui,3,0.118,"Westwing vai pagar R$ 5,40 por ação"
orfao,/ipo-compass-pass3-vale-a-pena-investir/,IPO da Compass (PASS3): Vale a Pena Investir ou É Cilada?,/ipo-compass-pass3-vale-a-pena-investir-3/,Vale a pena investir no IPO da Compass (PASS3)? O que o preço no piso está dizendo,1,0.27,IPO da Compass (PASS3)
orfao,/ipo-compass-pass3-vale-a-pena-investir/,IPO da Compass (PASS3): Vale a Pena Investir ou É Cilada?,/compass-pass3-bancos-ipo-recomendam-compra-conflito-interesse/,Compass (PASS3): Os Bancos que Venderam o IPO Agora Recomendam Comprar,2,0.199,IPO da Compass (PASS3)
orfao,/ipo-compass-pass3-vale-a-pena-investir/,IPO da Compass (PASS3): Vale a Pena Investir ou É Cilada?,/pass3-compass-ipo-conflito-de-interesse-bancos-coordenadores/,PASS3: os 6 bancos que mandaram comprar são os mesmos 6 que venderam o IPO,3,0.189,IPO da Compass (PASS3)
orfao,/elon-musk-trilionario-rei-salomao-homem-mais-rico-historia/,Elon Musk Trilionário: O Homem Mais Rico da História — ou Não?,/ipo-spacex-vale-a-pena-investir-spcx/,IPO da SpaceX Vale a Pena? Análise Completa do SPCX para o Investidor Brasileiro,1,0.362,Elon Musk Trilionário
orfao,/elon-musk-trilionario-rei-salomao-homem-mais-rico-historia/,Elon Musk Trilionário: O Homem Mais Rico da História — ou Não?,/ipo-spacex-2026-guia-completo-investidor-brasileiro/,IPO da SpaceX 2026: Vale US$ 2 Trilhões? Guia Completo para o Investidor Brasileiro,2,0.209,Elon Musk Trilionário
orfao,/elon-musk-trilionario-rei-salomao-homem-mais-rico-historia/,Elon Musk Trilionário: O Homem Mais Rico da História — ou Não?,/tesla-queda-no-lucro-faz-elon-musk-se-afastar-de-trump-acoes-reagem-bem/,Tesla: queda no lucro faz Elon Musk se afastar de Trump. Ações reagem bem,3,0.094,Elon Musk Trilionário
orfao,/fundo-soberano-noruega-gpfg-como-funciona/,"Fundo Soberano da Noruega: R$1,9 Milhão por Habitante e o Que o Brasil Fez Com o Pré-Sal",/brasil-9215-novos-milionarios-2025-riqueza-media-caiu-gini/,Brasil Somou 9.215 Novos Milionários em 2025 — e a Riqueza Média Caiu 3%,1,0.087,Fundo Soberano da Noruega
orfao,/fundo-soberano-noruega-gpfg-como-funciona/,"Fundo Soberano da Noruega: R$1,9 Milhão por Habitante e o Que o Brasil Fez Com o Pré-Sal",/divida-moeda-local-japao-quebrando-brasil/,Dívida em Moeda Local Nunca Quebra? O Japão Está Provando o Contrário,2,0.083,Fundo Soberano da Noruega
orfao,/fundo-soberano-noruega-gpfg-como-funciona/,"Fundo Soberano da Noruega: R$1,9 Milhão por Habitante e o Que o Brasil Fez Com o Pré-Sal",/petr4-65-por-cento-lucro-estatais-vale-a-pena-investir/,PETR4 vale a pena? Petrobras concentra 65% do lucro das estatais,3,0.082,Fundo Soberano da Noruega
orfao,/abev3-copa-2026-vale-investir-pausa-hidratacao/,ABEV3 na Copa 2026: a cerveja grátis do Ancelotti já foi pro preço?,/neymar-convocado-valor-financeiro-ativo-atencao/,Quanto Vale Neymar em R$? A Convocação que o Mercado Já Havia Precificado,1,0.166,ABEV3 na Copa 2026
orfao,/abev3-copa-2026-vale-investir-pausa-hidratacao/,ABEV3 na Copa 2026: a cerveja grátis do Ancelotti já foi pro preço?,/ambev-abev3-volta-carteira-btg-13-anos/,Ambev voltou pra carteira do BTG depois de 13 anos — vale comprar ABEV3?,2,0.147,ABEV3 na Copa 2026
orfao,/abev3-copa-2026-vale-investir-pausa-hidratacao/,ABEV3 na Copa 2026: a cerveja grátis do Ancelotti já foi pro preço?,/ambev-abev3-resultado-1t26-vale-a-pena-investir/,Ambev (ABEV3) em 2026: os números que o mercado ainda não precificou,3,0.135,ABEV3 na Copa 2026
orfao,/cr7-socio-caze-salario-tem-teto-equity-nao/,"Por que CR7, já bilionário, virou sócio do Cazé? (salário tem teto, equity não)",/neymar-convocado-valor-financeiro-ativo-atencao/,Quanto Vale Neymar em R$? A Convocação que o Mercado Já Havia Precificado,1,0.134,"Por que CR7, já bilionário, virou sócio do Cazé"
orfao,/cr7-socio-caze-salario-tem-teto-equity-nao/,"Por que CR7, já bilionário, virou sócio do Cazé? (salário tem teto, equity não)",/por-que-parecer-pobre-vai-te-deixar-rico-guia-completo-de-riqueza-pessoal/,Parecer Pobre para Ficar Rico: O Guia do Stealth Wealth,2,0.113,"Por que CR7, já bilionário, virou sócio do Cazé"
orfao,/cr7-socio-caze-salario-tem-teto-equity-nao/,"Por que CR7, já bilionário, virou sócio do Cazé? (salário tem teto, equity não)",/abev3-copa-2026-vale-investir-pausa-hidratacao/,ABEV3 na Copa 2026: a cerveja grátis do Ancelotti já foi pro preço?,3,0.105,"Por que CR7, já bilionário, virou sócio do Cazé"
orfao,/reduflacao-coca-cola-henrique-braun-acao/,Reduflação da Coca-Cola: vale a pena virar dono da ação em vez de só pagar a conta?,/ambev-abev3-resultado-1t26-vale-a-pena-investir/,Ambev (ABEV3) em 2026: os números que o mercado ainda não precificou,1,0.133,Reduflação da Coca-Cola
orfao,/reduflacao-coca-cola-henrique-braun-acao/,Reduflação da Coca-Cola: vale a pena virar dono da ação em vez de só pagar a conta?,/coca34-bdr-dividendo-imposto-vale-a-pena/,Vale a pena investir em BDR de dividendo como a COCA34?,2,0.116,Reduflação da Coca-Cola
orfao,/reduflacao-coca-cola-henrique-braun-acao/,Reduflação da Coca-Cola: vale a pena virar dono da ação em vez de só pagar a conta?,/ambev-abev3-volta-carteira-btg-13-anos/,Ambev voltou pra carteira do BTG depois de 13 anos — vale comprar ABEV3?,3,0.107,Reduflação da Coca-Cola
orfao,/aposentadoria-inss-2060-08-trabalhador-por-aposentado/,"Aposentadoria pelo INSS vai acabar? Brasil terá 0,8 trabalhador por aposentado em 2060",/inss-deficit-317-bilhoes-reforma-2019-aposentadoria-geracao/,"0,8 trabalhador por aposentado: a conta do INSS que o próprio governo publicou",1,0.441,Aposentadoria pelo INSS vai acabar
orfao,/aposentadoria-inss-2060-08-trabalhador-por-aposentado/,"Aposentadoria pelo INSS vai acabar? Brasil terá 0,8 trabalhador por aposentado em 2060",/inss-aposentadoria-abismo-708x/,Teto do INSS em 2026: o abismo de 708x que vai definir sua aposentadoria,2,0.193,Aposentadoria pelo INSS vai acabar
orfao,/aposentadoria-inss-2060-08-trabalhador-por-aposentado/,"Aposentadoria pelo INSS vai acabar? Brasil terá 0,8 trabalhador por aposentado em 2060",/como-montar-reserva-emergencia/,Você está guardando dinheiro errado: o erro que 9 em cada 10 brasileiros cometem na reserva de emergência,3,0.109,Aposentadoria pelo INSS vai acabar
orfao,/fii-de-papel-vale-a-pena-selic-14-25-bate-cdi-isento/,"FII de papel ainda vale a pena com a Selic a 14,25%? 16 fundos que batem o CDI isentos",/fii-papel-vs-tijolo/,"O que é FII de Papel vs Tijolo? Definição, como funciona e exemplos práticos",1,0.184,"FII de papel ainda vale a pena com a Selic a 14,25%"
orfao,/fii-de-papel-vale-a-pena-selic-14-25-bate-cdi-isento/,"FII de papel ainda vale a pena com a Selic a 14,25%? 16 fundos que batem o CDI isentos",/fundos-imobiliarios-o-que-sao-fiis/,Fundos Imobiliários (FIIs): Guia Completo para Iniciantes,2,0.151,"FII de papel ainda vale a pena com a Selic a 14,25%"
orfao,/fii-de-papel-vale-a-pena-selic-14-25-bate-cdi-isento/,"FII de papel ainda vale a pena com a Selic a 14,25%? 16 fundos que batem o CDI isentos",/acabou-sonho-fundos-imobiliarios-vghf11-gare11-queda-2026/,"ACABOU O SONHO? Por que os Fundos Imobiliários Não Param de Cair em 2026 (VGHF11, GARE11 e o paradoxo da Selic)",3,0.146,"FII de papel ainda vale a pena com a Selic a 14,25%"
orfao,/dividendos-caem-2026-ainda-vale-renda-passiva/,Dividendos Caem 27% em 2026: Ainda Vale a Pena Viver de Renda Passiva?,/calendario-dividendos-julho-2026-logg3-vale-a-pena/,Vale a Pena Comprar Ação Só Pelo Dividendo Grande? O Caso LOGG3 em Julho de 2026,1,0.156,Dividendos Caem 27% em 2026
orfao,/dividendos-caem-2026-ainda-vale-renda-passiva/,Dividendos Caem 27% em 2026: Ainda Vale a Pena Viver de Renda Passiva?,/dividendos-o-que-sao-dividend-yield/,Dividendos: o que são e como calcular o dividend yield,2,0.154,Dividendos Caem 27% em 2026
orfao,/dividendos-caem-2026-ainda-vale-renda-passiva/,Dividendos Caem 27% em 2026: Ainda Vale a Pena Viver de Renda Passiva?,/o-que-e-dividend-yield/,"O que é Dividend Yield? Definição, como funciona e exemplos práticos",3,0.145,Dividendos Caem 27% em 2026
orfao,/brasil-9215-novos-milionarios-2025-riqueza-media-caiu-gini/,Brasil Somou 9.215 Novos Milionários em 2025 — e a Riqueza Média Caiu 3%,/por-que-parecer-pobre-vai-te-deixar-rico-guia-completo-de-riqueza-pessoal/,Parecer Pobre para Ficar Rico: O Guia do Stealth Wealth,1,0.138,Brasil Somou 9.215 Novos Milionários em 2025 — e a Riqueza Média Caiu 3%
orfao,/brasil-9215-novos-milionarios-2025-riqueza-media-caiu-gini/,Brasil Somou 9.215 Novos Milionários em 2025 — e a Riqueza Média Caiu 3%,/planejamento-sucessorio-itcmd-2027-empresa-familiar/,Planejamento sucessório e o novo ITCMD: o que muda para a empresa familiar em 2027,2,0.101,Brasil Somou 9.215 Novos Milionários em 2025 — e a Riqueza Média Caiu 3%
orfao,/brasil-9215-novos-milionarios-2025-riqueza-media-caiu-gini/,Brasil Somou 9.215 Novos Milionários em 2025 — e a Riqueza Média Caiu 3%,/por-que-brasileiros-renda-alta-endividados-debito-automatico/,"Por Que 67,5% dos Brasileiros com Renda Acima de R$10 Mil Estão Endividados?",3,0.097,Brasil Somou 9.215 Novos Milionários em 2025 — e a Riqueza Média Caiu 3%
orfao,/por-que-brasileiros-renda-alta-endividados-debito-automatico/,"Por Que 67,5% dos Brasileiros com Renda Acima de R$10 Mil Estão Endividados?",/btg-endividamento-brasil-2026-pior-que-2014/,Endividamento das Famílias 2026: BTG Alerta que Está Pior que 2014,1,0.13,"Por Que 67,5% dos Brasileiros com Renda Acima de R$10 Mil Estão Endividados"
orfao,/por-que-brasileiros-renda-alta-endividados-debito-automatico/,"Por Que 67,5% dos Brasileiros com Renda Acima de R$10 Mil Estão Endividados?",/custo-real-morar-sozinho-aluguel-conta-completa/,Custo Real de Morar Sozinho em 2026: o Aluguel É Só Metade da Conta,2,0.119,"Por Que 67,5% dos Brasileiros com Renda Acima de R$10 Mil Estão Endividados"
orfao,/por-que-brasileiros-renda-alta-endividados-debito-automatico/,"Por Que 67,5% dos Brasileiros com Renda Acima de R$10 Mil Estão Endividados?",/nubank-croma-vale-a-pena-cartao-r30-mil/,Nubank Croma vale a pena? O teto escondido de 120% do CDI,3,0.116,"Por Que 67,5% dos Brasileiros com Renda Acima de R$10 Mil Estão Endividados"
orfao,/acoes-mais-alugadas-b3-short-selling-xp/,"As ações mais alugadas da B3: quem apostou na queda de CPFE3, RAIZ4 e Casas Bahia",/short-squeeze-das-casas-bahia-o-que-aconteceu-e-quais-acoes-podem-ser-as-proximas/,Short Squeeze das Casas Bahia: O Que Aconteceu e Quais Ações Podem Ser as Próximas?,1,0.296,As ações mais alugadas da B3
orfao,/acoes-mais-alugadas-b3-short-selling-xp/,"As ações mais alugadas da B3: quem apostou na queda de CPFE3, RAIZ4 e Casas Bahia",/o-que-e-free-float/,"O que é Free Float? Definição, como funciona e exemplos práticos",2,0.117,As ações mais alugadas da B3
orfao,/acoes-mais-alugadas-b3-short-selling-xp/,"As ações mais alugadas da B3: quem apostou na queda de CPFE3, RAIZ4 e Casas Bahia",/como-operar-vendido-em-fundos-imobiliarios-guia-completo-para-investidores/,Operar vendido em fundos imobiliários: Guia Completo,3,0.101,As ações mais alugadas da B3
orfao,/radl3-mercado-livre-ozempic-vale-a-pena-comprar-a-queda/,RADL3 caiu com a notícia do Mercado Livre vendendo Ozempic: vale a pena comprar a queda?,/ozempic-nao-funciona-stanford-glp1-investimentos/,Ozempic não funciona pra 10% da população: Stanford derruba a tese e o que isso significa para seus investimentos,1,0.118,RADL3 caiu com a notícia do Mercado Livre vendendo Ozempic
orfao,/nike-adidas-copa-2026-bolsa-nike34-vale-a-pena/,Nike goleou a Adidas na Copa. Vale a pena comprar NIKE34 achando barganha?,/neymar-convocado-valor-financeiro-ativo-atencao/,Quanto Vale Neymar em R$? A Convocação que o Mercado Já Havia Precificado,1,0.165,Nike goleou a Adidas na Copa. Vale a pena comprar NIKE34 achando barganha
orfao,/nike-adidas-copa-2026-bolsa-nike34-vale-a-pena/,Nike goleou a Adidas na Copa. Vale a pena comprar NIKE34 achando barganha?,/abev3-copa-2026-vale-investir-pausa-hidratacao/,ABEV3 na Copa 2026: a cerveja grátis do Ancelotti já foi pro preço?,2,0.122,Nike goleou a Adidas na Copa. Vale a pena comprar NIKE34 achando barganha
orfao,/nike-adidas-copa-2026-bolsa-nike34-vale-a-pena/,Nike goleou a Adidas na Copa. Vale a pena comprar NIKE34 achando barganha?,/weg-wege3-lucro-cai-acao-sobe-vale-a-pena-investir/,WEG (WEGE3): vale a pena investir depois do lucro cair e a ação subir 7%?,3,0.117,Nike goleou a Adidas na Copa. Vale a pena comprar NIKE34 achando barganha
orfao,/taxa-das-blusinhas-uniao-europeia-copiou-brasil/,Taxa das blusinhas: vale a pena a UE ter copiado uma regra que o Brasil jogou fora?,/barcelona-taxa-turistica-2026-vale-a-pena-viajar/,Vale a pena investir R$40 mil pra ir pra Barcelona em 2026? A conta que ninguém te mostra,1,0.089,Taxa das blusinhas
orfao,/analista-goldman-sachs-youtube-ganha-mais-que-banco/,Vale a pena largar Wall Street para virar criador de conteúdo financeiro?,/goldman-sachs-13-acoes-baratas-banco-do-brasil-fora/,Vale a pena investir no Banco do Brasil? O Goldman Sachs disse que não,1,0.124,Vale a pena largar Wall Street para virar criador de conteúdo financeiro
orfao,/analista-goldman-sachs-youtube-ganha-mais-que-banco/,Vale a pena largar Wall Street para virar criador de conteúdo financeiro?,/apple-5-trilhoes-pib-brasil-nvidia-queda/,Apple vale 2x o PIB do Brasil: entenda os US$5 trilhões (e o que a Nvidia já ensinou),2,0.118,Vale a pena largar Wall Street para virar criador de conteúdo financeiro
orfao,/analista-goldman-sachs-youtube-ganha-mais-que-banco/,Vale a pena largar Wall Street para virar criador de conteúdo financeiro?,/samsung-lucro-recorde-acao-caiu-burry-aposta-nvidia/,Samsung lucrou 19 vezes mais em um ano: vale a pena confiar num balanço recorde?,3,0.11,Vale a pena largar Wall Street para virar criador de conteúdo financeiro
orfao,/calendario-dividendos-julho-2026-logg3-vale-a-pena/,Vale a Pena Comprar Ação Só Pelo Dividendo Grande? O Caso LOGG3 em Julho de 2026,/o-que-e-dividend-yield/,"O que é Dividend Yield? Definição, como funciona e exemplos práticos",1,0.18,Vale a Pena Comprar Ação Só Pelo Dividendo Grande
orfao,/calendario-dividendos-julho-2026-logg3-vale-a-pena/,Vale a Pena Comprar Ação Só Pelo Dividendo Grande? O Caso LOGG3 em Julho de 2026,/o-que-e-proventos/,"O que são Proventos? Dividendos, JCP e como funcionam",2,0.168,Vale a Pena Comprar Ação Só Pelo Dividendo Grande
orfao,/calendario-dividendos-julho-2026-logg3-vale-a-pena/,Vale a Pena Comprar Ação Só Pelo Dividendo Grande? O Caso LOGG3 em Julho de 2026,/o-que-e-jcp/,"O que é JCP? Definição, como funciona e exemplos práticos",3,0.158,Vale a Pena Comprar Ação Só Pelo Dividendo Grande
orfao,/banco-do-brasil-bbas3-corte-dividendo-payout-2026/,Banco do Brasil (BBAS3) ainda vale a pena para dividendos em 2026?,/bbas3-roe-abaixo-selic-banco-do-brasil-dividendos-2026/,Vale a Pena Manter BBAS3 em 2026? O Banco do Brasil que Rende Menos que o Tesouro Selic,1,0.235,Banco do Brasil (BBAS3) ainda vale a pena para dividendos em 2026
orfao,/banco-do-brasil-bbas3-corte-dividendo-payout-2026/,Banco do Brasil (BBAS3) ainda vale a pena para dividendos em 2026?,/bancoes-dividendos-2026-itau-bradesco-santander-banco-do-brasil/,"Itaú, Bradesco, Santander ou Banco do Brasil: qual bancão paga mais dividendos em 2026?",2,0.195,Banco do Brasil (BBAS3) ainda vale a pena para dividendos em 2026
orfao,/banco-do-brasil-bbas3-corte-dividendo-payout-2026/,Banco do Brasil (BBAS3) ainda vale a pena para dividendos em 2026?,/goldman-sachs-13-acoes-baratas-banco-do-brasil-fora/,Vale a pena investir no Banco do Brasil? O Goldman Sachs disse que não,3,0.185,Banco do Brasil (BBAS3) ainda vale a pena para dividendos em 2026
orfao,/carteira-recomendada-julho-2026-itau-corretoras/,Carteira recomendada de julho vale a pena? 8 corretoras apostam no mesmo papel,/goldman-sachs-13-acoes-baratas-banco-do-brasil-fora/,Vale a pena investir no Banco do Brasil? O Goldman Sachs disse que não,1,0.158,Carteira recomendada de julho vale a pena
orfao,/carteira-recomendada-julho-2026-itau-corretoras/,Carteira recomendada de julho vale a pena? 8 corretoras apostam no mesmo papel,/xp-corta-ibovespa-carteira-defensiva-vale-a-pena/,"XP corta o Ibovespa e recomenda carteira ""defensiva"": vale seguir?",2,0.15,Carteira recomendada de julho vale a pena
orfao,/carteira-recomendada-julho-2026-itau-corretoras/,Carteira recomendada de julho vale a pena? 8 corretoras apostam no mesmo papel,/ambev-abev3-volta-carteira-btg-13-anos/,Ambev voltou pra carteira do BTG depois de 13 anos — vale comprar ABEV3?,3,0.144,Carteira recomendada de julho vale a pena
orfao,/tarifa-bancaria-cesta-essencial-gratuita-quanto-voce-paga/,Tarifa bancária: você sabe quanto paga por mês — ou é um dos 43% que não sabe?,/por-que-brasileiros-renda-alta-endividados-debito-automatico/,"Por Que 67,5% dos Brasileiros com Renda Acima de R$10 Mil Estão Endividados?",1,0.111,Tarifa bancária
orfao,/tarifa-bancaria-cesta-essencial-gratuita-quanto-voce-paga/,Tarifa bancária: você sabe quanto paga por mês — ou é um dos 43% que não sabe?,/analista-goldman-sachs-youtube-ganha-mais-que-banco/,Vale a pena largar Wall Street para virar criador de conteúdo financeiro?,2,0.084,Tarifa bancária
orfao,/bitcoin-30-por-cento-cdi-ganhou-2026/,Bitcoin -30% em 2026: o CDI bateu o Bitcoin por R$ 36.730. Vale a pena investir agora?,/bitcoin-caiu-50-oportunidade-compra-btg/,Bitcoin caiu 50%: vale a pena comprar agora ou é fuga em massa mesmo?,1,0.158,Bitcoin -30% em 2026
orfao,/bitcoin-30-por-cento-cdi-ganhou-2026/,Bitcoin -30% em 2026: o CDI bateu o Bitcoin por R$ 36.730. Vale a pena investir agora?,/bitcoin-queda-etfs-saques-liquidacoes-michael-saylor/,Não foi o Michael Saylor: quem derrubou o Bitcoin foram os saques dos ETFs,2,0.155,Bitcoin -30% em 2026
orfao,/bitcoin-30-por-cento-cdi-ganhou-2026/,Bitcoin -30% em 2026: o CDI bateu o Bitcoin por R$ 36.730. Vale a pena investir agora?,/morte-do-bitcoin-o-alerta-de-michael-burry-sobre-a-espiral-da-morte-e-o-que-fazer-agora/,Morte do Bitcoin? O Alerta de Michael Burry Sobre a Espiral da Morte e o Que Fazer Agora,3,0.146,Bitcoin -30% em 2026
orfao,/goldman-sachs-13-acoes-baratas-banco-do-brasil-fora/,Vale a pena investir no Banco do Brasil? O Goldman Sachs disse que não,/bancoes-dividendos-2026-itau-bradesco-santander-banco-do-brasil/,"Itaú, Bradesco, Santander ou Banco do Brasil: qual bancão paga mais dividendos em 2026?",1,0.204,Vale a pena investir no Banco do Brasil
orfao,/goldman-sachs-13-acoes-baratas-banco-do-brasil-fora/,Vale a pena investir no Banco do Brasil? O Goldman Sachs disse que não,/bbas3-roe-abaixo-selic-banco-do-brasil-dividendos-2026/,Vale a Pena Manter BBAS3 em 2026? O Banco do Brasil que Rende Menos que o Tesouro Selic,2,0.195,Vale a pena investir no Banco do Brasil
orfao,/goldman-sachs-13-acoes-baratas-banco-do-brasil-fora/,Vale a pena investir no Banco do Brasil? O Goldman Sachs disse que não,/banco-do-brasil-bbas3-corte-dividendo-payout-2026/,Banco do Brasil (BBAS3) ainda vale a pena para dividendos em 2026?,3,0.185,Vale a pena investir no Banco do Brasil
orfao,/copel-cple3-dividendo-cortado-vale-a-pena-investir/,Vale a pena investir em Copel (CPLE3) mesmo com o dividendo cortado?,/setor-eletrico-defensivo-jpmorgan-corta-cemig-engie/,Setor Elétrico é Defensivo? JPMorgan Corta 2 Ações e Explica Por Quê,1,0.226,Vale a pena investir em Copel (CPLE3) mesmo com o dividendo cortado
orfao,/copel-cple3-dividendo-cortado-vale-a-pena-investir/,Vale a pena investir em Copel (CPLE3) mesmo com o dividendo cortado?,/xp-corta-ibovespa-carteira-defensiva-vale-a-pena/,"XP corta o Ibovespa e recomenda carteira ""defensiva"": vale seguir?",2,0.189,Vale a pena investir em Copel (CPLE3) mesmo com o dividendo cortado
orfao,/copel-cple3-dividendo-cortado-vale-a-pena-investir/,Vale a pena investir em Copel (CPLE3) mesmo com o dividendo cortado?,/cxse3-bbse3-rebaixamento-jpmorgan-vale-a-pena/,Vale a pena investir em CXSE3 e BBSE3 depois do rebaixamento do JPMorgan?,3,0.172,Vale a pena investir em Copel (CPLE3) mesmo com o dividendo cortado
orfao,/truth-api-trump-bancos-pagam-para-ler-primeiro/,Truth API: vale a pena um banco pagar para ler o Trump antes de você?,/opa-santander-brasil-sanb11-minoritario-refem/,OPA do Santander (SANB11): vale a pena aceitar a troca de ações?,1,0.094,Truth API
orfao,/truth-api-trump-bancos-pagam-para-ler-primeiro/,Truth API: vale a pena um banco pagar para ler o Trump antes de você?,/bitcoin-caiu-50-oportunidade-compra-btg/,Bitcoin caiu 50%: vale a pena comprar agora ou é fuga em massa mesmo?,2,0.09,Truth API
orfao,/truth-api-trump-bancos-pagam-para-ler-primeiro/,Truth API: vale a pena um banco pagar para ler o Trump antes de você?,/china-ouro-20-meses-gold11-vale-a-pena-investir/,China compra ouro há 20 meses seguidos: vale a pena investir em GOLD11?,3,0.09,Truth API
orfao,/recompra-acoes-11-bilhoes-autorizado-vs-executado/,Recompra de R$11 bilhões: vale a pena confiar no anúncio da empresa?,/klabin-klbn11-recompra-acoes-prejuizo-ativo-biologico/,Klabin: R$ 497 milhões de prejuízo e meio bilhão em recompra. Confiança ou desespero?,1,0.192,Recompra de R$11 bilhões
orfao,/recompra-acoes-11-bilhoes-autorizado-vs-executado/,Recompra de R$11 bilhões: vale a pena confiar no anúncio da empresa?,/carteira-recomendada-julho-2026-itau-corretoras/,Carteira recomendada de julho vale a pena? 8 corretoras apostam no mesmo papel,2,0.107,Recompra de R$11 bilhões
orfao,/recompra-acoes-11-bilhoes-autorizado-vs-executado/,Recompra de R$11 bilhões: vale a pena confiar no anúncio da empresa?,/tesouro-ipca-8-recompra-divida-nao-vale-a-pena/,Tesouro IPCA+ 8%: vale a pena comprar antes do governo recomprar a própria dívida?,3,0.099,Recompra de R$11 bilhões
orfao,/petr4-65-por-cento-lucro-estatais-vale-a-pena-investir/,PETR4 vale a pena? Petrobras concentra 65% do lucro das estatais,/fmi-eleva-pib-brasil-2026-guerra-golfo-petroleo/,FMI elevou o PIB do Brasil para 2026 - mas o motor é uma guerra que pode acabar amanhã,1,0.148,PETR4 vale a pena
orfao,/petr4-65-por-cento-lucro-estatais-vale-a-pena-investir/,PETR4 vale a pena? Petrobras concentra 65% do lucro das estatais,/banco-do-brasil-bbas3-corte-dividendo-payout-2026/,Banco do Brasil (BBAS3) ainda vale a pena para dividendos em 2026?,2,0.143,PETR4 vale a pena
orfao,/petr4-65-por-cento-lucro-estatais-vale-a-pena-investir/,PETR4 vale a pena? Petrobras concentra 65% do lucro das estatais,/dividendos-o-que-sao-dividend-yield/,Dividendos: o que são e como calcular o dividend yield,3,0.127,PETR4 vale a pena
orfao,/bitcoin-caiu-50-oportunidade-compra-btg/,Bitcoin caiu 50%: vale a pena comprar agora ou é fuga em massa mesmo?,/bitcoin-30-por-cento-cdi-ganhou-2026/,Bitcoin -30% em 2026: o CDI bateu o Bitcoin por R$ 36.730. Vale a pena investir agora?,1,0.158,Bitcoin caiu 50%
orfao,/bitcoin-caiu-50-oportunidade-compra-btg/,Bitcoin caiu 50%: vale a pena comprar agora ou é fuga em massa mesmo?,/64-porcento-perderam-tesouro-selic-bolsa-estudo-grana-capital/,64% Perderam do Tesouro Selic na Bolsa: Vale a Pena Investir em Ações?,2,0.151,Bitcoin caiu 50%
orfao,/bitcoin-caiu-50-oportunidade-compra-btg/,Bitcoin caiu 50%: vale a pena comprar agora ou é fuga em massa mesmo?,/samsung-lucro-recorde-acao-caiu-burry-aposta-nvidia/,Samsung lucrou 19 vezes mais em um ano: vale a pena confiar num balanço recorde?,3,0.147,Bitcoin caiu 50%
orfao,/vale3-cobre-ia-vale-a-pena-investir/,VALE3 vale a pena em 2026? O motivo da alta não é o ferro de sempre,/vale-a-pena-investir-em-cobre-%f0%9f%93%88-deficit-e-a-tese-do-novo-petroleo/,VALE A PENA INVESTIR EM COBRE? 📈 Déficit e a Tese do Novo Petróleo,1,0.208,VALE3 vale a pena em 2026
orfao,/vale3-cobre-ia-vale-a-pena-investir/,VALE3 vale a pena em 2026? O motivo da alta não é o ferro de sempre,/michael-burry-barsi-cobre-ero-copper-paranapanema/,Burry e Barsi no mesmo cobre: por que a Ero Copper dobrou e a Paranapanema derreteu,2,0.175,VALE3 vale a pena em 2026
orfao,/vale3-cobre-ia-vale-a-pena-investir/,VALE3 vale a pena em 2026? O motivo da alta não é o ferro de sempre,/apple-5-trilhoes-pib-brasil-nvidia-queda/,Apple vale 2x o PIB do Brasil: entenda os US$5 trilhões (e o que a Nvidia já ensinou),3,0.124,VALE3 vale a pena em 2026
orfao,/weg-wege3-lucro-cai-acao-sobe-vale-a-pena-investir/,WEG (WEGE3): vale a pena investir depois do lucro cair e a ação subir 7%?,/weg-wege3-cai-mais-de-7-apos-resultados-do-4t24-e-hora-de-comprar/,WEG (WEGE3) Cai Mais de 7% Após Resultados do 4T24: É Hora de Comprar?,1,0.182,WEG (WEGE3)
orfao,/weg-wege3-lucro-cai-acao-sobe-vale-a-pena-investir/,WEG (WEGE3): vale a pena investir depois do lucro cair e a ação subir 7%?,/goldman-sachs-13-acoes-baratas-banco-do-brasil-fora/,Vale a pena investir no Banco do Brasil? O Goldman Sachs disse que não,2,0.15,WEG (WEGE3)
orfao,/weg-wege3-lucro-cai-acao-sobe-vale-a-pena-investir/,WEG (WEGE3): vale a pena investir depois do lucro cair e a ação subir 7%?,/bradsaude-saud3-lucro-sobe-acao-cai-sinistralidade/,Bradsaúde (SAUD3) lucrou 25% a mais e a ação caiu 8%: vale a pena investir?,3,0.139,WEG (WEGE3)
orfao,/barsi-banco-do-brasil-mudou-de-ideia-15-dias/,Barsi mudou de ideia sobre o Banco do Brasil em 15 dias — o que os números dizem,/barsi-vendeu-banco-do-brasil-bbas3-verdade-preco-justo/,Barsi vendeu Banco do Brasil? Não. E a ação que ele vendeu de verdade foi outra,1,0.334,Barsi mudou de ideia sobre o Banco do Brasil em 15 dias — o que os números dizem
orfao,/barsi-banco-do-brasil-mudou-de-ideia-15-dias/,Barsi mudou de ideia sobre o Banco do Brasil em 15 dias — o que os números dizem,/banco-do-brasil-ou-itau-melhor-acao-dividendos-2026/,Banco do Brasil (BBAS3) ou Itaú (ITUB4): qual a melhor ação para dividendos em 2026?,2,0.166,Barsi mudou de ideia sobre o Banco do Brasil em 15 dias — o que os números dizem
orfao,/barsi-banco-do-brasil-mudou-de-ideia-15-dias/,Barsi mudou de ideia sobre o Banco do Brasil em 15 dias — o que os números dizem,/banco-do-brasil-bbas3-corte-dividendo-payout-2026/,Banco do Brasil (BBAS3) ainda vale a pena para dividendos em 2026?,3,0.154,Barsi mudou de ideia sobre o Banco do Brasil em 15 dias — o que os números dizem
orfao,/trxf11-faria-lima-dos-galpoes-vale-o-hype/,"TRXF11 pagou R$1,43 bilhão num galpão — vale a pena investir?",/trxf11-queda-23-por-cento-13a-emissao-dividendos/,TRXF11 caiu 23% em 3 semanas: o que a 13ª emissão esconde,1,0.258,"TRXF11 pagou R$1,43 bilhão num galpão — vale a pena investir"
orfao,/trxf11-faria-lima-dos-galpoes-vale-o-hype/,"TRXF11 pagou R$1,43 bilhão num galpão — vale a pena investir?",/fundos-imobiliarios-o-que-sao-fiis/,Fundos Imobiliários (FIIs): Guia Completo para Iniciantes,2,0.232,"TRXF11 pagou R$1,43 bilhão num galpão — vale a pena investir"
orfao,/trxf11-faria-lima-dos-galpoes-vale-o-hype/,"TRXF11 pagou R$1,43 bilhão num galpão — vale a pena investir?",/brco11-gpa-quebrou-contrato-vale-a-pena-investir/,BRCO11: GPA quebrou contrato — risco pro fundo ou oportunidade pro cotista?,3,0.223,"TRXF11 pagou R$1,43 bilhão num galpão — vale a pena investir"
orfao,/custo-real-morar-sozinho-aluguel-conta-completa/,Custo Real de Morar Sozinho em 2026: o Aluguel É Só Metade da Conta,/imovel-bom-investimento-o-que-ninguem-te-conta/,Imóvel é Realmente um Bom Investimento? O que o Banco Não te Conta Antes de Assinar o Contrato,1,0.188,Custo Real de Morar Sozinho em 2026
orfao,/custo-real-morar-sozinho-aluguel-conta-completa/,Custo Real de Morar Sozinho em 2026: o Aluguel É Só Metade da Conta,/r300mil-ape-alugar-ou-fii-qual-rende-mais/,R$ 300 mil: vale a pena comprar apartamento para alugar ou investir em FII?,2,0.156,Custo Real de Morar Sozinho em 2026
orfao,/custo-real-morar-sozinho-aluguel-conta-completa/,Custo Real de Morar Sozinho em 2026: o Aluguel É Só Metade da Conta,/quanto-preciso-para-viver-de-renda-no-brasil/,Fiz a conta real: quanto você precisa para viver de renda no Brasil (é mais do que você pensa),3,0.136,Custo Real de Morar Sozinho em 2026
orfao,/simpar-simh3-venda-porto-aratu-reciclagem-de-capital/,"Simpar vendeu um porto lucrativo por R$1,8 bi — mas só R$750 milhões entraram no caixa",/klabin-klbn11-recompra-acoes-prejuizo-ativo-biologico/,Klabin: R$ 497 milhões de prejuízo e meio bilhão em recompra. Confiança ou desespero?,1,0.11,"Simpar vendeu um porto lucrativo por R$1,8 bi — mas só R$750 milhões entraram no caixa"
orfao,/simpar-simh3-venda-porto-aratu-reciclagem-de-capital/,"Simpar vendeu um porto lucrativo por R$1,8 bi — mas só R$750 milhões entraram no caixa",/copel-cple3-dividendo-cortado-vale-a-pena-investir/,Vale a pena investir em Copel (CPLE3) mesmo com o dividendo cortado?,2,0.108,"Simpar vendeu um porto lucrativo por R$1,8 bi — mas só R$750 milhões entraram no caixa"
orfao,/simpar-simh3-venda-porto-aratu-reciclagem-de-capital/,"Simpar vendeu um porto lucrativo por R$1,8 bi — mas só R$750 milhões entraram no caixa",/bradsaude-saud3-lucro-sobe-acao-cai-sinistralidade/,Bradsaúde (SAUD3) lucrou 25% a mais e a ação caiu 8%: vale a pena investir?,3,0.107,"Simpar vendeu um porto lucrativo por R$1,8 bi — mas só R$750 milhões entraram no caixa"
orfao,/hype3-santander-conviccao-corte-preco-alvo-vale-a-pena/,"HYPE3 vale a pena depois do corte do Santander? O relatório que chama a ação de ""convicção"" e baixa o alvo no mesmo parágrafo",/carteira-recomendada-julho-2026-itau-corretoras/,Carteira recomendada de julho vale a pena? 8 corretoras apostam no mesmo papel,1,0.129,HYPE3 vale a pena depois do corte do Santander
orfao,/hype3-santander-conviccao-corte-preco-alvo-vale-a-pena/,"HYPE3 vale a pena depois do corte do Santander? O relatório que chama a ação de ""convicção"" e baixa o alvo no mesmo parágrafo",/goldman-sachs-13-acoes-baratas-banco-do-brasil-fora/,Vale a pena investir no Banco do Brasil? O Goldman Sachs disse que não,2,0.125,HYPE3 vale a pena depois do corte do Santander
orfao,/hype3-santander-conviccao-corte-preco-alvo-vale-a-pena/,"HYPE3 vale a pena depois do corte do Santander? O relatório que chama a ação de ""convicção"" e baixa o alvo no mesmo parágrafo",/bancoes-dividendos-2026-itau-bradesco-santander-banco-do-brasil/,"Itaú, Bradesco, Santander ou Banco do Brasil: qual bancão paga mais dividendos em 2026?",3,0.124,HYPE3 vale a pena depois do corte do Santander
orfao,/isae4-follow-on-isa-energia-quem-comprou-o-desconto-antes-de-voce/,Follow-on ISAE4: por que a ação caiu 5% e quem lucrou com o desconto,/compass-pass3-bancos-ipo-recomendam-compra-conflito-interesse/,Compass (PASS3): Os Bancos que Venderam o IPO Agora Recomendam Comprar,1,0.129,Follow-on ISAE4
orfao,/isae4-follow-on-isa-energia-quem-comprou-o-desconto-antes-de-voce/,Follow-on ISAE4: por que a ação caiu 5% e quem lucrou com o desconto,/opa-santander-sanb11-premio-15-por-cento-troca-acoes/,OPA do Santander: o prêmio de 15% que na prática vale perto de 5%,2,0.127,Follow-on ISAE4
orfao,/isae4-follow-on-isa-energia-quem-comprou-o-desconto-antes-de-voce/,Follow-on ISAE4: por que a ação caiu 5% e quem lucrou com o desconto,/copel-cple3-dividendo-cortado-vale-a-pena-investir/,Vale a pena investir em Copel (CPLE3) mesmo com o dividendo cortado?,3,0.114,Follow-on ISAE4
orfao,/cxse3-bbse3-rebaixamento-jpmorgan-vale-a-pena/,Vale a pena investir em CXSE3 e BBSE3 depois do rebaixamento do JPMorgan?,/bbse3-cxse3-pssa3-melhor-seguradora-dividendos/,BBSE3 vs CXSE3 vs PSSA3: qual é a melhor seguradora para dividendos?,1,0.292,Vale a pena investir em CXSE3 e BBSE3 depois do rebaixamento do JPMorgan
orfao,/cxse3-bbse3-rebaixamento-jpmorgan-vale-a-pena/,Vale a pena investir em CXSE3 e BBSE3 depois do rebaixamento do JPMorgan?,/setor-eletrico-defensivo-jpmorgan-corta-cemig-engie/,Setor Elétrico é Defensivo? JPMorgan Corta 2 Ações e Explica Por Quê,2,0.201,Vale a pena investir em CXSE3 e BBSE3 depois do rebaixamento do JPMorgan
orfao,/cxse3-bbse3-rebaixamento-jpmorgan-vale-a-pena/,Vale a pena investir em CXSE3 e BBSE3 depois do rebaixamento do JPMorgan?,/copel-cple3-dividendo-cortado-vale-a-pena-investir/,Vale a pena investir em Copel (CPLE3) mesmo com o dividendo cortado?,3,0.172,Vale a pena investir em CXSE3 e BBSE3 depois do rebaixamento do JPMorgan
orfao,/auau3-petz-cobasi-sinergia-vale-a-pena-investir/,AUAU3 vale a pena investir? A fusão Petz+Cobasi prometeu R$330 milhões e entregou menos,/xp-corta-ibovespa-carteira-defensiva-vale-a-pena/,"XP corta o Ibovespa e recomenda carteira ""defensiva"": vale seguir?",1,0.107,AUAU3 vale a pena investir
orfao,/auau3-petz-cobasi-sinergia-vale-a-pena-investir/,AUAU3 vale a pena investir? A fusão Petz+Cobasi prometeu R$330 milhões e entregou menos,/compass-pass3-bancos-ipo-recomendam-compra-conflito-interesse/,Compass (PASS3): Os Bancos que Venderam o IPO Agora Recomendam Comprar,2,0.101,AUAU3 vale a pena investir
orfao,/auau3-petz-cobasi-sinergia-vale-a-pena-investir/,AUAU3 vale a pena investir? A fusão Petz+Cobasi prometeu R$330 milhões e entregou menos,/vale-a-pena-investir-acoes-baratas-bolsa-agora/,Vale a pena investir em ações baratas da Bolsa agora? 4 nomes passaram no filtro,3,0.096,AUAU3 vale a pena investir
orfao,/brco11-gpa-quebrou-contrato-vale-a-pena-investir/,BRCO11: GPA quebrou contrato — risco pro fundo ou oportunidade pro cotista?,/trxf11-faria-lima-dos-galpoes-vale-o-hype/,"TRXF11 pagou R$1,43 bilhão num galpão — vale a pena investir?",1,0.223,BRCO11
orfao,/brco11-gpa-quebrou-contrato-vale-a-pena-investir/,BRCO11: GPA quebrou contrato — risco pro fundo ou oportunidade pro cotista?,/fii-laje-corporativa-recorde-aluguel-sp-vale-a-pena/,FII de Laje Corporativa: Vale a Pena com o Aluguel em Recorde em SP?,2,0.153,BRCO11
orfao,/brco11-gpa-quebrou-contrato-vale-a-pena-investir/,BRCO11: GPA quebrou contrato — risco pro fundo ou oportunidade pro cotista?,/fundos-imobiliarios-o-que-sao-fiis/,Fundos Imobiliários (FIIs): Guia Completo para Iniciantes,3,0.15,BRCO11
orfao,/super-el-nino-2026-agro-bandeira-vermelha/,Super El Niño 2026 vale mais medo no agro ou na conta de luz?,/super-el-nino-2026-acoes-vao-derreter-encher/,Super El Niño 2026: quais ações vão derreter (e quais vão encher)?,1,0.257,Super El Niño 2026 vale mais medo no agro ou na conta de luz
orfao,/super-el-nino-2026-agro-bandeira-vermelha/,Super El Niño 2026 vale mais medo no agro ou na conta de luz?,/bbas3-roe-abaixo-selic-banco-do-brasil-dividendos-2026/,Vale a Pena Manter BBAS3 em 2026? O Banco do Brasil que Rende Menos que o Tesouro Selic,2,0.102,Super El Niño 2026 vale mais medo no agro ou na conta de luz
orfao,/btg-endividamento-brasil-2026-pior-que-2014/,Endividamento das Famílias 2026: BTG Alerta que Está Pior que 2014,/bbas3-resultado-2t-cartao-de-credito-inadimplencia/,BBAS3: não foi o agro. O rombo novo do Banco do Brasil nasceu no cartão de crédito,1,0.14,Endividamento das Famílias 2026
orfao,/btg-endividamento-brasil-2026-pior-que-2014/,Endividamento das Famílias 2026: BTG Alerta que Está Pior que 2014,/por-que-brasileiros-renda-alta-endividados-debito-automatico/,"Por Que 67,5% dos Brasileiros com Renda Acima de R$10 Mil Estão Endividados?",2,0.13,Endividamento das Famílias 2026
orfao,/btg-endividamento-brasil-2026-pior-que-2014/,Endividamento das Famílias 2026: BTG Alerta que Está Pior que 2014,/emprestimo-consignado-para-clt-com-fgts-como-funciona-e-vale-a-pena/,Empréstimo Consignado para CLT com FGTS: Como Funciona e Vale a Pena?,3,0.13,Endividamento das Famílias 2026
orfao,/selloff-chips-china-asml-duv-carteira-ia/,"Sell-off de chips: seu BDR de ""IA"" tinha Coreia do Sul escondida?",/cxmt-ipo-china-chip-466-porcento/,CXMT subiu 466% em 1 dia: vale a pena se empolgar com o IPO chinês?,1,0.24,Sell-off de chips
orfao,/selloff-chips-china-asml-duv-carteira-ia/,"Sell-off de chips: seu BDR de ""IA"" tinha Coreia do Sul escondida?",/samsung-lucro-recorde-acao-caiu-burry-aposta-nvidia/,Samsung lucrou 19 vezes mais em um ano: vale a pena confiar num balanço recorde?,2,0.146,Sell-off de chips
orfao,/selloff-chips-china-asml-duv-carteira-ia/,"Sell-off de chips: seu BDR de ""IA"" tinha Coreia do Sul escondida?",/nvidia-banco-proprios-clientes-cds-dobrou/,Nvidia virou o banco dos próprios clientes? O que o CDS disparado revela,3,0.128,Sell-off de chips
orfao,/cxmt-ipo-china-chip-466-porcento/,CXMT subiu 466% em 1 dia: vale a pena se empolgar com o IPO chinês?,/selloff-chips-china-asml-duv-carteira-ia/,"Sell-off de chips: seu BDR de ""IA"" tinha Coreia do Sul escondida?",1,0.24,CXMT subiu 466% em 1 dia
orfao,/cxmt-ipo-china-chip-466-porcento/,CXMT subiu 466% em 1 dia: vale a pena se empolgar com o IPO chinês?,/samsung-lucro-recorde-acao-caiu-burry-aposta-nvidia/,Samsung lucrou 19 vezes mais em um ano: vale a pena confiar num balanço recorde?,2,0.169,CXMT subiu 466% em 1 dia
orfao,/cxmt-ipo-china-chip-466-porcento/,CXMT subiu 466% em 1 dia: vale a pena se empolgar com o IPO chinês?,/apple-5-trilhoes-pib-brasil-nvidia-queda/,Apple vale 2x o PIB do Brasil: entenda os US$5 trilhões (e o que a Nvidia já ensinou),3,0.164,CXMT subiu 466% em 1 dia
orfao,/reforma-tributaria-airbnb-vira-hotel-2027/,Reforma Tributária: seu Airbnb vale a pena a partir de 2027?,/split-payment-2027-quem-paga-a-conta/,"Split Payment 2027: Quem Vai Pagar a Conta da ""Moralização Tributária""?",1,0.141,Reforma Tributária
orfao,/reforma-tributaria-airbnb-vira-hotel-2027/,Reforma Tributária: seu Airbnb vale a pena a partir de 2027?,/nova-lei-heranca-lc-227-itcmd-planejamento-sucessorio/,"Nova lei da herança (LC 227): o que muda para a sua família, mesmo sem holding",2,0.137,Reforma Tributária
orfao,/reforma-tributaria-airbnb-vira-hotel-2027/,Reforma Tributária: seu Airbnb vale a pena a partir de 2027?,/barcelona-taxa-turistica-2026-vale-a-pena-viajar/,Vale a pena investir R$40 mil pra ir pra Barcelona em 2026? A conta que ninguém te mostra,3,0.128,Reforma Tributária
orfao,/split-payment-2027-quem-paga-a-conta/,"Split Payment 2027: Quem Vai Pagar a Conta da ""Moralização Tributária""?",/reforma-tributaria-airbnb-vira-hotel-2027/,Reforma Tributária: seu Airbnb vale a pena a partir de 2027?,1,0.141,Split Payment 2027
orfao,/split-payment-2027-quem-paga-a-conta/,"Split Payment 2027: Quem Vai Pagar a Conta da ""Moralização Tributária""?",/o-que-e-split-acoes/,"O que é Split de Ações? Definição, como funciona e exemplos práticos",2,0.127,Split Payment 2027
orfao,/split-payment-2027-quem-paga-a-conta/,"Split Payment 2027: Quem Vai Pagar a Conta da ""Moralização Tributária""?",/lci-lca-rendimento-caiu-isencao-ir-vale-a-pena/,LCI e LCA ainda valem a pena? Rendimento caiu e isenção de IR está sob ameaça,3,0.115,Split Payment 2027
orfao,/xp-corta-ibovespa-carteira-defensiva-vale-a-pena/,"XP corta o Ibovespa e recomenda carteira ""defensiva"": vale seguir?",/setor-eletrico-defensivo-jpmorgan-corta-cemig-engie/,Setor Elétrico é Defensivo? JPMorgan Corta 2 Ações e Explica Por Quê,1,0.204,"XP corta o Ibovespa e recomenda carteira ""defensiva"""
orfao,/xp-corta-ibovespa-carteira-defensiva-vale-a-pena/,"XP corta o Ibovespa e recomenda carteira ""defensiva"": vale seguir?",/copel-cple3-dividendo-cortado-vale-a-pena-investir/,Vale a pena investir em Copel (CPLE3) mesmo com o dividendo cortado?,2,0.189,"XP corta o Ibovespa e recomenda carteira ""defensiva"""
orfao,/xp-corta-ibovespa-carteira-defensiva-vale-a-pena/,"XP corta o Ibovespa e recomenda carteira ""defensiva"": vale seguir?",/carteira-recomendada-julho-2026-itau-corretoras/,Carteira recomendada de julho vale a pena? 8 corretoras apostam no mesmo papel,3,0.15,"XP corta o Ibovespa e recomenda carteira ""defensiva"""
orfao,/barcelona-taxa-turistica-2026-vale-a-pena-viajar/,Vale a pena investir R$40 mil pra ir pra Barcelona em 2026? A conta que ninguém te mostra,/reforma-tributaria-airbnb-vira-hotel-2027/,Reforma Tributária: seu Airbnb vale a pena a partir de 2027?,1,0.128,Vale a pena investir R$40 mil pra ir pra Barcelona em 2026
orfao,/barcelona-taxa-turistica-2026-vale-a-pena-viajar/,Vale a pena investir R$40 mil pra ir pra Barcelona em 2026? A conta que ninguém te mostra,/custo-real-morar-sozinho-aluguel-conta-completa/,Custo Real de Morar Sozinho em 2026: o Aluguel É Só Metade da Conta,2,0.1,Vale a pena investir R$40 mil pra ir pra Barcelona em 2026
orfao,/barcelona-taxa-turistica-2026-vale-a-pena-viajar/,Vale a pena investir R$40 mil pra ir pra Barcelona em 2026? A conta que ninguém te mostra,/taxa-das-blusinhas-uniao-europeia-copiou-brasil/,Taxa das blusinhas: vale a pena a UE ter copiado uma regra que o Brasil jogou fora?,3,0.089,Vale a pena investir R$40 mil pra ir pra Barcelona em 2026
orfao,/fii-residencial-maior-mercado-menor-bolsa/,FII Residencial: por que o maior mercado imobiliário do Brasil é o mais ignorado da bolsa,/trxf11-faria-lima-dos-galpoes-vale-o-hype/,"TRXF11 pagou R$1,43 bilhão num galpão — vale a pena investir?",1,0.216,FII Residencial
orfao,/fii-residencial-maior-mercado-menor-bolsa/,FII Residencial: por que o maior mercado imobiliário do Brasil é o mais ignorado da bolsa,/fii-ou-imovel-fisico-qual-e-melhor-investimento/,FII ou Imóvel Físico: a resposta que nenhum corretor vai te dar,2,0.193,FII Residencial
orfao,/fii-residencial-maior-mercado-menor-bolsa/,FII Residencial: por que o maior mercado imobiliário do Brasil é o mais ignorado da bolsa,/fii-papel-vs-tijolo/,"O que é FII de Papel vs Tijolo? Definição, como funciona e exemplos práticos",3,0.179,FII Residencial
orfao,/apple-5-trilhoes-pib-brasil-nvidia-queda/,Apple vale 2x o PIB do Brasil: entenda os US$5 trilhões (e o que a Nvidia já ensinou),/samsung-lucro-recorde-acao-caiu-burry-aposta-nvidia/,Samsung lucrou 19 vezes mais em um ano: vale a pena confiar num balanço recorde?,1,0.229,Apple vale 2x o PIB do Brasil
orfao,/apple-5-trilhoes-pib-brasil-nvidia-queda/,Apple vale 2x o PIB do Brasil: entenda os US$5 trilhões (e o que a Nvidia já ensinou),/cxmt-ipo-china-chip-466-porcento/,CXMT subiu 466% em 1 dia: vale a pena se empolgar com o IPO chinês?,2,0.164,Apple vale 2x o PIB do Brasil
orfao,/apple-5-trilhoes-pib-brasil-nvidia-queda/,Apple vale 2x o PIB do Brasil: entenda os US$5 trilhões (e o que a Nvidia já ensinou),/nvidia-banco-proprios-clientes-cds-dobrou/,Nvidia virou o banco dos próprios clientes? O que o CDS disparado revela,3,0.16,Apple vale 2x o PIB do Brasil
orfao,/divida-brasil-106-trilhoes-tesouro-selic-vale-a-pena/,"Dívida do Brasil bate R$10,6 trilhões: vale a pena ter Tesouro Selic?",/tesouro-reserva-vale-a-pena-vs-nubank-cdb/,Tesouro Reserva Vale a Pena? Governo e Nubank Brigaram Por R$8,1,0.179,"Dívida do Brasil bate R$10,6 trilhões"
orfao,/divida-brasil-106-trilhoes-tesouro-selic-vale-a-pena/,"Dívida do Brasil bate R$10,6 trilhões: vale a pena ter Tesouro Selic?",/lci-lca-rendimento-caiu-isencao-ir-vale-a-pena/,LCI e LCA ainda valem a pena? Rendimento caiu e isenção de IR está sob ameaça,2,0.162,"Dívida do Brasil bate R$10,6 trilhões"
orfao,/divida-brasil-106-trilhoes-tesouro-selic-vale-a-pena/,"Dívida do Brasil bate R$10,6 trilhões: vale a pena ter Tesouro Selic?",/o-que-e-cdb/,"O que é CDB? Definição, como funciona e exemplos práticos",3,0.159,"Dívida do Brasil bate R$10,6 trilhões"
orfao,/compass-pass3-bancos-ipo-recomendam-compra-conflito-interesse/,Compass (PASS3): Os Bancos que Venderam o IPO Agora Recomendam Comprar,/pass3-compass-ipo-conflito-de-interesse-bancos-coordenadores/,PASS3: os 6 bancos que mandaram comprar são os mesmos 6 que venderam o IPO,1,0.29,Compass (PASS3)
orfao,/compass-pass3-bancos-ipo-recomendam-compra-conflito-interesse/,Compass (PASS3): Os Bancos que Venderam o IPO Agora Recomendam Comprar,/ipo-compass-pass3-vale-a-pena-investir/,IPO da Compass (PASS3): Vale a Pena Investir ou É Cilada?,2,0.199,Compass (PASS3)
orfao,/compass-pass3-bancos-ipo-recomendam-compra-conflito-interesse/,Compass (PASS3): Os Bancos que Venderam o IPO Agora Recomendam Comprar,/ipo-compass-pass3-vale-a-pena-investir-3/,Vale a pena investir no IPO da Compass (PASS3)? O que o preço no piso está dizendo,3,0.176,Compass (PASS3)
orfao,/setor-eletrico-defensivo-jpmorgan-corta-cemig-engie/,Setor Elétrico é Defensivo? JPMorgan Corta 2 Ações e Explica Por Quê,/copel-cple3-dividendo-cortado-vale-a-pena-investir/,Vale a pena investir em Copel (CPLE3) mesmo com o dividendo cortado?,1,0.226,Setor Elétrico é Defensivo
orfao,/setor-eletrico-defensivo-jpmorgan-corta-cemig-engie/,Setor Elétrico é Defensivo? JPMorgan Corta 2 Ações e Explica Por Quê,/xp-corta-ibovespa-carteira-defensiva-vale-a-pena/,"XP corta o Ibovespa e recomenda carteira ""defensiva"": vale seguir?",2,0.204,Setor Elétrico é Defensivo
orfao,/setor-eletrico-defensivo-jpmorgan-corta-cemig-engie/,Setor Elétrico é Defensivo? JPMorgan Corta 2 Ações e Explica Por Quê,/cxse3-bbse3-rebaixamento-jpmorgan-vale-a-pena/,Vale a pena investir em CXSE3 e BBSE3 depois do rebaixamento do JPMorgan?,3,0.201,Setor Elétrico é Defensivo
orfao,/gavea-arminio-fraga-fecha-multimercados-cdi/,Gávea fechou os fundos de Armínio Fraga: vale a pena confiar em multimercado ainda?,/64-porcento-perderam-tesouro-selic-bolsa-estudo-grana-capital/,64% Perderam do Tesouro Selic na Bolsa: Vale a Pena Investir em Ações?,1,0.113,Gávea fechou os fundos de Armínio Fraga
orfao,/gavea-arminio-fraga-fecha-multimercados-cdi/,Gávea fechou os fundos de Armínio Fraga: vale a pena confiar em multimercado ainda?,/o-que-e-etf/,"O que é ETF? Definição, como funciona e exemplos práticos",2,0.107,Gávea fechou os fundos de Armínio Fraga
orfao,/gavea-arminio-fraga-fecha-multimercados-cdi/,Gávea fechou os fundos de Armínio Fraga: vale a pena confiar em multimercado ainda?,/xp-corta-ibovespa-carteira-defensiva-vale-a-pena/,"XP corta o Ibovespa e recomenda carteira ""defensiva"": vale seguir?",3,0.101,Gávea fechou os fundos de Armínio Fraga
orfao,/opa-santander-brasil-sanb11-minoritario-refem/,OPA do Santander (SANB11): vale a pena aceitar a troca de ações?,/opa-santander-sanb11-premio-15-por-cento-troca-acoes/,OPA do Santander: o prêmio de 15% que na prática vale perto de 5%,1,0.424,OPA do Santander (SANB11)
orfao,/opa-santander-brasil-sanb11-minoritario-refem/,OPA do Santander (SANB11): vale a pena aceitar a troca de ações?,/o-que-e-free-float/,"O que é Free Float? Definição, como funciona e exemplos práticos",2,0.149,OPA do Santander (SANB11)
orfao,/opa-santander-brasil-sanb11-minoritario-refem/,OPA do Santander (SANB11): vale a pena aceitar a troca de ações?,/saud3-bradesco-vai-fechar-capital-bradsaude/,SAUD3: O Bradesco vai fechar o capital da BradSaúde?,3,0.136,OPA do Santander (SANB11)
orfao,/bradsaude-saud3-lucro-sobe-acao-cai-sinistralidade/,Bradsaúde (SAUD3) lucrou 25% a mais e a ação caiu 8%: vale a pena investir?,/saud3-bradesco-vai-fechar-capital-bradsaude/,SAUD3: O Bradesco vai fechar o capital da BradSaúde?,1,0.255,Bradsaúde (SAUD3) lucrou 25% a mais e a ação caiu 8%
orfao,/bradsaude-saud3-lucro-sobe-acao-cai-sinistralidade/,Bradsaúde (SAUD3) lucrou 25% a mais e a ação caiu 8%: vale a pena investir?,/weg-wege3-lucro-cai-acao-sobe-vale-a-pena-investir/,WEG (WEGE3): vale a pena investir depois do lucro cair e a ação subir 7%?,2,0.139,Bradsaúde (SAUD3) lucrou 25% a mais e a ação caiu 8%
orfao,/bradsaude-saud3-lucro-sobe-acao-cai-sinistralidade/,Bradsaúde (SAUD3) lucrou 25% a mais e a ação caiu 8%: vale a pena investir?,/bbse3-cxse3-pssa3-melhor-seguradora-dividendos/,BBSE3 vs CXSE3 vs PSSA3: qual é a melhor seguradora para dividendos?,3,0.119,Bradsaúde (SAUD3) lucrou 25% a mais e a ação caiu 8%
orfao,/quanto-rende-uma-cota-de-itsa4-descubra-agora/,Quanto rende uma cota de ITSA4? Descubra agora,/qual-o-preco-justo-da-itsa4-analise-completa-hoje/,Qual o preço justo da ITSA4? Análise completa hoje,1,0.394,Quanto rende uma cota de ITSA4
orfao,/quanto-rende-uma-cota-de-itsa4-descubra-agora/,Quanto rende uma cota de ITSA4? Descubra agora,/itausa-acoes-guia-completo-para-investir-na-bolsa/,Itausa ações: Guia completo para investir na bolsa,2,0.382,Quanto rende uma cota de ITSA4
orfao,/quanto-rende-uma-cota-de-itsa4-descubra-agora/,Quanto rende uma cota de ITSA4? Descubra agora,/itausa-dividendos-guia-completo-para-investidores/,Itausa dividendos: guia completo para investidores,3,0.38,Quanto rende uma cota de ITSA4
orfao,/itsa4-ou-itub4-qual-a-melhor-acao-para-investir/,Itsa4 ou Itub4: qual a melhor ação para investir,/qual-o-preco-justo-da-itsa4-analise-completa-hoje/,Qual o preço justo da ITSA4? Análise completa hoje,1,0.268,Itsa4 ou Itub4
orfao,/itsa4-ou-itub4-qual-a-melhor-acao-para-investir/,Itsa4 ou Itub4: qual a melhor ação para investir,/itausa-acoes-guia-completo-para-investir-na-bolsa/,Itausa ações: Guia completo para investir na bolsa,2,0.268,Itsa4 ou Itub4
orfao,/itsa4-ou-itub4-qual-a-melhor-acao-para-investir/,Itsa4 ou Itub4: qual a melhor ação para investir,/itausa-dividendos-guia-completo-para-investidores/,Itausa dividendos: guia completo para investidores,3,0.247,Itsa4 ou Itub4
orfao,/itausa-acoes-guia-completo-para-investir-na-bolsa/,Itausa ações: Guia completo para investir na bolsa,/qual-o-preco-justo-da-itsa4-analise-completa-hoje/,Qual o preço justo da ITSA4? Análise completa hoje,1,0.413,Itausa ações
orfao,/itausa-acoes-guia-completo-para-investir-na-bolsa/,Itausa ações: Guia completo para investir na bolsa,/itausa-o-que-e-conheca-a-holding-do-itau/,Itausa o que é: conheça a holding do Itaú,2,0.398,Itausa ações
orfao,/itausa-acoes-guia-completo-para-investir-na-bolsa/,Itausa ações: Guia completo para investir na bolsa,/itausa-dividendos-guia-completo-para-investidores/,Itausa dividendos: guia completo para investidores,3,0.395,Itausa ações
orfao,/etf-nubank-conheca-o-global-low-carbon-etf-do-nu/,ETF Nubank: Conheça o Global Low Carbon ETF do Nu,/etfs-que-pagam-dividendos-melhores-opcoes-no-brasil/,ETFs que pagam dividendos no Brasil: os melhores e como comparar,1,0.221,ETF Nubank
orfao,/etf-nubank-conheca-o-global-low-carbon-etf-do-nu/,ETF Nubank: Conheça o Global Low Carbon ETF do Nu,/qual-o-melhor-etf-do-momento-descubra-agora/,Qual o melhor ETF do momento? Descubra agora,2,0.214,ETF Nubank
orfao,/etf-nubank-conheca-o-global-low-carbon-etf-do-nu/,ETF Nubank: Conheça o Global Low Carbon ETF do Nu,/qual-e-a-vantagem-de-investir-em-etf-guia-completo/,Qual é a vantagem de investir em ETF - Guia Completo,3,0.199,ETF Nubank
orfao,/itausa-paga-dividendos-mensais-guia-completo/,Itaúsa paga dividendos mensais? Como funciona o calendário de proventos,/itausa-dividendos-guia-completo-para-investidores/,Itausa dividendos: guia completo para investidores,1,0.402,Itaúsa paga dividendos mensais
orfao,/itausa-paga-dividendos-mensais-guia-completo/,Itaúsa paga dividendos mensais? Como funciona o calendário de proventos,/quanto-rende-uma-cota-de-itsa4-descubra-agora/,Quanto rende uma cota de ITSA4? Descubra agora,2,0.339,Itaúsa paga dividendos mensais
orfao,/itausa-paga-dividendos-mensais-guia-completo/,Itaúsa paga dividendos mensais? Como funciona o calendário de proventos,/itausa-acoes-guia-completo-para-investir-na-bolsa/,Itausa ações: Guia completo para investir na bolsa,3,0.335,Itaúsa paga dividendos mensais
orfao,/itausa-bonificacao-entenda-como-funciona-o-processo/,Itausa bonificação: entenda como funciona o processo,/itausa-paga-dividendos-mensais-guia-completo/,Itaúsa paga dividendos mensais? Como funciona o calendário de proventos,1,0.284,Itausa bonificação
orfao,/itausa-bonificacao-entenda-como-funciona-o-processo/,Itausa bonificação: entenda como funciona o processo,/itausa-dividendos-guia-completo-para-investidores/,Itausa dividendos: guia completo para investidores,2,0.273,Itausa bonificação
orfao,/itausa-bonificacao-entenda-como-funciona-o-processo/,Itausa bonificação: entenda como funciona o processo,/itausa-acoes-guia-completo-para-investir-na-bolsa/,Itausa ações: Guia completo para investir na bolsa,3,0.262,Itausa bonificação
orfao,/o-que-significa-o-etf-guia-completo-e-simples/,O que significa o ETF? | Guia Completo e Simples,/qual-e-a-vantagem-de-investir-em-etf-guia-completo/,Qual é a vantagem de investir em ETF - Guia Completo,1,0.434,O que significa o ETF
orfao,/o-que-significa-o-etf-guia-completo-e-simples/,O que significa o ETF? | Guia Completo e Simples,/qual-o-melhor-etf-do-momento-descubra-agora/,Qual o melhor ETF do momento? Descubra agora,2,0.419,O que significa o ETF
orfao,/o-que-significa-o-etf-guia-completo-e-simples/,O que significa o ETF? | Guia Completo e Simples,/qual-a-melhor-etf-para-investir-guia-completo-2024/,Qual a melhor ETF para investir? Guia completo 2024,3,0.415,O que significa o ETF
orfao,/qual-e-a-vantagem-de-investir-em-etf-guia-completo/,Qual é a vantagem de investir em ETF - Guia Completo,/qual-a-melhor-etf-para-investir-guia-completo-2024/,Qual a melhor ETF para investir? Guia completo 2024,1,0.496,Qual é a vantagem de investir em ETF - Guia Completo
orfao,/qual-e-a-vantagem-de-investir-em-etf-guia-completo/,Qual é a vantagem de investir em ETF - Guia Completo,/qual-o-melhor-etf-do-momento-descubra-agora/,Qual o melhor ETF do momento? Descubra agora,2,0.471,Qual é a vantagem de investir em ETF - Guia Completo
orfao,/qual-e-a-vantagem-de-investir-em-etf-guia-completo/,Qual é a vantagem de investir em ETF - Guia Completo,/o-que-significa-o-etf-guia-completo-e-simples/,O que significa o ETF? | Guia Completo e Simples,3,0.434,Qual é a vantagem de investir em ETF - Guia Completo
orfao,/etfs-que-pagam-dividendos-melhores-opcoes-no-brasil/,ETFs que pagam dividendos no Brasil: os melhores e como comparar,/os-melhores-etfs-com-dividendos-mensais-no-brasil-2024/,ETFs que pagam dividendos mensais na B3: lista e como escolher,1,0.383,ETFs que pagam dividendos no Brasil
orfao,/etfs-que-pagam-dividendos-melhores-opcoes-no-brasil/,ETFs que pagam dividendos no Brasil: os melhores e como comparar,/qual-e-a-vantagem-de-investir-em-etf-guia-completo/,Qual é a vantagem de investir em ETF - Guia Completo,2,0.338,ETFs que pagam dividendos no Brasil
orfao,/etfs-que-pagam-dividendos-melhores-opcoes-no-brasil/,ETFs que pagam dividendos no Brasil: os melhores e como comparar,/o-que-significa-o-etf-guia-completo-e-simples/,O que significa o ETF? | Guia Completo e Simples,3,0.331,ETFs que pagam dividendos no Brasil
orfao,/bova11-quanto-o-bova11-paga-de-dividendos/,BOVA11: Quanto o BOVA11 paga de dividendos?,/qual-e-a-vantagem-de-investir-em-etf-guia-completo/,Qual é a vantagem de investir em ETF - Guia Completo,1,0.306,BOVA11
orfao,/bova11-quanto-o-bova11-paga-de-dividendos/,BOVA11: Quanto o BOVA11 paga de dividendos?,/qual-o-melhor-etf-do-momento-descubra-agora/,Qual o melhor ETF do momento? Descubra agora,2,0.297,BOVA11
orfao,/bova11-quanto-o-bova11-paga-de-dividendos/,BOVA11: Quanto o BOVA11 paga de dividendos?,/qual-a-melhor-etf-para-investir-guia-completo-2024/,Qual a melhor ETF para investir? Guia completo 2024,3,0.288,BOVA11
orfao,/os-melhores-etfs-com-dividendos-mensais-no-brasil-2024/,ETFs que pagam dividendos mensais na B3: lista e como escolher,/etfs-que-pagam-dividendos-melhores-opcoes-no-brasil/,ETFs que pagam dividendos no Brasil: os melhores e como comparar,1,0.383,ETFs que pagam dividendos mensais na B3
orfao,/os-melhores-etfs-com-dividendos-mensais-no-brasil-2024/,ETFs que pagam dividendos mensais na B3: lista e como escolher,/qual-e-a-vantagem-de-investir-em-etf-guia-completo/,Qual é a vantagem de investir em ETF - Guia Completo,2,0.357,ETFs que pagam dividendos mensais na B3
orfao,/os-melhores-etfs-com-dividendos-mensais-no-brasil-2024/,ETFs que pagam dividendos mensais na B3: lista e como escolher,/qual-acao-paga-mais-dividendos-mensais-em-2024/,Qual ação paga mais dividendos mensais em 2024?,3,0.345,ETFs que pagam dividendos mensais na B3
orfao,/quanto-rende-o-etf-por-mes-descubra-agora/,Quanto rende o ETF por mês? Descubra agora,/o-que-significa-o-etf-guia-completo-e-simples/,O que significa o ETF? | Guia Completo e Simples,1,0.38,Quanto rende o ETF por mês
orfao,/quanto-rende-o-etf-por-mes-descubra-agora/,Quanto rende o ETF por mês? Descubra agora,/qual-a-melhor-etf-para-investir-guia-completo-2024/,Qual a melhor ETF para investir? Guia completo 2024,2,0.366,Quanto rende o ETF por mês
orfao,/quanto-rende-o-etf-por-mes-descubra-agora/,Quanto rende o ETF por mês? Descubra agora,/qual-e-a-vantagem-de-investir-em-etf-guia-completo/,Qual é a vantagem de investir em ETF - Guia Completo,3,0.349,Quanto rende o ETF por mês
orfao,/e-bom-investir-na-bolsa-de-valores-descubra-agora/,É bom investir na Bolsa de Valores? Descubra agora,/o-que-e-e-como-funciona-a-bolsa-de-valores/,O que é e como funciona a Bolsa de Valores?,1,0.292,É bom investir na Bolsa de Valores
orfao,/e-bom-investir-na-bolsa-de-valores-descubra-agora/,É bom investir na Bolsa de Valores? Descubra agora,/como-funciona-um-fundo-imobiliario/,Como funciona um fundo imobiliário? Entenda agora,2,0.271,É bom investir na Bolsa de Valores
orfao,/e-bom-investir-na-bolsa-de-valores-descubra-agora/,É bom investir na Bolsa de Valores? Descubra agora,/qual-e-o-melhor-fundo-imobiliario-para-investir-hoje/,Qual é o melhor fundo imobiliário para investir hoje?,3,0.254,É bom investir na Bolsa de Valores
orfao,/etf-do-momento-melhores-opcoes-para-investir-em-2024/,Qual ETF comprar agora? Como escolher o ETF certo para a sua carteira,/qual-e-a-vantagem-de-investir-em-etf-guia-completo/,Qual é a vantagem de investir em ETF - Guia Completo,1,0.338,Qual ETF comprar agora
orfao,/etf-do-momento-melhores-opcoes-para-investir-em-2024/,Qual ETF comprar agora? Como escolher o ETF certo para a sua carteira,/o-que-significa-o-etf-guia-completo-e-simples/,O que significa o ETF? | Guia Completo e Simples,2,0.337,Qual ETF comprar agora
orfao,/etf-do-momento-melhores-opcoes-para-investir-em-2024/,Qual ETF comprar agora? Como escolher o ETF certo para a sua carteira,/qual-o-melhor-etf-do-momento-descubra-agora/,Qual o melhor ETF do momento? Descubra agora,3,0.335,Qual ETF comprar agora
orfao,/quanto-a-renda-fixa-paga-entenda-os-rendimentos/,Quanto a renda fixa paga? Entenda os rendimentos,/qual-a-melhor-renda-fixa-hoje-saiba-as-opcoes/,Qual a melhor renda fixa hoje? Saiba as opções,1,0.483,Quanto a renda fixa paga
orfao,/quanto-a-renda-fixa-paga-entenda-os-rendimentos/,Quanto a renda fixa paga? Entenda os rendimentos,/o-que-e-renda-fixa-e-como-funciona-guia-completo/,O que é renda fixa e como funciona? | Guia Completo,2,0.451,Quanto a renda fixa paga
orfao,/quanto-a-renda-fixa-paga-entenda-os-rendimentos/,Quanto a renda fixa paga? Entenda os rendimentos,/qual-o-melhor-banco-para-investir-em-renda-fixa/,Qual o melhor banco para investir em renda fixa?,3,0.264,Quanto a renda fixa paga
orfao,/qual-o-melhor-banco-para-investir-em-renda-fixa/,Qual o melhor banco para investir em renda fixa?,/o-que-e-renda-fixa-e-como-funciona-guia-completo/,O que é renda fixa e como funciona? | Guia Completo,1,0.302,Qual o melhor banco para investir em renda fixa
orfao,/qual-o-melhor-banco-para-investir-em-renda-fixa/,Qual o melhor banco para investir em renda fixa?,/qual-a-melhor-renda-fixa-hoje-saiba-as-opcoes/,Qual a melhor renda fixa hoje? Saiba as opções,2,0.296,Qual o melhor banco para investir em renda fixa
orfao,/qual-o-melhor-banco-para-investir-em-renda-fixa/,Qual o melhor banco para investir em renda fixa?,/quanto-a-renda-fixa-paga-entenda-os-rendimentos/,Quanto a renda fixa paga? Entenda os rendimentos,3,0.264,Qual o melhor banco para investir em renda fixa
orfao,/qual-acao-paga-mais-dividendos-mensais-em-2024/,Qual ação paga mais dividendos mensais em 2024?,/descubra-quais-acoes-pagam-dividendos-hoje/,Descubra quais ações pagam dividendos hoje,1,0.391,Qual ação paga mais dividendos mensais em 2024
orfao,/qual-acao-paga-mais-dividendos-mensais-em-2024/,Qual ação paga mais dividendos mensais em 2024?,/os-melhores-etfs-com-dividendos-mensais-no-brasil-2024/,ETFs que pagam dividendos mensais na B3: lista e como escolher,2,0.345,Qual ação paga mais dividendos mensais em 2024
orfao,/qual-acao-paga-mais-dividendos-mensais-em-2024/,Qual ação paga mais dividendos mensais em 2024?,/o-que-significa-de-dividendos-entenda-agora/,O que significa de dividendos? Entenda agora,3,0.342,Qual ação paga mais dividendos mensais em 2024
orfao,/qual-o-valor-da-bolsa-de-valores-hoje-confira/,Qual o valor da Bolsa de Valores hoje? - Confira,/o-que-e-e-como-funciona-a-bolsa-de-valores/,O que é e como funciona a Bolsa de Valores?,1,0.334,Qual o valor da Bolsa de Valores hoje
orfao,/qual-o-valor-da-bolsa-de-valores-hoje-confira/,Qual o valor da Bolsa de Valores hoje? - Confira,/qual-a-melhor-acao-da-bolsa-hoje-analise-completa/,Qual a melhor ação da bolsa hoje? | Análise completa,2,0.261,Qual o valor da Bolsa de Valores hoje
orfao,/qual-o-valor-da-bolsa-de-valores-hoje-confira/,Qual o valor da Bolsa de Valores hoje? - Confira,/qual-o-melhor-etf-do-momento-descubra-agora/,Qual o melhor ETF do momento? Descubra agora,3,0.21,Qual o valor da Bolsa de Valores hoje
orfao,/o-que-e-e-como-funciona-a-bolsa-de-valores/,O que é e como funciona a Bolsa de Valores?,/qual-o-valor-da-bolsa-de-valores-hoje-confira/,Qual o valor da Bolsa de Valores hoje? - Confira,1,0.334,O que é e como funciona a Bolsa de Valores
orfao,/o-que-e-e-como-funciona-a-bolsa-de-valores/,O que é e como funciona a Bolsa de Valores?,/e-bom-investir-na-bolsa-de-valores-descubra-agora/,É bom investir na Bolsa de Valores? Descubra agora,2,0.292,O que é e como funciona a Bolsa de Valores
orfao,/o-que-e-e-como-funciona-a-bolsa-de-valores/,O que é e como funciona a Bolsa de Valores?,/qual-a-melhor-etf-para-investir-guia-completo-2024/,Qual a melhor ETF para investir? Guia completo 2024,3,0.239,O que é e como funciona a Bolsa de Valores
orfao,/o-que-significa-de-dividendos-entenda-agora/,O que significa de dividendos? Entenda agora,/como-funciona-o-sistema-de-dividendos-entenda-aqui/,Como funciona o sistema de dividendos? Entenda aqui,1,0.394,O que significa de dividendos
orfao,/o-que-significa-de-dividendos-entenda-agora/,O que significa de dividendos? Entenda agora,/descubra-quais-acoes-pagam-dividendos-hoje/,Descubra quais ações pagam dividendos hoje,2,0.377,O que significa de dividendos
orfao,/o-que-significa-de-dividendos-entenda-agora/,O que significa de dividendos? Entenda agora,/qual-acao-paga-mais-dividendos-mensais-em-2024/,Qual ação paga mais dividendos mensais em 2024?,3,0.342,O que significa de dividendos
orfao,/qual-a-melhor-renda-fixa-hoje-saiba-as-opcoes/,Qual a melhor renda fixa hoje? Saiba as opções,/quanto-a-renda-fixa-paga-entenda-os-rendimentos/,Quanto a renda fixa paga? Entenda os rendimentos,1,0.483,Qual a melhor renda fixa hoje
orfao,/qual-a-melhor-renda-fixa-hoje-saiba-as-opcoes/,Qual a melhor renda fixa hoje? Saiba as opções,/o-que-e-renda-fixa-e-como-funciona-guia-completo/,O que é renda fixa e como funciona? | Guia Completo,2,0.452,Qual a melhor renda fixa hoje
orfao,/qual-a-melhor-renda-fixa-hoje-saiba-as-opcoes/,Qual a melhor renda fixa hoje? Saiba as opções,/qual-o-melhor-banco-para-investir-em-renda-fixa/,Qual o melhor banco para investir em renda fixa?,3,0.296,Qual a melhor renda fixa hoje
orfao,/descubra-quais-acoes-pagam-dividendos-hoje/,Descubra quais ações pagam dividendos hoje,/qual-acao-paga-mais-dividendos-mensais-em-2024/,Qual ação paga mais dividendos mensais em 2024?,1,0.391,Descubra quais ações pagam dividendos hoje
orfao,/descubra-quais-acoes-pagam-dividendos-hoje/,Descubra quais ações pagam dividendos hoje,/as-10-acoes-que-mais-pagam-dividendos-no-brasil-em-2024/,As 10 ações que mais pagam dividendos no Brasil em 2024,2,0.377,Descubra quais ações pagam dividendos hoje
orfao,/descubra-quais-acoes-pagam-dividendos-hoje/,Descubra quais ações pagam dividendos hoje,/o-que-significa-de-dividendos-entenda-agora/,O que significa de dividendos? Entenda agora,3,0.377,Descubra quais ações pagam dividendos hoje
orfao,/o-que-e-renda-fixa-e-como-funciona-guia-completo/,O que é renda fixa e como funciona? | Guia Completo,/qual-a-melhor-renda-fixa-hoje-saiba-as-opcoes/,Qual a melhor renda fixa hoje? Saiba as opções,1,0.452,O que é renda fixa e como funciona
orfao,/o-que-e-renda-fixa-e-como-funciona-guia-completo/,O que é renda fixa e como funciona? | Guia Completo,/quanto-a-renda-fixa-paga-entenda-os-rendimentos/,Quanto a renda fixa paga? Entenda os rendimentos,2,0.451,O que é renda fixa e como funciona
orfao,/o-que-e-renda-fixa-e-como-funciona-guia-completo/,O que é renda fixa e como funciona? | Guia Completo,/qual-o-melhor-banco-para-investir-em-renda-fixa/,Qual o melhor banco para investir em renda fixa?,3,0.302,O que é renda fixa e como funciona
orfao,/como-funciona-o-sistema-de-dividendos-entenda-aqui/,Como funciona o sistema de dividendos? Entenda aqui,/o-que-significa-de-dividendos-entenda-agora/,O que significa de dividendos? Entenda agora,1,0.394,Como funciona o sistema de dividendos
orfao,/como-funciona-o-sistema-de-dividendos-entenda-aqui/,Como funciona o sistema de dividendos? Entenda aqui,/descubra-quais-acoes-pagam-dividendos-hoje/,Descubra quais ações pagam dividendos hoje,2,0.375,Como funciona o sistema de dividendos
orfao,/como-funciona-o-sistema-de-dividendos-entenda-aqui/,Como funciona o sistema de dividendos? Entenda aqui,/as-10-acoes-que-mais-pagam-dividendos-no-brasil-em-2024/,As 10 ações que mais pagam dividendos no Brasil em 2024,3,0.302,Como funciona o sistema de dividendos
orfao,/qual-a-melhor-acao-da-bolsa-hoje-analise-completa/,Qual a melhor ação da bolsa hoje? | Análise completa,/qual-acao-paga-mais-dividendos-mensais-em-2024/,Qual ação paga mais dividendos mensais em 2024?,1,0.27,Qual a melhor ação da bolsa hoje
orfao,/qual-a-melhor-acao-da-bolsa-hoje-analise-completa/,Qual a melhor ação da bolsa hoje? | Análise completa,/qual-o-valor-da-bolsa-de-valores-hoje-confira/,Qual o valor da Bolsa de Valores hoje? - Confira,2,0.261,Qual a melhor ação da bolsa hoje
orfao,/qual-a-melhor-acao-da-bolsa-hoje-analise-completa/,Qual a melhor ação da bolsa hoje? | Análise completa,/descubra-quais-acoes-pagam-dividendos-hoje/,Descubra quais ações pagam dividendos hoje,3,0.258,Qual a melhor ação da bolsa hoje
orfao,/as-10-acoes-que-mais-pagam-dividendos-no-brasil-em-2024/,As 10 ações que mais pagam dividendos no Brasil em 2024,/descubra-quais-acoes-pagam-dividendos-hoje/,Descubra quais ações pagam dividendos hoje,1,0.377,As 10 ações que mais pagam dividendos no Brasil em 2024
orfao,/as-10-acoes-que-mais-pagam-dividendos-no-brasil-em-2024/,As 10 ações que mais pagam dividendos no Brasil em 2024,/qual-acao-paga-mais-dividendos-mensais-em-2024/,Qual ação paga mais dividendos mensais em 2024?,2,0.333,As 10 ações que mais pagam dividendos no Brasil em 2024
orfao,/as-10-acoes-que-mais-pagam-dividendos-no-brasil-em-2024/,As 10 ações que mais pagam dividendos no Brasil em 2024,/o-que-significa-de-dividendos-entenda-agora/,O que significa de dividendos? Entenda agora,3,0.306,As 10 ações que mais pagam dividendos no Brasil em 2024
orfao,/o-que-significa-fii-guia-completo-sobre-fundos/,O que significa FII? Guia completo sobre fundos,/como-funciona-um-fundo-imobiliario/,Como funciona um fundo imobiliário? Entenda agora,1,0.476,O que significa FII
orfao,/o-que-significa-fii-guia-completo-sobre-fundos/,O que significa FII? Guia completo sobre fundos,/o-que-significa-a-sigla-fii/,O que significa a sigla FII? | Entenda os fundos imobiliários,2,0.418,O que significa FII
orfao,/o-que-significa-fii-guia-completo-sobre-fundos/,O que significa FII? Guia completo sobre fundos,/quanto-rende-1-000-reais-em-um-fundo-imobiliario/,Quanto rende 1.000 reais em um fundo imobiliário?,3,0.393,O que significa FII
orfao,/qual-a-melhor-fii-para-investir-hoje-analise-2024/,Qual o melhor FII para investir hoje? Critérios para escolher sem chute,/como-funciona-um-fundo-imobiliario/,Como funciona um fundo imobiliário? Entenda agora,1,0.385,Qual o melhor FII para investir hoje
orfao,/qual-a-melhor-fii-para-investir-hoje-analise-2024/,Qual o melhor FII para investir hoje? Critérios para escolher sem chute,/qual-e-o-melhor-fundo-imobiliario-para-investir-hoje/,Qual é o melhor fundo imobiliário para investir hoje?,2,0.38,Qual o melhor FII para investir hoje
orfao,/qual-a-melhor-fii-para-investir-hoje-analise-2024/,Qual o melhor FII para investir hoje? Critérios para escolher sem chute,/quanto-rende-1-000-reais-em-um-fundo-imobiliario/,Quanto rende 1.000 reais em um fundo imobiliário?,3,0.36,Qual o melhor FII para investir hoje
orfao,/o-efeito-trump-no-bitcoin-como-investir-na-criptomoedas-ainda-em-2024/,"O ""Efeito TRUMP"" no BITCOIN: Como Investir na Criptomoedas ainda em 2024?",/qual-a-melhor-acao-da-bolsa-hoje-analise-completa/,Qual a melhor ação da bolsa hoje? | Análise completa,1,0.204,"O ""Efeito TRUMP"" no BITCOIN"
orfao,/o-efeito-trump-no-bitcoin-como-investir-na-criptomoedas-ainda-em-2024/,"O ""Efeito TRUMP"" no BITCOIN: Como Investir na Criptomoedas ainda em 2024?",/qual-o-melhor-banco-para-investir-em-renda-fixa/,Qual o melhor banco para investir em renda fixa?,2,0.169,"O ""Efeito TRUMP"" no BITCOIN"
orfao,/o-efeito-trump-no-bitcoin-como-investir-na-criptomoedas-ainda-em-2024/,"O ""Efeito TRUMP"" no BITCOIN: Como Investir na Criptomoedas ainda em 2024?",/qual-e-o-melhor-fundo-imobiliario-para-investir-hoje/,Qual é o melhor fundo imobiliário para investir hoje?,3,0.165,"O ""Efeito TRUMP"" no BITCOIN"
orfao,/por-que-parecer-pobre-vai-te-deixar-rico-guia-completo-de-riqueza-pessoal/,Parecer Pobre para Ficar Rico: O Guia do Stealth Wealth,/o-que-e-reserva-emergencia/,"O que é Reserva de Emergência? Definição, como funciona e exemplos práticos",1,0.141,Parecer Pobre para Ficar Rico
orfao,/por-que-parecer-pobre-vai-te-deixar-rico-guia-completo-de-riqueza-pessoal/,Parecer Pobre para Ficar Rico: O Guia do Stealth Wealth,/12-habitos-que-enriquecem-silenciosamente/,12 Hábitos que Enriquecem Silenciosamente,2,0.138,Parecer Pobre para Ficar Rico
orfao,/por-que-parecer-pobre-vai-te-deixar-rico-guia-completo-de-riqueza-pessoal/,Parecer Pobre para Ficar Rico: O Guia do Stealth Wealth,/brasil-9215-novos-milionarios-2025-riqueza-media-caiu-gini/,Brasil Somou 9.215 Novos Milionários em 2025 — e a Riqueza Média Caiu 3%,3,0.138,Parecer Pobre para Ficar Rico
orfao,/ntn-b-2045-a-ultima-chance-de-lucrar-com-juros-reais-altos/,NTN-B 2045: A Última Chance de Lucrar com Juros Reais Altos,/tesouro-ipca-a-7-por-que-esta-pode-ser-a-ultima-grande-oportunidade-na-renda-fixa/,Tesouro IPCA+ a 7%: Por Que Esta Pode Ser a Última Grande Oportunidade na Renda Fixa,1,0.231,NTN-B 2045
orfao,/ntn-b-2045-a-ultima-chance-de-lucrar-com-juros-reais-altos/,NTN-B 2045: A Última Chance de Lucrar com Juros Reais Altos,/o-que-e-tesouro-ipca/,"O que é Tesouro IPCA+? Definição, como funciona e exemplos práticos",2,0.168,NTN-B 2045
orfao,/ntn-b-2045-a-ultima-chance-de-lucrar-com-juros-reais-altos/,NTN-B 2045: A Última Chance de Lucrar com Juros Reais Altos,/tesouro-ipca-ou-tesouro-selic-qual-escolher/,Tesouro IPCA+ ou Tesouro Selic: Qual Escolher em 2026?,3,0.166,NTN-B 2045
orfao,/bmeb3-a-small-cap-do-barsi-pode-subir-70-em-2026/,BMEB3: A Small Cap do Barsi Pode Subir 70% em 2026?,/bancoes-dividendos-2026-itau-bradesco-santander-banco-do-brasil/,"Itaú, Bradesco, Santander ou Banco do Brasil: qual bancão paga mais dividendos em 2026?",1,0.133,BMEB3
orfao,/bmeb3-a-small-cap-do-barsi-pode-subir-70-em-2026/,BMEB3: A Small Cap do Barsi Pode Subir 70% em 2026?,/bbas3-roe-abaixo-selic-banco-do-brasil-dividendos-2026/,Vale a Pena Manter BBAS3 em 2026? O Banco do Brasil que Rende Menos que o Tesouro Selic,2,0.127,BMEB3
orfao,/bmeb3-a-small-cap-do-barsi-pode-subir-70-em-2026/,BMEB3: A Small Cap do Barsi Pode Subir 70% em 2026?,/itausa-itsa4-desconto-de-holding-vale-a-pena-investir/,Vale a Pena Investir em Itaúsa (ITSA4)? O Desconto de Holding que o Mercado Não Consegue Ignorar,3,0.122,BMEB3
orfao,/etfs-defesa-guerra-investimento-2026/,ETFs de Defesa 2026,/etfs-de-guerra-e-defesa/,"ETF de guerra: ITA, XAR, SHLD e como comprar na B3 (2026)",1,0.284,ETFs de Defesa 2026
orfao,/etfs-defesa-guerra-investimento-2026/,ETFs de Defesa 2026,/3a-guerra-mundial-o-impacto-economico-que-ninguem-esta-falando/,3ª Guerra Mundial: O Impacto Econômico que Ninguém Está Falando,2,0.159,ETFs de Defesa 2026
orfao,/etfs-defesa-guerra-investimento-2026/,ETFs de Defesa 2026,/etf-do-momento-melhores-opcoes-para-investir-em-2024/,Qual ETF comprar agora? Como escolher o ETF certo para a sua carteira,3,0.107,ETFs de Defesa 2026
orfao,/greve-dos-caminhoneiros-investimentos-carteira/,Greve dos Caminhoneiros: Impacto nos Seus Investimentos,/3a-guerra-mundial-o-impacto-economico-que-ninguem-esta-falando/,3ª Guerra Mundial: O Impacto Econômico que Ninguém Está Falando,1,0.121,Greve dos Caminhoneiros
orfao,/greve-dos-caminhoneiros-investimentos-carteira/,Greve dos Caminhoneiros: Impacto nos Seus Investimentos,/ivvb11-ou-bova11-qual-e-melhor/,IVVB11 ou BOVA11: Qual é Melhor para o Investidor Brasileiro?,2,0.111,Greve dos Caminhoneiros
orfao,/greve-dos-caminhoneiros-investimentos-carteira/,Greve dos Caminhoneiros: Impacto nos Seus Investimentos,/o-que-e-taxa-de-cambio/,"O que é Taxa de Câmbio? Dólar, PTAX e como afeta seus investimentos",3,0.111,Greve dos Caminhoneiros
orfao,/ipo-compass-pass3-vale-a-pena-investir-3/,Vale a pena investir no IPO da Compass (PASS3)? O que o preço no piso está dizendo,/ipo-compass-pass3-vale-a-pena-investir/,IPO da Compass (PASS3): Vale a Pena Investir ou É Cilada?,1,0.27,Vale a pena investir no IPO da Compass (PASS3)
orfao,/ipo-compass-pass3-vale-a-pena-investir-3/,Vale a pena investir no IPO da Compass (PASS3)? O que o preço no piso está dizendo,/pass3-compass-ipo-conflito-de-interesse-bancos-coordenadores/,PASS3: os 6 bancos que mandaram comprar são os mesmos 6 que venderam o IPO,2,0.216,Vale a pena investir no IPO da Compass (PASS3)
orfao,/ipo-compass-pass3-vale-a-pena-investir-3/,Vale a pena investir no IPO da Compass (PASS3)? O que o preço no piso está dizendo,/compass-pass3-bancos-ipo-recomendam-compra-conflito-interesse/,Compass (PASS3): Os Bancos que Venderam o IPO Agora Recomendam Comprar,3,0.176,Vale a pena investir no IPO da Compass (PASS3)
orfao,/como-declarar-imposto-de-renda-2026-guia-completo-para-investidores-acoes-fiis-e-dividendos/,"Como Declarar Imposto de Renda 2026: Guia Completo para Investidores (Ações, FIIs e Dividendos)",/como-declarar-bdrs-imposto-de-renda-2026/,Como Declarar BDRs no Imposto de Renda 2026: Guia Completo,1,0.284,Como Declarar Imposto de Renda 2026
orfao,/como-declarar-imposto-de-renda-2026-guia-completo-para-investidores-acoes-fiis-e-dividendos/,"Como Declarar Imposto de Renda 2026: Guia Completo para Investidores (Ações, FIIs e Dividendos)",/ir-sobre-investimentos/,IR sobre Investimentos: tabela completa por tipo de ativo,2,0.236,Como Declarar Imposto de Renda 2026
orfao,/como-declarar-imposto-de-renda-2026-guia-completo-para-investidores-acoes-fiis-e-dividendos/,"Como Declarar Imposto de Renda 2026: Guia Completo para Investidores (Ações, FIIs e Dividendos)",/o-que-e-tesouro-direto/,"O que é Tesouro Direto? Definição, como funciona e exemplos práticos",3,0.15,Como Declarar Imposto de Renda 2026
orfao,/melhores-acoes-para-dividendos-2026/,Melhores Ações para Dividendos em 2026: 7 Opções para Renda Passiva na B3,/as-10-acoes-que-mais-pagam-dividendos-no-brasil-em-2024/,As 10 ações que mais pagam dividendos no Brasil em 2024,1,0.203,Melhores Ações para Dividendos em 2026
orfao,/melhores-acoes-para-dividendos-2026/,Melhores Ações para Dividendos em 2026: 7 Opções para Renda Passiva na B3,/dividendos-o-que-sao-dividend-yield/,Dividendos: o que são e como calcular o dividend yield,2,0.168,Melhores Ações para Dividendos em 2026
orfao,/melhores-acoes-para-dividendos-2026/,Melhores Ações para Dividendos em 2026: 7 Opções para Renda Passiva na B3,/itausa-dividendos-guia-completo-para-investidores/,Itausa dividendos: guia completo para investidores,3,0.163,Melhores Ações para Dividendos em 2026
orfao,/acabou-sonho-fundos-imobiliarios-vghf11-gare11-queda-2026/,"ACABOU O SONHO? Por que os Fundos Imobiliários Não Param de Cair em 2026 (VGHF11, GARE11 e o paradoxo da Selic)",/fundos-imobiliarios-o-que-sao-fiis/,Fundos Imobiliários (FIIs): Guia Completo para Iniciantes,1,0.163,ACABOU O SONHO
orfao,/acabou-sonho-fundos-imobiliarios-vghf11-gare11-queda-2026/,"ACABOU O SONHO? Por que os Fundos Imobiliários Não Param de Cair em 2026 (VGHF11, GARE11 e o paradoxo da Selic)",/fiis-pior-primeiro-semestre-2022-ifix-cacr11-tgar11/,Vale a Pena Investir em FIIs em 2026 Depois do Pior 1 Semestre Desde 2022?,2,0.15,ACABOU O SONHO
orfao,/acabou-sonho-fundos-imobiliarios-vghf11-gare11-queda-2026/,"ACABOU O SONHO? Por que os Fundos Imobiliários Não Param de Cair em 2026 (VGHF11, GARE11 e o paradoxo da Selic)",/fii-de-papel-vale-a-pena-selic-14-25-bate-cdi-isento/,"FII de papel ainda vale a pena com a Selic a 14,25%? 16 fundos que batem o CDI isentos",3,0.146,ACABOU O SONHO
orfao,/neymar-convocado-valor-financeiro-ativo-atencao/,Quanto Vale Neymar em R$? A Convocação que o Mercado Já Havia Precificado,/abev3-copa-2026-vale-investir-pausa-hidratacao/,ABEV3 na Copa 2026: a cerveja grátis do Ancelotti já foi pro preço?,1,0.166,Quanto Vale Neymar em R$
orfao,/neymar-convocado-valor-financeiro-ativo-atencao/,Quanto Vale Neymar em R$? A Convocação que o Mercado Já Havia Precificado,/nike-adidas-copa-2026-bolsa-nike34-vale-a-pena/,Nike goleou a Adidas na Copa. Vale a pena comprar NIKE34 achando barganha?,2,0.165,Quanto Vale Neymar em R$
orfao,/neymar-convocado-valor-financeiro-ativo-atencao/,Quanto Vale Neymar em R$? A Convocação que o Mercado Já Havia Precificado,/cr7-socio-caze-salario-tem-teto-equity-nao/,"Por que CR7, já bilionário, virou sócio do Cazé? (salário tem teto, equity não)",3,0.134,Quanto Vale Neymar em R$
orfao,/bbas3-roe-abaixo-selic-banco-do-brasil-dividendos-2026/,Vale a Pena Manter BBAS3 em 2026? O Banco do Brasil que Rende Menos que o Tesouro Selic,/banco-do-brasil-bbas3-corte-dividendo-payout-2026/,Banco do Brasil (BBAS3) ainda vale a pena para dividendos em 2026?,1,0.235,Vale a Pena Manter BBAS3 em 2026
orfao,/bbas3-roe-abaixo-selic-banco-do-brasil-dividendos-2026/,Vale a Pena Manter BBAS3 em 2026? O Banco do Brasil que Rende Menos que o Tesouro Selic,/bancoes-dividendos-2026-itau-bradesco-santander-banco-do-brasil/,"Itaú, Bradesco, Santander ou Banco do Brasil: qual bancão paga mais dividendos em 2026?",2,0.224,Vale a Pena Manter BBAS3 em 2026
orfao,/bbas3-roe-abaixo-selic-banco-do-brasil-dividendos-2026/,Vale a Pena Manter BBAS3 em 2026? O Banco do Brasil que Rende Menos que o Tesouro Selic,/banco-do-brasil-ou-itau-melhor-acao-dividendos-2026/,Banco do Brasil (BBAS3) ou Itaú (ITUB4): qual a melhor ação para dividendos em 2026?,3,0.219,Vale a Pena Manter BBAS3 em 2026
orfao,/bancoes-dividendos-2026-itau-bradesco-santander-banco-do-brasil/,"Itaú, Bradesco, Santander ou Banco do Brasil: qual bancão paga mais dividendos em 2026?",/bbas3-roe-abaixo-selic-banco-do-brasil-dividendos-2026/,Vale a Pena Manter BBAS3 em 2026? O Banco do Brasil que Rende Menos que o Tesouro Selic,1,0.224,"Itaú, Bradesco, Santander ou Banco do Brasil"
orfao,/bancoes-dividendos-2026-itau-bradesco-santander-banco-do-brasil/,"Itaú, Bradesco, Santander ou Banco do Brasil: qual bancão paga mais dividendos em 2026?",/banco-do-brasil-ou-itau-melhor-acao-dividendos-2026/,Banco do Brasil (BBAS3) ou Itaú (ITUB4): qual a melhor ação para dividendos em 2026?,2,0.222,"Itaú, Bradesco, Santander ou Banco do Brasil"
orfao,/bancoes-dividendos-2026-itau-bradesco-santander-banco-do-brasil/,"Itaú, Bradesco, Santander ou Banco do Brasil: qual bancão paga mais dividendos em 2026?",/goldman-sachs-13-acoes-baratas-banco-do-brasil-fora/,Vale a pena investir no Banco do Brasil? O Goldman Sachs disse que não,3,0.204,"Itaú, Bradesco, Santander ou Banco do Brasil"
orfao,/ipo-spacex-vale-a-pena-investir-spcx/,IPO da SpaceX Vale a Pena? Análise Completa do SPCX para o Investidor Brasileiro,/elon-musk-trilionario-rei-salomao-homem-mais-rico-historia/,Elon Musk Trilionário: O Homem Mais Rico da História — ou Não?,1,0.362,IPO da SpaceX Vale a Pena
orfao,/ipo-spacex-vale-a-pena-investir-spcx/,IPO da SpaceX Vale a Pena? Análise Completa do SPCX para o Investidor Brasileiro,/ipo-spacex-2026-guia-completo-investidor-brasileiro/,IPO da SpaceX 2026: Vale US$ 2 Trilhões? Guia Completo para o Investidor Brasileiro,2,0.285,IPO da SpaceX Vale a Pena
orfao,/ipo-spacex-vale-a-pena-investir-spcx/,IPO da SpaceX Vale a Pena? Análise Completa do SPCX para o Investidor Brasileiro,/apple-5-trilhoes-pib-brasil-nvidia-queda/,Apple vale 2x o PIB do Brasil: entenda os US$5 trilhões (e o que a Nvidia já ensinou),3,0.111,IPO da SpaceX Vale a Pena
orfao,/saud3-bradesco-vai-fechar-capital-bradsaude/,SAUD3: O Bradesco vai fechar o capital da BradSaúde?,/bradsaude-saud3-lucro-sobe-acao-cai-sinistralidade/,Bradsaúde (SAUD3) lucrou 25% a mais e a ação caiu 8%: vale a pena investir?,1,0.255,SAUD3
orfao,/saud3-bradesco-vai-fechar-capital-bradsaude/,SAUD3: O Bradesco vai fechar o capital da BradSaúde?,/o-que-e-free-float/,"O que é Free Float? Definição, como funciona e exemplos práticos",2,0.173,SAUD3
orfao,/saud3-bradesco-vai-fechar-capital-bradsaude/,SAUD3: O Bradesco vai fechar o capital da BradSaúde?,/opa-santander-sanb11-premio-15-por-cento-troca-acoes/,OPA do Santander: o prêmio de 15% que na prática vale perto de 5%,3,0.153,SAUD3
orfao,/bbse3-cxse3-pssa3-melhor-seguradora-dividendos/,BBSE3 vs CXSE3 vs PSSA3: qual é a melhor seguradora para dividendos?,/cxse3-bbse3-rebaixamento-jpmorgan-vale-a-pena/,Vale a pena investir em CXSE3 e BBSE3 depois do rebaixamento do JPMorgan?,1,0.292,BBSE3 vs CXSE3 vs PSSA3
orfao,/bbse3-cxse3-pssa3-melhor-seguradora-dividendos/,BBSE3 vs CXSE3 vs PSSA3: qual é a melhor seguradora para dividendos?,/bancoes-dividendos-2026-itau-bradesco-santander-banco-do-brasil/,"Itaú, Bradesco, Santander ou Banco do Brasil: qual bancão paga mais dividendos em 2026?",2,0.171,BBSE3 vs CXSE3 vs PSSA3
orfao,/bbse3-cxse3-pssa3-melhor-seguradora-dividendos/,BBSE3 vs CXSE3 vs PSSA3: qual é a melhor seguradora para dividendos?,/saud3-bradesco-vai-fechar-capital-bradsaude/,SAUD3: O Bradesco vai fechar o capital da BradSaúde?,3,0.147,BBSE3 vs CXSE3 vs PSSA3
orfao,/super-el-nino-2026-acoes-vao-derreter-encher/,Super El Niño 2026: quais ações vão derreter (e quais vão encher)?,/super-el-nino-2026-agro-bandeira-vermelha/,Super El Niño 2026 vale mais medo no agro ou na conta de luz?,1,0.257,Super El Niño 2026
orfao,/super-el-nino-2026-acoes-vao-derreter-encher/,Super El Niño 2026: quais ações vão derreter (e quais vão encher)?,/setor-eletrico-defensivo-jpmorgan-corta-cemig-engie/,Setor Elétrico é Defensivo? JPMorgan Corta 2 Ações e Explica Por Quê,2,0.103,Super El Niño 2026
orfao,/super-el-nino-2026-acoes-vao-derreter-encher/,Super El Niño 2026: quais ações vão derreter (e quais vão encher)?,/7-acoes-com-vantagem-competitiva-para-investir-na-b3-em-2025-moat/,7 Ações com Vantagem Competitiva para Investir na B3 em 2026 (MOAT),3,0.099,Super El Niño 2026
orfao,/tesouro-ipca-mais-832-oportunidade-da-decada-ou-cilada/,"Tesouro IPCA+ 8,32%: Vale a Pena Investir ou É Cilada para Quem Não Sabe a Regra?",/tesouro-ipca-ou-tesouro-selic-qual-escolher/,Tesouro IPCA+ ou Tesouro Selic: Qual Escolher em 2026?,1,0.203,"Tesouro IPCA+ 8,32%"
orfao,/tesouro-ipca-mais-832-oportunidade-da-decada-ou-cilada/,"Tesouro IPCA+ 8,32%: Vale a Pena Investir ou É Cilada para Quem Não Sabe a Regra?",/tesouro-ipca-a-7-por-que-esta-pode-ser-a-ultima-grande-oportunidade-na-renda-fixa/,Tesouro IPCA+ a 7%: Por Que Esta Pode Ser a Última Grande Oportunidade na Renda Fixa,2,0.201,"Tesouro IPCA+ 8,32%"
orfao,/tesouro-ipca-mais-832-oportunidade-da-decada-ou-cilada/,"Tesouro IPCA+ 8,32%: Vale a Pena Investir ou É Cilada para Quem Não Sabe a Regra?",/o-que-e-tesouro-ipca/,"O que é Tesouro IPCA+? Definição, como funciona e exemplos práticos",3,0.191,"Tesouro IPCA+ 8,32%"
orfao,/banco-central-comprou-ouro-30-bilhoes/,Por que o Banco Central comprou R$ 30 bilhões em ouro (e ninguém te contou)?,/china-ouro-20-meses-gold11-vale-a-pena-investir/,China compra ouro há 20 meses seguidos: vale a pena investir em GOLD11?,1,0.24,Por que o Banco Central comprou R$ 30 bilhões em ouro (e ninguém te contou)
orfao,/banco-central-comprou-ouro-30-bilhoes/,Por que o Banco Central comprou R$ 30 bilhões em ouro (e ninguém te contou)?,/elementor-2874/,Investir em Ouro em 2025: Guia Completo e Estratégias,2,0.169,Por que o Banco Central comprou R$ 30 bilhões em ouro (e ninguém te contou)
orfao,/banco-central-comprou-ouro-30-bilhoes/,Por que o Banco Central comprou R$ 30 bilhões em ouro (e ninguém te contou)?,/etfs-internacionais-b3-protecao-cambial-2026/,"ETFs Internacionais na B3: por que R$ 8,89 bilhões saíram do Brasil em 4 meses (e o que isso diz sobre a sua carteira)",3,0.168,Por que o Banco Central comprou R$ 30 bilhões em ouro (e ninguém te contou)
orfao,/banco-do-brasil-ou-itau-melhor-acao-dividendos-2026/,Banco do Brasil (BBAS3) ou Itaú (ITUB4): qual a melhor ação para dividendos em 2026?,/bancoes-dividendos-2026-itau-bradesco-santander-banco-do-brasil/,"Itaú, Bradesco, Santander ou Banco do Brasil: qual bancão paga mais dividendos em 2026?",1,0.222,Banco do Brasil (BBAS3) ou Itaú (ITUB4)
orfao,/banco-do-brasil-ou-itau-melhor-acao-dividendos-2026/,Banco do Brasil (BBAS3) ou Itaú (ITUB4): qual a melhor ação para dividendos em 2026?,/bbas3-roe-abaixo-selic-banco-do-brasil-dividendos-2026/,Vale a Pena Manter BBAS3 em 2026? O Banco do Brasil que Rende Menos que o Tesouro Selic,2,0.219,Banco do Brasil (BBAS3) ou Itaú (ITUB4)
orfao,/banco-do-brasil-ou-itau-melhor-acao-dividendos-2026/,Banco do Brasil (BBAS3) ou Itaú (ITUB4): qual a melhor ação para dividendos em 2026?,/banco-do-brasil-bbas3-corte-dividendo-payout-2026/,Banco do Brasil (BBAS3) ainda vale a pena para dividendos em 2026?,3,0.177,Banco do Brasil (BBAS3) ou Itaú (ITUB4)
orfao,/r300mil-ape-alugar-ou-fii-qual-rende-mais/,R$ 300 mil: vale a pena comprar apartamento para alugar ou investir em FII?,/imovel-bom-investimento-o-que-ninguem-te-conta/,Imóvel é Realmente um Bom Investimento? O que o Banco Não te Conta Antes de Assinar o Contrato,1,0.226,R$ 300 mil
orfao,/r300mil-ape-alugar-ou-fii-qual-rende-mais/,R$ 300 mil: vale a pena comprar apartamento para alugar ou investir em FII?,/fii-ou-imovel-fisico-qual-e-melhor-investimento/,FII ou Imóvel Físico: a resposta que nenhum corretor vai te dar,2,0.204,R$ 300 mil
orfao,/r300mil-ape-alugar-ou-fii-qual-rende-mais/,R$ 300 mil: vale a pena comprar apartamento para alugar ou investir em FII?,/o-que-e-fii/,"O que é FII? Definição, como funciona e exemplos práticos",3,0.182,R$ 300 mil
orfao,/etfs-bitcoin-b3-hodl11-bith11-qual-escolher/,ETFs de Bitcoin na B3: você está pagando taxa demais sem saber (guia 2026),/o-melhor-etf-de-bitcoin-da-b3-hodl11-comparacao-completa-com-bith11-qbtc11-e-biti11/,"Melhor ETF de Bitcoin da B3: HODL11 vs BITH11, QBTC11 e BITI11",1,0.332,ETFs de Bitcoin na B3
orfao,/etfs-bitcoin-b3-hodl11-bith11-qual-escolher/,ETFs de Bitcoin na B3: você está pagando taxa demais sem saber (guia 2026),/o-que-e-bitcoin/,O que é Bitcoin? Como funciona e como investir no Brasil,2,0.153,ETFs de Bitcoin na B3
orfao,/etfs-bitcoin-b3-hodl11-bith11-qual-escolher/,ETFs de Bitcoin na B3: você está pagando taxa demais sem saber (guia 2026),/banco-central-comprou-ouro-30-bilhoes/,Por que o Banco Central comprou R$ 30 bilhões em ouro (e ninguém te contou)?,3,0.129,ETFs de Bitcoin na B3
orfao,/tesouro-ipca-8-recompra-divida-nao-vale-a-pena/,Tesouro IPCA+ 8%: vale a pena comprar antes do governo recomprar a própria dívida?,/tesouro-ipca-mais-832-oportunidade-da-decada-ou-cilada/,"Tesouro IPCA+ 8,32%: Vale a Pena Investir ou É Cilada para Quem Não Sabe a Regra?",1,0.165,Tesouro IPCA+ 8%
orfao,/tesouro-ipca-8-recompra-divida-nao-vale-a-pena/,Tesouro IPCA+ 8%: vale a pena comprar antes do governo recomprar a própria dívida?,/divida-moeda-local-japao-quebrando-brasil/,Dívida em Moeda Local Nunca Quebra? O Japão Está Provando o Contrário,2,0.151,Tesouro IPCA+ 8%
orfao,/tesouro-ipca-8-recompra-divida-nao-vale-a-pena/,Tesouro IPCA+ 8%: vale a pena comprar antes do governo recomprar a própria dívida?,/ntn-b-2045-a-ultima-chance-de-lucrar-com-juros-reais-altos/,NTN-B 2045: A Última Chance de Lucrar com Juros Reais Altos,3,0.146,Tesouro IPCA+ 8%
orfao,/samsung-lucro-recorde-acao-caiu-burry-aposta-nvidia/,Samsung lucrou 19 vezes mais em um ano: vale a pena confiar num balanço recorde?,/michael-burry-ja-ganhou-nvidia-palantir/,Vale a pena seguir as apostas de Michael Burry contra Nvidia e Palantir?,1,0.3,Samsung lucrou 19 vezes mais em um ano
orfao,/samsung-lucro-recorde-acao-caiu-burry-aposta-nvidia/,Samsung lucrou 19 vezes mais em um ano: vale a pena confiar num balanço recorde?,/apple-5-trilhoes-pib-brasil-nvidia-queda/,Apple vale 2x o PIB do Brasil: entenda os US$5 trilhões (e o que a Nvidia já ensinou),2,0.229,Samsung lucrou 19 vezes mais em um ano
orfao,/samsung-lucro-recorde-acao-caiu-burry-aposta-nvidia/,Samsung lucrou 19 vezes mais em um ano: vale a pena confiar num balanço recorde?,/nvidia-banco-proprios-clientes-cds-dobrou/,Nvidia virou o banco dos próprios clientes? O que o CDS disparado revela,3,0.218,Samsung lucrou 19 vezes mais em um ano
orfao,/vale-a-pena-investir-acoes-baratas-bolsa-agora/,Vale a pena investir em ações baratas da Bolsa agora? 4 nomes passaram no filtro,/goldman-sachs-13-acoes-baratas-banco-do-brasil-fora/,Vale a pena investir no Banco do Brasil? O Goldman Sachs disse que não,1,0.123,Vale a pena investir em ações baratas da Bolsa agora
orfao,/vale-a-pena-investir-acoes-baratas-bolsa-agora/,Vale a pena investir em ações baratas da Bolsa agora? 4 nomes passaram no filtro,/weg-wege3-lucro-cai-acao-sobe-vale-a-pena-investir/,WEG (WEGE3): vale a pena investir depois do lucro cair e a ação subir 7%?,2,0.122,Vale a pena investir em ações baratas da Bolsa agora
orfao,/vale-a-pena-investir-acoes-baratas-bolsa-agora/,Vale a pena investir em ações baratas da Bolsa agora? 4 nomes passaram no filtro,/calendario-dividendos-julho-2026-logg3-vale-a-pena/,Vale a Pena Comprar Ação Só Pelo Dividendo Grande? O Caso LOGG3 em Julho de 2026,3,0.113,Vale a pena investir em ações baratas da Bolsa agora
orfao,/prudential-vende-brasil-apolice-vgbl-o-que-muda/,Prudential vende o Brasil: o que muda para quem tem apólice ou VGBL?,/opa-santander-sanb11-premio-15-por-cento-troca-acoes/,OPA do Santander: o prêmio de 15% que na prática vale perto de 5%,1,0.089,Prudential vende o Brasil
orfao,/prudential-vende-brasil-apolice-vgbl-o-que-muda/,Prudential vende o Brasil: o que muda para quem tem apólice ou VGBL?,/nubank-quer-comprar-monzo-acao-roxo34-caiu/,Nubank quer comprar o Monzo: por que a ação caiu 10% e o que muda pra quem tem ROXO34,2,0.087,Prudential vende o Brasil
orfao,/prudential-vende-brasil-apolice-vgbl-o-que-muda/,Prudential vende o Brasil: o que muda para quem tem apólice ou VGBL?,/westwing-west3-reducao-capital-5-40-por-acao-dividendo-ou-armadilha/,"Westwing vai pagar R$ 5,40 por ação: isso é dividendo ou armadilha?",3,0.083,Prudential vende o Brasil
orfao,/nvidia-banco-proprios-clientes-cds-dobrou/,Nvidia virou o banco dos próprios clientes? O que o CDS disparado revela,/samsung-lucro-recorde-acao-caiu-burry-aposta-nvidia/,Samsung lucrou 19 vezes mais em um ano: vale a pena confiar num balanço recorde?,1,0.218,Nvidia virou o banco dos próprios clientes
orfao,/nvidia-banco-proprios-clientes-cds-dobrou/,Nvidia virou o banco dos próprios clientes? O que o CDS disparado revela,/michael-burry-ja-ganhou-nvidia-palantir/,Vale a pena seguir as apostas de Michael Burry contra Nvidia e Palantir?,2,0.167,Nvidia virou o banco dos próprios clientes
orfao,/nvidia-banco-proprios-clientes-cds-dobrou/,Nvidia virou o banco dos próprios clientes? O que o CDS disparado revela,/apple-5-trilhoes-pib-brasil-nvidia-queda/,Apple vale 2x o PIB do Brasil: entenda os US$5 trilhões (e o que a Nvidia já ensinou),3,0.16,Nvidia virou o banco dos próprios clientes
orfao,/rani3-dividendos-11-por-cento-lucro-caiu-70-btg/,RANI3 pode pagar 11% ao ano — mas o lucro caiu 70%. As duas coisas são verdade,/klabin-klbn11-recompra-acoes-prejuizo-ativo-biologico/,Klabin: R$ 497 milhões de prejuízo e meio bilhão em recompra. Confiança ou desespero?,1,0.25,RANI3 pode pagar 11% ao ano — mas o lucro caiu 70%. As duas coisas são verdade
orfao,/rani3-dividendos-11-por-cento-lucro-caiu-70-btg/,RANI3 pode pagar 11% ao ano — mas o lucro caiu 70%. As duas coisas são verdade,/copel-cple3-dividendo-cortado-vale-a-pena-investir/,Vale a pena investir em Copel (CPLE3) mesmo com o dividendo cortado?,2,0.117,RANI3 pode pagar 11% ao ano — mas o lucro caiu 70%. As duas coisas são verdade
orfao,/rani3-dividendos-11-por-cento-lucro-caiu-70-btg/,RANI3 pode pagar 11% ao ano — mas o lucro caiu 70%. As duas coisas são verdade,/weg-wege3-lucro-cai-acao-sobe-vale-a-pena-investir/,WEG (WEGE3): vale a pena investir depois do lucro cair e a ação subir 7%?,3,0.116,RANI3 pode pagar 11% ao ano — mas o lucro caiu 70%. As duas coisas são verdade
orfao,/opa-santander-sanb11-premio-15-por-cento-troca-acoes/,OPA do Santander: o prêmio de 15% que na prática vale perto de 5%,/opa-santander-brasil-sanb11-minoritario-refem/,OPA do Santander (SANB11): vale a pena aceitar a troca de ações?,1,0.424,OPA do Santander
orfao,/opa-santander-sanb11-premio-15-por-cento-troca-acoes/,OPA do Santander: o prêmio de 15% que na prática vale perto de 5%,/saud3-bradesco-vai-fechar-capital-bradsaude/,SAUD3: O Bradesco vai fechar o capital da BradSaúde?,2,0.153,OPA do Santander
orfao,/opa-santander-sanb11-premio-15-por-cento-troca-acoes/,OPA do Santander: o prêmio de 15% que na prática vale perto de 5%,/o-que-e-free-float/,"O que é Free Float? Definição, como funciona e exemplos práticos",3,0.149,OPA do Santander
orfao,/inss-deficit-317-bilhoes-reforma-2019-aposentadoria-geracao/,"0,8 trabalhador por aposentado: a conta do INSS que o próprio governo publicou",/aposentadoria-inss-2060-08-trabalhador-por-aposentado/,"Aposentadoria pelo INSS vai acabar? Brasil terá 0,8 trabalhador por aposentado em 2060",1,0.441,"0,8 trabalhador por aposentado"
orfao,/inss-deficit-317-bilhoes-reforma-2019-aposentadoria-geracao/,"0,8 trabalhador por aposentado: a conta do INSS que o próprio governo publicou",/inss-aposentadoria-abismo-708x/,Teto do INSS em 2026: o abismo de 708x que vai definir sua aposentadoria,2,0.185,"0,8 trabalhador por aposentado"
orfao,/inss-deficit-317-bilhoes-reforma-2019-aposentadoria-geracao/,"0,8 trabalhador por aposentado: a conta do INSS que o próprio governo publicou",/como-montar-reserva-emergencia/,Você está guardando dinheiro errado: o erro que 9 em cada 10 brasileiros cometem na reserva de emergência,3,0.124,"0,8 trabalhador por aposentado"
orfao,/klabin-klbn11-recompra-acoes-prejuizo-ativo-biologico/,Klabin: R$ 497 milhões de prejuízo e meio bilhão em recompra. Confiança ou desespero?,/rani3-dividendos-11-por-cento-lucro-caiu-70-btg/,RANI3 pode pagar 11% ao ano — mas o lucro caiu 70%. As duas coisas são verdade,1,0.25,Klabin
orfao,/klabin-klbn11-recompra-acoes-prejuizo-ativo-biologico/,Klabin: R$ 497 milhões de prejuízo e meio bilhão em recompra. Confiança ou desespero?,/recompra-acoes-11-bilhoes-autorizado-vs-executado/,Recompra de R$11 bilhões: vale a pena confiar no anúncio da empresa?,2,0.192,Klabin
orfao,/klabin-klbn11-recompra-acoes-prejuizo-ativo-biologico/,Klabin: R$ 497 milhões de prejuízo e meio bilhão em recompra. Confiança ou desespero?,/tesouro-ipca-8-recompra-divida-nao-vale-a-pena/,Tesouro IPCA+ 8%: vale a pena comprar antes do governo recomprar a própria dívida?,3,0.115,Klabin
orfao,/barsi-vendeu-banco-do-brasil-bbas3-verdade-preco-justo/,Barsi vendeu Banco do Brasil? Não. E a ação que ele vendeu de verdade foi outra,/barsi-banco-do-brasil-mudou-de-ideia-15-dias/,Barsi mudou de ideia sobre o Banco do Brasil em 15 dias — o que os números dizem,1,0.334,Barsi vendeu Banco do Brasil
orfao,/barsi-vendeu-banco-do-brasil-bbas3-verdade-preco-justo/,Barsi vendeu Banco do Brasil? Não. E a ação que ele vendeu de verdade foi outra,/banco-do-brasil-ou-itau-melhor-acao-dividendos-2026/,Banco do Brasil (BBAS3) ou Itaú (ITUB4): qual a melhor ação para dividendos em 2026?,2,0.152,Barsi vendeu Banco do Brasil
orfao,/barsi-vendeu-banco-do-brasil-bbas3-verdade-preco-justo/,Barsi vendeu Banco do Brasil? Não. E a ação que ele vendeu de verdade foi outra,/metodo-barsi-dividendos-best-bancos-energia-saneamento-telecom/,"Método Barsi explicado: o filtro BEST, os números reais e o que a Louise mudou",3,0.131,Barsi vendeu Banco do Brasil
orfao,/pique-insider-trading-cnmv-como-funciona/,O Que É Insider Trading? O Caso Piqué Que Explica Melhor que Qualquer Aula,/opa-santander-brasil-sanb11-minoritario-refem/,OPA do Santander (SANB11): vale a pena aceitar a troca de ações?,1,0.083,O Que É Insider Trading
orfao,/pique-insider-trading-cnmv-como-funciona/,O Que É Insider Trading? O Caso Piqué Que Explica Melhor que Qualquer Aula,/truth-api-trump-bancos-pagam-para-ler-primeiro/,Truth API: vale a pena um banco pagar para ler o Trump antes de você?,2,0.082,O Que É Insider Trading
orfao,/gastos-uniao-quase-recorde-pandemia-2026/,Gastos da União quase batem o recorde da pandemia — e você não ganha nada desta vez,/divida-brasil-106-trilhoes-tesouro-selic-vale-a-pena/,"Dívida do Brasil bate R$10,6 trilhões: vale a pena ter Tesouro Selic?",1,0.112,Gastos da União quase batem o recorde da pandemia — e você não ganha nada desta vez
orfao,/gastos-uniao-quase-recorde-pandemia-2026/,Gastos da União quase batem o recorde da pandemia — e você não ganha nada desta vez,/bbas3-roe-abaixo-selic-banco-do-brasil-dividendos-2026/,Vale a Pena Manter BBAS3 em 2026? O Banco do Brasil que Rende Menos que o Tesouro Selic,2,0.096,Gastos da União quase batem o recorde da pandemia — e você não ganha nada desta vez
orfao,/gastos-uniao-quase-recorde-pandemia-2026/,Gastos da União quase batem o recorde da pandemia — e você não ganha nada desta vez,/por-que-brasileiros-renda-alta-endividados-debito-automatico/,"Por Que 67,5% dos Brasileiros com Renda Acima de R$10 Mil Estão Endividados?",3,0.093,Gastos da União quase batem o recorde da pandemia — e você não ganha nada desta vez
orfao,/fiis-pior-primeiro-semestre-2022-ifix-cacr11-tgar11/,Vale a Pena Investir em FIIs em 2026 Depois do Pior 1 Semestre Desde 2022?,/acabou-sonho-fundos-imobiliarios-vghf11-gare11-queda-2026/,"ACABOU O SONHO? Por que os Fundos Imobiliários Não Param de Cair em 2026 (VGHF11, GARE11 e o paradoxo da Selic)",1,0.15,Vale a Pena Investir em FIIs em 2026 Depois do Pior 1 Semestre Desde 2022
orfao,/fiis-pior-primeiro-semestre-2022-ifix-cacr11-tgar11/,Vale a Pena Investir em FIIs em 2026 Depois do Pior 1 Semestre Desde 2022?,/o-que-e-ifix/,"O que é IFIX? Definição, como funciona e exemplos práticos",2,0.146,Vale a Pena Investir em FIIs em 2026 Depois do Pior 1 Semestre Desde 2022
orfao,/fiis-pior-primeiro-semestre-2022-ifix-cacr11-tgar11/,Vale a Pena Investir em FIIs em 2026 Depois do Pior 1 Semestre Desde 2022?,/fii-de-papel-vale-a-pena-selic-14-25-bate-cdi-isento/,"FII de papel ainda vale a pena com a Selic a 14,25%? 16 fundos que batem o CDI isentos",3,0.133,Vale a Pena Investir em FIIs em 2026 Depois do Pior 1 Semestre Desde 2022
orfao,/kncr11-subscricao-vale-a-pena/,KNCR11 Subscrição Vale a Pena?,/o-melhor-fundo-imobiliario-para-iniciantes-como-investir-com-r10/,O Melhor Fundo Imobiliário para Iniciantes: Como Investir com R$10,1,0.139,KNCR11 Subscrição Vale a Pena
orfao,/kncr11-subscricao-vale-a-pena/,KNCR11 Subscrição Vale a Pena?,/fii-papel-vs-tijolo/,"O que é FII de Papel vs Tijolo? Definição, como funciona e exemplos práticos",2,0.13,KNCR11 Subscrição Vale a Pena
orfao,/kncr11-subscricao-vale-a-pena/,KNCR11 Subscrição Vale a Pena?,/fundos-imobiliarios-o-que-sao-fiis/,Fundos Imobiliários (FIIs): Guia Completo para Iniciantes,3,0.125,KNCR11 Subscrição Vale a Pena
orfao,/bolsa-de-valores-em-alta-por-que-o-ibovespa-pode-subir-mais-e-como-nao-ficar-de-fora/,Bolsa de Valores em Alta: Por Que o Ibovespa Pode Subir Mais e Como Não Ficar de Fora,/tesouro-ipca-a-7-por-que-esta-pode-ser-a-ultima-grande-oportunidade-na-renda-fixa/,Tesouro IPCA+ a 7%: Por Que Esta Pode Ser a Última Grande Oportunidade na Renda Fixa,1,0.183,Bolsa de Valores em Alta
orfao,/bolsa-de-valores-em-alta-por-que-o-ibovespa-pode-subir-mais-e-como-nao-ficar-de-fora/,Bolsa de Valores em Alta: Por Que o Ibovespa Pode Subir Mais e Como Não Ficar de Fora,/ubs-rebaixa-brasil-neutro-ibovespa-fluxo-estrangeiro/,UBS rebaixou o Brasil de atrativo para neutro. Você também deveria parar de comprar?,2,0.14,Bolsa de Valores em Alta
orfao,/bolsa-de-valores-em-alta-por-que-o-ibovespa-pode-subir-mais-e-como-nao-ficar-de-fora/,Bolsa de Valores em Alta: Por Que o Ibovespa Pode Subir Mais e Como Não Ficar de Fora,/por-que-a-faria-lima-esta-otimista-com-investimentos-no-brasil-em-2026-selic-e-ibovespa/,Por Que a Faria Lima Está Otimista com Investimentos no Brasil em 2026? | Selic e Ibovespa,3,0.139,Bolsa de Valores em Alta
orfao,/ugpa3-ultrapar-dividendos-2026-vale-a-pena/,Ultrapar (UGPA3): A Ação Esquecida Que Voltou ao Radar e Pode Pagar Bons Dividendos em 2026,/bolsa-de-valores-em-alta-por-que-o-ibovespa-pode-subir-mais-e-como-nao-ficar-de-fora/,Bolsa de Valores em Alta: Por Que o Ibovespa Pode Subir Mais e Como Não Ficar de Fora,1,0.127,Ultrapar (UGPA3)
orfao,/ugpa3-ultrapar-dividendos-2026-vale-a-pena/,Ultrapar (UGPA3): A Ação Esquecida Que Voltou ao Radar e Pode Pagar Bons Dividendos em 2026,/itausa-acoes-guia-completo-para-investir-na-bolsa/,Itausa ações: Guia completo para investir na bolsa,2,0.121,Ultrapar (UGPA3)
orfao,/ugpa3-ultrapar-dividendos-2026-vale-a-pena/,Ultrapar (UGPA3): A Ação Esquecida Que Voltou ao Radar e Pode Pagar Bons Dividendos em 2026,/bmeb3-a-small-cap-do-barsi-pode-subir-70-em-2026/,BMEB3: A Small Cap do Barsi Pode Subir 70% em 2026?,3,0.121,Ultrapar (UGPA3)
orfao,/tesouro-ipca-a-7-por-que-esta-pode-ser-a-ultima-grande-oportunidade-na-renda-fixa/,Tesouro IPCA+ a 7%: Por Que Esta Pode Ser a Última Grande Oportunidade na Renda Fixa,/ntn-b-2045-a-ultima-chance-de-lucrar-com-juros-reais-altos/,NTN-B 2045: A Última Chance de Lucrar com Juros Reais Altos,1,0.231,Tesouro IPCA+ a 7%
orfao,/tesouro-ipca-a-7-por-que-esta-pode-ser-a-ultima-grande-oportunidade-na-renda-fixa/,Tesouro IPCA+ a 7%: Por Que Esta Pode Ser a Última Grande Oportunidade na Renda Fixa,/o-que-e-tesouro-ipca/,"O que é Tesouro IPCA+? Definição, como funciona e exemplos práticos",2,0.203,Tesouro IPCA+ a 7%
orfao,/tesouro-ipca-a-7-por-que-esta-pode-ser-a-ultima-grande-oportunidade-na-renda-fixa/,Tesouro IPCA+ a 7%: Por Que Esta Pode Ser a Última Grande Oportunidade na Renda Fixa,/tesouro-ipca-ou-tesouro-selic-qual-escolher/,Tesouro IPCA+ ou Tesouro Selic: Qual Escolher em 2026?,3,0.203,Tesouro IPCA+ a 7%
orfao,/morte-do-bitcoin-o-alerta-de-michael-burry-sobre-a-espiral-da-morte-e-o-que-fazer-agora/,Morte do Bitcoin? O Alerta de Michael Burry Sobre a Espiral da Morte e o Que Fazer Agora,/bitcoin-30-por-cento-cdi-ganhou-2026/,Bitcoin -30% em 2026: o CDI bateu o Bitcoin por R$ 36.730. Vale a pena investir agora?,1,0.146,Morte do Bitcoin
orfao,/morte-do-bitcoin-o-alerta-de-michael-burry-sobre-a-espiral-da-morte-e-o-que-fazer-agora/,Morte do Bitcoin? O Alerta de Michael Burry Sobre a Espiral da Morte e o Que Fazer Agora,/bitcoin-queda-etfs-saques-liquidacoes-michael-saylor/,Não foi o Michael Saylor: quem derrubou o Bitcoin foram os saques dos ETFs,2,0.144,Morte do Bitcoin
orfao,/morte-do-bitcoin-o-alerta-de-michael-burry-sobre-a-espiral-da-morte-e-o-que-fazer-agora/,Morte do Bitcoin? O Alerta de Michael Burry Sobre a Espiral da Morte e o Que Fazer Agora,/bitcoin-caiu-50-oportunidade-compra-btg/,Bitcoin caiu 50%: vale a pena comprar agora ou é fuga em massa mesmo?,3,0.144,Morte do Bitcoin
orfao,/como-receber-dividendos-todos-os-meses-guia-com-acoes-seguras-para-renda-passiva/,Como Receber Dividendos Todos os Meses: Guia com Ações Seguras para Renda Passiva,/qual-acao-paga-mais-dividendos-mensais-em-2024/,Qual ação paga mais dividendos mensais em 2024?,1,0.139,Como Receber Dividendos Todos os Meses
orfao,/como-receber-dividendos-todos-os-meses-guia-com-acoes-seguras-para-renda-passiva/,Como Receber Dividendos Todos os Meses: Guia com Ações Seguras para Renda Passiva,/melhores-acoes-para-dividendos-2026/,Melhores Ações para Dividendos em 2026: 7 Opções para Renda Passiva na B3,2,0.135,Como Receber Dividendos Todos os Meses
orfao,/como-receber-dividendos-todos-os-meses-guia-com-acoes-seguras-para-renda-passiva/,Como Receber Dividendos Todos os Meses: Guia com Ações Seguras para Renda Passiva,/as-10-acoes-que-mais-pagam-dividendos-no-brasil-em-2024/,As 10 ações que mais pagam dividendos no Brasil em 2024,3,0.124,Como Receber Dividendos Todos os Meses
orfao,/elementor-2874/,Investir em Ouro em 2025: Guia Completo e Estratégias,/investir-em-ouro-em-2025-ainda-vale-a-pena/,INVESTIR EM OURO EM 2025 AINDA VALE A PENA?,1,0.204,Investir em Ouro em 2025
orfao,/elementor-2874/,Investir em Ouro em 2025: Guia Completo e Estratégias,/china-ouro-20-meses-gold11-vale-a-pena-investir/,China compra ouro há 20 meses seguidos: vale a pena investir em GOLD11?,2,0.172,Investir em Ouro em 2025
orfao,/elementor-2874/,Investir em Ouro em 2025: Guia Completo e Estratégias,/banco-central-comprou-ouro-30-bilhoes/,Por que o Banco Central comprou R$ 30 bilhões em ouro (e ninguém te contou)?,3,0.169,Investir em Ouro em 2025
orfao,/vale-a-pena-investir-em-cobre-%f0%9f%93%88-deficit-e-a-tese-do-novo-petroleo/,VALE A PENA INVESTIR EM COBRE? 📈 Déficit e a Tese do Novo Petróleo,/vale3-cobre-ia-vale-a-pena-investir/,VALE3 vale a pena em 2026? O motivo da alta não é o ferro de sempre,1,0.208,VALE A PENA INVESTIR EM COBRE
orfao,/vale-a-pena-investir-em-cobre-%f0%9f%93%88-deficit-e-a-tese-do-novo-petroleo/,VALE A PENA INVESTIR EM COBRE? 📈 Déficit e a Tese do Novo Petróleo,/michael-burry-barsi-cobre-ero-copper-paranapanema/,Burry e Barsi no mesmo cobre: por que a Ero Copper dobrou e a Paranapanema derreteu,2,0.157,VALE A PENA INVESTIR EM COBRE
orfao,/vale-a-pena-investir-em-cobre-%f0%9f%93%88-deficit-e-a-tese-do-novo-petroleo/,VALE A PENA INVESTIR EM COBRE? 📈 Déficit e a Tese do Novo Petróleo,/brav3-entenda-o-salto-de-7-das-acoes-da-brava-energia-e-o-impacto-dos-dados-de-producao/,BRAV3: Entenda o Salto de 7% das Ações da Brava Energia e o Impacto dos Dados de Produção,3,0.126,VALE A PENA INVESTIR EM COBRE
orfao,/por-que-a-faria-lima-esta-otimista-com-investimentos-no-brasil-em-2026-selic-e-ibovespa/,Por Que a Faria Lima Está Otimista com Investimentos no Brasil em 2026? | Selic e Ibovespa,/bolsa-de-valores-em-alta-por-que-o-ibovespa-pode-subir-mais-e-como-nao-ficar-de-fora/,Bolsa de Valores em Alta: Por Que o Ibovespa Pode Subir Mais e Como Não Ficar de Fora,1,0.139,Por Que a Faria Lima Está Otimista com Investimentos no Brasil em 2026
orfao,/por-que-a-faria-lima-esta-otimista-com-investimentos-no-brasil-em-2026-selic-e-ibovespa/,Por Que a Faria Lima Está Otimista com Investimentos no Brasil em 2026? | Selic e Ibovespa,/oportunidades-de-investimento-no-brasil-navegando-por-juros-altos-e-inflacao-em-2025/,Última oportunidade para Investir,2,0.098,Por Que a Faria Lima Está Otimista com Investimentos no Brasil em 2026
orfao,/por-que-a-faria-lima-esta-otimista-com-investimentos-no-brasil-em-2026-selic-e-ibovespa/,Por Que a Faria Lima Está Otimista com Investimentos no Brasil em 2026? | Selic e Ibovespa,/tesouro-ipca-a-7-por-que-esta-pode-ser-a-ultima-grande-oportunidade-na-renda-fixa/,Tesouro IPCA+ a 7%: Por Que Esta Pode Ser a Última Grande Oportunidade na Renda Fixa,3,0.094,Por Que a Faria Lima Está Otimista com Investimentos no Brasil em 2026
orfao,/tributacao-de-dividendos-a-nova-regra-que-chacoalha-o-mercado-e-estrategias-de-renda-fixa/,Tributação de Dividendos: A Nova Regra que Chacoalha o Mercado e Estratégias de Renda Fixa,/dividendos-caem-2026-ainda-vale-renda-passiva/,Dividendos Caem 27% em 2026: Ainda Vale a Pena Viver de Renda Passiva?,1,0.104,Tributação de Dividendos
orfao,/tributacao-de-dividendos-a-nova-regra-que-chacoalha-o-mercado-e-estrategias-de-renda-fixa/,Tributação de Dividendos: A Nova Regra que Chacoalha o Mercado e Estratégias de Renda Fixa,/o-que-significa-de-dividendos-entenda-agora/,O que significa de dividendos? Entenda agora,2,0.099,Tributação de Dividendos
orfao,/tributacao-de-dividendos-a-nova-regra-que-chacoalha-o-mercado-e-estrategias-de-renda-fixa/,Tributação de Dividendos: A Nova Regra que Chacoalha o Mercado e Estratégias de Renda Fixa,/ir-sobre-investimentos/,IR sobre Investimentos: tabela completa por tipo de ativo,3,0.095,Tributação de Dividendos
orfao,/4-erros-silenciosos-que-mantem-voce-preso-na-classe-media-e-como-sair-deles/,4 Erros Silenciosos que Mantêm Você Preso na Classe Média (e Como Sair Deles),/12-habitos-que-enriquecem-silenciosamente/,12 Hábitos que Enriquecem Silenciosamente,1,0.113,4 Erros Silenciosos que Mantêm Você Preso na Classe Média (e Como Sair Deles)
orfao,/4-erros-silenciosos-que-mantem-voce-preso-na-classe-media-e-como-sair-deles/,4 Erros Silenciosos que Mantêm Você Preso na Classe Média (e Como Sair Deles),/gastos-ignorados-como-pequenos-desperdicios-financeiros-podem-arruinar-seu-orcamento/,Gastos Ignorados: Como Pequenos Desperdícios Financeiros Podem Arruinar Seu Orçamento,2,0.108,4 Erros Silenciosos que Mantêm Você Preso na Classe Média (e Como Sair Deles)
orfao,/4-erros-silenciosos-que-mantem-voce-preso-na-classe-media-e-como-sair-deles/,4 Erros Silenciosos que Mantêm Você Preso na Classe Média (e Como Sair Deles),/por-que-parecer-pobre-vai-te-deixar-rico-guia-completo-de-riqueza-pessoal/,Parecer Pobre para Ficar Rico: O Guia do Stealth Wealth,3,0.103,4 Erros Silenciosos que Mantêm Você Preso na Classe Média (e Como Sair Deles)
orfao,/%f0%9f%9a%80-tesla-tsla34-vale-a-pena-descubra-se-ainda-faz-sentido-investir-em-2025/,🚀 Tesla (TSLA34) Vale a Pena? Descubra se Ainda Faz Sentido Investir em 2025!,/tesla-queda-no-lucro-faz-elon-musk-se-afastar-de-trump-acoes-reagem-bem/,Tesla: queda no lucro faz Elon Musk se afastar de Trump. Ações reagem bem,1,0.153,🚀 Tesla (TSLA34) Vale a Pena
orfao,/%f0%9f%9a%80-tesla-tsla34-vale-a-pena-descubra-se-ainda-faz-sentido-investir-em-2025/,🚀 Tesla (TSLA34) Vale a Pena? Descubra se Ainda Faz Sentido Investir em 2025!,/ipo-spacex-2026-guia-completo-investidor-brasileiro/,IPO da SpaceX 2026: Vale US$ 2 Trilhões? Guia Completo para o Investidor Brasileiro,2,0.114,🚀 Tesla (TSLA34) Vale a Pena
orfao,/%f0%9f%9a%80-tesla-tsla34-vale-a-pena-descubra-se-ainda-faz-sentido-investir-em-2025/,🚀 Tesla (TSLA34) Vale a Pena? Descubra se Ainda Faz Sentido Investir em 2025!,/vale-a-pena-investir-em-cobre-%f0%9f%93%88-deficit-e-a-tese-do-novo-petroleo/,VALE A PENA INVESTIR EM COBRE? 📈 Déficit e a Tese do Novo Petróleo,3,0.106,🚀 Tesla (TSLA34) Vale a Pena
orfao,/elementor-2466/,Banco do Brasil (BBAS3) Perdeu o Encanto? Ação está derretendo e sendo rebaixada,/ugpa3-ultrapar-dividendos-2026-vale-a-pena/,Ultrapar (UGPA3): A Ação Esquecida Que Voltou ao Radar e Pode Pagar Bons Dividendos em 2026,1,0.113,Banco do Brasil (BBAS3) Perdeu o Encanto
orfao,/elementor-2466/,Banco do Brasil (BBAS3) Perdeu o Encanto? Ação está derretendo e sendo rebaixada,/bbas3-roe-abaixo-selic-banco-do-brasil-dividendos-2026/,Vale a Pena Manter BBAS3 em 2026? O Banco do Brasil que Rende Menos que o Tesouro Selic,2,0.112,Banco do Brasil (BBAS3) Perdeu o Encanto
orfao,/elementor-2466/,Banco do Brasil (BBAS3) Perdeu o Encanto? Ação está derretendo e sendo rebaixada,/bancoes-dividendos-2026-itau-bradesco-santander-banco-do-brasil/,"Itaú, Bradesco, Santander ou Banco do Brasil: qual bancão paga mais dividendos em 2026?",3,0.111,Banco do Brasil (BBAS3) Perdeu o Encanto
orfao,/copel-cple6-virou-a-nova-queridinha-dos-dividendos/,Copel (CPLE6) Virou a Nova Queridinha dos Dividendos?,/o-que-significa-de-dividendos-entenda-agora/,O que significa de dividendos? Entenda agora,1,0.14,Copel (CPLE6) Virou a Nova Queridinha dos Dividendos
orfao,/copel-cple6-virou-a-nova-queridinha-dos-dividendos/,Copel (CPLE6) Virou a Nova Queridinha dos Dividendos?,/as-10-acoes-que-mais-pagam-dividendos-no-brasil-em-2024/,As 10 ações que mais pagam dividendos no Brasil em 2024,2,0.127,Copel (CPLE6) Virou a Nova Queridinha dos Dividendos
orfao,/copel-cple6-virou-a-nova-queridinha-dos-dividendos/,Copel (CPLE6) Virou a Nova Queridinha dos Dividendos?,/itausa-o-que-e-conheca-a-holding-do-itau/,Itausa o que é: conheça a holding do Itaú,3,0.12,Copel (CPLE6) Virou a Nova Queridinha dos Dividendos
orfao,/etfs-de-opcoes-estao-pagando-muito-dividendos-133/,ETFs de Opções estão Pagando Muito Dividendos: 133%,/quanto-rende-o-etf-por-mes-descubra-agora/,Quanto rende o ETF por mês? Descubra agora,1,0.153,ETFs de Opções estão Pagando Muito Dividendos
orfao,/etfs-de-opcoes-estao-pagando-muito-dividendos-133/,ETFs de Opções estão Pagando Muito Dividendos: 133%,/qual-a-melhor-etf-para-investir-guia-completo-2024/,Qual a melhor ETF para investir? Guia completo 2024,2,0.147,ETFs de Opções estão Pagando Muito Dividendos
orfao,/etfs-de-opcoes-estao-pagando-muito-dividendos-133/,ETFs de Opções estão Pagando Muito Dividendos: 133%,/o-que-significa-o-etf-guia-completo-e-simples/,O que significa o ETF? | Guia Completo e Simples,3,0.14,ETFs de Opções estão Pagando Muito Dividendos
orfao,/o-melhor-fundo-imobiliario-para-iniciantes-como-investir-com-r10/,O Melhor Fundo Imobiliário para Iniciantes: Como Investir com R$10,/o-que-sao-fundos-imobiliarios-guia-completo/,O que são fundos imobiliários? Guia completo,1,0.292,O Melhor Fundo Imobiliário para Iniciantes
orfao,/o-melhor-fundo-imobiliario-para-iniciantes-como-investir-com-r10/,O Melhor Fundo Imobiliário para Iniciantes: Como Investir com R$10,/como-funciona-um-fundo-imobiliario/,Como funciona um fundo imobiliário? Entenda agora,2,0.248,O Melhor Fundo Imobiliário para Iniciantes
orfao,/o-melhor-fundo-imobiliario-para-iniciantes-como-investir-com-r10/,O Melhor Fundo Imobiliário para Iniciantes: Como Investir com R$10,/o-que-significa-fii-guia-completo-sobre-fundos/,O que significa FII? Guia completo sobre fundos,3,0.243,O Melhor Fundo Imobiliário para Iniciantes
orfao,/goat11-o-etf-hibrido-da-b3-com-80-em-renda-fixa-e-20-em-variavel-vale-a-pena-investir/,GOAT11: Como Funciona Este ETF Híbrido?,/qual-a-melhor-etf-para-investir-guia-completo-2024/,Qual a melhor ETF para investir? Guia completo 2024,1,0.184,GOAT11
orfao,/goat11-o-etf-hibrido-da-b3-com-80-em-renda-fixa-e-20-em-variavel-vale-a-pena-investir/,GOAT11: Como Funciona Este ETF Híbrido?,/o-que-e-etf/,"O que é ETF? Definição, como funciona e exemplos práticos",2,0.181,GOAT11
orfao,/goat11-o-etf-hibrido-da-b3-com-80-em-renda-fixa-e-20-em-variavel-vale-a-pena-investir/,GOAT11: Como Funciona Este ETF Híbrido?,/ivvb11-vale-a-pena-analise/,IVVB11: Vale a Pena em 2026? Análise Completa do ETF do S&P 500,3,0.177,GOAT11
orfao,/elementor-2333/,Sem Bolsa de Valores nos Feriados? Nananinanão aprenda,/qual-o-valor-da-bolsa-de-valores-hoje-confira/,Qual o valor da Bolsa de Valores hoje? - Confira,1,0.139,Sem Bolsa de Valores nos Feriados
orfao,/elementor-2333/,Sem Bolsa de Valores nos Feriados? Nananinanão aprenda,/qual-a-melhor-etf-para-investir-guia-completo-2024/,Qual a melhor ETF para investir? Guia completo 2024,2,0.136,Sem Bolsa de Valores nos Feriados
orfao,/elementor-2333/,Sem Bolsa de Valores nos Feriados? Nananinanão aprenda,/o-que-significa-o-etf-guia-completo-e-simples/,O que significa o ETF? | Guia Completo e Simples,3,0.122,Sem Bolsa de Valores nos Feriados
orfao,/warren-buffett-se-aposenta-o-que-isso-significa-para-a-berkshire-hathaway-e-investidores/,Warren Buffett Se Aposenta: O Que Isso Significa para a Berkshire Hathaway e Investidores,/warren-buffett-e-a-nova-bolha-dos-investimentos-o-que-a-ultima-carta-revela/,Warren Buffett e a Nova Bolha dos Investimentos: O Que a Última Carta Revela?,1,0.232,Warren Buffett Se Aposenta
orfao,/warren-buffett-se-aposenta-o-que-isso-significa-para-a-berkshire-hathaway-e-investidores/,Warren Buffett Se Aposenta: O Que Isso Significa para a Berkshire Hathaway e Investidores,/berkshire-hathaway-do-warren-buffett-aumenta-participacao-em-tradings-japonesas-e-impulsiona-mercado-de-toquio/,Warren Buffett Aumenta Participações no Japão,2,0.145,Warren Buffett Se Aposenta
orfao,/oportunidades-de-investimento-no-brasil-navegando-por-juros-altos-e-inflacao-em-2025/,Última oportunidade para Investir,/qual-e-o-melhor-fundo-imobiliario-para-investir-hoje/,Qual é o melhor fundo imobiliário para investir hoje?,1,0.183,Última oportunidade para Investir
orfao,/oportunidades-de-investimento-no-brasil-navegando-por-juros-altos-e-inflacao-em-2025/,Última oportunidade para Investir,/o-que-e-ifix/,"O que é IFIX? Definição, como funciona e exemplos práticos",2,0.141,Última oportunidade para Investir
orfao,/oportunidades-de-investimento-no-brasil-navegando-por-juros-altos-e-inflacao-em-2025/,Última oportunidade para Investir,/quanto-a-renda-fixa-paga-entenda-os-rendimentos/,Quanto a renda fixa paga? Entenda os rendimentos,3,0.14,Última oportunidade para Investir
orfao,/como-saber-se-roubaram-seu-dinheiro-do-inss-um-guia-completo-e-atualizado/,Como Saber se Roubaram Seu Dinheiro do INSS: Um Guia Completo e Atualizado,/emprestimo-consignado-para-clt-com-fgts-como-funciona-e-vale-a-pena/,Empréstimo Consignado para CLT com FGTS: Como Funciona e Vale a Pena?,1,0.124,Como Saber se Roubaram Seu Dinheiro do INSS
orfao,/como-saber-se-roubaram-seu-dinheiro-do-inss-um-guia-completo-e-atualizado/,Como Saber se Roubaram Seu Dinheiro do INSS: Um Guia Completo e Atualizado,/aposentadoria-inss-2060-08-trabalhador-por-aposentado/,"Aposentadoria pelo INSS vai acabar? Brasil terá 0,8 trabalhador por aposentado em 2060",2,0.102,Como Saber se Roubaram Seu Dinheiro do INSS
orfao,/como-saber-se-roubaram-seu-dinheiro-do-inss-um-guia-completo-e-atualizado/,Como Saber se Roubaram Seu Dinheiro do INSS: Um Guia Completo e Atualizado,/inss-deficit-317-bilhoes-reforma-2019-aposentadoria-geracao/,"0,8 trabalhador por aposentado: a conta do INSS que o próprio governo publicou",3,0.096,Como Saber se Roubaram Seu Dinheiro do INSS
orfao,/do-drex-as-stablecoins-como-o-blockchain-esta-revolucionando-o-dinheiro-digital-no-brasil/,Do Drex às Stablecoins: Como o Blockchain Está Revolucionando o Dinheiro Digital no Brasil,/o-que-e-blockchain/,O que é Blockchain? Como funciona a tecnologia por trás do Bitcoin,1,0.239,Do Drex às Stablecoins
orfao,/do-drex-as-stablecoins-como-o-blockchain-esta-revolucionando-o-dinheiro-digital-no-brasil/,Do Drex às Stablecoins: Como o Blockchain Está Revolucionando o Dinheiro Digital no Brasil,/o-que-e-stablecoin/,"O que é Stablecoin? USDT, USDC e como funcionam",2,0.188,Do Drex às Stablecoins
orfao,/do-drex-as-stablecoins-como-o-blockchain-esta-revolucionando-o-dinheiro-digital-no-brasil/,Do Drex às Stablecoins: Como o Blockchain Está Revolucionando o Dinheiro Digital no Brasil,/o-efeito-trump-no-bitcoin-como-investir-na-criptomoedas-ainda-em-2024/,"O ""Efeito TRUMP"" no BITCOIN: Como Investir na Criptomoedas ainda em 2024?",3,0.158,Do Drex às Stablecoins
orfao,/tesla-queda-no-lucro-faz-elon-musk-se-afastar-de-trump-acoes-reagem-bem/,Tesla: queda no lucro faz Elon Musk se afastar de Trump. Ações reagem bem,/%f0%9f%9a%80-tesla-tsla34-vale-a-pena-descubra-se-ainda-faz-sentido-investir-em-2025/,🚀 Tesla (TSLA34) Vale a Pena? Descubra se Ainda Faz Sentido Investir em 2025!,1,0.153,Tesla
orfao,/tesla-queda-no-lucro-faz-elon-musk-se-afastar-de-trump-acoes-reagem-bem/,Tesla: queda no lucro faz Elon Musk se afastar de Trump. Ações reagem bem,/o-efeito-trump-no-bitcoin-como-investir-na-criptomoedas-ainda-em-2024/,"O ""Efeito TRUMP"" no BITCOIN: Como Investir na Criptomoedas ainda em 2024?",2,0.126,Tesla
orfao,/tesla-queda-no-lucro-faz-elon-musk-se-afastar-de-trump-acoes-reagem-bem/,Tesla: queda no lucro faz Elon Musk se afastar de Trump. Ações reagem bem,/investir-em-ouro-em-2025-ainda-vale-a-pena/,INVESTIR EM OURO EM 2025 AINDA VALE A PENA?,3,0.103,Tesla
orfao,/7-etfs-de-renda-fixa-americanos-para-proteger-seu-dinheiro-em-2025/,7 ETFs de renda fixa americanos: quais são e como investir do Brasil,/quanto-rende-o-etf-por-mes-descubra-agora/,Quanto rende o ETF por mês? Descubra agora,1,0.128,7 ETFs de renda fixa americanos
orfao,/7-etfs-de-renda-fixa-americanos-para-proteger-seu-dinheiro-em-2025/,7 ETFs de renda fixa americanos: quais são e como investir do Brasil,/qual-a-melhor-renda-fixa-hoje-saiba-as-opcoes/,Qual a melhor renda fixa hoje? Saiba as opções,2,0.115,7 ETFs de renda fixa americanos
orfao,/7-etfs-de-renda-fixa-americanos-para-proteger-seu-dinheiro-em-2025/,7 ETFs de renda fixa americanos: quais são e como investir do Brasil,/etfs-que-pagam-dividendos-melhores-opcoes-no-brasil/,ETFs que pagam dividendos no Brasil: os melhores e como comparar,3,0.111,7 ETFs de renda fixa americanos
orfao,/4-etfs-de-dividendos-crescentes/,4 ETFs de Dividendos Crescentes,/sp-500-quanto-paga-de-dividendos-guia-completo/,S&P 500 paga dividendos? Quanto rende e como receber no Brasil,1,0.222,4 ETFs de Dividendos Crescentes
orfao,/4-etfs-de-dividendos-crescentes/,4 ETFs de Dividendos Crescentes,/quanto-rende-o-etf-por-mes-descubra-agora/,Quanto rende o ETF por mês? Descubra agora,2,0.155,4 ETFs de Dividendos Crescentes
orfao,/4-etfs-de-dividendos-crescentes/,4 ETFs de Dividendos Crescentes,/etfs-que-pagam-dividendos-melhores-opcoes-no-brasil/,ETFs que pagam dividendos no Brasil: os melhores e como comparar,3,0.152,4 ETFs de Dividendos Crescentes
orfao,/emprestimo-consignado-para-clt-com-fgts-como-funciona-e-vale-a-pena/,Empréstimo Consignado para CLT com FGTS: Como Funciona e Vale a Pena?,/como-montar-reserva-emergencia/,Você está guardando dinheiro errado: o erro que 9 em cada 10 brasileiros cometem na reserva de emergência,1,0.144,Empréstimo Consignado para CLT com FGTS
orfao,/emprestimo-consignado-para-clt-com-fgts-como-funciona-e-vale-a-pena/,Empréstimo Consignado para CLT com FGTS: Como Funciona e Vale a Pena?,/btg-endividamento-brasil-2026-pior-que-2014/,Endividamento das Famílias 2026: BTG Alerta que Está Pior que 2014,2,0.13,Empréstimo Consignado para CLT com FGTS
orfao,/emprestimo-consignado-para-clt-com-fgts-como-funciona-e-vale-a-pena/,Empréstimo Consignado para CLT com FGTS: Como Funciona e Vale a Pena?,/como-saber-se-roubaram-seu-dinheiro-do-inss-um-guia-completo-e-atualizado/,Como Saber se Roubaram Seu Dinheiro do INSS: Um Guia Completo e Atualizado,3,0.124,Empréstimo Consignado para CLT com FGTS
orfao,/aure3-decifrando-a-queda-e-o-futuro-dos-dividendos-da-auren-na-bolsa-analise-2025/,Aure3: Entenda a Queda e o Futuro dos Dividendos,/elementor-2466/,Banco do Brasil (BBAS3) Perdeu o Encanto? Ação está derretendo e sendo rebaixada,1,0.096,Aure3
orfao,/aure3-decifrando-a-queda-e-o-futuro-dos-dividendos-da-auren-na-bolsa-analise-2025/,Aure3: Entenda a Queda e o Futuro dos Dividendos,/ugpa3-ultrapar-dividendos-2026-vale-a-pena/,Ultrapar (UGPA3): A Ação Esquecida Que Voltou ao Radar e Pode Pagar Bons Dividendos em 2026,2,0.095,Aure3
orfao,/aure3-decifrando-a-queda-e-o-futuro-dos-dividendos-da-auren-na-bolsa-analise-2025/,Aure3: Entenda a Queda e o Futuro dos Dividendos,/qual-o-preco-justo-da-itsa4-analise-completa-hoje/,Qual o preço justo da ITSA4? Análise completa hoje,3,0.091,Aure3
orfao,/berkshire-hathaway-do-warren-buffett-aumenta-participacao-em-tradings-japonesas-e-impulsiona-mercado-de-toquio/,Warren Buffett Aumenta Participações no Japão,/warren-buffett-e-a-nova-bolha-dos-investimentos-o-que-a-ultima-carta-revela/,Warren Buffett e a Nova Bolha dos Investimentos: O Que a Última Carta Revela?,1,0.15,Warren Buffett Aumenta Participações no Japão
orfao,/berkshire-hathaway-do-warren-buffett-aumenta-participacao-em-tradings-japonesas-e-impulsiona-mercado-de-toquio/,Warren Buffett Aumenta Participações no Japão,/warren-buffett-se-aposenta-o-que-isso-significa-para-a-berkshire-hathaway-e-investidores/,Warren Buffett Se Aposenta: O Que Isso Significa para a Berkshire Hathaway e Investidores,2,0.145,Warren Buffett Aumenta Participações no Japão
orfao,/berkshire-hathaway-do-warren-buffett-aumenta-participacao-em-tradings-japonesas-e-impulsiona-mercado-de-toquio/,Warren Buffett Aumenta Participações no Japão,/divida-moeda-local-japao-quebrando-brasil/,Dívida em Moeda Local Nunca Quebra? O Japão Está Provando o Contrário,3,0.121,Warren Buffett Aumenta Participações no Japão
orfao,/short-squeeze-das-casas-bahia-o-que-aconteceu-e-quais-acoes-podem-ser-as-proximas/,Short Squeeze das Casas Bahia: O Que Aconteceu e Quais Ações Podem Ser as Próximas?,/acoes-mais-alugadas-b3-short-selling-xp/,"As ações mais alugadas da B3: quem apostou na queda de CPFE3, RAIZ4 e Casas Bahia",1,0.296,Short Squeeze das Casas Bahia
orfao,/novo-horario-b3-2/,Novo horário B3: O que você precisa saber,/novo-horario-b3/,B3 reduz horário de negociação a partir de março de 2025: veja o que muda,1,0.589,Novo horário B3
orfao,/novo-horario-b3-2/,Novo horário B3: O que você precisa saber,/o-que-e-home-broker/,O que é Home Broker? Como comprar ações pela internet,2,0.122,Novo horário B3
orfao,/novas-regras-do-pix/,PIX: Impactos das Novas Regras para Usuários,/como-declarar-imposto-de-renda-2026-guia-completo-para-investidores-acoes-fiis-e-dividendos/,"Como Declarar Imposto de Renda 2026: Guia Completo para Investidores (Ações, FIIs e Dividendos)",1,0.097,PIX
orfao,/novas-regras-do-pix/,PIX: Impactos das Novas Regras para Usuários,/pix-por-aproximacao-como-funciona-quais-celulares-sao-compativeis-e-como-ativar/,"PIX por Aproximação: Como Funciona, Quais Celulares São Compatíveis e Como Ativar",2,0.095,PIX
orfao,/novas-regras-do-pix/,PIX: Impactos das Novas Regras para Usuários,/como-saber-se-roubaram-seu-dinheiro-do-inss-um-guia-completo-e-atualizado/,Como Saber se Roubaram Seu Dinheiro do INSS: Um Guia Completo e Atualizado,3,0.093,PIX
orfao,/brav3-entenda-o-salto-de-7-das-acoes-da-brava-energia-e-o-impacto-dos-dados-de-producao/,BRAV3: Entenda o Salto de 7% das Ações da Brava Energia e o Impacto dos Dados de Produção,/vale-a-pena-investir-em-cobre-%f0%9f%93%88-deficit-e-a-tese-do-novo-petroleo/,VALE A PENA INVESTIR EM COBRE? 📈 Déficit e a Tese do Novo Petróleo,1,0.126,BRAV3
orfao,/brav3-entenda-o-salto-de-7-das-acoes-da-brava-energia-e-o-impacto-dos-dados-de-producao/,BRAV3: Entenda o Salto de 7% das Ações da Brava Energia e o Impacto dos Dados de Produção,/weg-wege3-cai-mais-de-7-apos-resultados-do-4t24-e-hora-de-comprar/,WEG (WEGE3) Cai Mais de 7% Após Resultados do 4T24: É Hora de Comprar?,2,0.084,BRAV3
orfao,/brav3-entenda-o-salto-de-7-das-acoes-da-brava-energia-e-o-impacto-dos-dados-de-producao/,BRAV3: Entenda o Salto de 7% das Ações da Brava Energia e o Impacto dos Dados de Produção,/itausa-o-que-e-conheca-a-holding-do-itau/,Itausa o que é: conheça a holding do Itaú,3,0.081,BRAV3
orfao,/quanto-r-10-mil-investidos-nos-bancoes-renderiam-em-dividendos-em-2025/,Quanto R$ 10 Mil Investidos nos Bancões Renderiam em Dividendos em 2025?,/as-10-acoes-que-mais-pagam-dividendos-no-brasil-em-2024/,As 10 ações que mais pagam dividendos no Brasil em 2024,1,0.197,Quanto R$ 10 Mil Investidos nos Bancões Renderiam em Dividendos em 2025
orfao,/quanto-r-10-mil-investidos-nos-bancoes-renderiam-em-dividendos-em-2025/,Quanto R$ 10 Mil Investidos nos Bancões Renderiam em Dividendos em 2025?,/bancoes-dividendos-2026-itau-bradesco-santander-banco-do-brasil/,"Itaú, Bradesco, Santander ou Banco do Brasil: qual bancão paga mais dividendos em 2026?",2,0.191,Quanto R$ 10 Mil Investidos nos Bancões Renderiam em Dividendos em 2025
orfao,/quanto-r-10-mil-investidos-nos-bancoes-renderiam-em-dividendos-em-2025/,Quanto R$ 10 Mil Investidos nos Bancões Renderiam em Dividendos em 2025?,/descubra-quais-acoes-pagam-dividendos-hoje/,Descubra quais ações pagam dividendos hoje,3,0.161,Quanto R$ 10 Mil Investidos nos Bancões Renderiam em Dividendos em 2025
orfao,/financas-comportamentais-como-seus-vieses-afetam-seus-investimentos/,Finanças comportamentais: Como evitar erros financeiros,/qual-a-melhor-acao-da-bolsa-hoje-analise-completa/,Qual a melhor ação da bolsa hoje? | Análise completa,1,0.147,Finanças comportamentais
orfao,/financas-comportamentais-como-seus-vieses-afetam-seus-investimentos/,Finanças comportamentais: Como evitar erros financeiros,/e-bom-investir-na-bolsa-de-valores-descubra-agora/,É bom investir na Bolsa de Valores? Descubra agora,2,0.111,Finanças comportamentais
orfao,/financas-comportamentais-como-seus-vieses-afetam-seus-investimentos/,Finanças comportamentais: Como evitar erros financeiros,/descubra-quais-acoes-pagam-dividendos-hoje/,Descubra quais ações pagam dividendos hoje,3,0.104,Finanças comportamentais
orfao,/o-fim-da-bolsa-de-valores/,O Fim da Bolsa de Valores: O Que Esperar?,/bolsa-de-valores-em-alta-por-que-o-ibovespa-pode-subir-mais-e-como-nao-ficar-de-fora/,Bolsa de Valores em Alta: Por Que o Ibovespa Pode Subir Mais e Como Não Ficar de Fora,1,0.116,O Fim da Bolsa de Valores
orfao,/o-fim-da-bolsa-de-valores/,O Fim da Bolsa de Valores: O Que Esperar?,/dolar-abaixo-r5-carry-trade-brasil-2026/,Dólar abaixo de R$5: por que o gringo entrou de vez no Brasil e o que fazer com seus investimentos,2,0.111,O Fim da Bolsa de Valores
orfao,/o-fim-da-bolsa-de-valores/,O Fim da Bolsa de Valores: O Que Esperar?,/tesouro-ipca-a-7-por-que-esta-pode-ser-a-ultima-grande-oportunidade-na-renda-fixa/,Tesouro IPCA+ a 7%: Por Que Esta Pode Ser a Última Grande Oportunidade na Renda Fixa,3,0.105,O Fim da Bolsa de Valores
orfao,/pix-por-aproximacao-como-funciona-quais-celulares-sao-compativeis-e-como-ativar/,"PIX por Aproximação: Como Funciona, Quais Celulares São Compatíveis e Como Ativar",/novas-regras-do-pix/,PIX: Impactos das Novas Regras para Usuários,1,0.095,PIX por Aproximação
orfao,/weg-wege3-cai-mais-de-7-apos-resultados-do-4t24-e-hora-de-comprar/,WEG (WEGE3) Cai Mais de 7% Após Resultados do 4T24: É Hora de Comprar?,/weg-wege3-lucro-cai-acao-sobe-vale-a-pena-investir/,WEG (WEGE3): vale a pena investir depois do lucro cair e a ação subir 7%?,1,0.182,WEG (WEGE3) Cai Mais de 7% Após Resultados do 4T24
orfao,/weg-wege3-cai-mais-de-7-apos-resultados-do-4t24-e-hora-de-comprar/,WEG (WEGE3) Cai Mais de 7% Após Resultados do 4T24: É Hora de Comprar?,/acoes-do-nubank-roxo34-despencam-10-o-que-aconteceu-e-o-que-esperar/,Ações do Nubank (ROXO34) Despencam 15%: O Que Aconteceu e O Que Esperar?,2,0.162,WEG (WEGE3) Cai Mais de 7% Após Resultados do 4T24
orfao,/weg-wege3-cai-mais-de-7-apos-resultados-do-4t24-e-hora-de-comprar/,WEG (WEGE3) Cai Mais de 7% Após Resultados do 4T24: É Hora de Comprar?,/o-que-e-ebitda/,"O que é EBITDA? Definição, como funciona e exemplos práticos",3,0.085,WEG (WEGE3) Cai Mais de 7% Após Resultados do 4T24
orfao,/warren-buffett-e-a-nova-bolha-dos-investimentos-o-que-a-ultima-carta-revela/,Warren Buffett e a Nova Bolha dos Investimentos: O Que a Última Carta Revela?,/warren-buffett-se-aposenta-o-que-isso-significa-para-a-berkshire-hathaway-e-investidores/,Warren Buffett Se Aposenta: O Que Isso Significa para a Berkshire Hathaway e Investidores,1,0.232,Warren Buffett e a Nova Bolha dos Investimentos
orfao,/warren-buffett-e-a-nova-bolha-dos-investimentos-o-que-a-ultima-carta-revela/,Warren Buffett e a Nova Bolha dos Investimentos: O Que a Última Carta Revela?,/berkshire-hathaway-do-warren-buffett-aumenta-participacao-em-tradings-japonesas-e-impulsiona-mercado-de-toquio/,Warren Buffett Aumenta Participações no Japão,2,0.15,Warren Buffett e a Nova Bolha dos Investimentos
orfao,/warren-buffett-e-a-nova-bolha-dos-investimentos-o-que-a-ultima-carta-revela/,Warren Buffett e a Nova Bolha dos Investimentos: O Que a Última Carta Revela?,/nvidia-banco-proprios-clientes-cds-dobrou/,Nvidia virou o banco dos próprios clientes? O que o CDS disparado revela,3,0.081,Warren Buffett e a Nova Bolha dos Investimentos
orfao,/acoes-do-nubank-roxo34-despencam-10-o-que-aconteceu-e-o-que-esperar/,Ações do Nubank (ROXO34) Despencam 15%: O Que Aconteceu e O Que Esperar?,/weg-wege3-cai-mais-de-7-apos-resultados-do-4t24-e-hora-de-comprar/,WEG (WEGE3) Cai Mais de 7% Após Resultados do 4T24: É Hora de Comprar?,1,0.162,Ações do Nubank (ROXO34) Despencam 15%
orfao,/acoes-do-nubank-roxo34-despencam-10-o-que-aconteceu-e-o-que-esperar/,Ações do Nubank (ROXO34) Despencam 15%: O Que Aconteceu e O Que Esperar?,/nubank-quer-comprar-monzo-acao-roxo34-caiu/,Nubank quer comprar o Monzo: por que a ação caiu 10% e o que muda pra quem tem ROXO34,2,0.122,Ações do Nubank (ROXO34) Despencam 15%
orfao,/acoes-do-nubank-roxo34-despencam-10-o-que-aconteceu-e-o-que-esperar/,Ações do Nubank (ROXO34) Despencam 15%: O Que Aconteceu e O Que Esperar?,/weg-wege3-lucro-cai-acao-sobe-vale-a-pena-investir/,WEG (WEGE3): vale a pena investir depois do lucro cair e a ação subir 7%?,3,0.113,Ações do Nubank (ROXO34) Despencam 15%
orfao,/itausa-itsa4-anuncia-aumento-de-capital-itsa2-e-distribuicao-de-dividendos-o-que-isso-significa-para-os-investidores/,"Itaúsa: aumento de capital (ITSA2) e dividendos, o que muda para você",/itsa3-ou-itsa4-qual-a-melhor-acao-da-itausa-investir/,"ITSA3 ou ITSA4: diferença, dividendos e liquidez (2026)",1,0.184,Itaúsa
orfao,/itausa-itsa4-anuncia-aumento-de-capital-itsa2-e-distribuicao-de-dividendos-o-que-isso-significa-para-os-investidores/,"Itaúsa: aumento de capital (ITSA2) e dividendos, o que muda para você",/qual-a-diferenca-entre-itausa-e-itau-guia-completo/,Itaúsa: o que é e a diferença para o Itaú (ITSA4 x ITUB4),2,0.171,Itaúsa
orfao,/itausa-itsa4-anuncia-aumento-de-capital-itsa2-e-distribuicao-de-dividendos-o-que-isso-significa-para-os-investidores/,"Itaúsa: aumento de capital (ITSA2) e dividendos, o que muda para você",/itub3-ou-itub4-qual-e-melhor/,ITUB3 ou ITUB4: Qual é Melhor para Comprar?,3,0.163,Itaúsa
orfao,/novo-horario-b3/,B3 reduz horário de negociação a partir de março de 2025: veja o que muda,/novo-horario-b3-2/,Novo horário B3: O que você precisa saber,1,0.589,B3 reduz horário de negociação a partir de março de 2025
orfao,/novo-horario-b3/,B3 reduz horário de negociação a partir de março de 2025: veja o que muda,/o-que-e-home-broker/,O que é Home Broker? Como comprar ações pela internet,2,0.14,B3 reduz horário de negociação a partir de março de 2025
orfao,/novo-horario-b3/,B3 reduz horário de negociação a partir de março de 2025: veja o que muda,/qual-o-valor-da-bolsa-de-valores-hoje-confira/,Qual o valor da Bolsa de Valores hoje? - Confira,3,0.105,B3 reduz horário de negociação a partir de março de 2025
orfao,/como-operar-vendido-em-fundos-imobiliarios-guia-completo-para-investidores/,Operar vendido em fundos imobiliários: Guia Completo,/como-funciona-um-fundo-imobiliario/,Como funciona um fundo imobiliário? Entenda agora,1,0.138,Operar vendido em fundos imobiliários
orfao,/como-operar-vendido-em-fundos-imobiliarios-guia-completo-para-investidores/,Operar vendido em fundos imobiliários: Guia Completo,/o-que-significa-fii-guia-completo-sobre-fundos/,O que significa FII? Guia completo sobre fundos,2,0.125,Operar vendido em fundos imobiliários
orfao,/como-operar-vendido-em-fundos-imobiliarios-guia-completo-para-investidores/,Operar vendido em fundos imobiliários: Guia Completo,/quanto-rende-1-000-reais-em-um-fundo-imobiliario/,Quanto rende 1.000 reais em um fundo imobiliário?,3,0.123,Operar vendido em fundos imobiliários
orfao,/gastos-ignorados-como-pequenos-desperdicios-financeiros-podem-arruinar-seu-orcamento/,Gastos Ignorados: Como Pequenos Desperdícios Financeiros Podem Arruinar Seu Orçamento,/por-que-parecer-pobre-vai-te-deixar-rico-guia-completo-de-riqueza-pessoal/,Parecer Pobre para Ficar Rico: O Guia do Stealth Wealth,1,0.121,Gastos Ignorados
orfao,/gastos-ignorados-como-pequenos-desperdicios-financeiros-podem-arruinar-seu-orcamento/,Gastos Ignorados: Como Pequenos Desperdícios Financeiros Podem Arruinar Seu Orçamento,/por-que-brasileiros-renda-alta-endividados-debito-automatico/,"Por Que 67,5% dos Brasileiros com Renda Acima de R$10 Mil Estão Endividados?",2,0.112,Gastos Ignorados
orfao,/gastos-ignorados-como-pequenos-desperdicios-financeiros-podem-arruinar-seu-orcamento/,Gastos Ignorados: Como Pequenos Desperdícios Financeiros Podem Arruinar Seu Orçamento,/4-erros-silenciosos-que-mantem-voce-preso-na-classe-media-e-como-sair-deles/,4 Erros Silenciosos que Mantêm Você Preso na Classe Média (e Como Sair Deles),3,0.108,Gastos Ignorados
orfao,/coin11-o-novo-etf-de-bitcoin-que-paga-dividendos-mensais/,COIN11: O Novo ETF de Bitcoin que Paga Dividendos Mensais,/o-melhor-etf-de-bitcoin-da-b3-hodl11-comparacao-completa-com-bith11-qbtc11-e-biti11/,"Melhor ETF de Bitcoin da B3: HODL11 vs BITH11, QBTC11 e BITI11",1,0.149,COIN11
orfao,/coin11-o-novo-etf-de-bitcoin-que-paga-dividendos-mensais/,COIN11: O Novo ETF de Bitcoin que Paga Dividendos Mensais,/quanto-rende-o-etf-por-mes-descubra-agora/,Quanto rende o ETF por mês? Descubra agora,2,0.118,COIN11
orfao,/coin11-o-novo-etf-de-bitcoin-que-paga-dividendos-mensais/,COIN11: O Novo ETF de Bitcoin que Paga Dividendos Mensais,/os-melhores-etfs-com-dividendos-mensais-no-brasil-2024/,ETFs que pagam dividendos mensais na B3: lista e como escolher,3,0.116,COIN11
orfao,/o-melhor-etf-de-bitcoin-da-b3-hodl11-comparacao-completa-com-bith11-qbtc11-e-biti11/,"Melhor ETF de Bitcoin da B3: HODL11 vs BITH11, QBTC11 e BITI11",/etfs-bitcoin-b3-hodl11-bith11-qual-escolher/,ETFs de Bitcoin na B3: você está pagando taxa demais sem saber (guia 2026),1,0.332,Melhor ETF de Bitcoin da B3
orfao,/o-melhor-etf-de-bitcoin-da-b3-hodl11-comparacao-completa-com-bith11-qbtc11-e-biti11/,"Melhor ETF de Bitcoin da B3: HODL11 vs BITH11, QBTC11 e BITI11",/coin11-o-novo-etf-de-bitcoin-que-paga-dividendos-mensais/,COIN11: O Novo ETF de Bitcoin que Paga Dividendos Mensais,2,0.149,Melhor ETF de Bitcoin da B3
orfao,/o-melhor-etf-de-bitcoin-da-b3-hodl11-comparacao-completa-com-bith11-qbtc11-e-biti11/,"Melhor ETF de Bitcoin da B3: HODL11 vs BITH11, QBTC11 e BITI11",/o-que-e-bitcoin/,O que é Bitcoin? Como funciona e como investir no Brasil,3,0.133,Melhor ETF de Bitcoin da B3
orfao,/12-habitos-que-enriquecem-silenciosamente/,12 Hábitos que Enriquecem Silenciosamente,/por-que-parecer-pobre-vai-te-deixar-rico-guia-completo-de-riqueza-pessoal/,Parecer Pobre para Ficar Rico: O Guia do Stealth Wealth,1,0.138,12 Hábitos que Enriquecem Silenciosamente
orfao,/12-habitos-que-enriquecem-silenciosamente/,12 Hábitos que Enriquecem Silenciosamente,/4-erros-silenciosos-que-mantem-voce-preso-na-classe-media-e-como-sair-deles/,4 Erros Silenciosos que Mantêm Você Preso na Classe Média (e Como Sair Deles),2,0.113,12 Hábitos que Enriquecem Silenciosamente
orfao,/12-habitos-que-enriquecem-silenciosamente/,12 Hábitos que Enriquecem Silenciosamente,/gastos-ignorados-como-pequenos-desperdicios-financeiros-podem-arruinar-seu-orcamento/,Gastos Ignorados: Como Pequenos Desperdícios Financeiros Podem Arruinar Seu Orçamento,3,0.098,12 Hábitos que Enriquecem Silenciosamente
orfao,/investir-em-ouro-em-2025-ainda-vale-a-pena/,INVESTIR EM OURO EM 2025 AINDA VALE A PENA?,/elementor-2874/,Investir em Ouro em 2025: Guia Completo e Estratégias,1,0.204,INVESTIR EM OURO EM 2025 AINDA VALE A PENA
orfao,/investir-em-ouro-em-2025-ainda-vale-a-pena/,INVESTIR EM OURO EM 2025 AINDA VALE A PENA?,/china-ouro-20-meses-gold11-vale-a-pena-investir/,China compra ouro há 20 meses seguidos: vale a pena investir em GOLD11?,2,0.143,INVESTIR EM OURO EM 2025 AINDA VALE A PENA
orfao,/investir-em-ouro-em-2025-ainda-vale-a-pena/,INVESTIR EM OURO EM 2025 AINDA VALE A PENA?,/o-efeito-trump-no-bitcoin-como-investir-na-criptomoedas-ainda-em-2024/,"O ""Efeito TRUMP"" no BITCOIN: Como Investir na Criptomoedas ainda em 2024?",3,0.134,INVESTIR EM OURO EM 2025 AINDA VALE A PENA
orfao,/calculadora-juros-anual-para-mensal/,Conversor de juros anual para mensal (e mensal para anual) grátis,/calculadora-lci/,Calculadora LCI: Converta LCI para CDB Equivalente e Compare Rentabilidade,1,0.192,Conversor de juros anual para mensal (e mensal para anual) grátis
orfao,/calculadora-juros-anual-para-mensal/,Conversor de juros anual para mensal (e mensal para anual) grátis,/calculadora-lca/,Calculadora LCA: Converta LCA para CDB Equivalente e Compare Rentabilidade,2,0.188,Conversor de juros anual para mensal (e mensal para anual) grátis
orfao,/calculadora-juros-anual-para-mensal/,Conversor de juros anual para mensal (e mensal para anual) grátis,/cdb-vs-lci-lca-tabela-taxas-equivalentes-calculadora/,CDB vs LCI e LCA: Tabela de Taxas Equivalentes + Calculadora,3,0.16,Conversor de juros anual para mensal (e mensal para anual) grátis
orfao,/etfs-de-fundos-imobiliarios-guia-completo-para-investir/,ETFs de fundos imobiliários: guia completo para investir,/o-que-significa-o-etf-guia-completo-e-simples/,O que significa o ETF? | Guia Completo e Simples,1,0.254,ETFs de fundos imobiliários
orfao,/etfs-de-fundos-imobiliarios-guia-completo-para-investir/,ETFs de fundos imobiliários: guia completo para investir,/qual-a-melhor-etf-para-investir-guia-completo-2024/,Qual a melhor ETF para investir? Guia completo 2024,2,0.219,ETFs de fundos imobiliários
orfao,/etfs-de-fundos-imobiliarios-guia-completo-para-investir/,ETFs de fundos imobiliários: guia completo para investir,/qual-e-a-vantagem-de-investir-em-etf-guia-completo/,Qual é a vantagem de investir em ETF - Guia Completo,3,0.217,ETFs de fundos imobiliários
orfao,/o-que-sao-fundos-imobiliarios-guia-completo/,O que são fundos imobiliários? Guia completo,/como-funciona-um-fundo-imobiliario/,Como funciona um fundo imobiliário? Entenda agora,1,0.372,O que são fundos imobiliários
orfao,/o-que-sao-fundos-imobiliarios-guia-completo/,O que são fundos imobiliários? Guia completo,/o-que-significa-fii-guia-completo-sobre-fundos/,O que significa FII? Guia completo sobre fundos,2,0.355,O que são fundos imobiliários
orfao,/o-que-sao-fundos-imobiliarios-guia-completo/,O que são fundos imobiliários? Guia completo,/quanto-rende-1-000-reais-em-um-fundo-imobiliario/,Quanto rende 1.000 reais em um fundo imobiliário?,3,0.32,O que são fundos imobiliários
orfao,/qual-e-o-melhor-fundo-imobiliario-para-investir-hoje/,Qual é o melhor fundo imobiliário para investir hoje?,/como-funciona-um-fundo-imobiliario/,Como funciona um fundo imobiliário? Entenda agora,1,0.397,Qual é o melhor fundo imobiliário para investir hoje
orfao,/qual-e-o-melhor-fundo-imobiliario-para-investir-hoje/,Qual é o melhor fundo imobiliário para investir hoje?,/quanto-rende-1-000-reais-em-um-fundo-imobiliario/,Quanto rende 1.000 reais em um fundo imobiliário?,2,0.397,Qual é o melhor fundo imobiliário para investir hoje
orfao,/qual-e-o-melhor-fundo-imobiliario-para-investir-hoje/,Qual é o melhor fundo imobiliário para investir hoje?,/o-que-significa-fii-guia-completo-sobre-fundos/,O que significa FII? Guia completo sobre fundos,3,0.391,Qual é o melhor fundo imobiliário para investir hoje
orfao,/o-que-significa-a-sigla-fii/,O que significa a sigla FII? | Entenda os fundos imobiliários,/como-funciona-um-fundo-imobiliario/,Como funciona um fundo imobiliário? Entenda agora,1,0.428,O que significa a sigla FII
orfao,/o-que-significa-a-sigla-fii/,O que significa a sigla FII? | Entenda os fundos imobiliários,/o-que-significa-fii-guia-completo-sobre-fundos/,O que significa FII? Guia completo sobre fundos,2,0.418,O que significa a sigla FII
orfao,/o-que-significa-a-sigla-fii/,O que significa a sigla FII? | Entenda os fundos imobiliários,/quanto-rende-1-000-reais-em-um-fundo-imobiliario/,Quanto rende 1.000 reais em um fundo imobiliário?,3,0.396,O que significa a sigla FII
orfao,/quanto-rende-1-000-reais-em-um-fundo-imobiliario/,Quanto rende 1.000 reais em um fundo imobiliário?,/como-funciona-um-fundo-imobiliario/,Como funciona um fundo imobiliário? Entenda agora,1,0.409,Quanto rende 1.000 reais em um fundo imobiliário
orfao,/quanto-rende-1-000-reais-em-um-fundo-imobiliario/,Quanto rende 1.000 reais em um fundo imobiliário?,/qual-e-o-melhor-fundo-imobiliario-para-investir-hoje/,Qual é o melhor fundo imobiliário para investir hoje?,2,0.397,Quanto rende 1.000 reais em um fundo imobiliário
orfao,/quanto-rende-1-000-reais-em-um-fundo-imobiliario/,Quanto rende 1.000 reais em um fundo imobiliário?,/o-que-significa-a-sigla-fii/,O que significa a sigla FII? | Entenda os fundos imobiliários,3,0.396,Quanto rende 1.000 reais em um fundo imobiliário
orfao,/tesouro-selic-vale-a-pena/,Tesouro Selic 2026: Vale a Pena? Quanto Rende e Como Investir,/cdb-ou-tesouro-direto-qual-rende-mais/,CDB ou Tesouro Direto: a resposta certa depende de uma data que a maioria ignora,1,0.285,Tesouro Selic 2026
orfao,/tesouro-selic-vale-a-pena/,Tesouro Selic 2026: Vale a Pena? Quanto Rende e Como Investir,/o-que-e-tesouro-selic/,"O que é Tesouro Selic? Definição, como funciona e exemplos práticos",2,0.277,Tesouro Selic 2026
orfao,/tesouro-selic-vale-a-pena/,Tesouro Selic 2026: Vale a Pena? Quanto Rende e Como Investir,/cdb-tesouro-direto-ou-poupanca-qual-rende-mais/,"CDB, Tesouro Direto ou Poupança: Qual Rende Mais em 2026?",3,0.275,Tesouro Selic 2026
orfao,/tesouro-ipca-ou-tesouro-selic-qual-escolher/,Tesouro IPCA+ ou Tesouro Selic: Qual Escolher em 2026?,/o-que-e-tesouro-ipca/,"O que é Tesouro IPCA+? Definição, como funciona e exemplos práticos",1,0.402,Tesouro IPCA+ ou Tesouro Selic
orfao,/tesouro-ipca-ou-tesouro-selic-qual-escolher/,Tesouro IPCA+ ou Tesouro Selic: Qual Escolher em 2026?,/o-que-e-tesouro-direto/,"O que é Tesouro Direto? Definição, como funciona e exemplos práticos",2,0.303,Tesouro IPCA+ ou Tesouro Selic
orfao,/tesouro-ipca-ou-tesouro-selic-qual-escolher/,Tesouro IPCA+ ou Tesouro Selic: Qual Escolher em 2026?,/o-que-e-tesouro-prefixado/,"O que é Tesouro Prefixado? Definição, como funciona e exemplos práticos",3,0.294,Tesouro IPCA+ ou Tesouro Selic
orfao,/ciclo-de-benner-o-grafico-que-previu-as-crises-de-1929-2008-e-2020-agora-aponta-para-2026/,Ciclo de Benner 2026: o que previa e o que aconteceu,/acoes-heineken-10-euros-por-dia-desde-1995/,Beber ou ser sócio da Heineken: €10 por dia desde 1995 viraram €201 mil (com três quedas no meio),1,0.13,Ciclo de Benner 2026
orfao,/ciclo-de-benner-o-grafico-que-previu-as-crises-de-1929-2008-e-2020-agora-aponta-para-2026/,Ciclo de Benner 2026: o que previa e o que aconteceu,/samsung-lucro-recorde-acao-caiu-burry-aposta-nvidia/,Samsung lucrou 19 vezes mais em um ano: vale a pena confiar num balanço recorde?,2,0.112,Ciclo de Benner 2026
orfao,/ciclo-de-benner-o-grafico-que-previu-as-crises-de-1929-2008-e-2020-agora-aponta-para-2026/,Ciclo de Benner 2026: o que previa e o que aconteceu,/prefixado-ou-ipca-inflacao-implicita-conta/,Prefixado ou IPCA+? A conta da inflação implícita que mostra qual rende mais,3,0.103,Ciclo de Benner 2026
orfao,/quem-a-itausa-controla-conheca-suas-empresas/,Itaúsa é dona de quais empresas? As 7 e o % de cada,/qual-a-diferenca-entre-itausa-e-itau-guia-completo/,Itaúsa: o que é e a diferença para o Itaú (ITSA4 x ITUB4),1,0.508,Itaúsa é dona de quais empresas
orfao,/quem-a-itausa-controla-conheca-suas-empresas/,Itaúsa é dona de quais empresas? As 7 e o % de cada,/itsa3-ou-itsa4-qual-a-melhor-acao-da-itausa-investir/,"ITSA3 ou ITSA4: diferença, dividendos e liquidez (2026)",2,0.28,Itaúsa é dona de quais empresas
orfao,/quem-a-itausa-controla-conheca-suas-empresas/,Itaúsa é dona de quais empresas? As 7 e o % de cada,/itub3-ou-itub4-qual-comprar/,ITUB3 ou ITUB4: Qual Comprar? (A Diferença que Importa em 2026),3,0.239,Itaúsa é dona de quais empresas
orfao,/rara11-etf-terras-raras-vale-a-pena-investir/,"RARA11 vale a pena? ETF de terras raras, cotação e riscos",/china-ouro-20-meses-gold11-vale-a-pena-investir/,China compra ouro há 20 meses seguidos: vale a pena investir em GOLD11?,1,0.12,RARA11 vale a pena
orfao,/rara11-etf-terras-raras-vale-a-pena-investir/,"RARA11 vale a pena? ETF de terras raras, cotação e riscos",/elementor-2874/,Investir em Ouro em 2025: Guia Completo e Estratégias,2,0.108,RARA11 vale a pena
orfao,/rara11-etf-terras-raras-vale-a-pena-investir/,"RARA11 vale a pena? ETF de terras raras, cotação e riscos",/jepi39-o-etf-que-paga-dividendos-todo-mes-vale-a-pena/,JEPI39 paga dividendos mensais? Valores 2026 e vale a pena,3,0.101,RARA11 vale a pena
orfao,/etfs-de-guerra-e-defesa/,"ETF de guerra: ITA, XAR, SHLD e como comprar na B3 (2026)",/etfs-defesa-guerra-investimento-2026/,ETFs de Defesa 2026,1,0.284,ETF de guerra
orfao,/etfs-de-guerra-e-defesa/,"ETF de guerra: ITA, XAR, SHLD e como comprar na B3 (2026)",/rara11-etf-terras-raras-vale-a-pena-investir/,"RARA11 vale a pena? ETF de terras raras, cotação e riscos",2,0.091,ETF de guerra
orfao,/etfs-de-guerra-e-defesa/,"ETF de guerra: ITA, XAR, SHLD e como comprar na B3 (2026)",/ivvb11-vale-a-pena-analise/,IVVB11: Vale a Pena em 2026? Análise Completa do ETF do S&P 500,3,0.09,ETF de guerra
orfao,/simulador-ntnb/,Simulador de Marcação a Mercado do Tesouro IPCA+,/tesouro-ipca-ou-tesouro-selic-qual-escolher/,Tesouro IPCA+ ou Tesouro Selic: Qual Escolher em 2026?,1,0.209,Simulador de Marcação a Mercado do Tesouro IPCA+
orfao,/simulador-ntnb/,Simulador de Marcação a Mercado do Tesouro IPCA+,/o-que-e-tesouro-ipca/,"O que é Tesouro IPCA+? Definição, como funciona e exemplos práticos",2,0.181,Simulador de Marcação a Mercado do Tesouro IPCA+
orfao,/simulador-ntnb/,Simulador de Marcação a Mercado do Tesouro IPCA+,/o-que-e-tesouro-prefixado/,"O que é Tesouro Prefixado? Definição, como funciona e exemplos práticos",3,0.154,Simulador de Marcação a Mercado do Tesouro IPCA+
ferramenta,/simulador-ntnb/,simulador de marcação a mercado da NTN-B,/o-que-e-tesouro-direto/,"O que é Tesouro Direto? Definição, como funciona e exemplos práticos",1,,simulador de marcação a mercado da NTN-B
ferramenta,/simulador-ntnb/,simulador de marcação a mercado da NTN-B,/o-que-e-tesouro-ipca/,"O que é Tesouro IPCA+? Definição, como funciona e exemplos práticos",2,,simulador de marcação a mercado da NTN-B
ferramenta,/simulador-ntnb/,simulador de marcação a mercado da NTN-B,/tesouro-direto-calote-imposto-sobre-inflacao/,Tesouro Direto deu calote? Por que R$ 100 mil viraram R$ 130 mil e compram menos,3,,simulador de marcação a mercado da NTN-B
ferramenta,/simulador-ntnb/,simulador de marcação a mercado da NTN-B,/cdb-ou-tesouro-direto-qual-rende-mais/,CDB ou Tesouro Direto: a resposta certa depende de uma data que a maioria ignora,4,,simulador de marcação a mercado da NTN-B
ferramenta,/simulador-ntnb/,simulador de marcação a mercado da NTN-B,/cdb-tesouro-direto-ou-poupanca-qual-rende-mais/,"CDB, Tesouro Direto ou Poupança: Qual Rende Mais em 2026?",5,,simulador de marcação a mercado da NTN-B
ferramenta,/simulador-ntnb/,simulador de marcação a mercado da NTN-B,/ntn-b-2045-a-ultima-chance-de-lucrar-com-juros-reais-altos/,NTN-B 2045: A Última Chance de Lucrar com Juros Reais Altos,6,,simulador de marcação a mercado da NTN-B
ferramenta,/simulador-ntnb/,simulador de marcação a mercado da NTN-B,/tesouro-ipca-mais-832-oportunidade-da-decada-ou-cilada/,"Tesouro IPCA+ 8,32%: Vale a Pena Investir ou É Cilada para Quem Não Sabe a Regra?",7,,simulador de marcação a mercado da NTN-B
ferramenta,/simulador-ntnb/,simulador de marcação a mercado da NTN-B,/tesouro-ipca-8-recompra-divida-nao-vale-a-pena/,Tesouro IPCA+ 8%: vale a pena comprar antes do governo recomprar a própria dívida?,8,,simulador de marcação a mercado da NTN-B
ferramenta,(nova página) renda-fii,simulador de renda mensal com FIIs,/o-que-e-fii/,"O que é FII? Definição, como funciona e exemplos práticos",1,,simulador de renda mensal com FIIs
ferramenta,(nova página) renda-fii,simulador de renda mensal com FIIs,/o-que-e-ifix/,"O que é IFIX? Definição, como funciona e exemplos práticos",2,,simulador de renda mensal com FIIs
ferramenta,(nova página) renda-fii,simulador de renda mensal com FIIs,/fii-laje-corporativa-recorde-aluguel-sp-vale-a-pena/,FII de Laje Corporativa: Vale a Pena com o Aluguel em Recorde em SP?,3,,simulador de renda mensal com FIIs
ferramenta,(nova página) renda-fii,simulador de renda mensal com FIIs,/jepq39-o-etf-do-nasdaq-que-paga-dividendos-mensais/,JEPQ39 existe na B3? O ETF JEPQ e seus dividendos mensais,4,,simulador de renda mensal com FIIs
ferramenta,(nova página) renda-fii,simulador de renda mensal com FIIs,/como-funciona-um-fundo-imobiliario/,Como funciona um fundo imobiliário? Entenda agora,5,,simulador de renda mensal com FIIs
ferramenta,(nova página) renda-fii,simulador de renda mensal com FIIs,/fii-papel-vs-tijolo/,"O que é FII de Papel vs Tijolo? Definição, como funciona e exemplos práticos",6,,simulador de renda mensal com FIIs
ferramenta,(nova página) renda-fii,simulador de renda mensal com FIIs,/fundos-imobiliarios-o-que-sao-fiis/,Fundos Imobiliários (FIIs): Guia Completo para Iniciantes,7,,simulador de renda mensal com FIIs
ferramenta,(nova página) renda-fii,simulador de renda mensal com FIIs,/fii-ou-imovel-fisico-qual-e-melhor-investimento/,FII ou Imóvel Físico: a resposta que nenhum corretor vai te dar,8,,simulador de renda mensal com FIIs
ferramenta,/calculadora-lci/ (após fundir com LCA),calculadora LCI e LCA × CDB,/o-que-e-fgc/,O que é FGC? O seguro que protege seu dinheiro no banco,1,,calculadora LCI e LCA × CDB
ferramenta,/calculadora-lci/ (após fundir com LCA),calculadora LCI e LCA × CDB,/o-que-e-cdb/,"O que é CDB? Definição, como funciona e exemplos práticos",2,,calculadora LCI e LCA × CDB
ferramenta,/calculadora-lci/ (após fundir com LCA),calculadora LCI e LCA × CDB,/o-que-e-lca/,"O que é LCA? Definição, como funciona e exemplos práticos",3,,calculadora LCI e LCA × CDB
ferramenta,/calculadora-lci/ (após fundir com LCA),calculadora LCI e LCA × CDB,/o-que-e-lci/,"O que é LCI? Definição, como funciona e exemplos práticos",4,,calculadora LCI e LCA × CDB
ferramenta,/calculadora-lci/ (após fundir com LCA),calculadora LCI e LCA × CDB,/tesouro-reserva-vale-a-pena-vs-nubank-cdb/,Tesouro Reserva Vale a Pena? Governo e Nubank Brigaram Por R$8,5,,calculadora LCI e LCA × CDB
ferramenta,/calculadora-lci/ (após fundir com LCA),calculadora LCI e LCA × CDB,/lci-lca-rendimento-caiu-isencao-ir-vale-a-pena/,LCI e LCA ainda valem a pena? Rendimento caiu e isenção de IR está sob ameaça,6,,calculadora LCI e LCA × CDB
ferramenta,/calculadora-lci/ (após fundir com LCA),calculadora LCI e LCA × CDB,/lci-lca-investimento-isento-ir/,LCI e LCA: o Investimento Isento de IR que Poucos Conhecem,7,,calculadora LCI e LCA × CDB
ferramenta,/calculadora-lci/ (após fundir com LCA),calculadora LCI e LCA × CDB,/cdb-vs-lci-lca-tabela-taxas-equivalentes-calculadora/,CDB vs LCI e LCA: Tabela de Taxas Equivalentes + Calculadora,8,,calculadora LCI e LCA × CDB
ferramenta,/calculadora-juros-anual-para-mensal/,conversor de juros anual para mensal,/o-que-e-selic/,"O que é SELIC? Definição, como funciona e exemplos práticos",1,,conversor de juros anual para mensal
ferramenta,/calculadora-juros-anual-para-mensal/,conversor de juros anual para mensal,/o-que-e-inflacao/,"O que é Inflação? IPCA, IGP-M e impacto nos investimentos",2,,conversor de juros anual para mensal
ferramenta,/calculadora-juros-anual-para-mensal/,conversor de juros anual para mensal,/o-que-e-tesouro-selic/,"O que é Tesouro Selic? Definição, como funciona e exemplos práticos",3,,conversor de juros anual para mensal
ferramenta,/calculadora-juros-anual-para-mensal/,conversor de juros anual para mensal,/o-que-e-cdi-investimentos/,O que é CDI e Como Ele Afeta Seus Investimentos,4,,conversor de juros anual para mensal
ferramenta,/calculadora-juros-anual-para-mensal/,conversor de juros anual para mensal,/64-porcento-perderam-tesouro-selic-bolsa-estudo-grana-capital/,64% Perderam do Tesouro Selic na Bolsa: Vale a Pena Investir em Ações?,5,,conversor de juros anual para mensal
ferramenta,/calculadora-juros-anual-para-mensal/,conversor de juros anual para mensal,/calculadora-juros-compostos-aposentadoria/,Calculadora Juros Compostos Aposentadoria,6,,conversor de juros anual para mensal
ferramenta,/calculadora-juros-anual-para-mensal/,conversor de juros anual para mensal,/calculadora-cdi/,Calculadora CDI: Simule Quanto Rende seu Investimento no CDI,7,,conversor de juros anual para mensal
ferramenta,/calculadora-juros-anual-para-mensal/,conversor de juros anual para mensal,/o-que-e-juros-compostos/,"O que é Juros Compostos? Definição, como funciona e exemplos práticos",8,,conversor de juros anual para mensal
ferramenta,/calculadora-renda-fixa/,comparador de renda fixa,/o-que-e-selic/,"O que é SELIC? Definição, como funciona e exemplos práticos",1,,comparador de renda fixa
ferramenta,/calculadora-renda-fixa/,comparador de renda fixa,/o-que-e-tesouro-direto/,"O que é Tesouro Direto? Definição, como funciona e exemplos práticos",2,,comparador de renda fixa
ferramenta,/calculadora-renda-fixa/,comparador de renda fixa,/o-que-e-cdb/,"O que é CDB? Definição, como funciona e exemplos práticos",3,,comparador de renda fixa
ferramenta,/calculadora-renda-fixa/,comparador de renda fixa,/o-que-e-tesouro-selic/,"O que é Tesouro Selic? Definição, como funciona e exemplos práticos",4,,comparador de renda fixa
ferramenta,/calculadora-renda-fixa/,comparador de renda fixa,/o-que-e-ipca/,"O que é IPCA? Definição, como funciona e exemplos práticos",5,,comparador de renda fixa
ferramenta,/calculadora-renda-fixa/,comparador de renda fixa,/relatorio-morgan-stanley-brasil-cenarios-bolsa-prefixado/,Relatório do Morgan Stanley sobre o Brasil: o que acontece com R$ 100 mil na bolsa e no prefixado em cada cenário,6,,comparador de renda fixa
ferramenta,/calculadora-renda-fixa/,comparador de renda fixa,/64-porcento-perderam-tesouro-selic-bolsa-estudo-grana-capital/,64% Perderam do Tesouro Selic na Bolsa: Vale a Pena Investir em Ações?,7,,comparador de renda fixa
ferramenta,/calculadora-renda-fixa/,comparador de renda fixa,/o-que-e-tesouro-ipca/,"O que é Tesouro IPCA+? Definição, como funciona e exemplos práticos",8,,comparador de renda fixa
ferramenta,/perfil-de-investidor/,quiz de perfil de investidor,/o-melhor-fundo-imobiliario-para-iniciantes-como-investir-com-r10/,O Melhor Fundo Imobiliário para Iniciantes: Como Investir com R$10,1,,quiz de perfil de investidor
ferramenta,(nova página) preco-justo,calculadora de preço justo (Bazin e Graham),/o-que-e-dividend-yield/,"O que é Dividend Yield? Definição, como funciona e exemplos práticos",1,,calculadora de preço justo (Bazin e Graham)
ferramenta,(nova página) preco-justo,calculadora de preço justo (Bazin e Graham),/o-que-e-pl-acoes/,"O que é P/L? Definição, como funciona e exemplos práticos",2,,calculadora de preço justo (Bazin e Graham)
ferramenta,(nova página) preco-justo,calculadora de preço justo (Bazin e Graham),/o-que-e-pvp-acoes/,"O que é P/VP? Definição, como funciona e exemplos práticos",3,,calculadora de preço justo (Bazin e Graham)
ferramenta,(nova página) preco-justo,calculadora de preço justo (Bazin e Graham),/itausa-dividendos-guia-completo-para-investidores/,Itausa dividendos: guia completo para investidores,4,,calculadora de preço justo (Bazin e Graham)
ferramenta,(nova página) preco-justo,calculadora de preço justo (Bazin e Graham),/jepi39-o-etf-que-paga-dividendos-todo-mes-vale-a-pena/,JEPI39 paga dividendos mensais? Valores 2026 e vale a pena,5,,calculadora de preço justo (Bazin e Graham)
ferramenta,(nova página) preco-justo,calculadora de preço justo (Bazin e Graham),/dividendos-o-que-sao-dividend-yield/,Dividendos: o que são e como calcular o dividend yield,6,,calculadora de preço justo (Bazin e Graham)
ferramenta,(nova página) preco-justo,calculadora de preço justo (Bazin e Graham),/como-viver-de-dividendos/,Quanto você realmente precisa investido para viver de dividendos no Brasil (a conta honesta),7,,calculadora de preço justo (Bazin e Graham)
ferramenta,(nova página) preco-justo,calculadora de preço justo (Bazin e Graham),/coca34-bdr-dividendo-imposto-vale-a-pena/,Vale a pena investir em BDR de dividendo como a COCA34?,8,,calculadora de preço justo (Bazin e Graham)
