url,status,final,canonical,n_canonical,canonical_ok,robots,n_meta_robots,noindex,title,title_len,n_title,desc_len,n_desc,n_h1,palavras,links_saida_conteudo,n_og_title,n_og_url,n_og_image,n_twitter_card,n_ldjson,yoast_schema,wpsso,upload_sem_fuso,html_kb,n_scripts,n_css,n_img,img_sem_dim,wpo_min,links_recebidos
https://investirecocaresocomecar.com.br/artigos/,200,https://investirecocaresocomecar.com.br/artigos/,https://investirecocaresocomecar.com.br/artigos/,1,True,"index, follow, max-image-preview:large, max-snippet:-1, max-video-preview:-1",1,False,Artigos - Investir e Coçar,26,1,0,0,0,76,3,1,1,1,1,2,True,True,0,174.3,4,6,12,0,3,1
https://investirecocaresocomecar.com.br/como-funciona-um-fundo-imobiliario/,200,https://investirecocaresocomecar.com.br/como-funciona-um-fundo-imobiliario/,https://investirecocaresocomecar.com.br/como-funciona-um-fundo-imobiliario/,1,True,"index, follow, max-image-preview:large, max-snippet:-1, max-video-preview:-1",1,False,Como funciona um fundo imobiliário? Entenda agora - Investir e Coçar,68,1,159,1,0,2259,1,1,1,1,1,3,True,True,0,123.6,3,9,2,0,3,0
https://investirecocaresocomecar.com.br/como-funciona-um-fundo-imobiliario-entenda-agora/,200,https://investirecocaresocomecar.com.br/como-funciona-um-fundo-imobiliario-entenda-agora/,https://investirecocaresocomecar.com.br/como-funciona-um-fundo-imobiliario-entenda-agora/,1,True,"index, follow, max-image-preview:large, max-snippet:-1, max-video-preview:-1",1,False,Como funciona um fundo imobiliário? Entenda agora - Investir e Coçar,68,1,159,1,0,2248,1,1,1,1,1,3,True,True,0,124.1,3,9,2,0,3,0
https://investirecocaresocomecar.com.br/qual-o-preco-justo-da-itsa4-analise-completa-hoje/,200,https://investirecocaresocomecar.com.br/qual-o-preco-justo-da-itsa4-analise-completa-hoje/,https://investirecocaresocomecar.com.br/qual-o-preco-justo-da-itsa4-analise-completa-hoje/,1,True,"index, follow, max-image-preview:large, max-snippet:-1, max-video-preview:-1",1,False,Qual o preço justo da ITSA4? Análise completa hoje,50,1,164,1,0,2059,1,1,1,1,1,3,True,True,0,121.4,3,9,1,0,3,0
https://investirecocaresocomecar.com.br/brasil-posto-gasolina-china-petroleo-exportacao-2026/,200,https://investirecocaresocomecar.com.br/brasil-posto-gasolina-china-petroleo-exportacao-2026/,https://investirecocaresocomecar.com.br/brasil-posto-gasolina-china-petroleo-exportacao-2026/,1,True,"index, follow, max-image-preview:large, max-snippet:-1, max-video-preview:-1",1,False,Brasil virou o posto de gasolina da China: o que o superávit de R$70 bilhões significa para seus investimentos - Investir e Coçar,129,1,150,1,1,1705,0,1,1,1,1,4,True,True,0,153.2,7,9,5,0,3,0
https://investirecocaresocomecar.com.br/dolar-abaixo-r5-carry-trade-brasil-2026/,200,https://investirecocaresocomecar.com.br/dolar-abaixo-r5-carry-trade-brasil-2026/,https://investirecocaresocomecar.com.br/dolar-abaixo-r5-carry-trade-brasil-2026/,1,True,"index, follow, max-image-preview:large, max-snippet:-1, max-video-preview:-1",1,False,Dólar abaixo de R$5: por que o gringo entrou de vez no Brasil e o que fazer com seus investimentos - Investir e Coçar,117,1,152,1,1,2086,0,1,1,1,1,3,True,True,0,164.5,7,9,8,3,3,0
https://investirecocaresocomecar.com.br/fmi-eleva-pib-brasil-2026-guerra-golfo-petroleo/,200,https://investirecocaresocomecar.com.br/fmi-eleva-pib-brasil-2026-guerra-golfo-petroleo/,https://investirecocaresocomecar.com.br/fmi-eleva-pib-brasil-2026-guerra-golfo-petroleo/,1,True,"index, follow, max-image-preview:large, max-snippet:-1, max-video-preview:-1",1,False,FMI elevou o PIB do Brasil para 2026 - mas o motor é uma guerra que pode acabar amanhã - Investir e Coçar,105,1,109,1,1,2093,0,1,1,0,1,3,True,True,0,152.9,7,9,5,0,3,0
https://investirecocaresocomecar.com.br/7-acoes-com-vantagem-competitiva-para-investir-na-b3-em-2025-moat/,200,https://investirecocaresocomecar.com.br/7-acoes-com-vantagem-competitiva-para-investir-na-b3-em-2025-moat/,https://investirecocaresocomecar.com.br/7-acoes-com-vantagem-competitiva-para-investir-na-b3-em-2025-moat/,1,True,"index, follow, max-image-preview:large, max-snippet:-1, max-video-preview:-1",1,False,7 Ações com Vantagem Competitiva para Investir na B3 em 2026 (MOAT) - Investir e Coçar,86,1,168,1,1,2909,0,1,1,1,1,4,True,True,0,176.9,7,9,6,1,3,0
https://investirecocaresocomecar.com.br/qual-o-melhor-etf-do-momento-descubra-agora/,200,https://investirecocaresocomecar.com.br/qual-o-melhor-etf-do-momento-descubra-agora/,https://investirecocaresocomecar.com.br/qual-o-melhor-etf-do-momento-descubra-agora/,1,True,"index, follow, max-image-preview:large, max-snippet:-1, max-video-preview:-1",1,False,Qual o melhor ETF do momento? Descubra agora,44,1,158,1,1,1780,0,1,1,1,1,3,True,True,0,148.2,7,9,7,0,3,0
https://investirecocaresocomecar.com.br/qual-a-melhor-etf-para-investir-guia-completo-2024/,200,https://investirecocaresocomecar.com.br/qual-a-melhor-etf-para-investir-guia-completo-2024/,https://investirecocaresocomecar.com.br/qual-a-melhor-etf-para-investir-guia-completo-2024/,1,True,"index, follow, max-image-preview:large, max-snippet:-1, max-video-preview:-1",1,False,Qual a melhor ETF para investir? Guia completo 2024,51,1,162,1,1,2434,0,1,1,1,1,3,True,True,0,153.6,7,9,7,0,3,0
https://investirecocaresocomecar.com.br/ozempic-nao-funciona-stanford-glp1-investimentos/,200,https://investirecocaresocomecar.com.br/ozempic-nao-funciona-stanford-glp1-investimentos/,https://investirecocaresocomecar.com.br/ozempic-nao-funciona-stanford-glp1-investimentos/,1,True,"index, follow, max-image-preview:large, max-snippet:-1, max-video-preview:-1",1,False,Ozempic não funciona pra 10% da população: Stanford derruba a tese e o que isso significa para seus investimentos - Investir e Coçar,132,1,152,1,1,1529,0,1,1,1,1,3,True,True,0,156.4,7,9,7,2,3,0
https://investirecocaresocomecar.com.br/ipo-spacex-2026-guia-completo-investidor-brasileiro/,200,https://investirecocaresocomecar.com.br/ipo-spacex-2026-guia-completo-investidor-brasileiro/,https://investirecocaresocomecar.com.br/ipo-spacex-2026-guia-completo-investidor-brasileiro/,1,True,"index, follow, max-image-preview:large, max-snippet:-1, max-video-preview:-1",1,False,IPO da SpaceX 2026: Vale US$ 2 Trilhões? Guia Completo para o Investidor Brasileiro - Investir e Coçar,102,1,155,1,1,1491,0,1,1,1,1,4,True,True,0,165.9,7,9,9,0,3,0
https://investirecocaresocomecar.com.br/sp-500-quanto-paga-de-dividendos-guia-completo/,200,https://investirecocaresocomecar.com.br/sp-500-quanto-paga-de-dividendos-guia-completo/,https://investirecocaresocomecar.com.br/sp-500-quanto-paga-de-dividendos-guia-completo/,1,True,"index, follow, max-image-preview:large, max-snippet:-1, max-video-preview:-1",1,False,S&P 500 paga dividendos? Quanto rende e como receber no Brasil | Investir e Coçar,81,1,136,1,1,2385,0,1,1,1,1,3,True,True,0,152.5,7,9,7,0,3,0
https://investirecocaresocomecar.com.br/o-que-e-reit/,200,https://investirecocaresocomecar.com.br/o-que-e-reit/,https://investirecocaresocomecar.com.br/o-que-e-reit/,1,True,"index, follow, max-image-preview:large, max-snippet:-1, max-video-preview:-1",1,False,O que é REIT? O FII americano explicado - Investir e Coçar,58,1,155,1,1,938,3,1,1,1,1,5,True,True,0,145.8,7,9,5,0,3,1
https://investirecocaresocomecar.com.br/o-que-e-ifix/,200,https://investirecocaresocomecar.com.br/o-que-e-ifix/,https://investirecocaresocomecar.com.br/o-que-e-ifix/,1,True,"index, follow, max-image-preview:large, max-snippet:-1, max-video-preview:-1",1,False,"O que é IFIX? Definição, como funciona e exemplos práticos - Investir e Coçar",77,1,132,1,1,1285,3,1,1,1,1,5,True,True,0,147.4,7,9,5,0,3,1
https://investirecocaresocomecar.com.br/fii-papel-vs-tijolo/,200,https://investirecocaresocomecar.com.br/fii-papel-vs-tijolo/,https://investirecocaresocomecar.com.br/fii-papel-vs-tijolo/,1,True,"index, follow, max-image-preview:large, max-snippet:-1, max-video-preview:-1",1,False,"O que é FII de Papel vs Tijolo? Definição, como funciona e exemplos práticos - Investir e Coçar",95,1,150,1,1,1266,0,1,1,0,1,4,True,True,0,140.4,7,9,5,0,3,0
https://investirecocaresocomecar.com.br/fundos-imobiliarios-o-que-sao-fiis/,200,https://investirecocaresocomecar.com.br/fundos-imobiliarios-o-que-sao-fiis/,https://investirecocaresocomecar.com.br/fundos-imobiliarios-o-que-sao-fiis/,1,True,"index, follow, max-image-preview:large, max-snippet:-1, max-video-preview:-1",1,False,Fundos Imobiliários (FIIs): Guia Completo para Iniciantes - Investir e Coçar,76,1,149,1,1,1849,0,1,1,1,1,3,True,True,0,156.4,7,9,5,0,3,0
https://investirecocaresocomecar.com.br/o-que-e-gestao-passiva/,200,https://investirecocaresocomecar.com.br/o-que-e-gestao-passiva/,https://investirecocaresocomecar.com.br/o-que-e-gestao-passiva/,1,True,"index, follow, max-image-preview:large, max-snippet:-1, max-video-preview:-1",1,False,O que é Gestão Passiva? ETFs vs Fundos Ativos - Investir e Coçar,64,1,148,1,1,920,4,1,1,1,1,5,True,True,0,145.6,7,9,5,0,3,4
https://investirecocaresocomecar.com.br/o-que-e-ivvb11/,200,https://investirecocaresocomecar.com.br/o-que-e-ivvb11/,https://investirecocaresocomecar.com.br/o-que-e-ivvb11/,1,True,"index, follow, max-image-preview:large, max-snippet:-1, max-video-preview:-1",1,False,O que é IVVB11? ETF do S&P 500 no Brasil explicado - Investir e Coçar,69,1,153,1,1,977,3,1,1,1,1,5,True,True,0,144.9,7,9,5,0,3,2
https://investirecocaresocomecar.com.br/o-que-e-bova11/,200,https://investirecocaresocomecar.com.br/o-que-e-bova11/,https://investirecocaresocomecar.com.br/o-que-e-bova11/,1,True,"index, follow, max-image-preview:large, max-snippet:-1, max-video-preview:-1",1,False,O que é BOVA11? ETF do Ibovespa explicado - Investir e Coçar,60,1,139,1,1,1007,4,1,1,1,1,5,True,True,0,145.1,7,9,5,0,3,4
https://investirecocaresocomecar.com.br/ivvb11-ou-bova11-qual-e-melhor/,200,https://investirecocaresocomecar.com.br/ivvb11-ou-bova11-qual-e-melhor/,https://investirecocaresocomecar.com.br/ivvb11-ou-bova11-qual-e-melhor/,1,True,"index, follow, max-image-preview:large, max-snippet:-1, max-video-preview:-1",1,False,IVVB11 ou BOVA11: Qual é Melhor para o Investidor Brasileiro? - Investir e Coçar,80,1,155,1,1,1024,0,1,1,1,1,3,True,True,0,142.5,7,9,5,0,3,0
https://investirecocaresocomecar.com.br/ivvb11-vale-a-pena-analise/,200,https://investirecocaresocomecar.com.br/ivvb11-vale-a-pena-analise/,https://investirecocaresocomecar.com.br/ivvb11-vale-a-pena-analise/,1,True,"index, follow, max-image-preview:large, max-snippet:-1, max-video-preview:-1",1,False,IVVB11: Vale a Pena em 2026? Análise Completa do ETF do S&P 500 - Investir e Coçar,82,1,151,1,1,903,0,1,1,1,1,3,True,True,0,141.2,7,9,5,0,3,1
https://investirecocaresocomecar.com.br/etfs-dividendos-mensais-b3-2026/,200,https://investirecocaresocomecar.com.br/etfs-dividendos-mensais-b3-2026/,https://investirecocaresocomecar.com.br/etfs-dividendos-mensais-b3-2026/,1,True,"index, follow, max-image-preview:large, max-snippet:-1, max-video-preview:-1",1,False,"ETFs que Pagam Dividendos Mensais na B3 em 2026: JEPI39, JEPQ39 e Mais - Investir e Coçar",89,1,153,1,1,300,0,1,1,1,1,4,True,True,0,136.2,7,9,5,0,3,1
https://investirecocaresocomecar.com.br/o-que-e-blockchain/,200,https://investirecocaresocomecar.com.br/o-que-e-blockchain/,https://investirecocaresocomecar.com.br/o-que-e-blockchain/,1,True,"index, follow, max-image-preview:large, max-snippet:-1, max-video-preview:-1",1,False,O que é Blockchain? Como funciona a tecnologia por trás do Bitcoin - Investir e Coçar,85,1,152,1,1,988,2,1,1,1,1,5,True,True,0,146.6,7,9,5,0,3,3
https://investirecocaresocomecar.com.br/o-que-e-stablecoin/,200,https://investirecocaresocomecar.com.br/o-que-e-stablecoin/,https://investirecocaresocomecar.com.br/o-que-e-stablecoin/,1,True,"index, follow, max-image-preview:large, max-snippet:-1, max-video-preview:-1",1,False,"O que é Stablecoin? USDT, USDC e como funcionam - Investir e Coçar",66,1,153,1,1,964,3,1,1,1,1,5,True,True,0,145.9,7,9,5,0,3,2
https://investirecocaresocomecar.com.br/o-que-e-bitcoin/,200,https://investirecocaresocomecar.com.br/o-que-e-bitcoin/,https://investirecocaresocomecar.com.br/o-que-e-bitcoin/,1,True,"index, follow, max-image-preview:large, max-snippet:-1, max-video-preview:-1",1,False,O que é Bitcoin? Como funciona e como investir no Brasil - Investir e Coçar,75,1,155,1,1,1155,3,1,1,1,1,5,True,True,0,146.2,7,9,5,0,3,3
https://investirecocaresocomecar.com.br/o-que-e-halving-bitcoin/,200,https://investirecocaresocomecar.com.br/o-que-e-halving-bitcoin/,https://investirecocaresocomecar.com.br/o-que-e-halving-bitcoin/,1,True,"index, follow, max-image-preview:large, max-snippet:-1, max-video-preview:-1",1,False,O que é Halving do Bitcoin? O evento que muda tudo - Investir e Coçar,69,1,147,1,1,998,2,1,1,1,1,5,True,True,0,145.2,7,9,5,0,3,1
https://investirecocaresocomecar.com.br/o-que-e-taxa-de-cambio/,200,https://investirecocaresocomecar.com.br/o-que-e-taxa-de-cambio/,https://investirecocaresocomecar.com.br/o-que-e-taxa-de-cambio/,1,True,"index, follow, max-image-preview:large, max-snippet:-1, max-video-preview:-1",1,False,"O que é Taxa de Câmbio? Dólar, PTAX e como afeta seus investimentos - Investir e Coçar",86,1,148,1,1,1149,4,1,1,1,1,5,True,True,0,147.6,7,9,5,0,3,8
https://investirecocaresocomecar.com.br/o-que-e-inflacao/,200,https://investirecocaresocomecar.com.br/o-que-e-inflacao/,https://investirecocaresocomecar.com.br/o-que-e-inflacao/,1,True,"index, follow, max-image-preview:large, max-snippet:-1, max-video-preview:-1",1,False,"O que é Inflação? IPCA, IGP-M e impacto nos investimentos - Investir e Coçar",76,1,142,1,1,1035,4,1,1,1,1,5,True,True,0,146.0,7,9,5,0,3,6
https://investirecocaresocomecar.com.br/o-que-e-igpm/,200,https://investirecocaresocomecar.com.br/o-que-e-igpm/,https://investirecocaresocomecar.com.br/o-que-e-igpm/,1,True,"index, follow, max-image-preview:large, max-snippet:-1, max-video-preview:-1",1,False,"O que é IGP-M? Definição, como funciona e exemplos práticos - Investir e Coçar",78,1,151,1,1,1378,3,1,1,1,1,5,True,True,0,148.0,7,9,5,0,3,2
https://investirecocaresocomecar.com.br/o-que-e-ipca/,200,https://investirecocaresocomecar.com.br/o-que-e-ipca/,https://investirecocaresocomecar.com.br/o-que-e-ipca/,1,True,"index, follow, max-image-preview:large, max-snippet:-1, max-video-preview:-1",1,False,"O que é IPCA? Definição, como funciona e exemplos práticos - Investir e Coçar",77,1,150,1,1,1302,4,1,1,1,1,5,True,True,0,147.5,7,9,5,0,3,4
https://investirecocaresocomecar.com.br/o-que-e-selic/,200,https://investirecocaresocomecar.com.br/o-que-e-selic/,https://investirecocaresocomecar.com.br/o-que-e-selic/,1,True,"index, follow, max-image-preview:large, max-snippet:-1, max-video-preview:-1",1,False,"O que é SELIC? Definição, como funciona e exemplos práticos - Investir e Coçar",78,1,151,1,1,1454,4,1,1,1,1,5,True,True,0,144.0,7,9,5,0,3,8
https://investirecocaresocomecar.com.br/o-que-e-cdi-investimentos/,200,https://investirecocaresocomecar.com.br/o-que-e-cdi-investimentos/,https://investirecocaresocomecar.com.br/o-que-e-cdi-investimentos/,1,True,"index, follow, max-image-preview:large, max-snippet:-1, max-video-preview:-1",1,False,O que é CDI e Como Ele Afeta Seus Investimentos - Investir e Coçar,66,1,150,1,1,1013,3,1,1,1,1,4,True,True,0,150.8,7,9,5,0,3,4
https://investirecocaresocomecar.com.br/calculadora-cdi/,200,https://investirecocaresocomecar.com.br/calculadora-cdi/,https://investirecocaresocomecar.com.br/calculadora-cdi/,1,True,"index, follow, max-image-preview:large, max-snippet:-1, max-video-preview:-1",1,False,Calculadora CDI: Simule Quanto Rende seu Investimento no CDI - Investir e Coçar,79,1,148,1,1,805,0,1,1,1,1,3,True,True,0,143.7,7,9,5,0,3,1
https://investirecocaresocomecar.com.br/o-que-e-fgc/,200,https://investirecocaresocomecar.com.br/o-que-e-fgc/,https://investirecocaresocomecar.com.br/o-que-e-fgc/,1,True,"index, follow, max-image-preview:large, max-snippet:-1, max-video-preview:-1",1,False,O que é FGC? O seguro que protege seu dinheiro no banco - Investir e Coçar,74,1,153,1,1,899,4,1,1,1,1,5,True,True,0,145.2,7,9,5,0,3,6
https://investirecocaresocomecar.com.br/o-que-e-debenture/,200,https://investirecocaresocomecar.com.br/o-que-e-debenture/,https://investirecocaresocomecar.com.br/o-que-e-debenture/,1,True,"index, follow, max-image-preview:large, max-snippet:-1, max-video-preview:-1",1,False,"O que é Debênture? Definição, como funciona e exemplos práticos - Investir e Coçar",82,1,137,1,1,1177,3,1,1,1,1,5,True,True,0,148.6,7,9,5,0,3,2
https://investirecocaresocomecar.com.br/o-que-e-tesouro-direto/,200,https://investirecocaresocomecar.com.br/o-que-e-tesouro-direto/,https://investirecocaresocomecar.com.br/o-que-e-tesouro-direto/,1,True,"index, follow, max-image-preview:large, max-snippet:-1, max-video-preview:-1",1,False,"O que é Tesouro Direto? Definição, como funciona e exemplos práticos - Investir e Coçar",87,1,149,1,1,1319,4,1,1,1,1,5,True,True,0,148.9,7,9,5,0,3,6
https://investirecocaresocomecar.com.br/o-que-e-lca/,200,https://investirecocaresocomecar.com.br/o-que-e-lca/,https://investirecocaresocomecar.com.br/o-que-e-lca/,1,True,"index, follow, max-image-preview:large, max-snippet:-1, max-video-preview:-1",1,False,"O que é LCA? Definição, como funciona e exemplos práticos - Investir e Coçar",76,1,149,1,1,1252,4,1,1,1,1,5,True,True,0,146.9,7,9,5,0,3,3
https://investirecocaresocomecar.com.br/o-que-e-lci/,200,https://investirecocaresocomecar.com.br/o-que-e-lci/,https://investirecocaresocomecar.com.br/o-que-e-lci/,1,True,"index, follow, max-image-preview:large, max-snippet:-1, max-video-preview:-1",1,False,"O que é LCI? Definição, como funciona e exemplos práticos - Investir e Coçar",76,1,149,1,1,1266,4,1,1,1,1,5,True,True,0,147.8,7,9,5,0,3,3
https://investirecocaresocomecar.com.br/o-que-e-cdb/,200,https://investirecocaresocomecar.com.br/o-que-e-cdb/,https://investirecocaresocomecar.com.br/o-que-e-cdb/,1,True,"index, follow, max-image-preview:large, max-snippet:-1, max-video-preview:-1",1,False,"O que é CDB? Definição, como funciona e exemplos práticos - Investir e Coçar",76,1,149,1,1,1294,5,1,1,1,1,5,True,True,0,147.4,7,9,5,0,3,6
https://investirecocaresocomecar.com.br/lci-lca-investimento-isento-ir/,200,https://investirecocaresocomecar.com.br/lci-lca-investimento-isento-ir/,https://investirecocaresocomecar.com.br/lci-lca-investimento-isento-ir/,1,True,"index, follow, max-image-preview:large, max-snippet:-1, max-video-preview:-1",1,False,LCI e LCA: o Investimento Isento de IR que Poucos Conhecem - Investir e Coçar,77,1,152,1,1,1878,0,1,1,1,1,3,True,True,0,153.6,7,9,5,0,3,0
https://investirecocaresocomecar.com.br/cdb-vs-lci-lca-tabela-taxas-equivalentes-calculadora/,200,https://investirecocaresocomecar.com.br/cdb-vs-lci-lca-tabela-taxas-equivalentes-calculadora/,https://investirecocaresocomecar.com.br/cdb-vs-lci-lca-tabela-taxas-equivalentes-calculadora/,1,True,"index, follow, max-image-preview:large, max-snippet:-1, max-video-preview:-1",1,False,CDB vs LCI e LCA: Tabela de Taxas Equivalentes + Calculadora - Investir e Coçar,79,1,153,1,1,1223,0,1,1,1,1,3,True,True,0,157.3,7,9,5,0,3,0
https://investirecocaresocomecar.com.br/cdb-ou-tesouro-direto-qual-rende-mais/,200,https://investirecocaresocomecar.com.br/cdb-ou-tesouro-direto-qual-rende-mais/,https://investirecocaresocomecar.com.br/cdb-ou-tesouro-direto-qual-rende-mais/,1,True,"index, follow, max-image-preview:large, max-snippet:-1, max-video-preview:-1",1,False,CDB ou Tesouro Direto: a resposta certa depende de uma data que a maioria ignora - Investir e Coçar,99,1,149,1,1,1106,0,1,1,1,1,3,True,True,0,149.9,7,9,5,0,3,0
https://investirecocaresocomecar.com.br/lci-lca-ainda-valem-a-pena-2026/,200,https://investirecocaresocomecar.com.br/lci-lca-ainda-valem-a-pena-2026/,https://investirecocaresocomecar.com.br/lci-lca-ainda-valem-a-pena-2026/,1,True,"index, follow, max-image-preview:large, max-snippet:-1, max-video-preview:-1",1,False,A conta que ninguém faz: LCI e LCA ainda valem a pena depois da mudança do IR? - Investir e Coçar,97,1,150,1,1,1056,0,1,1,1,1,3,True,True,0,142.6,7,9,5,0,3,0
https://investirecocaresocomecar.com.br/cdb-tesouro-direto-ou-poupanca-qual-rende-mais/,200,https://investirecocaresocomecar.com.br/cdb-tesouro-direto-ou-poupanca-qual-rende-mais/,https://investirecocaresocomecar.com.br/cdb-tesouro-direto-ou-poupanca-qual-rende-mais/,1,True,"index, follow, max-image-preview:large, max-snippet:-1, max-video-preview:-1",1,False,"CDB, Tesouro Direto ou Poupança: Qual Rende Mais em 2026? - Investir e Coçar",76,1,150,1,1,859,0,1,1,1,1,3,True,True,0,142.1,7,9,5,0,3,0
https://investirecocaresocomecar.com.br/calculadora-lca/,200,https://investirecocaresocomecar.com.br/calculadora-lca/,https://investirecocaresocomecar.com.br/calculadora-lca/,1,True,"index, follow, max-image-preview:large, max-snippet:-1, max-video-preview:-1",1,False,Calculadora LCA: Converta LCA para CDB Equivalente e Compare Rentabilidade - Investir e Coçar,93,1,152,1,1,704,0,1,1,1,1,3,True,True,0,141.8,7,9,5,0,3,0
https://investirecocaresocomecar.com.br/calculadora-lci/,200,https://investirecocaresocomecar.com.br/calculadora-lci/,https://investirecocaresocomecar.com.br/calculadora-lci/,1,True,"index, follow, max-image-preview:large, max-snippet:-1, max-video-preview:-1",1,False,Calculadora LCI: Converta LCI para CDB Equivalente e Compare Rentabilidade - Investir e Coçar,93,1,152,1,1,768,0,1,1,1,1,3,True,True,0,142.3,7,9,5,0,3,0
https://investirecocaresocomecar.com.br/o-que-e-cri/,200,https://investirecocaresocomecar.com.br/o-que-e-cri/,https://investirecocaresocomecar.com.br/o-que-e-cri/,1,True,"index, follow, max-image-preview:large, max-snippet:-1, max-video-preview:-1",1,False,"O que é CRI? Definição, como funciona e exemplos práticos - Investir e Coçar",76,1,131,1,1,1301,2,1,1,1,1,5,True,True,0,147.5,7,9,5,0,3,2
https://investirecocaresocomecar.com.br/o-que-e-cra/,200,https://investirecocaresocomecar.com.br/o-que-e-cra/,https://investirecocaresocomecar.com.br/o-que-e-cra/,1,True,"index, follow, max-image-preview:large, max-snippet:-1, max-video-preview:-1",1,False,"O que é CRA? Definição, como funciona e exemplos práticos - Investir e Coçar",76,1,131,1,1,1223,2,1,1,1,1,5,True,True,0,148.0,7,9,5,0,3,2
https://investirecocaresocomecar.com.br/ir-sobre-investimentos/,200,https://investirecocaresocomecar.com.br/ir-sobre-investimentos/,https://investirecocaresocomecar.com.br/ir-sobre-investimentos/,1,True,"index, follow, max-image-preview:large, max-snippet:-1, max-video-preview:-1",1,False,IR sobre Investimentos: tabela completa por tipo de ativo - Investir e Coçar,76,1,154,1,1,1146,0,1,1,1,1,4,True,True,0,146.0,7,9,5,0,3,0
https://investirecocaresocomecar.com.br/o-que-e-reserva-emergencia/,200,https://investirecocaresocomecar.com.br/o-que-e-reserva-emergencia/,https://investirecocaresocomecar.com.br/o-que-e-reserva-emergencia/,1,True,"index, follow, max-image-preview:large, max-snippet:-1, max-video-preview:-1",1,False,"O que é Reserva de Emergência? Definição, como funciona e exemplos práticos - Investir e Coçar",94,1,149,1,1,1425,4,1,1,1,1,5,True,True,0,149.8,7,9,5,0,3,2
https://investirecocaresocomecar.com.br/como-montar-reserva-emergencia/,200,https://investirecocaresocomecar.com.br/como-montar-reserva-emergencia/,https://investirecocaresocomecar.com.br/como-montar-reserva-emergencia/,1,True,"index, follow, max-image-preview:large, max-snippet:-1, max-video-preview:-1",1,False,Você está guardando dinheiro errado: o erro que 9 em cada 10 brasileiros cometem na reserva de emergência - Investir e Coçar,124,1,151,1,1,1905,0,1,1,1,1,3,True,True,0,157.8,7,9,5,0,3,0
https://investirecocaresocomecar.com.br/como-declarar-bdrs-imposto-de-renda-2026/,200,https://investirecocaresocomecar.com.br/como-declarar-bdrs-imposto-de-renda-2026/,https://investirecocaresocomecar.com.br/como-declarar-bdrs-imposto-de-renda-2026/,1,True,"index, follow, max-image-preview:large, max-snippet:-1, max-video-preview:-1",1,False,Como Declarar BDRs no Imposto de Renda 2026: Guia Completo - Investir e Coçar,77,1,153,1,1,1184,0,1,1,1,1,3,True,True,0,142.5,7,9,5,0,3,2
https://investirecocaresocomecar.com.br/aura-minerals-aura33-vale-a-pena-investir-turnaround/,200,https://investirecocaresocomecar.com.br/aura-minerals-aura33-vale-a-pena-investir-turnaround/,https://investirecocaresocomecar.com.br/aura-minerals-aura33-vale-a-pena-investir-turnaround/,1,True,"index, follow, max-image-preview:large, max-snippet:-1, max-video-preview:-1",1,False,Aura Minerals (AURA33): Vale a Pena Investir no Turnaround que o Mercado Ignorou? - Investir e Coçar,100,1,151,1,1,2017,0,1,1,0,1,3,True,True,0,148.6,7,9,8,3,3,0
https://investirecocaresocomecar.com.br/o-que-e-home-broker/,200,https://investirecocaresocomecar.com.br/o-que-e-home-broker/,https://investirecocaresocomecar.com.br/o-que-e-home-broker/,1,True,"index, follow, max-image-preview:large, max-snippet:-1, max-video-preview:-1",1,False,O que é Home Broker? Como comprar ações pela internet - Investir e Coçar,72,1,153,1,1,1002,4,1,1,1,1,5,True,True,0,147.0,7,9,5,0,3,1
https://investirecocaresocomecar.com.br/o-que-e-circuit-breaker/,200,https://investirecocaresocomecar.com.br/o-que-e-circuit-breaker/,https://investirecocaresocomecar.com.br/o-que-e-circuit-breaker/,1,True,"index, follow, max-image-preview:large, max-snippet:-1, max-video-preview:-1",1,False,O que é Circuit Breaker na bolsa? Como funciona - Investir e Coçar,66,1,154,1,1,904,3,1,1,1,1,5,True,True,0,145.0,7,9,5,0,3,4
https://investirecocaresocomecar.com.br/o-que-e-proventos/,200,https://investirecocaresocomecar.com.br/o-que-e-proventos/,https://investirecocaresocomecar.com.br/o-que-e-proventos/,1,True,"index, follow, max-image-preview:large, max-snippet:-1, max-video-preview:-1",1,False,"O que são Proventos? Dividendos, JCP e como funcionam - Investir e Coçar",72,1,155,1,1,1245,4,1,1,1,1,5,True,True,0,148.0,7,9,5,0,3,4
https://investirecocaresocomecar.com.br/o-que-e-stop-loss/,200,https://investirecocaresocomecar.com.br/o-que-e-stop-loss/,https://investirecocaresocomecar.com.br/o-que-e-stop-loss/,1,True,"index, follow, max-image-preview:large, max-snippet:-1, max-video-preview:-1",1,False,"O que é Stop Loss? Definição, como funciona e exemplos práticos - Investir e Coçar",82,1,137,1,1,1336,3,1,1,1,1,5,True,True,0,148.5,7,9,5,0,3,3
https://investirecocaresocomecar.com.br/o-que-e-day-trade/,200,https://investirecocaresocomecar.com.br/o-que-e-day-trade/,https://investirecocaresocomecar.com.br/o-que-e-day-trade/,1,True,"index, follow, max-image-preview:large, max-snippet:-1, max-video-preview:-1",1,False,"O que é Day Trade? Definição, como funciona e exemplos práticos - Investir e Coçar",82,1,137,1,1,1364,4,1,1,1,1,5,True,True,0,148.6,7,9,5,0,3,3
https://investirecocaresocomecar.com.br/o-que-e-free-float/,200,https://investirecocaresocomecar.com.br/o-que-e-free-float/,https://investirecocaresocomecar.com.br/o-que-e-free-float/,1,True,"index, follow, max-image-preview:large, max-snippet:-1, max-video-preview:-1",1,False,"O que é Free Float? Definição, como funciona e exemplos práticos - Investir e Coçar",83,1,138,1,1,1390,3,1,1,1,1,5,True,True,0,149.3,7,9,5,0,3,2
https://investirecocaresocomecar.com.br/o-que-e-split-acoes/,200,https://investirecocaresocomecar.com.br/o-que-e-split-acoes/,https://investirecocaresocomecar.com.br/o-que-e-split-acoes/,1,True,"index, follow, max-image-preview:large, max-snippet:-1, max-video-preview:-1",1,False,"O que é Split de Ações? Definição, como funciona e exemplos práticos - Investir e Coçar",87,1,142,1,1,1335,3,1,1,1,1,5,True,True,0,148.5,7,9,5,0,3,0
https://investirecocaresocomecar.com.br/o-que-e-blue-chip/,200,https://investirecocaresocomecar.com.br/o-que-e-blue-chip/,https://investirecocaresocomecar.com.br/o-que-e-blue-chip/,1,True,"index, follow, max-image-preview:large, max-snippet:-1, max-video-preview:-1",1,False,"O que é Blue Chip? Definição, como funciona e exemplos práticos - Investir e Coçar",82,1,137,1,1,1330,4,1,1,1,1,5,True,True,0,150.6,7,10,5,0,3,6
https://investirecocaresocomecar.com.br/o-que-e-small-cap/,200,https://investirecocaresocomecar.com.br/o-que-e-small-cap/,https://investirecocaresocomecar.com.br/o-que-e-small-cap/,1,True,"index, follow, max-image-preview:large, max-snippet:-1, max-video-preview:-1",1,False,"O que é Small Cap? Definição, como funciona e exemplos práticos - Investir e Coçar",82,1,137,1,1,1291,3,1,1,1,1,5,True,True,0,148.2,7,9,5,0,3,3
https://investirecocaresocomecar.com.br/o-que-e-market-cap/,200,https://investirecocaresocomecar.com.br/o-que-e-market-cap/,https://investirecocaresocomecar.com.br/o-que-e-market-cap/,1,True,"index, follow, max-image-preview:large, max-snippet:-1, max-video-preview:-1",1,False,"O que é Market Cap? Definição, como funciona e exemplos práticos - Investir e Coçar",83,1,138,1,1,1336,4,1,1,1,1,5,True,True,0,148.4,7,9,5,0,3,5
https://investirecocaresocomecar.com.br/o-que-e-value-investing/,200,https://investirecocaresocomecar.com.br/o-que-e-value-investing/,https://investirecocaresocomecar.com.br/o-que-e-value-investing/,1,True,"index, follow, max-image-preview:large, max-snippet:-1, max-video-preview:-1",1,False,"O que é Value Investing? Definição, como funciona e exemplos práticos - Investir e Coçar",88,1,143,1,1,1299,4,1,1,1,1,5,True,True,0,148.7,7,9,5,0,3,5
https://investirecocaresocomecar.com.br/o-que-e-buy-and-hold/,200,https://investirecocaresocomecar.com.br/o-que-e-buy-and-hold/,https://investirecocaresocomecar.com.br/o-que-e-buy-and-hold/,1,True,"index, follow, max-image-preview:large, max-snippet:-1, max-video-preview:-1",1,False,"O que é Buy and Hold? Definição, como funciona e exemplos práticos - Investir e Coçar",85,1,140,1,1,1255,4,1,1,1,1,5,True,True,0,149.2,7,9,5,0,3,2
https://investirecocaresocomecar.com.br/o-que-e-volatilidade/,200,https://investirecocaresocomecar.com.br/o-que-e-volatilidade/,https://investirecocaresocomecar.com.br/o-que-e-volatilidade/,1,True,"index, follow, max-image-preview:large, max-snippet:-1, max-video-preview:-1",1,False,"O que é Volatilidade? Definição, como funciona e exemplos práticos - Investir e Coçar",85,1,140,1,1,1399,4,1,1,1,1,5,True,True,0,149.9,7,9,5,0,3,4
https://investirecocaresocomecar.com.br/o-que-e-liquidez/,200,https://investirecocaresocomecar.com.br/o-que-e-liquidez/,https://investirecocaresocomecar.com.br/o-que-e-liquidez/,1,True,"index, follow, max-image-preview:large, max-snippet:-1, max-video-preview:-1",1,False,"O que é Liquidez? Definição, como funciona e exemplos práticos - Investir e Coçar",81,1,136,1,1,1306,4,1,1,1,1,5,True,True,0,148.6,7,9,5,0,3,4
https://investirecocaresocomecar.com.br/o-que-e-jcp/,200,https://investirecocaresocomecar.com.br/o-que-e-jcp/,https://investirecocaresocomecar.com.br/o-que-e-jcp/,1,True,"index, follow, max-image-preview:large, max-snippet:-1, max-video-preview:-1",1,False,"O que é JCP? Definição, como funciona e exemplos práticos - Investir e Coçar",76,1,131,1,1,1266,3,1,1,1,1,5,True,True,0,147.7,7,9,5,0,3,2
https://investirecocaresocomecar.com.br/o-que-e-acao-on-pn/,200,https://investirecocaresocomecar.com.br/o-que-e-acao-on-pn/,https://investirecocaresocomecar.com.br/o-que-e-acao-on-pn/,1,True,"index, follow, max-image-preview:large, max-snippet:-1, max-video-preview:-1",1,False,"O que é Ação ON vs PN? Definição, como funciona e exemplos práticos - Investir e Coçar",86,1,141,1,1,1446,4,1,1,1,1,5,True,True,0,149.4,7,9,5,0,3,9
https://investirecocaresocomecar.com.br/o-que-e-ibovespa/,200,https://investirecocaresocomecar.com.br/o-que-e-ibovespa/,https://investirecocaresocomecar.com.br/o-que-e-ibovespa/,1,True,"index, follow, max-image-preview:large, max-snippet:-1, max-video-preview:-1",1,False,"O que é IBOVESPA? Definição, como funciona e exemplos práticos - Investir e Coçar",81,1,136,1,1,1268,4,1,1,1,1,5,True,True,0,147.6,7,9,5,0,3,9
https://investirecocaresocomecar.com.br/o-que-e-ebitda/,200,https://investirecocaresocomecar.com.br/o-que-e-ebitda/,https://investirecocaresocomecar.com.br/o-que-e-ebitda/,1,True,"index, follow, max-image-preview:large, max-snippet:-1, max-video-preview:-1",1,False,"O que é EBITDA? Definição, como funciona e exemplos práticos - Investir e Coçar",79,1,134,1,1,1213,3,1,1,1,1,5,True,True,0,148.7,7,9,5,0,3,3
https://investirecocaresocomecar.com.br/o-que-e-roe/,200,https://investirecocaresocomecar.com.br/o-que-e-roe/,https://investirecocaresocomecar.com.br/o-que-e-roe/,1,True,"index, follow, max-image-preview:large, max-snippet:-1, max-video-preview:-1",1,False,"O que é ROE? Definição, como funciona e exemplos práticos - Investir e Coçar",76,1,131,1,1,1222,4,1,1,1,1,5,True,True,0,147.8,7,9,5,0,3,4
https://investirecocaresocomecar.com.br/o-que-e-pvp-acoes/,200,https://investirecocaresocomecar.com.br/o-que-e-pvp-acoes/,https://investirecocaresocomecar.com.br/o-que-e-pvp-acoes/,1,True,"index, follow, max-image-preview:large, max-snippet:-1, max-video-preview:-1",1,False,"O que é P/VP? Definição, como funciona e exemplos práticos - Investir e Coçar",77,1,132,1,1,1409,3,1,1,1,1,5,True,True,0,148.7,7,9,5,0,3,3
https://investirecocaresocomecar.com.br/o-que-e-pl-acoes/,200,https://investirecocaresocomecar.com.br/o-que-e-pl-acoes/,https://investirecocaresocomecar.com.br/o-que-e-pl-acoes/,1,True,"index, follow, max-image-preview:large, max-snippet:-1, max-video-preview:-1",1,False,"O que é P/L? Definição, como funciona e exemplos práticos - Investir e Coçar",76,1,131,1,1,1409,4,1,1,1,1,5,True,True,0,148.6,7,9,5,0,3,4
https://investirecocaresocomecar.com.br/o-que-e-dividend-yield/,200,https://investirecocaresocomecar.com.br/o-que-e-dividend-yield/,https://investirecocaresocomecar.com.br/o-que-e-dividend-yield/,1,True,"index, follow, max-image-preview:large, max-snippet:-1, max-video-preview:-1",1,False,"O que é Dividend Yield? Definição, como funciona e exemplos práticos - Investir e Coçar",87,1,142,1,1,1352,4,1,1,1,1,5,True,True,0,149.0,7,9,5,0,3,6
https://investirecocaresocomecar.com.br/dividendos-o-que-sao-dividend-yield/,200,https://investirecocaresocomecar.com.br/dividendos-o-que-sao-dividend-yield/,https://investirecocaresocomecar.com.br/dividendos-o-que-sao-dividend-yield/,1,True,"index, follow, max-image-preview:large, max-snippet:-1, max-video-preview:-1",1,False,Dividendos: o que são e como calcular o dividend yield - Investir e Coçar,73,1,154,1,1,1765,0,1,1,1,1,3,True,True,0,160.6,7,9,5,0,3,1
https://investirecocaresocomecar.com.br/diferenca-acoes-on-pn-petr3-petr4-itub3-itub4/,200,https://investirecocaresocomecar.com.br/diferenca-acoes-on-pn-petr3-petr4-itub3-itub4/,https://investirecocaresocomecar.com.br/diferenca-acoes-on-pn-petr3-petr4-itub3-itub4/,1,True,"index, follow, max-image-preview:large, max-snippet:-1, max-video-preview:-1",1,False,"Diferença entre Ações ON e PN: PETR3 vs PETR4, ITUB3 vs ITUB4 - Investir e Coçar",80,1,154,1,1,1154,0,1,1,1,1,3,True,True,0,150.7,7,9,5,0,3,0
https://investirecocaresocomecar.com.br/itub3-ou-itub4-qual-e-melhor/,200,https://investirecocaresocomecar.com.br/itub3-ou-itub4-qual-e-melhor/,https://investirecocaresocomecar.com.br/itub3-ou-itub4-qual-e-melhor/,1,True,"index, follow, max-image-preview:large, max-snippet:-1, max-video-preview:-1",1,False,ITUB3 ou ITUB4: Qual é Melhor para Comprar? - Investir e Coçar,62,1,148,1,1,779,1,1,1,1,1,3,True,True,0,140.4,7,9,5,0,3,2
https://investirecocaresocomecar.com.br/sportingbet-flutter-margem-apple-como-funciona-negocio-bets/,200,https://investirecocaresocomecar.com.br/sportingbet-flutter-margem-apple-como-funciona-negocio-bets/,https://investirecocaresocomecar.com.br/sportingbet-flutter-margem-apple-como-funciona-negocio-bets/,1,True,"index, follow, max-image-preview:large, max-snippet:-1, max-video-preview:-1",1,False,A Sportingbet Tem a Mesma Margem que a Apple — e R$ 37 Bilhões de Brasileiros Explicam Por Quê - Investir e Coçar,113,1,153,1,1,1782,0,1,1,0,1,3,True,True,0,151.6,7,9,9,4,3,0
https://investirecocaresocomecar.com.br/inss-aposentadoria-abismo-708x/,200,https://investirecocaresocomecar.com.br/inss-aposentadoria-abismo-708x/,https://investirecocaresocomecar.com.br/inss-aposentadoria-abismo-708x/,1,True,"index, follow, max-image-preview:large, max-snippet:-1, max-video-preview:-1",1,False,Teto do INSS em 2026: o abismo de 708x que vai definir sua aposentadoria - Investir e Coçar,91,2,155,1,1,2112,0,1,1,1,1,4,True,True,0,157.4,6,9,8,3,3,0
https://investirecocaresocomecar.com.br/vivt3-dividendos-conta-celular-gratis-para-sempre/,200,https://investirecocaresocomecar.com.br/vivt3-dividendos-conta-celular-gratis-para-sempre/,https://investirecocaresocomecar.com.br/vivt3-dividendos-conta-celular-gratis-para-sempre/,1,True,"index, follow, max-image-preview:large, max-snippet:-1, max-video-preview:-1",1,False,"Vale a Pena Comprar VIVT3? Com R$ 18 mil, a Vivo Paga Sua Conta de Celular Para Sempre - Investir e Coçar",105,2,154,2,1,2130,0,1,1,0,1,3,True,True,0,157.1,6,9,5,0,3,0
https://investirecocaresocomecar.com.br/etfs-internacionais-b3-protecao-cambial-2026/,200,https://investirecocaresocomecar.com.br/etfs-internacionais-b3-protecao-cambial-2026/,https://investirecocaresocomecar.com.br/etfs-internacionais-b3-protecao-cambial-2026/,1,True,"index, follow, max-image-preview:large, max-snippet:-1, max-video-preview:-1",1,False,"ETFs Internacionais na B3: por que R$ 8,89 bilhões saíram do Brasil em 4 meses (e o que isso diz sobre a sua carteira) - Investir e Coçar",137,1,153,1,1,2272,0,1,1,1,1,3,True,True,0,160.5,7,9,5,0,3,2
https://investirecocaresocomecar.com.br/imovel-bom-investimento-o-que-ninguem-te-conta/,200,https://investirecocaresocomecar.com.br/imovel-bom-investimento-o-que-ninguem-te-conta/,https://investirecocaresocomecar.com.br/imovel-bom-investimento-o-que-ninguem-te-conta/,1,True,"index, follow, max-image-preview:large, max-snippet:-1, max-video-preview:-1",1,False,Imóvel é Realmente um Bom Investimento? O que o Banco Não te Conta Antes de Assinar o Contrato - Investir e Coçar,113,2,155,2,1,1999,0,1,1,1,1,4,True,True,0,160.1,6,9,9,4,3,0
https://investirecocaresocomecar.com.br/kabum-magalu-earnout-fundadores-arbitragem-35-bilhoes/,200,https://investirecocaresocomecar.com.br/kabum-magalu-earnout-fundadores-arbitragem-35-bilhoes/,https://investirecocaresocomecar.com.br/kabum-magalu-earnout-fundadores-arbitragem-35-bilhoes/,1,True,"index, follow, max-image-preview:large, max-snippet:-1, max-video-preview:-1",1,False,"KaBuM, Magalu e o Earn-out de R$ 3,5 Bilhões: Entenda a Treta que o Toguro Não Resolve - Investir e Coçar",105,1,148,1,1,857,0,1,1,1,1,3,True,True,0,142.7,7,9,8,3,3,0
https://investirecocaresocomecar.com.br/fii-ou-imovel-fisico-qual-e-melhor-investimento/,200,https://investirecocaresocomecar.com.br/fii-ou-imovel-fisico-qual-e-melhor-investimento/,https://investirecocaresocomecar.com.br/fii-ou-imovel-fisico-qual-e-melhor-investimento/,1,True,"index, follow, max-image-preview:large, max-snippet:-1, max-video-preview:-1",1,False,FII ou Imóvel Físico: a resposta que nenhum corretor vai te dar - Investir e Coçar,82,1,155,1,1,1078,0,1,1,1,1,3,True,True,0,144.0,7,9,5,0,3,0
https://investirecocaresocomecar.com.br/quanto-preciso-para-viver-de-renda-no-brasil/,200,https://investirecocaresocomecar.com.br/quanto-preciso-para-viver-de-renda-no-brasil/,https://investirecocaresocomecar.com.br/quanto-preciso-para-viver-de-renda-no-brasil/,1,True,"index, follow, max-image-preview:large, max-snippet:-1, max-video-preview:-1",1,False,Fiz a conta real: quanto você precisa para viver de renda no Brasil (é mais do que você pensa) - Investir e Coçar,113,1,144,1,1,1318,0,1,1,1,1,3,True,True,0,144.3,7,9,5,0,3,0
https://investirecocaresocomecar.com.br/como-viver-de-dividendos/,200,https://investirecocaresocomecar.com.br/como-viver-de-dividendos/,https://investirecocaresocomecar.com.br/como-viver-de-dividendos/,1,True,"index, follow, max-image-preview:large, max-snippet:-1, max-video-preview:-1",1,False,Quanto você realmente precisa investido para viver de dividendos no Brasil (a conta honesta) - Investir e Coçar,111,1,152,1,1,827,0,1,1,1,1,3,True,True,0,140.3,7,9,5,0,3,1
https://investirecocaresocomecar.com.br/renda-passiva-quanto-precisa-investir/,200,https://investirecocaresocomecar.com.br/renda-passiva-quanto-precisa-investir/,https://investirecocaresocomecar.com.br/renda-passiva-quanto-precisa-investir/,1,True,"index, follow, max-image-preview:large, max-snippet:-1, max-video-preview:-1",1,False,Calculei: quanto você precisa investido para ter R$ 5.000 por mês sem trabalhar - Investir e Coçar,98,1,150,1,1,785,0,1,1,1,1,3,True,True,0,141.7,7,9,5,0,3,0
https://investirecocaresocomecar.com.br/ambev-abev3-resultado-1t26-vale-a-pena-investir/,200,https://investirecocaresocomecar.com.br/ambev-abev3-resultado-1t26-vale-a-pena-investir/,https://investirecocaresocomecar.com.br/ambev-abev3-resultado-1t26-vale-a-pena-investir/,1,True,"index, follow, max-image-preview:large, max-snippet:-1, max-video-preview:-1",1,False,Ambev (ABEV3) em 2026: os números que o mercado ainda não precificou - Investir e Coçar,87,1,149,1,1,1775,0,1,1,0,1,3,True,True,0,153.5,7,9,9,4,3,0
https://investirecocaresocomecar.com.br/westwing-west3-reducao-capital-5-40-por-acao-dividendo-ou-armadilha/,200,https://investirecocaresocomecar.com.br/westwing-west3-reducao-capital-5-40-por-acao-dividendo-ou-armadilha/,https://investirecocaresocomecar.com.br/westwing-west3-reducao-capital-5-40-por-acao-dividendo-ou-armadilha/,1,True,"index, follow, max-image-preview:large, max-snippet:-1, max-video-preview:-1",1,False,"Westwing vai pagar R$ 5,40 por ação: isso é dividendo ou armadilha? - Investir e Coçar",86,1,155,1,1,2218,0,1,1,1,1,3,True,True,0,156.0,7,9,6,1,3,0
https://investirecocaresocomecar.com.br/ipo-compass-pass3-vale-a-pena-investir-2/,200,https://investirecocaresocomecar.com.br/ipo-compass-pass3-vale-a-pena-investir-2/,https://investirecocaresocomecar.com.br/ipo-compass-pass3-vale-a-pena-investir-2/,1,True,"index, follow, max-image-preview:large, max-snippet:-1, max-video-preview:-1",1,False,IPO da Compass (PASS3): Vale a Pena Investir ou É Cilada? - Investir e Coçar,76,1,108,1,1,2301,0,1,1,0,1,3,True,True,0,153.8,7,9,9,4,3,0
https://investirecocaresocomecar.com.br/ipo-compass-pass3-vale-a-pena-investir/,200,https://investirecocaresocomecar.com.br/ipo-compass-pass3-vale-a-pena-investir/,https://investirecocaresocomecar.com.br/ipo-compass-pass3-vale-a-pena-investir/,1,True,"index, follow, max-image-preview:large, max-snippet:-1, max-video-preview:-1",1,False,IPO da Compass (PASS3): Vale a Pena Investir ou É Cilada? - Investir e Coçar,76,1,149,1,1,1929,0,1,1,0,1,3,True,True,0,149.9,7,9,5,0,3,0
https://investirecocaresocomecar.com.br/elon-musk-trilionario-rei-salomao-homem-mais-rico-historia/,200,https://investirecocaresocomecar.com.br/elon-musk-trilionario-rei-salomao-homem-mais-rico-historia/,https://investirecocaresocomecar.com.br/elon-musk-trilionario-rei-salomao-homem-mais-rico-historia/,1,True,"index, follow, max-image-preview:large, max-snippet:-1, max-video-preview:-1",1,False,Elon Musk Trilionário: O Homem Mais Rico da História — ou Não? - Investir e Coçar,81,1,149,1,1,1443,0,1,1,1,1,4,True,True,0,156.5,7,9,9,4,3,0
https://investirecocaresocomecar.com.br/tesouro-reserva-vale-a-pena-vs-nubank-cdb/,200,https://investirecocaresocomecar.com.br/tesouro-reserva-vale-a-pena-vs-nubank-cdb/,https://investirecocaresocomecar.com.br/tesouro-reserva-vale-a-pena-vs-nubank-cdb/,1,True,"index, follow, max-image-preview:large, max-snippet:-1, max-video-preview:-1",1,False,Tesouro Reserva Vale a Pena? Governo e Nubank Brigaram Por R$8 - Investir e Coçar,81,2,136,1,1,2081,0,1,1,1,1,4,True,True,0,156.0,6,9,8,3,3,1
https://investirecocaresocomecar.com.br/fundo-soberano-noruega-gpfg-como-funciona/,200,https://investirecocaresocomecar.com.br/fundo-soberano-noruega-gpfg-como-funciona/,https://investirecocaresocomecar.com.br/fundo-soberano-noruega-gpfg-como-funciona/,1,True,"index, follow, max-image-preview:large, max-snippet:-1, max-video-preview:-1",1,False,"Fundo Soberano da Noruega: R$1,9 Milhão por Habitante e o Que o Brasil Fez Com o Pré-Sal - Investir e Coçar",107,2,141,1,1,2009,0,1,1,1,1,4,True,True,0,156.0,6,9,9,4,3,0
https://investirecocaresocomecar.com.br/take-two-acoes-gta-v-investimento-vale-a-pena/,200,https://investirecocaresocomecar.com.br/take-two-acoes-gta-v-investimento-vale-a-pena/,https://investirecocaresocomecar.com.br/take-two-acoes-gta-v-investimento-vale-a-pena/,1,True,"index, follow, max-image-preview:large, max-snippet:-1, max-video-preview:-1",1,False,Vale a Pena Investir em Ações de Videogame? O Caso GTA V e Take-Two - Investir e Coçar,86,1,124,1,1,1734,0,1,1,0,1,3,True,True,0,149.4,7,9,5,0,3,0
https://investirecocaresocomecar.com.br/abev3-copa-2026-vale-investir-pausa-hidratacao/,200,https://investirecocaresocomecar.com.br/abev3-copa-2026-vale-investir-pausa-hidratacao/,https://investirecocaresocomecar.com.br/abev3-copa-2026-vale-investir-pausa-hidratacao/,1,True,"index, follow, max-image-preview:large, max-snippet:-1, max-video-preview:-1",1,False,ABEV3 na Copa 2026: a cerveja grátis do Ancelotti já foi pro preço? - Investir e Coçar,86,2,153,1,1,2411,0,1,1,1,1,3,True,True,0,159.7,6,9,9,4,3,0
https://investirecocaresocomecar.com.br/cr7-socio-caze-salario-tem-teto-equity-nao/,200,https://investirecocaresocomecar.com.br/cr7-socio-caze-salario-tem-teto-equity-nao/,https://investirecocaresocomecar.com.br/cr7-socio-caze-salario-tem-teto-equity-nao/,1,True,"index, follow, max-image-preview:large, max-snippet:-1, max-video-preview:-1",1,False,"Por que CR7, já bilionário, virou sócio do Cazé? (salário tem teto, equity não) - Investir e Coçar",98,1,142,1,1,2090,0,1,1,1,1,4,True,True,0,153.3,7,9,9,4,3,0
https://investirecocaresocomecar.com.br/reduflacao-coca-cola-henrique-braun-acao/,200,https://investirecocaresocomecar.com.br/reduflacao-coca-cola-henrique-braun-acao/,https://investirecocaresocomecar.com.br/reduflacao-coca-cola-henrique-braun-acao/,1,True,"index, follow, max-image-preview:large, max-snippet:-1, max-video-preview:-1",1,False,Reduflação da Coca-Cola: vale a pena virar dono da ação em vez de só pagar a conta? - Investir e Coçar,102,1,153,1,1,2147,0,1,1,1,1,4,True,True,0,150.4,7,9,9,4,3,0
https://investirecocaresocomecar.com.br/aposentadoria-inss-2060-08-trabalhador-por-aposentado/,200,https://investirecocaresocomecar.com.br/aposentadoria-inss-2060-08-trabalhador-por-aposentado/,https://investirecocaresocomecar.com.br/aposentadoria-inss-2060-08-trabalhador-por-aposentado/,1,True,"index, follow, max-image-preview:large, max-snippet:-1, max-video-preview:-1",1,False,"Aposentadoria pelo INSS vai acabar? Brasil terá 0,8 trabalhador por aposentado em 2060 - Investir e Coçar",105,1,148,1,1,2065,0,1,1,1,1,3,True,True,0,152.3,7,9,8,3,3,0
https://investirecocaresocomecar.com.br/fii-de-papel-vale-a-pena-selic-14-25-bate-cdi-isento/,200,https://investirecocaresocomecar.com.br/fii-de-papel-vale-a-pena-selic-14-25-bate-cdi-isento/,https://investirecocaresocomecar.com.br/fii-de-papel-vale-a-pena-selic-14-25-bate-cdi-isento/,1,True,"index, follow, max-image-preview:large, max-snippet:-1, max-video-preview:-1",1,False,"FII de papel ainda vale a pena com a Selic a 14,25%? 16 fundos que batem o CDI isentos - Investir e Coçar",105,1,150,1,1,2137,0,1,1,1,1,4,True,True,0,153.4,7,9,9,4,3,0
https://investirecocaresocomecar.com.br/dividendos-caem-2026-ainda-vale-renda-passiva/,200,https://investirecocaresocomecar.com.br/dividendos-caem-2026-ainda-vale-renda-passiva/,https://investirecocaresocomecar.com.br/dividendos-caem-2026-ainda-vale-renda-passiva/,1,True,"index, follow, max-image-preview:large, max-snippet:-1, max-video-preview:-1",1,False,Dividendos Caem 27% em 2026: Ainda Vale a Pena Viver de Renda Passiva? - Investir e Coçar,89,1,152,1,1,2310,0,1,1,1,1,3,True,True,0,157.9,7,9,10,5,3,0
https://investirecocaresocomecar.com.br/brasil-9215-novos-milionarios-2025-riqueza-media-caiu-gini/,200,https://investirecocaresocomecar.com.br/brasil-9215-novos-milionarios-2025-riqueza-media-caiu-gini/,https://investirecocaresocomecar.com.br/brasil-9215-novos-milionarios-2025-riqueza-media-caiu-gini/,1,True,"index, follow, max-image-preview:large, max-snippet:-1, max-video-preview:-1",1,False,Brasil Somou 9.215 Novos Milionários em 2025 — e a Riqueza Média Caiu 3% - Investir e Coçar,91,2,150,1,1,2314,0,1,1,1,1,3,True,True,0,161.4,6,9,9,4,3,0
https://investirecocaresocomecar.com.br/por-que-brasileiros-renda-alta-endividados-debito-automatico/,200,https://investirecocaresocomecar.com.br/por-que-brasileiros-renda-alta-endividados-debito-automatico/,https://investirecocaresocomecar.com.br/por-que-brasileiros-renda-alta-endividados-debito-automatico/,1,True,"index, follow, max-image-preview:large, max-snippet:-1, max-video-preview:-1",1,False,"Por Que 67,5% dos Brasileiros com Renda Acima de R$10 Mil Estão Endividados? - Investir e Coçar",95,2,150,1,1,2679,0,1,1,1,1,3,True,True,0,162.7,6,9,8,3,3,0
https://investirecocaresocomecar.com.br/acoes-mais-alugadas-b3-short-selling-xp/,200,https://investirecocaresocomecar.com.br/acoes-mais-alugadas-b3-short-selling-xp/,https://investirecocaresocomecar.com.br/acoes-mais-alugadas-b3-short-selling-xp/,1,True,"index, follow, max-image-preview:large, max-snippet:-1, max-video-preview:-1",1,False,"As ações mais alugadas da B3: quem apostou na queda de CPFE3, RAIZ4 e Casas Bahia - Investir e Coçar",100,1,147,1,1,2098,0,1,1,1,1,3,True,True,0,156.2,7,9,8,3,3,0
https://investirecocaresocomecar.com.br/radl3-mercado-livre-ozempic-vale-a-pena-comprar-a-queda/,200,https://investirecocaresocomecar.com.br/radl3-mercado-livre-ozempic-vale-a-pena-comprar-a-queda/,https://investirecocaresocomecar.com.br/radl3-mercado-livre-ozempic-vale-a-pena-comprar-a-queda/,1,True,"index, follow, max-image-preview:large, max-snippet:-1, max-video-preview:-1",1,False,RADL3 caiu com a notícia do Mercado Livre vendendo Ozempic: vale a pena comprar a queda? - Investir e Coçar,107,1,130,1,1,1091,0,1,1,1,1,4,True,True,0,149.9,7,9,8,3,3,0
https://investirecocaresocomecar.com.br/nike-adidas-copa-2026-bolsa-nike34-vale-a-pena/,200,https://investirecocaresocomecar.com.br/nike-adidas-copa-2026-bolsa-nike34-vale-a-pena/,https://investirecocaresocomecar.com.br/nike-adidas-copa-2026-bolsa-nike34-vale-a-pena/,1,True,"index, follow, max-image-preview:large, max-snippet:-1, max-video-preview:-1",1,False,Nike goleou a Adidas na Copa. Vale a pena comprar NIKE34 achando barganha? - Investir e Coçar,93,1,134,1,1,2016,0,1,1,1,1,4,True,True,0,152.6,7,9,9,4,3,0
https://investirecocaresocomecar.com.br/taxa-das-blusinhas-uniao-europeia-copiou-brasil/,200,https://investirecocaresocomecar.com.br/taxa-das-blusinhas-uniao-europeia-copiou-brasil/,https://investirecocaresocomecar.com.br/taxa-das-blusinhas-uniao-europeia-copiou-brasil/,1,True,"index, follow, max-image-preview:large, max-snippet:-1, max-video-preview:-1",1,False,Taxa das blusinhas: vale a pena a UE ter copiado uma regra que o Brasil jogou fora? - Investir e Coçar,102,1,142,1,1,1252,0,1,1,1,1,4,True,True,0,144.6,7,9,9,4,3,0
https://investirecocaresocomecar.com.br/analista-goldman-sachs-youtube-ganha-mais-que-banco/,200,https://investirecocaresocomecar.com.br/analista-goldman-sachs-youtube-ganha-mais-que-banco/,https://investirecocaresocomecar.com.br/analista-goldman-sachs-youtube-ganha-mais-que-banco/,1,True,"index, follow, max-image-preview:large, max-snippet:-1, max-video-preview:-1",1,False,Vale a pena largar Wall Street para virar criador de conteúdo financeiro? - Investir e Coçar,92,1,136,1,1,2165,0,1,1,1,1,4,True,True,0,156.5,7,9,8,3,3,0
https://investirecocaresocomecar.com.br/calendario-dividendos-julho-2026-logg3-vale-a-pena/,200,https://investirecocaresocomecar.com.br/calendario-dividendos-julho-2026-logg3-vale-a-pena/,https://investirecocaresocomecar.com.br/calendario-dividendos-julho-2026-logg3-vale-a-pena/,1,True,"index, follow, max-image-preview:large, max-snippet:-1, max-video-preview:-1",1,False,Vale a Pena Comprar Ação Só Pelo Dividendo Grande? O Caso LOGG3 em Julho de 2026 - Investir e Coçar,99,1,143,1,1,1831,0,1,1,1,1,4,True,True,0,154.8,7,9,8,3,3,0
https://investirecocaresocomecar.com.br/suzano-arbex-kimberly-clark-kleenex/,200,https://investirecocaresocomecar.com.br/suzano-arbex-kimberly-clark-kleenex/,https://investirecocaresocomecar.com.br/suzano-arbex-kimberly-clark-kleenex/,1,True,"index, follow, max-image-preview:large, max-snippet:-1, max-video-preview:-1",1,False,Suzano virou dona da Kleenex? Entenda a Arbex e o que muda pra quem tem SUZB3 - Investir e Coçar,96,1,124,1,1,1053,0,1,1,1,1,3,True,True,0,144.0,7,9,10,5,3,0
https://investirecocaresocomecar.com.br/banco-do-brasil-bbas3-corte-dividendo-payout-2026/,200,https://investirecocaresocomecar.com.br/banco-do-brasil-bbas3-corte-dividendo-payout-2026/,https://investirecocaresocomecar.com.br/banco-do-brasil-bbas3-corte-dividendo-payout-2026/,1,True,"index, follow, max-image-preview:large, max-snippet:-1, max-video-preview:-1",1,False,Banco do Brasil (BBAS3) ainda vale a pena para dividendos em 2026? - Investir e Coçar,85,1,138,1,1,1909,0,1,1,1,1,3,True,True,0,153.3,7,9,8,3,3,0
https://investirecocaresocomecar.com.br/carteira-recomendada-julho-2026-itau-corretoras/,200,https://investirecocaresocomecar.com.br/carteira-recomendada-julho-2026-itau-corretoras/,https://investirecocaresocomecar.com.br/carteira-recomendada-julho-2026-itau-corretoras/,1,True,"index, follow, max-image-preview:large, max-snippet:-1, max-video-preview:-1",1,False,Carteira recomendada de julho vale a pena? 8 corretoras apostam no mesmo papel - Investir e Coçar,97,1,109,1,1,2029,0,1,1,1,1,4,True,True,0,158.9,7,9,9,4,3,0
https://investirecocaresocomecar.com.br/tarifa-bancaria-cesta-essencial-gratuita-quanto-voce-paga/,200,https://investirecocaresocomecar.com.br/tarifa-bancaria-cesta-essencial-gratuita-quanto-voce-paga/,https://investirecocaresocomecar.com.br/tarifa-bancaria-cesta-essencial-gratuita-quanto-voce-paga/,1,True,"index, follow, max-image-preview:large, max-snippet:-1, max-video-preview:-1",1,False,Tarifa bancária: você sabe quanto paga por mês — ou é um dos 43% que não sabe? - Investir e Coçar,97,1,130,1,1,734,0,1,1,1,1,4,True,True,0,144.0,7,9,10,5,3,0
https://investirecocaresocomecar.com.br/bitcoin-30-por-cento-cdi-ganhou-2026/,200,https://investirecocaresocomecar.com.br/bitcoin-30-por-cento-cdi-ganhou-2026/,https://investirecocaresocomecar.com.br/bitcoin-30-por-cento-cdi-ganhou-2026/,1,True,"index, follow, max-image-preview:large, max-snippet:-1, max-video-preview:-1",1,False,Bitcoin -30% em 2026: o CDI bateu o Bitcoin por R$ 36.730. Vale a pena investir agora? - Investir e Coçar,105,1,140,1,1,1393,0,1,1,1,1,3,True,True,0,143.0,7,9,8,3,3,0
https://investirecocaresocomecar.com.br/lvmh-hyrox-smartfit-suor-vale-mais-que-bolsa/,200,https://investirecocaresocomecar.com.br/lvmh-hyrox-smartfit-suor-vale-mais-que-bolsa/,https://investirecocaresocomecar.com.br/lvmh-hyrox-smartfit-suor-vale-mais-que-bolsa/,1,True,"index, follow, max-image-preview:large, max-snippet:-1, max-video-preview:-1",1,False,Por que a família dona da LVMH está comprando uma corrida de obstáculos - Investir e Coçar,90,1,142,1,1,787,0,1,1,1,1,4,True,True,0,146.7,7,9,10,5,3,0
https://investirecocaresocomecar.com.br/goldman-sachs-13-acoes-baratas-banco-do-brasil-fora/,200,https://investirecocaresocomecar.com.br/goldman-sachs-13-acoes-baratas-banco-do-brasil-fora/,https://investirecocaresocomecar.com.br/goldman-sachs-13-acoes-baratas-banco-do-brasil-fora/,1,True,"index, follow, max-image-preview:large, max-snippet:-1, max-video-preview:-1",1,False,Vale a pena investir no Banco do Brasil? O Goldman Sachs disse que não - Investir e Coçar,89,1,144,1,1,2102,0,1,1,1,1,4,True,True,0,157.4,7,9,9,4,3,0
https://investirecocaresocomecar.com.br/copel-cple3-dividendo-cortado-vale-a-pena-investir/,200,https://investirecocaresocomecar.com.br/copel-cple3-dividendo-cortado-vale-a-pena-investir/,https://investirecocaresocomecar.com.br/copel-cple3-dividendo-cortado-vale-a-pena-investir/,1,True,"index, follow, max-image-preview:large, max-snippet:-1, max-video-preview:-1",1,False,Vale a pena investir em Copel (CPLE3) mesmo com o dividendo cortado? - Investir e Coçar,87,1,130,1,1,1767,0,1,1,1,1,4,True,True,0,153.2,7,9,8,3,3,0
https://investirecocaresocomecar.com.br/truth-api-trump-bancos-pagam-para-ler-primeiro/,200,https://investirecocaresocomecar.com.br/truth-api-trump-bancos-pagam-para-ler-primeiro/,https://investirecocaresocomecar.com.br/truth-api-trump-bancos-pagam-para-ler-primeiro/,1,True,"index, follow, max-image-preview:large, max-snippet:-1, max-video-preview:-1",1,False,Truth API: vale a pena um banco pagar para ler o Trump antes de você? - Investir e Coçar,88,1,149,1,1,1825,0,1,1,1,1,4,True,True,0,149.4,7,9,8,3,3,0
https://investirecocaresocomecar.com.br/recompra-acoes-11-bilhoes-autorizado-vs-executado/,200,https://investirecocaresocomecar.com.br/recompra-acoes-11-bilhoes-autorizado-vs-executado/,https://investirecocaresocomecar.com.br/recompra-acoes-11-bilhoes-autorizado-vs-executado/,1,True,"index, follow, max-image-preview:large, max-snippet:-1, max-video-preview:-1",1,False,Recompra de R$11 bilhões: vale a pena confiar no anúncio da empresa? - Investir e Coçar,87,1,142,1,1,1268,0,1,1,1,1,4,True,True,0,144.9,7,9,7,2,3,0
https://investirecocaresocomecar.com.br/coca34-bdr-dividendo-imposto-vale-a-pena/,200,https://investirecocaresocomecar.com.br/coca34-bdr-dividendo-imposto-vale-a-pena/,https://investirecocaresocomecar.com.br/coca34-bdr-dividendo-imposto-vale-a-pena/,1,True,"index, follow, max-image-preview:large, max-snippet:-1, max-video-preview:-1",1,False,Vale a pena investir em BDR de dividendo como a COCA34? - Investir e Coçar,74,1,149,1,1,1314,0,1,1,1,1,4,True,True,0,147.2,7,9,9,4,3,1
https://investirecocaresocomecar.com.br/petr4-65-por-cento-lucro-estatais-vale-a-pena-investir/,200,https://investirecocaresocomecar.com.br/petr4-65-por-cento-lucro-estatais-vale-a-pena-investir/,https://investirecocaresocomecar.com.br/petr4-65-por-cento-lucro-estatais-vale-a-pena-investir/,1,True,"index, follow, max-image-preview:large, max-snippet:-1, max-video-preview:-1",1,False,PETR4 vale a pena? Petrobras concentra 65% do lucro das estatais - Investir e Coçar,83,1,128,1,1,1978,0,1,1,1,1,3,True,True,0,148.6,7,9,9,4,3,0
https://investirecocaresocomecar.com.br/bitcoin-caiu-50-oportunidade-compra-btg/,200,https://investirecocaresocomecar.com.br/bitcoin-caiu-50-oportunidade-compra-btg/,https://investirecocaresocomecar.com.br/bitcoin-caiu-50-oportunidade-compra-btg/,1,True,"index, follow, max-image-preview:large, max-snippet:-1, max-video-preview:-1",1,False,Bitcoin caiu 50%: vale a pena comprar agora ou é fuga em massa mesmo? - Investir e Coçar,88,1,145,1,1,1995,0,1,1,0,1,4,True,True,0,152.4,7,9,8,3,3,0
https://investirecocaresocomecar.com.br/vale3-cobre-ia-vale-a-pena-investir/,200,https://investirecocaresocomecar.com.br/vale3-cobre-ia-vale-a-pena-investir/,https://investirecocaresocomecar.com.br/vale3-cobre-ia-vale-a-pena-investir/,1,True,"index, follow, max-image-preview:large, max-snippet:-1, max-video-preview:-1",1,False,VALE3 vale a pena em 2026? O motivo da alta não é o ferro de sempre - Investir e Coçar,86,1,135,1,1,1209,0,1,1,1,1,4,True,True,0,143.1,7,9,7,2,3,0
https://investirecocaresocomecar.com.br/bova11-concentracao-79-empresas-52-por-cento-em-10/,200,https://investirecocaresocomecar.com.br/bova11-concentracao-79-empresas-52-por-cento-em-10/,https://investirecocaresocomecar.com.br/bova11-concentracao-79-empresas-52-por-cento-em-10/,1,True,"index, follow, max-image-preview:large, max-snippet:-1, max-video-preview:-1",1,False,BOVA11 vale a pena se metade do dinheiro está em 10 empresas? - Investir e Coçar,80,1,135,1,1,1204,0,1,1,1,1,4,True,True,0,144.1,7,9,10,5,3,1
https://investirecocaresocomecar.com.br/weg-wege3-lucro-cai-acao-sobe-vale-a-pena-investir/,200,https://investirecocaresocomecar.com.br/weg-wege3-lucro-cai-acao-sobe-vale-a-pena-investir/,https://investirecocaresocomecar.com.br/weg-wege3-lucro-cai-acao-sobe-vale-a-pena-investir/,1,True,"index, follow, max-image-preview:large, max-snippet:-1, max-video-preview:-1",1,False,WEG (WEGE3): vale a pena investir depois do lucro cair e a ação subir 7%? - Investir e Coçar,92,1,150,1,1,1307,0,1,1,1,1,4,True,True,0,149.5,7,9,8,3,3,0
https://investirecocaresocomecar.com.br/barsi-banco-do-brasil-mudou-de-ideia-15-dias/,200,https://investirecocaresocomecar.com.br/barsi-banco-do-brasil-mudou-de-ideia-15-dias/,https://investirecocaresocomecar.com.br/barsi-banco-do-brasil-mudou-de-ideia-15-dias/,1,True,"index, follow, max-image-preview:large, max-snippet:-1, max-video-preview:-1",1,False,Barsi mudou de ideia sobre o Banco do Brasil em 15 dias — o que os números dizem - Investir e Coçar,99,1,138,1,1,1950,0,1,1,1,1,4,True,True,0,150.0,7,9,9,4,3,0
https://investirecocaresocomecar.com.br/china-ouro-20-meses-gold11-vale-a-pena-investir/,200,https://investirecocaresocomecar.com.br/china-ouro-20-meses-gold11-vale-a-pena-investir/,https://investirecocaresocomecar.com.br/china-ouro-20-meses-gold11-vale-a-pena-investir/,1,True,"index, follow, max-image-preview:large, max-snippet:-1, max-video-preview:-1",1,False,China compra ouro há 20 meses seguidos: vale a pena investir em GOLD11? - Investir e Coçar,90,1,153,1,1,1649,0,1,1,1,1,4,True,True,0,152.0,7,9,8,3,3,1
https://investirecocaresocomecar.com.br/ambev-abev3-volta-carteira-btg-13-anos/,200,https://investirecocaresocomecar.com.br/ambev-abev3-volta-carteira-btg-13-anos/,https://investirecocaresocomecar.com.br/ambev-abev3-volta-carteira-btg-13-anos/,1,True,"index, follow, max-image-preview:large, max-snippet:-1, max-video-preview:-1",1,False,Ambev voltou pra carteira do BTG depois de 13 anos — vale comprar ABEV3? - Investir e Coçar,91,1,139,1,1,1993,0,1,1,1,1,4,True,True,0,154.2,7,9,8,3,3,1
https://investirecocaresocomecar.com.br/trxf11-faria-lima-dos-galpoes-vale-o-hype/,200,https://investirecocaresocomecar.com.br/trxf11-faria-lima-dos-galpoes-vale-o-hype/,https://investirecocaresocomecar.com.br/trxf11-faria-lima-dos-galpoes-vale-o-hype/,1,True,"index, follow, max-image-preview:large, max-snippet:-1, max-video-preview:-1",1,False,"TRXF11 pagou R$1,43 bilhão num galpão — vale a pena investir? - Investir e Coçar",80,1,135,1,1,2000,0,1,1,1,1,3,True,True,0,152.5,7,9,9,4,3,0
https://investirecocaresocomecar.com.br/custo-real-morar-sozinho-aluguel-conta-completa/,200,https://investirecocaresocomecar.com.br/custo-real-morar-sozinho-aluguel-conta-completa/,https://investirecocaresocomecar.com.br/custo-real-morar-sozinho-aluguel-conta-completa/,1,True,"index, follow, max-image-preview:large, max-snippet:-1, max-video-preview:-1",1,False,Custo Real de Morar Sozinho em 2026: o Aluguel É Só Metade da Conta - Investir e Coçar,86,1,136,1,1,1896,0,1,1,1,1,3,True,True,0,153.5,7,9,9,4,3,0
https://investirecocaresocomecar.com.br/simpar-simh3-venda-porto-aratu-reciclagem-de-capital/,200,https://investirecocaresocomecar.com.br/simpar-simh3-venda-porto-aratu-reciclagem-de-capital/,https://investirecocaresocomecar.com.br/simpar-simh3-venda-porto-aratu-reciclagem-de-capital/,1,True,"index, follow, max-image-preview:large, max-snippet:-1, max-video-preview:-1",1,False,"Simpar vendeu um porto lucrativo por R$1,8 bi — mas só R$750 milhões entraram no caixa - Investir e Coçar",105,1,134,1,1,2119,0,1,1,1,1,4,True,True,0,149.8,7,9,8,3,3,0
https://investirecocaresocomecar.com.br/hype3-santander-conviccao-corte-preco-alvo-vale-a-pena/,200,https://investirecocaresocomecar.com.br/hype3-santander-conviccao-corte-preco-alvo-vale-a-pena/,https://investirecocaresocomecar.com.br/hype3-santander-conviccao-corte-preco-alvo-vale-a-pena/,1,True,"index, follow, max-image-preview:large, max-snippet:-1, max-video-preview:-1",1,False,"HYPE3 vale a pena depois do corte do Santander? O relatório que chama a ação de ""convicção"" e baixa o alvo no mesmo parágrafo - Investir e Coçar",144,1,137,1,1,1475,0,1,1,1,1,4,True,True,0,148.6,7,9,8,3,3,0
https://investirecocaresocomecar.com.br/isae4-follow-on-isa-energia-quem-comprou-o-desconto-antes-de-voce/,200,https://investirecocaresocomecar.com.br/isae4-follow-on-isa-energia-quem-comprou-o-desconto-antes-de-voce/,https://investirecocaresocomecar.com.br/isae4-follow-on-isa-energia-quem-comprou-o-desconto-antes-de-voce/,1,True,"index, follow, max-image-preview:large, max-snippet:-1, max-video-preview:-1",1,False,Follow-on ISAE4: por que a ação caiu 5% e quem lucrou com o desconto - Investir e Coçar,87,1,124,1,1,1964,0,1,1,1,1,3,True,True,0,152.7,7,9,9,4,3,0
https://investirecocaresocomecar.com.br/cxse3-bbse3-rebaixamento-jpmorgan-vale-a-pena/,200,https://investirecocaresocomecar.com.br/cxse3-bbse3-rebaixamento-jpmorgan-vale-a-pena/,https://investirecocaresocomecar.com.br/cxse3-bbse3-rebaixamento-jpmorgan-vale-a-pena/,1,True,"index, follow, max-image-preview:large, max-snippet:-1, max-video-preview:-1",1,False,Vale a pena investir em CXSE3 e BBSE3 depois do rebaixamento do JPMorgan? - Investir e Coçar,92,1,127,1,1,1442,0,1,1,0,1,4,True,True,0,141.8,7,9,7,2,3,0
https://investirecocaresocomecar.com.br/auau3-petz-cobasi-sinergia-vale-a-pena-investir/,200,https://investirecocaresocomecar.com.br/auau3-petz-cobasi-sinergia-vale-a-pena-investir/,https://investirecocaresocomecar.com.br/auau3-petz-cobasi-sinergia-vale-a-pena-investir/,1,True,"index, follow, max-image-preview:large, max-snippet:-1, max-video-preview:-1",1,False,AUAU3 vale a pena investir? A fusão Petz+Cobasi prometeu R$330 milhões e entregou menos - Investir e Coçar,106,1,140,1,1,2129,0,1,1,1,1,4,True,True,0,151.7,7,9,8,3,3,0
https://investirecocaresocomecar.com.br/brco11-gpa-quebrou-contrato-vale-a-pena-investir/,200,https://investirecocaresocomecar.com.br/brco11-gpa-quebrou-contrato-vale-a-pena-investir/,https://investirecocaresocomecar.com.br/brco11-gpa-quebrou-contrato-vale-a-pena-investir/,1,True,"index, follow, max-image-preview:large, max-snippet:-1, max-video-preview:-1",1,False,BRCO11: GPA quebrou contrato — risco pro fundo ou oportunidade pro cotista? - Investir e Coçar,94,1,139,1,1,1850,0,1,1,1,1,4,True,True,0,154.3,7,9,9,4,3,0
https://investirecocaresocomecar.com.br/super-el-nino-2026-agro-bandeira-vermelha/,200,https://investirecocaresocomecar.com.br/super-el-nino-2026-agro-bandeira-vermelha/,https://investirecocaresocomecar.com.br/super-el-nino-2026-agro-bandeira-vermelha/,1,True,"index, follow, max-image-preview:large, max-snippet:-1, max-video-preview:-1",1,False,Super El Niño 2026 vale mais medo no agro ou na conta de luz? - Investir e Coçar,80,1,147,1,1,1436,0,1,1,1,1,3,True,True,0,151.8,7,9,9,4,3,0
https://investirecocaresocomecar.com.br/btg-endividamento-brasil-2026-pior-que-2014/,200,https://investirecocaresocomecar.com.br/btg-endividamento-brasil-2026-pior-que-2014/,https://investirecocaresocomecar.com.br/btg-endividamento-brasil-2026-pior-que-2014/,1,True,"index, follow, max-image-preview:large, max-snippet:-1, max-video-preview:-1",1,False,Endividamento das Famílias 2026: BTG Alerta que Está Pior que 2014 - Investir e Coçar,85,1,142,1,1,1928,0,1,1,1,1,3,True,True,0,143.8,7,9,7,2,3,0
https://investirecocaresocomecar.com.br/selloff-chips-china-asml-duv-carteira-ia/,200,https://investirecocaresocomecar.com.br/selloff-chips-china-asml-duv-carteira-ia/,https://investirecocaresocomecar.com.br/selloff-chips-china-asml-duv-carteira-ia/,1,True,"index, follow, max-image-preview:large, max-snippet:-1, max-video-preview:-1",1,False,"Sell-off de chips: seu BDR de ""IA"" tinha Coreia do Sul escondida? - Investir e Coçar",84,1,151,1,1,2007,0,1,1,1,1,4,True,True,0,151.7,7,9,8,3,3,0
https://investirecocaresocomecar.com.br/cxmt-ipo-china-chip-466-porcento/,200,https://investirecocaresocomecar.com.br/cxmt-ipo-china-chip-466-porcento/,https://investirecocaresocomecar.com.br/cxmt-ipo-china-chip-466-porcento/,1,True,"index, follow, max-image-preview:large, max-snippet:-1, max-video-preview:-1",1,False,CXMT subiu 466% em 1 dia: vale a pena se empolgar com o IPO chinês? - Investir e Coçar,86,1,139,1,1,2166,0,1,1,1,1,4,True,True,0,148.9,7,9,9,4,3,0
https://investirecocaresocomecar.com.br/reforma-tributaria-airbnb-vira-hotel-2027/,200,https://investirecocaresocomecar.com.br/reforma-tributaria-airbnb-vira-hotel-2027/,https://investirecocaresocomecar.com.br/reforma-tributaria-airbnb-vira-hotel-2027/,1,True,"index, follow, max-image-preview:large, max-snippet:-1, max-video-preview:-1",1,False,Reforma Tributária: seu Airbnb vale a pena a partir de 2027? - Investir e Coçar,79,1,150,1,1,2028,0,1,1,1,1,3,True,True,0,149.0,7,9,8,3,3,0
https://investirecocaresocomecar.com.br/split-payment-2027-quem-paga-a-conta/,200,https://investirecocaresocomecar.com.br/split-payment-2027-quem-paga-a-conta/,https://investirecocaresocomecar.com.br/split-payment-2027-quem-paga-a-conta/,1,True,"index, follow, max-image-preview:large, max-snippet:-1, max-video-preview:-1",1,False,"Split Payment 2027: Quem Vai Pagar a Conta da ""Moralização Tributária""? - Investir e Coçar",90,1,154,1,1,2010,0,1,1,1,1,3,True,True,0,149.5,7,9,9,4,3,0
https://investirecocaresocomecar.com.br/xp-corta-ibovespa-carteira-defensiva-vale-a-pena/,200,https://investirecocaresocomecar.com.br/xp-corta-ibovespa-carteira-defensiva-vale-a-pena/,https://investirecocaresocomecar.com.br/xp-corta-ibovespa-carteira-defensiva-vale-a-pena/,1,True,"index, follow, max-image-preview:large, max-snippet:-1, max-video-preview:-1",1,False,"XP corta o Ibovespa e recomenda carteira ""defensiva"": vale seguir? - Investir e Coçar",85,1,146,1,1,2160,0,1,1,1,1,4,True,True,0,156.4,6,9,8,3,3,0
https://investirecocaresocomecar.com.br/barcelona-taxa-turistica-2026-vale-a-pena-viajar/,200,https://investirecocaresocomecar.com.br/barcelona-taxa-turistica-2026-vale-a-pena-viajar/,https://investirecocaresocomecar.com.br/barcelona-taxa-turistica-2026-vale-a-pena-viajar/,1,True,"index, follow, max-image-preview:large, max-snippet:-1, max-video-preview:-1",1,False,Vale a pena investir R$40 mil pra ir pra Barcelona em 2026? A conta que ninguém te mostra - Investir e Coçar,108,1,138,1,1,1710,0,1,1,1,1,4,True,True,0,153.3,7,9,9,4,3,0
https://investirecocaresocomecar.com.br/fii-residencial-maior-mercado-menor-bolsa/,200,https://investirecocaresocomecar.com.br/fii-residencial-maior-mercado-menor-bolsa/,https://investirecocaresocomecar.com.br/fii-residencial-maior-mercado-menor-bolsa/,1,True,"index, follow, max-image-preview:large, max-snippet:-1, max-video-preview:-1",1,False,FII Residencial: por que o maior mercado imobiliário do Brasil é o mais ignorado da bolsa - Investir e Coçar,108,1,145,1,1,1881,0,1,1,1,1,4,True,True,0,152.2,7,9,8,3,3,0
https://investirecocaresocomecar.com.br/nubank-croma-vale-a-pena-cartao-r30-mil/,200,https://investirecocaresocomecar.com.br/nubank-croma-vale-a-pena-cartao-r30-mil/,https://investirecocaresocomecar.com.br/nubank-croma-vale-a-pena-cartao-r30-mil/,1,True,"index, follow, max-image-preview:large, max-snippet:-1, max-video-preview:-1",1,False,Nubank Croma vale a pena? O teto escondido de 120% do CDI - Investir e Coçar,76,1,139,1,1,1995,0,1,1,1,1,4,True,True,0,152.9,7,9,9,4,3,1
https://investirecocaresocomecar.com.br/xp-corta-ibovespa-carteira-defensiva-vale-a-pena-2/,200,https://investirecocaresocomecar.com.br/xp-corta-ibovespa-carteira-defensiva-vale-a-pena-2/,https://investirecocaresocomecar.com.br/xp-corta-ibovespa-carteira-defensiva-vale-a-pena-2/,1,True,"index, follow, max-image-preview:large, max-snippet:-1, max-video-preview:-1",1,False,"XP corta o Ibovespa e recomenda carteira ""defensiva"": vale seguir? - Investir e Coçar",85,1,134,1,1,2160,0,1,1,1,1,4,True,True,0,153.9,6,9,8,3,3,0
https://investirecocaresocomecar.com.br/apple-5-trilhoes-pib-brasil-nvidia-queda/,200,https://investirecocaresocomecar.com.br/apple-5-trilhoes-pib-brasil-nvidia-queda/,https://investirecocaresocomecar.com.br/apple-5-trilhoes-pib-brasil-nvidia-queda/,1,True,"index, follow, max-image-preview:large, max-snippet:-1, max-video-preview:-1",1,False,Apple vale 2x o PIB do Brasil: entenda os US$5 trilhões (e o que a Nvidia já ensinou) - Investir e Coçar,104,1,136,1,1,2190,0,1,1,1,1,4,True,True,0,156.0,7,9,8,3,3,0
https://investirecocaresocomecar.com.br/divida-brasil-106-trilhoes-tesouro-selic-vale-a-pena/,200,https://investirecocaresocomecar.com.br/divida-brasil-106-trilhoes-tesouro-selic-vale-a-pena/,https://investirecocaresocomecar.com.br/divida-brasil-106-trilhoes-tesouro-selic-vale-a-pena/,1,True,"index, follow, max-image-preview:large, max-snippet:-1, max-video-preview:-1",1,False,"Dívida do Brasil bate R$10,6 trilhões: vale a pena ter Tesouro Selic? - Investir e Coçar",88,1,141,1,1,1370,0,1,1,1,1,3,True,True,0,144.8,7,9,8,3,3,0
https://investirecocaresocomecar.com.br/compass-pass3-bancos-ipo-recomendam-compra-conflito-interesse/,200,https://investirecocaresocomecar.com.br/compass-pass3-bancos-ipo-recomendam-compra-conflito-interesse/,https://investirecocaresocomecar.com.br/compass-pass3-bancos-ipo-recomendam-compra-conflito-interesse/,1,True,"index, follow, max-image-preview:large, max-snippet:-1, max-video-preview:-1",1,False,Compass (PASS3): Os Bancos que Venderam o IPO Agora Recomendam Comprar - Investir e Coçar,89,1,129,1,1,2007,0,1,1,1,1,4,True,True,0,153.2,7,9,8,3,3,0
https://investirecocaresocomecar.com.br/fii-laje-corporativa-recorde-aluguel-sp-vale-a-pena/,200,https://investirecocaresocomecar.com.br/fii-laje-corporativa-recorde-aluguel-sp-vale-a-pena/,https://investirecocaresocomecar.com.br/fii-laje-corporativa-recorde-aluguel-sp-vale-a-pena/,1,True,"index, follow, max-image-preview:large, max-snippet:-1, max-video-preview:-1",1,False,FII de Laje Corporativa: Vale a Pena com o Aluguel em Recorde em SP? - Investir e Coçar,87,1,129,1,1,2085,0,1,1,1,1,4,True,True,0,153.8,7,9,9,4,3,1
https://investirecocaresocomecar.com.br/setor-eletrico-defensivo-jpmorgan-corta-cemig-engie/,200,https://investirecocaresocomecar.com.br/setor-eletrico-defensivo-jpmorgan-corta-cemig-engie/,https://investirecocaresocomecar.com.br/setor-eletrico-defensivo-jpmorgan-corta-cemig-engie/,1,True,"index, follow, max-image-preview:large, max-snippet:-1, max-video-preview:-1",1,False,Setor Elétrico é Defensivo? JPMorgan Corta 2 Ações e Explica Por Quê - Investir e Coçar,87,1,136,1,1,1355,0,1,1,1,1,4,True,True,0,147.2,7,9,8,3,3,0
https://investirecocaresocomecar.com.br/divida-moeda-local-japao-quebrando-brasil/,200,https://investirecocaresocomecar.com.br/divida-moeda-local-japao-quebrando-brasil/,https://investirecocaresocomecar.com.br/divida-moeda-local-japao-quebrando-brasil/,1,True,"index, follow, max-image-preview:large, max-snippet:-1, max-video-preview:-1",1,False,Dívida em Moeda Local Nunca Quebra? O Japão Está Provando o Contrário - Investir e Coçar,88,1,139,1,1,2074,0,1,1,1,1,3,True,True,0,148.5,7,9,9,4,3,1
https://investirecocaresocomecar.com.br/gavea-arminio-fraga-fecha-multimercados-cdi/,200,https://investirecocaresocomecar.com.br/gavea-arminio-fraga-fecha-multimercados-cdi/,https://investirecocaresocomecar.com.br/gavea-arminio-fraga-fecha-multimercados-cdi/,1,True,"index, follow, max-image-preview:large, max-snippet:-1, max-video-preview:-1",1,False,Gávea fechou os fundos de Armínio Fraga: vale a pena confiar em multimercado ainda? - Investir e Coçar,102,1,144,1,1,1606,0,1,1,1,1,4,True,True,0,151.8,7,9,9,4,3,0
https://investirecocaresocomecar.com.br/opa-santander-brasil-sanb11-minoritario-refem/,200,https://investirecocaresocomecar.com.br/opa-santander-brasil-sanb11-minoritario-refem/,https://investirecocaresocomecar.com.br/opa-santander-brasil-sanb11-minoritario-refem/,1,True,"index, follow, max-image-preview:large, max-snippet:-1, max-video-preview:-1",1,False,OPA do Santander (SANB11): vale a pena aceitar a troca de ações? - Investir e Coçar,83,1,135,1,1,1476,0,1,1,1,1,4,True,True,0,151.9,7,9,9,4,3,0
https://investirecocaresocomecar.com.br/64-porcento-perderam-tesouro-selic-bolsa-estudo-grana-capital/,200,https://investirecocaresocomecar.com.br/64-porcento-perderam-tesouro-selic-bolsa-estudo-grana-capital/,https://investirecocaresocomecar.com.br/64-porcento-perderam-tesouro-selic-bolsa-estudo-grana-capital/,1,True,"index, follow, max-image-preview:large, max-snippet:-1, max-video-preview:-1",1,False,64% Perderam do Tesouro Selic na Bolsa: Vale a Pena Investir em Ações? - Investir e Coçar,89,1,148,1,1,2161,0,1,1,1,1,4,True,True,0,153.1,7,9,7,2,3,2
https://investirecocaresocomecar.com.br/bradsaude-saud3-lucro-sobe-acao-cai-sinistralidade/,200,https://investirecocaresocomecar.com.br/bradsaude-saud3-lucro-sobe-acao-cai-sinistralidade/,https://investirecocaresocomecar.com.br/bradsaude-saud3-lucro-sobe-acao-cai-sinistralidade/,1,True,"index, follow, max-image-preview:large, max-snippet:-1, max-video-preview:-1",1,False,Bradsaúde (SAUD3) lucrou 25% a mais e a ação caiu 8%: vale a pena investir? - Investir e Coçar,94,1,144,1,1,2069,0,1,1,1,1,4,True,True,0,154.4,7,9,8,3,3,0
https://investirecocaresocomecar.com.br/itausa-o-que-e-conheca-a-holding-do-itau/,200,https://investirecocaresocomecar.com.br/itausa-o-que-e-conheca-a-holding-do-itau/,https://investirecocaresocomecar.com.br/itausa-o-que-e-conheca-a-holding-do-itau/,1,True,"index, follow, max-image-preview:large, max-snippet:-1, max-video-preview:-1",1,False,Itausa o que é: conheça a holding do Itaú,41,1,155,1,1,1785,0,1,1,1,1,3,True,True,0,147.8,7,9,7,0,3,1
https://investirecocaresocomecar.com.br/quanto-rende-uma-cota-de-itsa4-descubra-agora/,200,https://investirecocaresocomecar.com.br/quanto-rende-uma-cota-de-itsa4-descubra-agora/,https://investirecocaresocomecar.com.br/quanto-rende-uma-cota-de-itsa4-descubra-agora/,1,True,"index, follow, max-image-preview:large, max-snippet:-1, max-video-preview:-1",1,False,Quanto rende uma cota de ITSA4? Descubra agora,46,1,156,1,1,2161,0,1,1,1,1,3,True,True,0,150.9,7,9,7,0,3,0
https://investirecocaresocomecar.com.br/itausa-dividendos-guia-completo-para-investidores/,200,https://investirecocaresocomecar.com.br/itausa-dividendos-guia-completo-para-investidores/,https://investirecocaresocomecar.com.br/itausa-dividendos-guia-completo-para-investidores/,1,True,"index, follow, max-image-preview:large, max-snippet:-1, max-video-preview:-1",1,False,Itausa dividendos: guia completo para investidores,50,1,174,1,1,1926,0,1,1,1,1,3,True,True,0,149.9,7,9,7,0,3,2
https://investirecocaresocomecar.com.br/itsa4-ou-itub4-qual-a-melhor-acao-para-investir/,200,https://investirecocaresocomecar.com.br/itsa4-ou-itub4-qual-a-melhor-acao-para-investir/,https://investirecocaresocomecar.com.br/itsa4-ou-itub4-qual-a-melhor-acao-para-investir/,1,True,"index, follow, max-image-preview:large, max-snippet:-1, max-video-preview:-1",1,False,Itsa4 ou Itub4: qual a melhor ação para investir,48,1,158,1,1,1699,0,1,1,1,1,3,True,True,0,148.1,7,9,7,0,3,0
https://investirecocaresocomecar.com.br/itausa-acoes-guia-completo-para-investir-na-bolsa/,200,https://investirecocaresocomecar.com.br/itausa-acoes-guia-completo-para-investir-na-bolsa/,https://investirecocaresocomecar.com.br/itausa-acoes-guia-completo-para-investir-na-bolsa/,1,True,"index, follow, max-image-preview:large, max-snippet:-1, max-video-preview:-1",1,False,Itausa ações: Guia completo para investir na bolsa,50,1,158,1,1,2255,0,1,1,1,1,3,True,True,0,152.2,7,9,7,0,3,0
https://investirecocaresocomecar.com.br/etf-nubank-conheca-o-global-low-carbon-etf-do-nu/,200,https://investirecocaresocomecar.com.br/etf-nubank-conheca-o-global-low-carbon-etf-do-nu/,https://investirecocaresocomecar.com.br/etf-nubank-conheca-o-global-low-carbon-etf-do-nu/,1,True,"index, follow, max-image-preview:large, max-snippet:-1, max-video-preview:-1",1,False,ETF Nubank: Conheça o Global Low Carbon ETF do Nu,49,1,156,1,1,1742,0,1,1,1,1,3,True,True,0,146.9,7,9,7,0,3,0
https://investirecocaresocomecar.com.br/itausa-paga-dividendos-mensais-guia-completo/,200,https://investirecocaresocomecar.com.br/itausa-paga-dividendos-mensais-guia-completo/,https://investirecocaresocomecar.com.br/itausa-paga-dividendos-mensais-guia-completo/,1,True,"index, follow, max-image-preview:large, max-snippet:-1, max-video-preview:-1",1,False,Itaúsa paga dividendos mensais? Como funciona o calendário de proventos | Investir e Coçar,90,1,153,1,1,2184,0,1,1,1,1,3,True,True,0,150.7,7,9,7,0,3,0
https://investirecocaresocomecar.com.br/itausa-bonificacao-entenda-como-funciona-o-processo/,200,https://investirecocaresocomecar.com.br/itausa-bonificacao-entenda-como-funciona-o-processo/,https://investirecocaresocomecar.com.br/itausa-bonificacao-entenda-como-funciona-o-processo/,1,True,"index, follow, max-image-preview:large, max-snippet:-1, max-video-preview:-1",1,False,Itausa bonificação: entenda como funciona o processo,52,1,166,1,1,1977,0,1,1,1,1,3,True,True,0,150.6,7,9,7,0,3,0
https://investirecocaresocomecar.com.br/o-que-significa-o-etf-guia-completo-e-simples/,200,https://investirecocaresocomecar.com.br/o-que-significa-o-etf-guia-completo-e-simples/,https://investirecocaresocomecar.com.br/o-que-significa-o-etf-guia-completo-e-simples/,1,True,"index, follow, max-image-preview:large, max-snippet:-1, max-video-preview:-1",1,False,O que significa o ETF? | Guia Completo e Simples,48,1,174,1,1,1806,0,1,1,1,1,3,True,True,0,147.7,7,9,7,0,3,0
https://investirecocaresocomecar.com.br/qual-e-a-vantagem-de-investir-em-etf-guia-completo/,200,https://investirecocaresocomecar.com.br/qual-e-a-vantagem-de-investir-em-etf-guia-completo/,https://investirecocaresocomecar.com.br/qual-e-a-vantagem-de-investir-em-etf-guia-completo/,1,True,"index, follow, max-image-preview:large, max-snippet:-1, max-video-preview:-1",1,False,Qual é a vantagem de investir em ETF - Guia Completo,52,1,180,1,1,1964,0,1,1,1,1,3,True,True,0,149.6,7,9,7,0,3,0
https://investirecocaresocomecar.com.br/etfs-que-pagam-dividendos-melhores-opcoes-no-brasil/,200,https://investirecocaresocomecar.com.br/etfs-que-pagam-dividendos-melhores-opcoes-no-brasil/,https://investirecocaresocomecar.com.br/etfs-que-pagam-dividendos-melhores-opcoes-no-brasil/,1,True,"index, follow, max-image-preview:large, max-snippet:-1, max-video-preview:-1",1,False,ETFs que pagam dividendos no Brasil: os melhores e como comparar | Investir e Coçar,83,1,151,1,1,1913,0,1,1,1,1,3,True,True,0,149.4,7,9,7,0,3,0
https://investirecocaresocomecar.com.br/bova11-quanto-o-bova11-paga-de-dividendos/,200,https://investirecocaresocomecar.com.br/bova11-quanto-o-bova11-paga-de-dividendos/,https://investirecocaresocomecar.com.br/bova11-quanto-o-bova11-paga-de-dividendos/,1,True,"index, follow, max-image-preview:large, max-snippet:-1, max-video-preview:-1",1,False,BOVA11: Quanto o BOVA11 paga de dividendos?,43,1,164,1,1,1974,0,1,1,1,1,3,True,True,0,149.4,7,9,7,0,3,0
https://investirecocaresocomecar.com.br/os-melhores-etfs-com-dividendos-mensais-no-brasil-2024/,200,https://investirecocaresocomecar.com.br/os-melhores-etfs-com-dividendos-mensais-no-brasil-2024/,https://investirecocaresocomecar.com.br/os-melhores-etfs-com-dividendos-mensais-no-brasil-2024/,1,True,"index, follow, max-image-preview:large, max-snippet:-1, max-video-preview:-1",1,False,ETFs que pagam dividendos mensais na B3: lista e como escolher | Investir e Coçar,81,1,168,1,1,2115,0,1,1,1,1,3,True,True,0,152.1,7,9,7,0,3,0
https://investirecocaresocomecar.com.br/quanto-rende-o-etf-por-mes-descubra-agora/,200,https://investirecocaresocomecar.com.br/quanto-rende-o-etf-por-mes-descubra-agora/,https://investirecocaresocomecar.com.br/quanto-rende-o-etf-por-mes-descubra-agora/,1,True,"index, follow, max-image-preview:large, max-snippet:-1, max-video-preview:-1",1,False,Quanto rende o ETF por mês? Descubra agora,42,1,159,1,1,2184,0,1,1,1,1,3,True,True,0,150.5,7,9,7,0,3,0
https://investirecocaresocomecar.com.br/e-bom-investir-na-bolsa-de-valores-descubra-agora/,200,https://investirecocaresocomecar.com.br/e-bom-investir-na-bolsa-de-valores-descubra-agora/,https://investirecocaresocomecar.com.br/e-bom-investir-na-bolsa-de-valores-descubra-agora/,1,True,"index, follow, max-image-preview:large, max-snippet:-1, max-video-preview:-1",1,False,É bom investir na Bolsa de Valores? Descubra agora,50,1,169,1,1,2024,0,1,1,1,1,3,True,True,0,149.8,7,9,7,0,3,0
https://investirecocaresocomecar.com.br/etf-do-momento-melhores-opcoes-para-investir-em-2024/,200,https://investirecocaresocomecar.com.br/etf-do-momento-melhores-opcoes-para-investir-em-2024/,https://investirecocaresocomecar.com.br/etf-do-momento-melhores-opcoes-para-investir-em-2024/,1,True,"index, follow, max-image-preview:large, max-snippet:-1, max-video-preview:-1",1,False,Qual ETF comprar agora? Como escolher o ETF certo para a sua carteira | Investir e Coçar,88,1,167,1,1,1725,0,1,1,1,1,3,True,True,0,147.8,7,9,7,0,3,0
https://investirecocaresocomecar.com.br/quanto-a-renda-fixa-paga-entenda-os-rendimentos/,200,https://investirecocaresocomecar.com.br/quanto-a-renda-fixa-paga-entenda-os-rendimentos/,https://investirecocaresocomecar.com.br/quanto-a-renda-fixa-paga-entenda-os-rendimentos/,1,True,"index, follow, max-image-preview:large, max-snippet:-1, max-video-preview:-1",1,False,Quanto a renda fixa paga? Entenda os rendimentos,48,1,167,1,1,2094,0,1,1,1,1,3,True,True,0,150.4,7,9,7,0,3,0
https://investirecocaresocomecar.com.br/qual-o-melhor-banco-para-investir-em-renda-fixa/,200,https://investirecocaresocomecar.com.br/qual-o-melhor-banco-para-investir-em-renda-fixa/,https://investirecocaresocomecar.com.br/qual-o-melhor-banco-para-investir-em-renda-fixa/,1,True,"index, follow, max-image-preview:large, max-snippet:-1, max-video-preview:-1",1,False,Qual o melhor banco para investir em renda fixa?,48,1,181,1,1,1699,0,1,1,1,1,3,True,True,0,148.1,7,9,7,0,3,0
https://investirecocaresocomecar.com.br/qual-acao-paga-mais-dividendos-mensais-em-2024/,200,https://investirecocaresocomecar.com.br/qual-acao-paga-mais-dividendos-mensais-em-2024/,https://investirecocaresocomecar.com.br/qual-acao-paga-mais-dividendos-mensais-em-2024/,1,True,"index, follow, max-image-preview:large, max-snippet:-1, max-video-preview:-1",1,False,Qual ação paga mais dividendos mensais em 2024?,47,1,156,1,1,2067,0,1,1,1,1,3,True,True,0,151.0,7,9,7,0,3,0
https://investirecocaresocomecar.com.br/qual-o-valor-da-bolsa-de-valores-hoje-confira/,200,https://investirecocaresocomecar.com.br/qual-o-valor-da-bolsa-de-valores-hoje-confira/,https://investirecocaresocomecar.com.br/qual-o-valor-da-bolsa-de-valores-hoje-confira/,1,True,"index, follow, max-image-preview:large, max-snippet:-1, max-video-preview:-1",1,False,Qual o valor da Bolsa de Valores hoje? - Confira,48,1,162,1,1,2200,0,1,1,1,1,3,True,True,0,151.7,7,9,7,0,3,0
https://investirecocaresocomecar.com.br/o-que-e-e-como-funciona-a-bolsa-de-valores/,200,https://investirecocaresocomecar.com.br/o-que-e-e-como-funciona-a-bolsa-de-valores/,https://investirecocaresocomecar.com.br/o-que-e-e-como-funciona-a-bolsa-de-valores/,1,True,"index, follow, max-image-preview:large, max-snippet:-1, max-video-preview:-1",1,False,O que é e como funciona a Bolsa de Valores?,43,1,162,1,1,1954,0,1,1,1,1,5,True,True,0,160.3,7,9,7,0,3,0
https://investirecocaresocomecar.com.br/o-que-significa-de-dividendos-entenda-agora/,200,https://investirecocaresocomecar.com.br/o-que-significa-de-dividendos-entenda-agora/,https://investirecocaresocomecar.com.br/o-que-significa-de-dividendos-entenda-agora/,1,True,"index, follow, max-image-preview:large, max-snippet:-1, max-video-preview:-1",1,False,O que significa de dividendos? Entenda agora,44,1,162,1,1,2168,0,1,1,1,1,3,True,True,0,151.7,7,9,7,0,3,0
https://investirecocaresocomecar.com.br/qual-a-melhor-renda-fixa-hoje-saiba-as-opcoes/,200,https://investirecocaresocomecar.com.br/qual-a-melhor-renda-fixa-hoje-saiba-as-opcoes/,https://investirecocaresocomecar.com.br/qual-a-melhor-renda-fixa-hoje-saiba-as-opcoes/,1,True,"index, follow, max-image-preview:large, max-snippet:-1, max-video-preview:-1",1,False,Qual a melhor renda fixa hoje? Saiba as opções,46,1,174,1,1,1798,0,1,1,1,1,3,True,True,0,148.7,7,9,7,0,3,0
https://investirecocaresocomecar.com.br/descubra-quais-acoes-pagam-dividendos-hoje/,200,https://investirecocaresocomecar.com.br/descubra-quais-acoes-pagam-dividendos-hoje/,https://investirecocaresocomecar.com.br/descubra-quais-acoes-pagam-dividendos-hoje/,1,True,"index, follow, max-image-preview:large, max-snippet:-1, max-video-preview:-1",1,False,Descubra quais ações pagam dividendos hoje,42,1,165,1,1,1970,0,1,1,1,1,3,True,True,0,150.4,7,9,7,0,3,0
https://investirecocaresocomecar.com.br/o-que-e-renda-fixa-e-como-funciona-guia-completo/,200,https://investirecocaresocomecar.com.br/o-que-e-renda-fixa-e-como-funciona-guia-completo/,https://investirecocaresocomecar.com.br/o-que-e-renda-fixa-e-como-funciona-guia-completo/,1,True,"index, follow, max-image-preview:large, max-snippet:-1, max-video-preview:-1",1,False,O que é renda fixa e como funciona? | Guia Completo,51,1,159,1,1,2504,0,1,1,1,1,5,True,True,0,164.1,7,9,7,0,3,0
https://investirecocaresocomecar.com.br/como-funciona-o-sistema-de-dividendos-entenda-aqui/,200,https://investirecocaresocomecar.com.br/como-funciona-o-sistema-de-dividendos-entenda-aqui/,https://investirecocaresocomecar.com.br/como-funciona-o-sistema-de-dividendos-entenda-aqui/,1,True,"index, follow, max-image-preview:large, max-snippet:-1, max-video-preview:-1",1,False,Como funciona o sistema de dividendos? Entenda aqui,51,1,176,1,1,2072,0,1,1,1,1,3,True,True,0,150.9,7,9,7,0,3,0
https://investirecocaresocomecar.com.br/qual-a-melhor-acao-da-bolsa-hoje-analise-completa/,200,https://investirecocaresocomecar.com.br/qual-a-melhor-acao-da-bolsa-hoje-analise-completa/,https://investirecocaresocomecar.com.br/qual-a-melhor-acao-da-bolsa-hoje-analise-completa/,1,True,"index, follow, max-image-preview:large, max-snippet:-1, max-video-preview:-1",1,False,Qual a melhor ação da bolsa hoje? | Análise completa,52,1,171,1,1,2294,0,1,1,1,1,3,True,True,0,153.0,7,9,7,0,3,0
https://investirecocaresocomecar.com.br/as-10-acoes-que-mais-pagam-dividendos-no-brasil-em-2024/,200,https://investirecocaresocomecar.com.br/as-10-acoes-que-mais-pagam-dividendos-no-brasil-em-2024/,https://investirecocaresocomecar.com.br/as-10-acoes-que-mais-pagam-dividendos-no-brasil-em-2024/,1,True,"index, follow, max-image-preview:large, max-snippet:-1, max-video-preview:-1",1,False,As 10 ações que mais pagam dividendos no Brasil em 2024,55,1,153,1,1,1776,0,1,1,1,1,3,True,True,0,150.3,7,10,7,0,3,0
https://investirecocaresocomecar.com.br/o-que-significa-fii-guia-completo-sobre-fundos/,200,https://investirecocaresocomecar.com.br/o-que-significa-fii-guia-completo-sobre-fundos/,https://investirecocaresocomecar.com.br/o-que-significa-fii-guia-completo-sobre-fundos/,1,True,"index, follow, max-image-preview:large, max-snippet:-1, max-video-preview:-1",1,False,O que significa FII? Guia completo sobre fundos,47,1,171,1,1,2156,0,1,1,1,1,3,True,True,0,151.3,7,9,7,0,3,0
https://investirecocaresocomecar.com.br/qual-a-melhor-fii-para-investir-hoje-analise-2024/,200,https://investirecocaresocomecar.com.br/qual-a-melhor-fii-para-investir-hoje-analise-2024/,https://investirecocaresocomecar.com.br/qual-a-melhor-fii-para-investir-hoje-analise-2024/,1,True,"index, follow, max-image-preview:large, max-snippet:-1, max-video-preview:-1",1,False,Qual o melhor FII para investir hoje? Critérios para escolher sem chute | Investir e Coçar,90,1,166,1,1,2130,0,1,1,1,1,3,True,True,0,151.5,7,9,7,0,3,0
https://investirecocaresocomecar.com.br/o-efeito-trump-no-bitcoin-como-investir-na-criptomoedas-ainda-em-2024/,200,https://investirecocaresocomecar.com.br/o-efeito-trump-no-bitcoin-como-investir-na-criptomoedas-ainda-em-2024/,https://investirecocaresocomecar.com.br/o-efeito-trump-no-bitcoin-como-investir-na-criptomoedas-ainda-em-2024/,1,True,"index, follow, max-image-preview:large, max-snippet:-1, max-video-preview:-1",1,False,"O ""Efeito TRUMP"" no BITCOIN: Como Investir na Criptomoedas ainda em 2024?",73,1,161,1,1,2238,0,1,1,1,1,3,True,True,0,152.9,7,9,7,0,3,0
https://investirecocaresocomecar.com.br/por-que-parecer-pobre-vai-te-deixar-rico-guia-completo-de-riqueza-pessoal/,200,https://investirecocaresocomecar.com.br/por-que-parecer-pobre-vai-te-deixar-rico-guia-completo-de-riqueza-pessoal/,https://investirecocaresocomecar.com.br/por-que-parecer-pobre-vai-te-deixar-rico-guia-completo-de-riqueza-pessoal/,1,True,"index, follow, max-image-preview:large, max-snippet:-1, max-video-preview:-1",1,False,Parecer Pobre para Ficar Rico: O Guia do Stealth Wealth - Investir e Coçar,74,1,136,1,1,1519,0,1,1,1,1,5,True,True,0,153.1,7,9,9,0,3,0
https://investirecocaresocomecar.com.br/ntn-b-2045-a-ultima-chance-de-lucrar-com-juros-reais-altos/,200,https://investirecocaresocomecar.com.br/ntn-b-2045-a-ultima-chance-de-lucrar-com-juros-reais-altos/,https://investirecocaresocomecar.com.br/ntn-b-2045-a-ultima-chance-de-lucrar-com-juros-reais-altos/,1,True,"index, follow, max-image-preview:large, max-snippet:-1, max-video-preview:-1",1,False,NTN-B 2045: A Última Chance de Lucrar com Juros Reais Altos - Investir e Coçar,78,1,146,1,1,1766,0,1,1,0,1,5,True,True,0,149.3,7,9,10,1,3,0
https://investirecocaresocomecar.com.br/bmeb3-a-small-cap-do-barsi-pode-subir-70-em-2026/,200,https://investirecocaresocomecar.com.br/bmeb3-a-small-cap-do-barsi-pode-subir-70-em-2026/,https://investirecocaresocomecar.com.br/bmeb3-a-small-cap-do-barsi-pode-subir-70-em-2026/,1,True,"index, follow, max-image-preview:large, max-snippet:-1, max-video-preview:-1",1,False,BMEB3: A Small Cap do Barsi Pode Subir 70% em 2026? - Investir e Coçar,70,1,150,1,1,1462,0,1,1,1,1,5,True,True,0,148.2,7,9,6,1,3,0
https://investirecocaresocomecar.com.br/etfs-defesa-guerra-investimento-2026/,200,https://investirecocaresocomecar.com.br/etfs-defesa-guerra-investimento-2026/,https://investirecocaresocomecar.com.br/etfs-defesa-guerra-investimento-2026/,1,True,"index, follow, max-image-preview:large, max-snippet:-1, max-video-preview:-1",1,False,ETFs de Defesa 2026 - Investir e Coçar,38,1,175,1,1,1374,2,1,1,1,1,4,True,True,0,150.2,7,9,5,0,3,0
https://investirecocaresocomecar.com.br/greve-dos-caminhoneiros-investimentos-carteira/,200,https://investirecocaresocomecar.com.br/greve-dos-caminhoneiros-investimentos-carteira/,https://investirecocaresocomecar.com.br/greve-dos-caminhoneiros-investimentos-carteira/,1,True,"index, follow, max-image-preview:large, max-snippet:-1, max-video-preview:-1",1,False,Greve dos Caminhoneiros: Impacto nos Seus Investimentos,55,1,152,1,1,1698,0,1,1,1,1,4,True,True,0,166.6,7,9,18,0,3,0
https://investirecocaresocomecar.com.br/ipo-compass-pass3-vale-a-pena-investir-3/,200,https://investirecocaresocomecar.com.br/ipo-compass-pass3-vale-a-pena-investir-3/,https://investirecocaresocomecar.com.br/ipo-compass-pass3-vale-a-pena-investir-3/,1,True,"index, follow, max-image-preview:large, max-snippet:-1, max-video-preview:-1",1,False,Vale a pena investir no IPO da Compass (PASS3)? O que o preço no piso está dizendo - Investir e Coçar,101,1,154,1,1,1698,0,1,1,0,1,4,True,True,0,144.3,7,9,5,0,3,0
https://investirecocaresocomecar.com.br/como-declarar-imposto-de-renda-2026-guia-completo-para-investidores-acoes-fiis-e-dividendos/,200,https://investirecocaresocomecar.com.br/como-declarar-imposto-de-renda-2026-guia-completo-para-investidores-acoes-fiis-e-dividendos/,https://investirecocaresocomecar.com.br/como-declarar-imposto-de-renda-2026-guia-completo-para-investidores-acoes-fiis-e-dividendos/,1,True,"index, follow, max-image-preview:large, max-snippet:-1, max-video-preview:-1",1,False,"Como Declarar Imposto de Renda 2026: Guia Completo para Investidores (Ações, FIIs e Dividendos) - Investir e Coçar",114,1,161,1,1,2189,0,1,1,1,1,5,True,True,0,165.6,7,9,5,0,3,0
https://investirecocaresocomecar.com.br/itub3-ou-itub4-qual-comprar/,200,https://investirecocaresocomecar.com.br/itub3-ou-itub4-qual-comprar/,https://investirecocaresocomecar.com.br/itub3-ou-itub4-qual-comprar/,1,True,"index, follow, max-image-preview:large, max-snippet:-1, max-video-preview:-1",1,False,ITUB3 ou ITUB4: Qual Comprar? (A Diferença que Importa em 2026) - Investir e Coçar,82,1,155,1,1,414,0,1,1,1,1,4,True,True,0,136.9,7,9,5,0,3,1
https://investirecocaresocomecar.com.br/melhores-acoes-para-dividendos-2026/,200,https://investirecocaresocomecar.com.br/melhores-acoes-para-dividendos-2026/,https://investirecocaresocomecar.com.br/melhores-acoes-para-dividendos-2026/,1,True,"index, follow, max-image-preview:large, max-snippet:-1, max-video-preview:-1",1,False,Melhores Ações para Dividendos em 2026: 7 Opções para Renda Passiva na B3 - Investir e Coçar,92,1,148,1,1,462,0,1,1,1,1,4,True,True,0,136.3,7,9,5,0,3,0
https://investirecocaresocomecar.com.br/acabou-sonho-fundos-imobiliarios-vghf11-gare11-queda-2026/,200,https://investirecocaresocomecar.com.br/acabou-sonho-fundos-imobiliarios-vghf11-gare11-queda-2026/,https://investirecocaresocomecar.com.br/acabou-sonho-fundos-imobiliarios-vghf11-gare11-queda-2026/,1,True,"index, follow, max-image-preview:large, max-snippet:-1, max-video-preview:-1",1,False,"ACABOU O SONHO? Por que os Fundos Imobiliários Não Param de Cair em 2026 (VGHF11, GARE11 e o paradoxo da Selic) - Investir e Coçar",130,1,139,1,1,2199,0,1,1,1,1,5,True,True,0,151.4,7,9,5,0,3,0
https://investirecocaresocomecar.com.br/neymar-convocado-valor-financeiro-ativo-atencao/,200,https://investirecocaresocomecar.com.br/neymar-convocado-valor-financeiro-ativo-atencao/,https://investirecocaresocomecar.com.br/neymar-convocado-valor-financeiro-ativo-atencao/,1,True,"index, follow, max-image-preview:large, max-snippet:-1, max-video-preview:-1",1,False,Quanto Vale Neymar em R$? A Convocação que o Mercado Já Havia Precificado - Investir e Coçar,92,2,150,1,1,1875,0,1,1,1,1,4,True,True,0,156.4,6,9,10,5,3,0
https://investirecocaresocomecar.com.br/itausa-itsa4-desconto-de-holding-vale-a-pena-investir/,200,https://investirecocaresocomecar.com.br/itausa-itsa4-desconto-de-holding-vale-a-pena-investir/,https://investirecocaresocomecar.com.br/itausa-itsa4-desconto-de-holding-vale-a-pena-investir/,1,True,"index, follow, max-image-preview:large, max-snippet:-1, max-video-preview:-1",1,False,Vale a Pena Investir em Itaúsa (ITSA4)? O Desconto de Holding que o Mercado Não Consegue Ignorar - Investir e Coçar,115,2,151,1,1,2047,0,1,1,1,1,4,True,True,0,158.0,6,9,8,3,3,3
https://investirecocaresocomecar.com.br/bbas3-roe-abaixo-selic-banco-do-brasil-dividendos-2026/,200,https://investirecocaresocomecar.com.br/bbas3-roe-abaixo-selic-banco-do-brasil-dividendos-2026/,https://investirecocaresocomecar.com.br/bbas3-roe-abaixo-selic-banco-do-brasil-dividendos-2026/,1,True,"index, follow, max-image-preview:large, max-snippet:-1, max-video-preview:-1",1,False,Vale a Pena Manter BBAS3 em 2026? O Banco do Brasil que Rende Menos que o Tesouro Selic - Investir e Coçar,106,2,150,1,1,2260,0,1,1,1,1,5,True,True,0,161.6,6,9,7,2,3,0
https://investirecocaresocomecar.com.br/bancoes-dividendos-2026-itau-bradesco-santander-banco-do-brasil/,200,https://investirecocaresocomecar.com.br/bancoes-dividendos-2026-itau-bradesco-santander-banco-do-brasil/,https://investirecocaresocomecar.com.br/bancoes-dividendos-2026-itau-bradesco-santander-banco-do-brasil/,1,True,"index, follow, max-image-preview:large, max-snippet:-1, max-video-preview:-1",1,False,"Itaú, Bradesco, Santander ou Banco do Brasil: qual bancão paga mais dividendos em 2026? - Investir e Coçar",106,2,148,1,1,1814,0,1,1,1,1,4,True,True,0,156.6,6,10,5,0,3,0
https://investirecocaresocomecar.com.br/ipo-spacex-vale-a-pena-investir-spcx/,200,https://investirecocaresocomecar.com.br/ipo-spacex-vale-a-pena-investir-spcx/,https://investirecocaresocomecar.com.br/ipo-spacex-vale-a-pena-investir-spcx/,1,True,"index, follow, max-image-preview:large, max-snippet:-1, max-video-preview:-1",1,False,IPO da SpaceX Vale a Pena? Análise Completa do SPCX para o Investidor Brasileiro - Investir e Coçar,99,1,152,1,1,1869,0,1,1,1,1,5,True,True,0,158.1,7,9,7,2,3,0
https://investirecocaresocomecar.com.br/saud3-bradesco-vai-fechar-capital-bradsaude/,200,https://investirecocaresocomecar.com.br/saud3-bradesco-vai-fechar-capital-bradsaude/,https://investirecocaresocomecar.com.br/saud3-bradesco-vai-fechar-capital-bradsaude/,1,True,"index, follow, max-image-preview:large, max-snippet:-1, max-video-preview:-1",1,False,SAUD3: O Bradesco vai fechar o capital da BradSaúde? - Investir e Coçar,71,2,154,1,1,1909,0,1,1,0,1,4,True,True,0,146.4,6,9,5,0,3,0
https://investirecocaresocomecar.com.br/bbse3-cxse3-pssa3-melhor-seguradora-dividendos/,200,https://investirecocaresocomecar.com.br/bbse3-cxse3-pssa3-melhor-seguradora-dividendos/,https://investirecocaresocomecar.com.br/bbse3-cxse3-pssa3-melhor-seguradora-dividendos/,1,True,"index, follow, max-image-preview:large, max-snippet:-1, max-video-preview:-1",1,False,BBSE3 vs CXSE3 vs PSSA3: qual é a melhor seguradora para dividendos? - Investir e Coçar,87,2,150,1,1,1960,0,1,1,0,1,4,True,True,0,147.0,6,9,5,0,3,0
https://investirecocaresocomecar.com.br/super-el-nino-2026-acoes-vao-derreter-encher/,200,https://investirecocaresocomecar.com.br/super-el-nino-2026-acoes-vao-derreter-encher/,https://investirecocaresocomecar.com.br/super-el-nino-2026-acoes-vao-derreter-encher/,1,True,"index, follow, max-image-preview:large, max-snippet:-1, max-video-preview:-1",1,False,Super El Niño 2026: quais ações vão derreter (e quais vão encher)? - Investir e Coçar,85,2,153,1,1,2069,0,1,1,0,1,4,True,True,0,148.2,6,9,5,0,3,0
https://investirecocaresocomecar.com.br/tesouro-ipca-mais-832-oportunidade-da-decada-ou-cilada/,200,https://investirecocaresocomecar.com.br/tesouro-ipca-mais-832-oportunidade-da-decada-ou-cilada/,https://investirecocaresocomecar.com.br/tesouro-ipca-mais-832-oportunidade-da-decada-ou-cilada/,1,True,"index, follow, max-image-preview:large, max-snippet:-1, max-video-preview:-1",1,False,"Tesouro IPCA+ 8,32%: Vale a Pena Investir ou É Cilada para Quem Não Sabe a Regra? - Investir e Coçar",100,2,150,1,1,2352,0,1,1,1,1,4,True,True,0,158.8,6,9,8,3,3,0
https://investirecocaresocomecar.com.br/banco-central-comprou-ouro-30-bilhoes/,200,https://investirecocaresocomecar.com.br/banco-central-comprou-ouro-30-bilhoes/,https://investirecocaresocomecar.com.br/banco-central-comprou-ouro-30-bilhoes/,1,True,"index, follow, max-image-preview:large, max-snippet:-1, max-video-preview:-1",1,False,Por que o Banco Central comprou R$ 30 bilhões em ouro (e ninguém te contou)? - Investir e Coçar,95,1,141,1,1,2070,0,1,1,1,1,5,True,True,0,154.1,7,9,10,5,3,0
https://investirecocaresocomecar.com.br/banco-do-brasil-ou-itau-melhor-acao-dividendos-2026/,200,https://investirecocaresocomecar.com.br/banco-do-brasil-ou-itau-melhor-acao-dividendos-2026/,https://investirecocaresocomecar.com.br/banco-do-brasil-ou-itau-melhor-acao-dividendos-2026/,1,True,"index, follow, max-image-preview:large, max-snippet:-1, max-video-preview:-1",1,False,Banco do Brasil (BBAS3) ou Itaú (ITUB4): qual a melhor ação para dividendos em 2026? - Investir e Coçar,103,1,128,1,1,2191,0,1,1,1,1,5,True,True,0,151.0,7,9,8,3,3,0
https://investirecocaresocomecar.com.br/r300mil-ape-alugar-ou-fii-qual-rende-mais/,200,https://investirecocaresocomecar.com.br/r300mil-ape-alugar-ou-fii-qual-rende-mais/,https://investirecocaresocomecar.com.br/r300mil-ape-alugar-ou-fii-qual-rende-mais/,1,True,"index, follow, max-image-preview:large, max-snippet:-1, max-video-preview:-1",1,False,R$ 300 mil: vale a pena comprar apartamento para alugar ou investir em FII? - Investir e Coçar,94,2,139,1,1,2219,0,1,1,1,1,4,True,True,0,157.8,6,9,8,3,3,0
https://investirecocaresocomecar.com.br/etfs-bitcoin-b3-hodl11-bith11-qual-escolher/,200,https://investirecocaresocomecar.com.br/etfs-bitcoin-b3-hodl11-bith11-qual-escolher/,https://investirecocaresocomecar.com.br/etfs-bitcoin-b3-hodl11-bith11-qual-escolher/,1,True,"index, follow, max-image-preview:large, max-snippet:-1, max-video-preview:-1",1,False,ETFs de Bitcoin na B3: você está pagando taxa demais sem saber (guia 2026) - Investir e Coçar,93,2,151,1,1,1894,0,1,1,1,1,5,True,True,0,158.3,6,9,6,0,3,0
https://investirecocaresocomecar.com.br/tesouro-ipca-8-recompra-divida-nao-vale-a-pena/,200,https://investirecocaresocomecar.com.br/tesouro-ipca-8-recompra-divida-nao-vale-a-pena/,https://investirecocaresocomecar.com.br/tesouro-ipca-8-recompra-divida-nao-vale-a-pena/,1,True,"index, follow, max-image-preview:large, max-snippet:-1, max-video-preview:-1",1,False,Tesouro IPCA+ 8%: vale a pena comprar antes do governo recomprar a própria dívida? - Investir e Coçar,101,1,149,1,1,1341,0,1,1,1,1,5,True,True,0,144.0,7,9,8,3,3,0
https://investirecocaresocomecar.com.br/michael-burry-ja-ganhou-nvidia-palantir/,200,https://investirecocaresocomecar.com.br/michael-burry-ja-ganhou-nvidia-palantir/,https://investirecocaresocomecar.com.br/michael-burry-ja-ganhou-nvidia-palantir/,1,True,"index, follow, max-image-preview:large, max-snippet:-1, max-video-preview:-1",1,False,Vale a pena seguir as apostas de Michael Burry contra Nvidia e Palantir? - Investir e Coçar,91,1,151,1,1,1731,0,1,1,1,1,5,True,True,0,155.7,7,9,7,2,3,1
https://investirecocaresocomecar.com.br/samsung-lucro-recorde-acao-caiu-burry-aposta-nvidia/,200,https://investirecocaresocomecar.com.br/samsung-lucro-recorde-acao-caiu-burry-aposta-nvidia/,https://investirecocaresocomecar.com.br/samsung-lucro-recorde-acao-caiu-burry-aposta-nvidia/,1,True,"index, follow, max-image-preview:large, max-snippet:-1, max-video-preview:-1",1,False,Samsung lucrou 19 vezes mais em um ano: vale a pena confiar num balanço recorde? - Investir e Coçar,99,1,154,1,1,1977,0,1,1,1,1,5,True,True,0,157.3,7,9,10,5,3,0
https://investirecocaresocomecar.com.br/vale-a-pena-investir-acoes-baratas-bolsa-agora/,200,https://investirecocaresocomecar.com.br/vale-a-pena-investir-acoes-baratas-bolsa-agora/,https://investirecocaresocomecar.com.br/vale-a-pena-investir-acoes-baratas-bolsa-agora/,1,True,"index, follow, max-image-preview:large, max-snippet:-1, max-video-preview:-1",1,False,Vale a pena investir em ações baratas da Bolsa agora? 4 nomes passaram no filtro - Investir e Coçar,99,1,140,1,1,1955,0,1,1,1,1,5,True,True,0,157.9,7,9,10,5,3,0
https://investirecocaresocomecar.com.br/prudential-vende-brasil-apolice-vgbl-o-que-muda/,200,https://investirecocaresocomecar.com.br/prudential-vende-brasil-apolice-vgbl-o-que-muda/,https://investirecocaresocomecar.com.br/prudential-vende-brasil-apolice-vgbl-o-que-muda/,1,True,"index, follow, max-image-preview:large, max-snippet:-1, max-video-preview:-1",1,False,Prudential vende o Brasil: o que muda para quem tem apólice ou VGBL? - Investir e Coçar,87,1,141,1,1,1400,0,1,1,1,1,5,True,True,0,148.0,7,9,8,3,3,0
https://investirecocaresocomecar.com.br/nvidia-banco-proprios-clientes-cds-dobrou/,200,https://investirecocaresocomecar.com.br/nvidia-banco-proprios-clientes-cds-dobrou/,https://investirecocaresocomecar.com.br/nvidia-banco-proprios-clientes-cds-dobrou/,1,True,"index, follow, max-image-preview:large, max-snippet:-1, max-video-preview:-1",1,False,Nvidia virou o banco dos próprios clientes? O que o CDS disparado revela - Investir e Coçar,91,1,115,1,1,2142,0,1,1,1,1,5,True,True,0,159.9,7,9,10,5,3,0
https://investirecocaresocomecar.com.br/trxf11-queda-23-por-cento-13a-emissao-dividendos/,200,https://investirecocaresocomecar.com.br/trxf11-queda-23-por-cento-13a-emissao-dividendos/,https://investirecocaresocomecar.com.br/trxf11-queda-23-por-cento-13a-emissao-dividendos/,1,True,"index, follow, max-image-preview:large, max-snippet:-1, max-video-preview:-1",1,False,TRXF11 caiu 23% em 3 semanas: o que a 13ª emissão esconde - Investir e Coçar,76,1,151,1,1,1853,0,1,1,1,1,5,True,True,0,147.1,7,9,5,0,3,1
https://investirecocaresocomecar.com.br/bitcoin-queda-etfs-saques-liquidacoes-michael-saylor/,200,https://investirecocaresocomecar.com.br/bitcoin-queda-etfs-saques-liquidacoes-michael-saylor/,https://investirecocaresocomecar.com.br/bitcoin-queda-etfs-saques-liquidacoes-michael-saylor/,1,True,"index, follow, max-image-preview:large, max-snippet:-1, max-video-preview:-1",1,False,Não foi o Michael Saylor: quem derrubou o Bitcoin foram os saques dos ETFs - Investir e Coçar,93,1,154,1,1,891,0,1,1,1,1,5,True,True,0,142.2,7,9,5,0,3,1
https://investirecocaresocomecar.com.br/rani3-dividendos-11-por-cento-lucro-caiu-70-btg/,200,https://investirecocaresocomecar.com.br/rani3-dividendos-11-por-cento-lucro-caiu-70-btg/,https://investirecocaresocomecar.com.br/rani3-dividendos-11-por-cento-lucro-caiu-70-btg/,1,True,"index, follow, max-image-preview:large, max-snippet:-1, max-video-preview:-1",1,False,RANI3 pode pagar 11% ao ano — mas o lucro caiu 70%. As duas coisas são verdade - Investir e Coçar,97,1,154,1,1,1130,0,1,1,1,1,5,True,True,0,143.4,7,9,5,0,3,0
https://investirecocaresocomecar.com.br/opa-santander-sanb11-premio-15-por-cento-troca-acoes/,200,https://investirecocaresocomecar.com.br/opa-santander-sanb11-premio-15-por-cento-troca-acoes/,https://investirecocaresocomecar.com.br/opa-santander-sanb11-premio-15-por-cento-troca-acoes/,1,True,"index, follow, max-image-preview:large, max-snippet:-1, max-video-preview:-1",1,False,OPA do Santander: o prêmio de 15% que na prática vale perto de 5% - Investir e Coçar,84,1,145,1,1,1249,0,1,1,1,1,5,True,True,0,144.0,7,9,5,0,3,0
https://investirecocaresocomecar.com.br/ubs-rebaixa-brasil-neutro-ibovespa-fluxo-estrangeiro/,200,https://investirecocaresocomecar.com.br/ubs-rebaixa-brasil-neutro-ibovespa-fluxo-estrangeiro/,https://investirecocaresocomecar.com.br/ubs-rebaixa-brasil-neutro-ibovespa-fluxo-estrangeiro/,1,True,"index, follow, max-image-preview:large, max-snippet:-1, max-video-preview:-1",1,False,UBS rebaixou o Brasil de atrativo para neutro. Você também deveria parar de comprar? - Investir e Coçar,103,1,153,1,1,1154,0,1,1,1,1,5,True,True,0,146.1,7,10,5,0,3,2
https://investirecocaresocomecar.com.br/inss-deficit-317-bilhoes-reforma-2019-aposentadoria-geracao/,200,https://investirecocaresocomecar.com.br/inss-deficit-317-bilhoes-reforma-2019-aposentadoria-geracao/,https://investirecocaresocomecar.com.br/inss-deficit-317-bilhoes-reforma-2019-aposentadoria-geracao/,1,True,"index, follow, max-image-preview:large, max-snippet:-1, max-video-preview:-1",1,False,"0,8 trabalhador por aposentado: a conta do INSS que o próprio governo publicou - Investir e Coçar",97,1,152,1,1,1267,0,1,1,1,1,5,True,True,0,144.7,7,9,5,0,3,0
https://investirecocaresocomecar.com.br/klabin-klbn11-recompra-acoes-prejuizo-ativo-biologico/,200,https://investirecocaresocomecar.com.br/klabin-klbn11-recompra-acoes-prejuizo-ativo-biologico/,https://investirecocaresocomecar.com.br/klabin-klbn11-recompra-acoes-prejuizo-ativo-biologico/,1,True,"index, follow, max-image-preview:large, max-snippet:-1, max-video-preview:-1",1,False,Klabin: R$ 497 milhões de prejuízo e meio bilhão em recompra. Confiança ou desespero? - Investir e Coçar,104,1,152,1,1,1351,0,1,1,1,1,5,True,True,0,145.4,7,9,5,0,3,0
https://investirecocaresocomecar.com.br/barsi-vendeu-banco-do-brasil-bbas3-verdade-preco-justo/,200,https://investirecocaresocomecar.com.br/barsi-vendeu-banco-do-brasil-bbas3-verdade-preco-justo/,https://investirecocaresocomecar.com.br/barsi-vendeu-banco-do-brasil-bbas3-verdade-preco-justo/,1,True,"index, follow, max-image-preview:large, max-snippet:-1, max-video-preview:-1",1,False,Barsi vendeu Banco do Brasil? Não. E a ação que ele vendeu de verdade foi outra - Investir e Coçar,98,1,151,1,1,1179,0,1,1,1,1,5,True,True,0,143.9,7,9,5,0,3,0
https://investirecocaresocomecar.com.br/pass3-compass-ipo-conflito-de-interesse-bancos-coordenadores/,200,https://investirecocaresocomecar.com.br/pass3-compass-ipo-conflito-de-interesse-bancos-coordenadores/,https://investirecocaresocomecar.com.br/pass3-compass-ipo-conflito-de-interesse-bancos-coordenadores/,1,True,"index, follow, max-image-preview:large, max-snippet:-1, max-video-preview:-1",1,False,PASS3: os 6 bancos que mandaram comprar são os mesmos 6 que venderam o IPO - Investir e Coçar,93,1,155,1,1,1312,0,1,1,1,1,5,True,True,0,144.6,7,9,5,0,3,1
https://investirecocaresocomecar.com.br/nova-lei-heranca-lc-227-itcmd-planejamento-sucessorio/,200,https://investirecocaresocomecar.com.br/nova-lei-heranca-lc-227-itcmd-planejamento-sucessorio/,https://investirecocaresocomecar.com.br/nova-lei-heranca-lc-227-itcmd-planejamento-sucessorio/,1,True,"index, follow, max-image-preview:large, max-snippet:-1, max-video-preview:-1",1,False,"Nova lei da herança (LC 227): o que muda para a sua família, mesmo sem holding - Investir e Coçar",97,1,155,1,1,1519,0,1,1,1,1,5,True,True,0,146.1,7,9,5,0,3,1
https://investirecocaresocomecar.com.br/metodo-barsi-dividendos-best-bancos-energia-saneamento-telecom/,200,https://investirecocaresocomecar.com.br/metodo-barsi-dividendos-best-bancos-energia-saneamento-telecom/,https://investirecocaresocomecar.com.br/metodo-barsi-dividendos-best-bancos-energia-saneamento-telecom/,1,True,"index, follow, max-image-preview:large, max-snippet:-1, max-video-preview:-1",1,False,"Método Barsi explicado: o filtro BEST, os números reais e o que a Louise mudou - Investir e Coçar",97,1,155,1,1,1433,0,1,1,1,1,5,True,True,0,146.7,7,9,5,0,3,1
https://investirecocaresocomecar.com.br/patrimonio-presidenciaveis-eleicoes-2026-declaracao-tse/,200,https://investirecocaresocomecar.com.br/patrimonio-presidenciaveis-eleicoes-2026-declaracao-tse/,https://investirecocaresocomecar.com.br/patrimonio-presidenciaveis-eleicoes-2026-declaracao-tse/,1,True,"index, follow, max-image-preview:large, max-snippet:-1, max-video-preview:-1",1,False,Patrimônio dos presidenciáveis: por que a declaração ao TSE engana nos dois sentidos - Investir e Coçar,103,1,148,1,1,1740,0,1,1,1,1,5,True,True,0,147.3,7,9,5,0,3,1
https://investirecocaresocomecar.com.br/bbas3-resultado-2t-cartao-de-credito-inadimplencia/,200,https://investirecocaresocomecar.com.br/bbas3-resultado-2t-cartao-de-credito-inadimplencia/,https://investirecocaresocomecar.com.br/bbas3-resultado-2t-cartao-de-credito-inadimplencia/,1,True,"index, follow, max-image-preview:large, max-snippet:-1, max-video-preview:-1",1,False,BBAS3: não foi o agro. O rombo novo do Banco do Brasil nasceu no cartão de crédito - Investir e Coçar,101,1,145,1,1,1973,0,1,1,1,1,5,True,True,0,148.8,7,9,5,0,3,1
https://investirecocaresocomecar.com.br/pique-insider-trading-cnmv-como-funciona/,200,https://investirecocaresocomecar.com.br/pique-insider-trading-cnmv-como-funciona/,https://investirecocaresocomecar.com.br/pique-insider-trading-cnmv-como-funciona/,1,True,"index, follow, max-image-preview:large, max-snippet:-1, max-video-preview:-1",1,False,O Que É Insider Trading? O Caso Piqué Que Explica Melhor que Qualquer Aula - Investir e Coçar,93,1,148,1,1,1953,0,1,1,1,1,3,True,True,0,153.4,7,9,7,2,3,0
https://investirecocaresocomecar.com.br/gastos-uniao-quase-recorde-pandemia-2026/,200,https://investirecocaresocomecar.com.br/gastos-uniao-quase-recorde-pandemia-2026/,https://investirecocaresocomecar.com.br/gastos-uniao-quase-recorde-pandemia-2026/,1,True,"index, follow, max-image-preview:large, max-snippet:-1, max-video-preview:-1",1,False,Gastos da União quase batem o recorde da pandemia — e você não ganha nada desta vez - Investir e Coçar,102,1,130,1,1,933,0,1,1,1,1,3,True,True,0,141.6,7,9,9,4,3,0
https://investirecocaresocomecar.com.br/fiis-pior-primeiro-semestre-2022-ifix-cacr11-tgar11/,200,https://investirecocaresocomecar.com.br/fiis-pior-primeiro-semestre-2022-ifix-cacr11-tgar11/,https://investirecocaresocomecar.com.br/fiis-pior-primeiro-semestre-2022-ifix-cacr11-tgar11/,1,True,"index, follow, max-image-preview:large, max-snippet:-1, max-video-preview:-1",1,False,Vale a Pena Investir em FIIs em 2026 Depois do Pior 1 Semestre Desde 2022? - Investir e Coçar,93,1,150,1,1,2049,0,1,1,1,1,3,True,True,0,154.6,7,9,9,4,3,0
https://investirecocaresocomecar.com.br/kncr11-subscricao-vale-a-pena/,200,https://investirecocaresocomecar.com.br/kncr11-subscricao-vale-a-pena/,https://investirecocaresocomecar.com.br/kncr11-subscricao-vale-a-pena/,1,True,"index, follow, max-image-preview:large, max-snippet:-1, max-video-preview:-1",1,False,KNCR11 Subscrição Vale a Pena? - Investir e Coçar,49,1,153,1,1,498,0,1,1,0,1,4,True,True,0,136.7,7,9,5,0,3,0
https://investirecocaresocomecar.com.br/bolsa-de-valores-em-alta-por-que-o-ibovespa-pode-subir-mais-e-como-nao-ficar-de-fora/,200,https://investirecocaresocomecar.com.br/bolsa-de-valores-em-alta-por-que-o-ibovespa-pode-subir-mais-e-como-nao-ficar-de-fora/,https://investirecocaresocomecar.com.br/bolsa-de-valores-em-alta-por-que-o-ibovespa-pode-subir-mais-e-como-nao-ficar-de-fora/,1,True,"index, follow, max-image-preview:large, max-snippet:-1, max-video-preview:-1",1,False,Bolsa de Valores em Alta: Por Que o Ibovespa Pode Subir Mais e Como Não Ficar de Fora - Investir e Coçar,104,1,136,1,1,1395,0,1,1,1,1,3,True,True,0,147.1,7,9,8,0,3,0
https://investirecocaresocomecar.com.br/3a-guerra-mundial-o-impacto-economico-que-ninguem-esta-falando/,200,https://investirecocaresocomecar.com.br/3a-guerra-mundial-o-impacto-economico-que-ninguem-esta-falando/,https://investirecocaresocomecar.com.br/3a-guerra-mundial-o-impacto-economico-que-ninguem-esta-falando/,1,True,"index, follow, max-image-preview:large, max-snippet:-1, max-video-preview:-1",1,False,3ª Guerra Mundial: O Impacto Econômico que Ninguém Está Falando - Investir e Coçar,82,1,155,1,1,1471,0,1,1,1,1,5,True,True,0,149.3,7,9,11,6,3,1
https://investirecocaresocomecar.com.br/dolar-abaixo-de-r5-etfs-renda-dolar-b3/,200,https://investirecocaresocomecar.com.br/dolar-abaixo-de-r5-etfs-renda-dolar-b3/,https://investirecocaresocomecar.com.br/dolar-abaixo-de-r5-etfs-renda-dolar-b3/,1,True,"index, follow, max-image-preview:large, max-snippet:-1, max-video-preview:-1",1,False,Dólar Abaixo de R$ 5: Como Investir em ETFs com Renda em Dólar pela B3 - Investir e Coçar,89,1,154,1,1,1281,0,1,1,1,1,3,True,True,0,141.9,7,9,5,0,3,1
https://investirecocaresocomecar.com.br/ugpa3-ultrapar-dividendos-2026-vale-a-pena/,200,https://investirecocaresocomecar.com.br/ugpa3-ultrapar-dividendos-2026-vale-a-pena/,https://investirecocaresocomecar.com.br/ugpa3-ultrapar-dividendos-2026-vale-a-pena/,1,True,"index, follow, max-image-preview:large, max-snippet:-1, max-video-preview:-1",1,False,Ultrapar (UGPA3): A Ação Esquecida Que Voltou ao Radar e Pode Pagar Bons Dividendos em 2026 - Investir e Coçar,110,1,132,1,1,1537,0,1,1,1,1,3,True,True,0,148.7,7,9,9,1,3,0
https://investirecocaresocomecar.com.br/tesouro-ipca-a-7-por-que-esta-pode-ser-a-ultima-grande-oportunidade-na-renda-fixa/,200,https://investirecocaresocomecar.com.br/tesouro-ipca-a-7-por-que-esta-pode-ser-a-ultima-grande-oportunidade-na-renda-fixa/,https://investirecocaresocomecar.com.br/tesouro-ipca-a-7-por-que-esta-pode-ser-a-ultima-grande-oportunidade-na-renda-fixa/,1,True,"index, follow, max-image-preview:large, max-snippet:-1, max-video-preview:-1",1,False,Tesouro IPCA+ a 7%: Por Que Esta Pode Ser a Última Grande Oportunidade na Renda Fixa - Investir e Coçar,103,1,150,1,1,1504,0,1,1,1,1,3,True,True,0,146.0,7,9,8,0,3,0
https://investirecocaresocomecar.com.br/morte-do-bitcoin-o-alerta-de-michael-burry-sobre-a-espiral-da-morte-e-o-que-fazer-agora/,200,https://investirecocaresocomecar.com.br/morte-do-bitcoin-o-alerta-de-michael-burry-sobre-a-espiral-da-morte-e-o-que-fazer-agora/,https://investirecocaresocomecar.com.br/morte-do-bitcoin-o-alerta-de-michael-burry-sobre-a-espiral-da-morte-e-o-que-fazer-agora/,1,True,"index, follow, max-image-preview:large, max-snippet:-1, max-video-preview:-1",1,False,Morte do Bitcoin? O Alerta de Michael Burry Sobre a Espiral da Morte e o Que Fazer Agora - Investir e Coçar,107,1,148,1,1,1513,0,1,1,1,1,4,True,True,0,147.4,7,9,8,0,3,0
https://investirecocaresocomecar.com.br/como-receber-dividendos-todos-os-meses-guia-com-acoes-seguras-para-renda-passiva/,200,https://investirecocaresocomecar.com.br/como-receber-dividendos-todos-os-meses-guia-com-acoes-seguras-para-renda-passiva/,https://investirecocaresocomecar.com.br/como-receber-dividendos-todos-os-meses-guia-com-acoes-seguras-para-renda-passiva/,1,True,"index, follow, max-image-preview:large, max-snippet:-1, max-video-preview:-1",1,False,Como Receber Dividendos Todos os Meses: Guia com Ações Seguras para Renda Passiva - Investir e Coçar,100,1,152,1,1,642,1,1,1,1,1,4,True,True,0,140.2,7,9,5,0,3,0
https://investirecocaresocomecar.com.br/elementor-2874/,200,https://investirecocaresocomecar.com.br/elementor-2874/,https://investirecocaresocomecar.com.br/elementor-2874/,1,True,"index, follow, max-image-preview:large, max-snippet:-1, max-video-preview:-1",1,False,Investir em Ouro em 2025: Guia Completo e Estratégias - Investir e Coçar,72,1,154,1,1,891,1,1,1,1,1,3,True,True,0,139.3,7,9,5,0,3,0
https://investirecocaresocomecar.com.br/vale-a-pena-investir-em-cobre-%f0%9f%93%88-deficit-e-a-tese-do-novo-petroleo/,200,https://investirecocaresocomecar.com.br/vale-a-pena-investir-em-cobre-%f0%9f%93%88-deficit-e-a-tese-do-novo-petroleo/,https://investirecocaresocomecar.com.br/vale-a-pena-investir-em-cobre-📈-deficit-e-a-tese-do-novo-petroleo/,1,False,"index, follow, max-image-preview:large, max-snippet:-1, max-video-preview:-1",1,False,VALE A PENA INVESTIR EM COBRE? 📈 Déficit e a Tese do Novo Petróleo - Investir e Coçar,85,1,151,1,1,1213,1,1,1,1,1,5,True,True,0,146.7,7,9,5,0,3,0
https://investirecocaresocomecar.com.br/por-que-a-faria-lima-esta-otimista-com-investimentos-no-brasil-em-2026-selic-e-ibovespa/,200,https://investirecocaresocomecar.com.br/por-que-a-faria-lima-esta-otimista-com-investimentos-no-brasil-em-2026-selic-e-ibovespa/,https://investirecocaresocomecar.com.br/por-que-a-faria-lima-esta-otimista-com-investimentos-no-brasil-em-2026-selic-e-ibovespa/,1,True,"index, follow, max-image-preview:large, max-snippet:-1, max-video-preview:-1",1,False,Por Que a Faria Lima Está Otimista com Investimentos no Brasil em 2026? | Selic e Ibovespa - Investir e Coçar,109,1,154,1,1,547,0,1,1,1,1,4,True,True,0,138.8,7,9,5,0,3,0
https://investirecocaresocomecar.com.br/tributacao-de-dividendos-a-nova-regra-que-chacoalha-o-mercado-e-estrategias-de-renda-fixa/,200,https://investirecocaresocomecar.com.br/tributacao-de-dividendos-a-nova-regra-que-chacoalha-o-mercado-e-estrategias-de-renda-fixa/,https://investirecocaresocomecar.com.br/tributacao-de-dividendos-a-nova-regra-que-chacoalha-o-mercado-e-estrategias-de-renda-fixa/,1,True,"index, follow, max-image-preview:large, max-snippet:-1, max-video-preview:-1",1,False,Tributação de Dividendos: A Nova Regra que Chacoalha o Mercado e Estratégias de Renda Fixa - Investir e Coçar,109,1,146,1,1,635,0,1,1,1,1,4,True,True,0,141.1,7,9,5,0,3,0
https://investirecocaresocomecar.com.br/4-erros-silenciosos-que-mantem-voce-preso-na-classe-media-e-como-sair-deles/,200,https://investirecocaresocomecar.com.br/4-erros-silenciosos-que-mantem-voce-preso-na-classe-media-e-como-sair-deles/,https://investirecocaresocomecar.com.br/4-erros-silenciosos-que-mantem-voce-preso-na-classe-media-e-como-sair-deles/,1,True,"index, follow, max-image-preview:large, max-snippet:-1, max-video-preview:-1",1,False,4 Erros Silenciosos que Mantêm Você Preso na Classe Média (e Como Sair Deles) - Investir e Coçar,96,1,140,1,1,606,0,1,1,1,1,3,True,True,0,136.7,7,9,5,0,3,0
https://investirecocaresocomecar.com.br/onde-investir-segundo-semestre-2025/,200,https://investirecocaresocomecar.com.br/onde-investir-segundo-semestre-2025/,https://investirecocaresocomecar.com.br/onde-investir-segundo-semestre-2025/,1,True,"index, follow, max-image-preview:large, max-snippet:-1, max-video-preview:-1",1,False,Onde Investir no 2º Semestre 2025 - Investir e Coçar,52,1,149,1,1,46,0,1,1,1,1,3,True,True,0,156.1,7,9,5,0,3,0
https://investirecocaresocomecar.com.br/carteira-recomendada-fundos-imobiliarios-agosto-2025/,200,https://investirecocaresocomecar.com.br/carteira-recomendada-fundos-imobiliarios-agosto-2025/,,0,False,"noindex, follow",1,True,Carteira Recomendada Fundos Imobiliários Agosto 2025 - Investir e Coçar,71,1,153,1,0,41,1,1,1,0,1,2,True,True,0,121.7,3,8,0,0,4,0
https://investirecocaresocomecar.com.br/carteira-recomendada-bdr-julho-2025/,200,https://investirecocaresocomecar.com.br/carteira-recomendada-bdr-julho-2025/,https://investirecocaresocomecar.com.br/carteira-recomendada-bdr-julho-2025/,1,True,"index, follow, max-image-preview:large, max-snippet:-1, max-video-preview:-1",1,False,CARTEIRA RECOMENDADA BDR JULHO 2025 - Investir e Coçar,54,1,152,1,1,46,0,1,1,1,1,3,True,True,0,163.8,7,9,5,0,3,0
https://investirecocaresocomecar.com.br/%f0%9f%9a%80-tesla-tsla34-vale-a-pena-descubra-se-ainda-faz-sentido-investir-em-2025/,200,https://investirecocaresocomecar.com.br/%f0%9f%9a%80-tesla-tsla34-vale-a-pena-descubra-se-ainda-faz-sentido-investir-em-2025/,https://investirecocaresocomecar.com.br/🚀-tesla-tsla34-vale-a-pena-descubra-se-ainda-faz-sentido-investir-em-2025/,1,False,"index, follow, max-image-preview:large, max-snippet:-1, max-video-preview:-1",1,False,🚀 Tesla (TSLA34) Vale a Pena? Descubra se Ainda Faz Sentido Investir em 2025! - Investir e Coçar,96,1,154,1,1,871,0,1,1,0,1,3,True,True,0,138.4,7,9,5,0,3,0
https://investirecocaresocomecar.com.br/elementor-2466/,200,https://investirecocaresocomecar.com.br/elementor-2466/,https://investirecocaresocomecar.com.br/elementor-2466/,1,True,"index, follow, max-image-preview:large, max-snippet:-1, max-video-preview:-1",1,False,Banco do Brasil (BBAS3) Perdeu o Encanto? Ação está derretendo e sendo rebaixada - Investir e Coçar,99,1,152,1,1,1133,0,1,1,1,1,4,True,True,0,145.9,7,9,5,0,3,0
https://investirecocaresocomecar.com.br/copel-cple6-virou-a-nova-queridinha-dos-dividendos/,200,https://investirecocaresocomecar.com.br/copel-cple6-virou-a-nova-queridinha-dos-dividendos/,https://investirecocaresocomecar.com.br/copel-cple6-virou-a-nova-queridinha-dos-dividendos/,1,True,"index, follow, max-image-preview:large, max-snippet:-1, max-video-preview:-1",1,False,Copel (CPLE6) Virou a Nova Queridinha dos Dividendos? - Investir e Coçar,72,1,155,1,1,1067,0,1,1,1,1,3,True,True,0,142.5,7,9,5,0,3,0
https://investirecocaresocomecar.com.br/etfs-de-opcoes-estao-pagando-muito-dividendos-133/,200,https://investirecocaresocomecar.com.br/etfs-de-opcoes-estao-pagando-muito-dividendos-133/,https://investirecocaresocomecar.com.br/etfs-de-opcoes-estao-pagando-muito-dividendos-133/,1,True,"index, follow, max-image-preview:large, max-snippet:-1, max-video-preview:-1",1,False,ETFs de Opções estão Pagando Muito Dividendos: 133% - Investir e Coçar,70,1,152,1,1,1533,0,1,1,1,1,3,True,True,0,143.2,7,9,5,0,3,0
https://investirecocaresocomecar.com.br/o-melhor-fundo-imobiliario-para-iniciantes-como-investir-com-r10/,200,https://investirecocaresocomecar.com.br/o-melhor-fundo-imobiliario-para-iniciantes-como-investir-com-r10/,https://investirecocaresocomecar.com.br/o-melhor-fundo-imobiliario-para-iniciantes-como-investir-com-r10/,1,True,"index, follow, max-image-preview:large, max-snippet:-1, max-video-preview:-1",1,False,O Melhor Fundo Imobiliário para Iniciantes: Como Investir com R$10 - Investir e Coçar,85,1,149,1,1,678,0,1,1,1,1,3,True,True,0,137.6,7,9,5,0,3,0
https://investirecocaresocomecar.com.br/goat11-o-etf-hibrido-da-b3-com-80-em-renda-fixa-e-20-em-variavel-vale-a-pena-investir/,200,https://investirecocaresocomecar.com.br/goat11-o-etf-hibrido-da-b3-com-80-em-renda-fixa-e-20-em-variavel-vale-a-pena-investir/,https://investirecocaresocomecar.com.br/goat11-o-etf-hibrido-da-b3-com-80-em-renda-fixa-e-20-em-variavel-vale-a-pena-investir/,1,True,"index, follow, max-image-preview:large, max-snippet:-1, max-video-preview:-1",1,False,GOAT11: Como Funciona Este ETF Híbrido? - Investir e Coçar,58,1,120,1,0,1488,0,1,1,1,1,3,True,True,0,132.5,7,9,0,0,3,0
https://investirecocaresocomecar.com.br/elementor-2333/,200,https://investirecocaresocomecar.com.br/elementor-2333/,https://investirecocaresocomecar.com.br/elementor-2333/,1,True,"index, follow, max-image-preview:large, max-snippet:-1, max-video-preview:-1",1,False,Sem Bolsa de Valores nos Feriados? Nananinanão aprenda - Investir e Coçar,73,1,150,1,1,1004,0,1,1,1,1,3,True,True,0,142.1,7,9,5,0,3,0
https://investirecocaresocomecar.com.br/warren-buffett-se-aposenta-o-que-isso-significa-para-a-berkshire-hathaway-e-investidores/,200,https://investirecocaresocomecar.com.br/warren-buffett-se-aposenta-o-que-isso-significa-para-a-berkshire-hathaway-e-investidores/,https://investirecocaresocomecar.com.br/warren-buffett-se-aposenta-o-que-isso-significa-para-a-berkshire-hathaway-e-investidores/,1,True,"index, follow, max-image-preview:large, max-snippet:-1, max-video-preview:-1",1,False,Warren Buffett Se Aposenta: O Que Isso Significa para a Berkshire Hathaway e Investidores - Investir e Coçar,108,1,155,1,1,764,0,1,1,0,1,3,True,True,0,136.5,7,9,5,0,3,0
https://investirecocaresocomecar.com.br/oportunidades-de-investimento-no-brasil-navegando-por-juros-altos-e-inflacao-em-2025/,200,https://investirecocaresocomecar.com.br/oportunidades-de-investimento-no-brasil-navegando-por-juros-altos-e-inflacao-em-2025/,https://investirecocaresocomecar.com.br/oportunidades-de-investimento-no-brasil-navegando-por-juros-altos-e-inflacao-em-2025/,1,True,"index, follow, max-image-preview:large, max-snippet:-1, max-video-preview:-1",1,False,Última oportunidade para Investir - Investir e Coçar,52,1,136,1,1,899,0,1,1,1,1,3,True,True,0,139.7,7,9,5,0,3,0
https://investirecocaresocomecar.com.br/como-saber-se-roubaram-seu-dinheiro-do-inss-um-guia-completo-e-atualizado/,200,https://investirecocaresocomecar.com.br/como-saber-se-roubaram-seu-dinheiro-do-inss-um-guia-completo-e-atualizado/,https://investirecocaresocomecar.com.br/como-saber-se-roubaram-seu-dinheiro-do-inss-um-guia-completo-e-atualizado/,1,True,"index, follow, max-image-preview:large, max-snippet:-1, max-video-preview:-1",1,False,Como Saber se Roubaram Seu Dinheiro do INSS: Um Guia Completo e Atualizado - Investir e Coçar,93,1,150,1,1,1250,1,1,1,1,1,3,True,True,0,142.9,8,9,5,0,3,0
https://investirecocaresocomecar.com.br/do-drex-as-stablecoins-como-o-blockchain-esta-revolucionando-o-dinheiro-digital-no-brasil/,200,https://investirecocaresocomecar.com.br/do-drex-as-stablecoins-como-o-blockchain-esta-revolucionando-o-dinheiro-digital-no-brasil/,https://investirecocaresocomecar.com.br/do-drex-as-stablecoins-como-o-blockchain-esta-revolucionando-o-dinheiro-digital-no-brasil/,1,True,"index, follow, max-image-preview:large, max-snippet:-1, max-video-preview:-1",1,False,Do Drex às Stablecoins: Como o Blockchain Está Revolucionando o Dinheiro Digital no Brasil - Investir e Coçar,109,1,144,1,1,1020,0,1,1,1,1,4,True,True,0,144.5,7,9,10,5,3,0
https://investirecocaresocomecar.com.br/tesla-queda-no-lucro-faz-elon-musk-se-afastar-de-trump-acoes-reagem-bem/,200,https://investirecocaresocomecar.com.br/tesla-queda-no-lucro-faz-elon-musk-se-afastar-de-trump-acoes-reagem-bem/,https://investirecocaresocomecar.com.br/tesla-queda-no-lucro-faz-elon-musk-se-afastar-de-trump-acoes-reagem-bem/,1,True,"index, follow, max-image-preview:large, max-snippet:-1, max-video-preview:-1",1,False,Tesla: queda no lucro faz Elon Musk se afastar de Trump. Ações reagem bem - Investir e Coçar,92,1,153,1,1,1168,0,1,1,1,1,3,True,True,0,140.2,7,9,5,0,3,0
https://investirecocaresocomecar.com.br/7-etfs-de-renda-fixa-americanos-para-proteger-seu-dinheiro-em-2025/,200,https://investirecocaresocomecar.com.br/7-etfs-de-renda-fixa-americanos-para-proteger-seu-dinheiro-em-2025/,https://investirecocaresocomecar.com.br/7-etfs-de-renda-fixa-americanos-para-proteger-seu-dinheiro-em-2025/,1,True,"index, follow, max-image-preview:large, max-snippet:-1, max-video-preview:-1",1,False,7 ETFs de renda fixa americanos: quais são e como investir do Brasil | Investir e Coçar,87,1,144,1,1,1497,0,1,1,1,1,3,True,True,0,141.3,7,9,5,0,3,0
https://investirecocaresocomecar.com.br/4-etfs-de-dividendos-crescentes/,200,https://investirecocaresocomecar.com.br/4-etfs-de-dividendos-crescentes/,https://investirecocaresocomecar.com.br/4-etfs-de-dividendos-crescentes/,1,True,"index, follow, max-image-preview:large, max-snippet:-1, max-video-preview:-1",1,False,4 ETFs de Dividendos Crescentes - Investir e Coçar,50,1,125,1,1,1299,0,1,1,1,1,3,True,True,0,141.0,7,9,5,0,3,0
https://investirecocaresocomecar.com.br/emprestimo-consignado-para-clt-com-fgts-como-funciona-e-vale-a-pena/,200,https://investirecocaresocomecar.com.br/emprestimo-consignado-para-clt-com-fgts-como-funciona-e-vale-a-pena/,https://investirecocaresocomecar.com.br/emprestimo-consignado-para-clt-com-fgts-como-funciona-e-vale-a-pena/,1,True,"index, follow, max-image-preview:large, max-snippet:-1, max-video-preview:-1",1,False,Empréstimo Consignado para CLT com FGTS: Como Funciona e Vale a Pena? - Investir e Coçar,88,1,152,1,1,1118,0,1,1,1,1,3,True,True,0,142.7,7,9,5,0,3,0
https://investirecocaresocomecar.com.br/aure3-decifrando-a-queda-e-o-futuro-dos-dividendos-da-auren-na-bolsa-analise-2025/,200,https://investirecocaresocomecar.com.br/aure3-decifrando-a-queda-e-o-futuro-dos-dividendos-da-auren-na-bolsa-analise-2025/,https://investirecocaresocomecar.com.br/aure3-decifrando-a-queda-e-o-futuro-dos-dividendos-da-auren-na-bolsa-analise-2025/,1,True,"index, follow, max-image-preview:large, max-snippet:-1, max-video-preview:-1",1,False,Aure3: Entenda a Queda e o Futuro dos Dividendos - Investir e Coçar,67,1,114,1,1,725,0,1,1,1,1,3,True,True,0,141.3,7,9,5,0,3,0
https://investirecocaresocomecar.com.br/berkshire-hathaway-do-warren-buffett-aumenta-participacao-em-tradings-japonesas-e-impulsiona-mercado-de-toquio/,200,https://investirecocaresocomecar.com.br/berkshire-hathaway-do-warren-buffett-aumenta-participacao-em-tradings-japonesas-e-impulsiona-mercado-de-toquio/,https://investirecocaresocomecar.com.br/berkshire-hathaway-do-warren-buffett-aumenta-participacao-em-tradings-japonesas-e-impulsiona-mercado-de-toquio/,1,True,"index, follow, max-image-preview:large, max-snippet:-1, max-video-preview:-1",1,False,Warren Buffett Aumenta Participações no Japão - Investir e Coçar,64,1,133,1,1,459,0,1,1,1,1,3,True,True,0,138.3,7,9,5,0,3,0
https://investirecocaresocomecar.com.br/cvm-investiga-nomeacoes-de-ministros-de-lula-na-tupy-suspeita-de-conflito-de-interesse-em-foco/,200,https://investirecocaresocomecar.com.br/cvm-investiga-nomeacoes-de-ministros-de-lula-na-tupy-suspeita-de-conflito-de-interesse-em-foco/,https://investirecocaresocomecar.com.br/cvm-investiga-nomeacoes-de-ministros-de-lula-na-tupy-suspeita-de-conflito-de-interesse-em-foco/,1,True,"index, follow, max-image-preview:large, max-snippet:-1, max-video-preview:-1",1,False,CVM investiga nomeações de ministros de Lula na Tupy: suspeita de conflito de interesse em foco - Investir e Coçar,114,1,155,1,1,576,0,1,1,1,1,3,True,True,0,136.5,7,9,5,0,3,0
https://investirecocaresocomecar.com.br/xp-xpbr31-e-acusada-pela-grizzly-research-de-esquema-de-piramide-tipo-esquema-ponzi-tipo-madoff-entenda-o-caso-e-o-impacto-nas-acoes-xpbr31/,200,https://investirecocaresocomecar.com.br/xp-xpbr31-e-acusada-pela-grizzly-research-de-esquema-de-piramide-tipo-esquema-ponzi-tipo-madoff-entenda-o-caso-e-o-impacto-nas-acoes-xpbr31/,https://investirecocaresocomecar.com.br/xp-xpbr31-e-acusada-pela-grizzly-research-de-esquema-de-piramide-tipo-esquema-ponzi-tipo-madoff-entenda-o-caso-e-o-impacto-nas-acoes-xpbr31/,1,True,"index, follow, max-image-preview:large, max-snippet:-1, max-video-preview:-1",1,False,XP (XPBR31) é Acusada pela Grizzly Research de Esquema de Pirâmide tipo “esquema Ponzi tipo Madoff”: Entenda o Caso e o Impacto nas Ações (XPBR31) - Investir e Coçar,165,1,154,1,1,621,0,1,1,1,1,3,True,True,0,139.4,7,9,5,0,3,0
https://investirecocaresocomecar.com.br/short-squeeze-das-casas-bahia-o-que-aconteceu-e-quais-acoes-podem-ser-as-proximas/,200,https://investirecocaresocomecar.com.br/short-squeeze-das-casas-bahia-o-que-aconteceu-e-quais-acoes-podem-ser-as-proximas/,https://investirecocaresocomecar.com.br/short-squeeze-das-casas-bahia-o-que-aconteceu-e-quais-acoes-podem-ser-as-proximas/,1,True,"index, follow, max-image-preview:large, max-snippet:-1, max-video-preview:-1",1,False,Short Squeeze das Casas Bahia: O Que Aconteceu e Quais Ações Podem Ser as Próximas? - Investir e Coçar,102,1,152,1,1,673,0,1,1,1,1,3,True,True,0,138.1,7,9,5,0,3,0
https://investirecocaresocomecar.com.br/novo-horario-b3-2/,200,https://investirecocaresocomecar.com.br/novo-horario-b3-2/,https://investirecocaresocomecar.com.br/novo-horario-b3-2/,1,True,"index, follow, max-image-preview:large, max-snippet:-1, max-video-preview:-1",1,False,Novo horário B3: O que você precisa saber - Investir e Coçar,60,1,107,1,1,412,0,1,1,1,1,3,True,True,0,133.4,7,9,5,0,3,0
https://investirecocaresocomecar.com.br/novas-regras-do-pix/,200,https://investirecocaresocomecar.com.br/novas-regras-do-pix/,https://investirecocaresocomecar.com.br/novas-regras-do-pix/,1,True,"index, follow, max-image-preview:large, max-snippet:-1, max-video-preview:-1",1,False,PIX: Impactos das Novas Regras para Usuários - Investir e Coçar,63,1,110,1,1,644,0,1,1,1,1,3,True,True,0,137.4,7,9,5,0,3,0
https://investirecocaresocomecar.com.br/brav3-entenda-o-salto-de-7-das-acoes-da-brava-energia-e-o-impacto-dos-dados-de-producao/,200,https://investirecocaresocomecar.com.br/brav3-entenda-o-salto-de-7-das-acoes-da-brava-energia-e-o-impacto-dos-dados-de-producao/,https://investirecocaresocomecar.com.br/brav3-entenda-o-salto-de-7-das-acoes-da-brava-energia-e-o-impacto-dos-dados-de-producao/,1,True,"index, follow, max-image-preview:large, max-snippet:-1, max-video-preview:-1",1,False,BRAV3: Entenda o Salto de 7% das Ações da Brava Energia e o Impacto dos Dados de Produção - Investir e Coçar,108,1,134,1,1,516,0,1,1,1,1,3,True,True,0,136.5,7,9,5,0,3,0
https://investirecocaresocomecar.com.br/quanto-r-10-mil-investidos-nos-bancoes-renderiam-em-dividendos-em-2025/,200,https://investirecocaresocomecar.com.br/quanto-r-10-mil-investidos-nos-bancoes-renderiam-em-dividendos-em-2025/,https://investirecocaresocomecar.com.br/quanto-r-10-mil-investidos-nos-bancoes-renderiam-em-dividendos-em-2025/,1,True,"index, follow, max-image-preview:large, max-snippet:-1, max-video-preview:-1",1,False,Quanto R$ 10 Mil Investidos nos Bancões Renderiam em Dividendos em 2025? - Investir e Coçar,91,1,155,1,1,740,0,1,1,1,1,4,True,True,0,139.5,7,9,5,0,3,0
https://investirecocaresocomecar.com.br/financas-comportamentais-como-seus-vieses-afetam-seus-investimentos/,200,https://investirecocaresocomecar.com.br/financas-comportamentais-como-seus-vieses-afetam-seus-investimentos/,https://investirecocaresocomecar.com.br/financas-comportamentais-como-seus-vieses-afetam-seus-investimentos/,1,True,"index, follow, max-image-preview:large, max-snippet:-1, max-video-preview:-1",1,False,Finanças comportamentais: Como evitar erros financeiros - Investir e Coçar,74,1,118,1,1,662,0,1,1,1,1,4,True,True,0,138.1,7,9,5,0,3,0
https://investirecocaresocomecar.com.br/o-fim-da-bolsa-de-valores/,200,https://investirecocaresocomecar.com.br/o-fim-da-bolsa-de-valores/,https://investirecocaresocomecar.com.br/o-fim-da-bolsa-de-valores/,1,True,"index, follow, max-image-preview:large, max-snippet:-1, max-video-preview:-1",1,False,O Fim da Bolsa de Valores: O Que Esperar? - Investir e Coçar,60,1,117,1,1,827,0,1,1,1,1,4,True,True,0,137.9,7,9,5,0,3,0
https://investirecocaresocomecar.com.br/pix-por-aproximacao-como-funciona-quais-celulares-sao-compativeis-e-como-ativar/,200,https://investirecocaresocomecar.com.br/pix-por-aproximacao-como-funciona-quais-celulares-sao-compativeis-e-como-ativar/,https://investirecocaresocomecar.com.br/pix-por-aproximacao-como-funciona-quais-celulares-sao-compativeis-e-como-ativar/,1,True,"index, follow, max-image-preview:large, max-snippet:-1, max-video-preview:-1",1,False,"PIX por Aproximação: Como Funciona, Quais Celulares São Compatíveis e Como Ativar - Investir e Coçar",100,1,150,1,1,495,0,1,1,1,1,4,True,True,0,137.0,7,9,5,0,3,0
https://investirecocaresocomecar.com.br/weg-wege3-cai-mais-de-7-apos-resultados-do-4t24-e-hora-de-comprar/,200,https://investirecocaresocomecar.com.br/weg-wege3-cai-mais-de-7-apos-resultados-do-4t24-e-hora-de-comprar/,https://investirecocaresocomecar.com.br/weg-wege3-cai-mais-de-7-apos-resultados-do-4t24-e-hora-de-comprar/,1,True,"index, follow, max-image-preview:large, max-snippet:-1, max-video-preview:-1",1,False,WEG (WEGE3) Cai Mais de 7% Após Resultados do 4T24: É Hora de Comprar? - Investir e Coçar,89,1,146,1,1,693,0,1,1,1,1,3,True,True,0,137.7,7,9,5,0,3,0
https://investirecocaresocomecar.com.br/irbr3-em-alta-o-fim-do-turnaround-resultados-do-4t24-mostram-lucro-recorde/,200,https://investirecocaresocomecar.com.br/irbr3-em-alta-o-fim-do-turnaround-resultados-do-4t24-mostram-lucro-recorde/,https://investirecocaresocomecar.com.br/irbr3-em-alta-o-fim-do-turnaround-resultados-do-4t24-mostram-lucro-recorde/,1,True,"index, follow, max-image-preview:large, max-snippet:-1, max-video-preview:-1",1,False,IRBR3: O Fim do TURNAROUND e Resultados do 4T24 Mostram Lucro Recorde - Investir e Coçar,88,1,138,1,1,366,0,1,1,1,1,3,True,True,0,134.5,7,9,5,0,3,0
https://investirecocaresocomecar.com.br/warren-buffett-e-a-nova-bolha-dos-investimentos-o-que-a-ultima-carta-revela/,200,https://investirecocaresocomecar.com.br/warren-buffett-e-a-nova-bolha-dos-investimentos-o-que-a-ultima-carta-revela/,https://investirecocaresocomecar.com.br/warren-buffett-e-a-nova-bolha-dos-investimentos-o-que-a-ultima-carta-revela/,1,True,"index, follow, max-image-preview:large, max-snippet:-1, max-video-preview:-1",1,False,Warren Buffett e a Nova Bolha dos Investimentos: O Que a Última Carta Revela? - Investir e Coçar,96,1,152,1,1,546,0,1,1,1,1,4,True,True,0,137.8,7,9,5,0,3,0
https://investirecocaresocomecar.com.br/acoes-do-nubank-roxo34-despencam-10-o-que-aconteceu-e-o-que-esperar/,200,https://investirecocaresocomecar.com.br/acoes-do-nubank-roxo34-despencam-10-o-que-aconteceu-e-o-que-esperar/,https://investirecocaresocomecar.com.br/acoes-do-nubank-roxo34-despencam-10-o-que-aconteceu-e-o-que-esperar/,1,True,"index, follow, max-image-preview:large, max-snippet:-1, max-video-preview:-1",1,False,Ações do Nubank (ROXO34) Despencam 15%: O Que Aconteceu e O Que Esperar? - Investir e Coçar,91,1,133,1,1,555,0,1,1,1,1,3,True,True,0,136.5,7,9,5,0,3,0
https://investirecocaresocomecar.com.br/itausa-itsa4-anuncia-aumento-de-capital-itsa2-e-distribuicao-de-dividendos-o-que-isso-significa-para-os-investidores/,200,https://investirecocaresocomecar.com.br/itausa-itsa4-anuncia-aumento-de-capital-itsa2-e-distribuicao-de-dividendos-o-que-isso-significa-para-os-investidores/,https://investirecocaresocomecar.com.br/itausa-itsa4-anuncia-aumento-de-capital-itsa2-e-distribuicao-de-dividendos-o-que-isso-significa-para-os-investidores/,1,True,"index, follow, max-image-preview:large, max-snippet:-1, max-video-preview:-1",1,False,"Itaúsa: aumento de capital (ITSA2) e dividendos, o que muda para você | Investir e Coçar",88,1,137,1,1,408,0,1,1,1,1,4,True,True,0,138.1,7,9,5,0,3,0
https://investirecocaresocomecar.com.br/vale3-dividendos-prejuizo-e-oportunidades-de-investimento/,200,https://investirecocaresocomecar.com.br/vale3-dividendos-prejuizo-e-oportunidades-de-investimento/,https://investirecocaresocomecar.com.br/vale3-dividendos-prejuizo-e-oportunidades-de-investimento/,1,True,"index, follow, max-image-preview:large, max-snippet:-1, max-video-preview:-1",1,False,"VALE3: Dividendos, Prejuízo e Oportunidades de Investimento - Investir e Coçar",78,1,152,1,1,393,0,1,1,1,1,3,True,True,0,135.9,7,9,5,0,3,0
https://investirecocaresocomecar.com.br/novo-horario-b3/,200,https://investirecocaresocomecar.com.br/novo-horario-b3/,https://investirecocaresocomecar.com.br/novo-horario-b3/,1,True,"index, follow, max-image-preview:large, max-snippet:-1, max-video-preview:-1",1,False,B3 reduz horário de negociação a partir de março de 2025: veja o que muda - Investir e Coçar,92,1,170,1,1,438,0,1,1,1,1,3,True,True,0,135.4,7,9,5,0,3,0
https://investirecocaresocomecar.com.br/como-operar-vendido-em-fundos-imobiliarios-guia-completo-para-investidores/,200,https://investirecocaresocomecar.com.br/como-operar-vendido-em-fundos-imobiliarios-guia-completo-para-investidores/,https://investirecocaresocomecar.com.br/como-operar-vendido-em-fundos-imobiliarios-guia-completo-para-investidores/,1,True,"index, follow, max-image-preview:large, max-snippet:-1, max-video-preview:-1",1,False,Operar vendido em fundos imobiliários: Guia Completo - Investir e Coçar,71,1,108,1,1,458,0,1,1,1,1,3,True,True,0,136.1,7,9,5,0,3,0
https://investirecocaresocomecar.com.br/o-aviso-mais-importante-para-quem-investe-em-fiis-nao-ignore/,200,https://investirecocaresocomecar.com.br/o-aviso-mais-importante-para-quem-investe-em-fiis-nao-ignore/,https://investirecocaresocomecar.com.br/o-aviso-mais-importante-para-quem-investe-em-fiis-nao-ignore/,1,True,"index, follow, max-image-preview:large, max-snippet:-1, max-video-preview:-1",1,False,Fundos imobiliários e a Queda do IFIX: Um Alerta - Investir e Coçar,67,1,138,1,1,349,0,1,1,1,1,3,True,True,0,135.1,7,9,5,0,3,0
https://investirecocaresocomecar.com.br/gastos-ignorados-como-pequenos-desperdicios-financeiros-podem-arruinar-seu-orcamento/,200,https://investirecocaresocomecar.com.br/gastos-ignorados-como-pequenos-desperdicios-financeiros-podem-arruinar-seu-orcamento/,https://investirecocaresocomecar.com.br/gastos-ignorados-como-pequenos-desperdicios-financeiros-podem-arruinar-seu-orcamento/,1,True,"index, follow, max-image-preview:large, max-snippet:-1, max-video-preview:-1",1,False,Gastos Ignorados: Como Pequenos Desperdícios Financeiros Podem Arruinar Seu Orçamento - Investir e Coçar,104,1,269,1,1,1292,0,1,1,1,1,3,True,True,0,142.7,7,9,5,0,3,0
https://investirecocaresocomecar.com.br/coin11-o-novo-etf-de-bitcoin-que-paga-dividendos-mensais/,200,https://investirecocaresocomecar.com.br/coin11-o-novo-etf-de-bitcoin-que-paga-dividendos-mensais/,https://investirecocaresocomecar.com.br/coin11-o-novo-etf-de-bitcoin-que-paga-dividendos-mensais/,1,True,"index, follow, max-image-preview:large, max-snippet:-1, max-video-preview:-1",1,False,COIN11: O Novo ETF de Bitcoin que Paga Dividendos Mensais - Investir e Coçar,76,1,143,1,1,524,0,1,1,1,1,3,True,True,0,135.6,7,9,5,0,3,0
https://investirecocaresocomecar.com.br/o-melhor-etf-de-bitcoin-da-b3-hodl11-comparacao-completa-com-bith11-qbtc11-e-biti11/,200,https://investirecocaresocomecar.com.br/o-melhor-etf-de-bitcoin-da-b3-hodl11-comparacao-completa-com-bith11-qbtc11-e-biti11/,https://investirecocaresocomecar.com.br/o-melhor-etf-de-bitcoin-da-b3-hodl11-comparacao-completa-com-bith11-qbtc11-e-biti11/,1,True,"index, follow, max-image-preview:large, max-snippet:-1, max-video-preview:-1",1,False,"Melhor ETF de Bitcoin da B3: HODL11 vs BITH11, QBTC11 e BITI11 | Investir e Coçar",81,1,164,1,1,552,0,1,1,1,1,3,True,True,0,137.4,7,9,5,0,3,0
https://investirecocaresocomecar.com.br/12-habitos-que-enriquecem-silenciosamente/,200,https://investirecocaresocomecar.com.br/12-habitos-que-enriquecem-silenciosamente/,https://investirecocaresocomecar.com.br/12-habitos-que-enriquecem-silenciosamente/,1,True,"index, follow, max-image-preview:large, max-snippet:-1, max-video-preview:-1",1,False,12 Hábitos que Enriquecem Silenciosamente - Investir e Coçar,60,1,202,1,1,550,0,1,1,1,1,3,True,True,0,135.1,7,9,5,0,3,0
https://investirecocaresocomecar.com.br/investir-em-ouro-em-2025-ainda-vale-a-pena/,200,https://investirecocaresocomecar.com.br/investir-em-ouro-em-2025-ainda-vale-a-pena/,https://investirecocaresocomecar.com.br/investir-em-ouro-em-2025-ainda-vale-a-pena/,1,True,"index, follow, max-image-preview:large, max-snippet:-1, max-video-preview:-1",1,False,INVESTIR EM OURO EM 2025 AINDA VALE A PENA? - Investir e Coçar,62,1,107,1,1,506,0,1,1,0,1,3,True,True,0,133.6,7,9,5,0,3,0
https://investirecocaresocomecar.com.br/calculadora-juros-anual-para-mensal/,200,https://investirecocaresocomecar.com.br/calculadora-juros-anual-para-mensal/,https://investirecocaresocomecar.com.br/calculadora-juros-anual-para-mensal/,1,True,"index, follow, max-image-preview:large, max-snippet:-1, max-video-preview:-1",1,False,Conversor de juros anual para mensal (e mensal para anual) grátis | Investir e Coçar,84,1,144,1,0,656,1,1,1,1,1,3,True,True,0,108.6,3,9,0,0,3,0
https://investirecocaresocomecar.com.br/etfs-de-fundos-imobiliarios-guia-completo-para-investir/,200,https://investirecocaresocomecar.com.br/etfs-de-fundos-imobiliarios-guia-completo-para-investir/,https://investirecocaresocomecar.com.br/etfs-de-fundos-imobiliarios-guia-completo-para-investir/,1,True,"index, follow, max-image-preview:large, max-snippet:-1, max-video-preview:-1",1,False,ETFs de fundos imobiliários: guia completo para investir,56,1,161,1,1,681,0,1,1,1,1,3,True,True,0,139.7,7,9,5,0,3,0
https://investirecocaresocomecar.com.br/o-que-sao-fundos-imobiliarios-guia-completo/,200,https://investirecocaresocomecar.com.br/o-que-sao-fundos-imobiliarios-guia-completo/,https://investirecocaresocomecar.com.br/o-que-sao-fundos-imobiliarios-guia-completo/,1,True,"index, follow, max-image-preview:large, max-snippet:-1, max-video-preview:-1",1,False,O que são fundos imobiliários? Guia completo,44,1,173,1,1,967,0,1,1,1,1,3,True,True,0,141.9,7,9,5,0,3,0
https://investirecocaresocomecar.com.br/qual-e-o-melhor-fundo-imobiliario-para-investir-hoje/,200,https://investirecocaresocomecar.com.br/qual-e-o-melhor-fundo-imobiliario-para-investir-hoje/,https://investirecocaresocomecar.com.br/qual-e-o-melhor-fundo-imobiliario-para-investir-hoje/,1,True,"index, follow, max-image-preview:large, max-snippet:-1, max-video-preview:-1",1,False,Qual é o melhor fundo imobiliário para investir hoje?,53,1,164,1,0,2007,1,1,1,1,1,4,True,True,0,122.9,3,9,2,0,3,0
https://investirecocaresocomecar.com.br/o-que-significa-a-sigla-fii/,200,https://investirecocaresocomecar.com.br/o-que-significa-a-sigla-fii/,https://investirecocaresocomecar.com.br/o-que-significa-a-sigla-fii/,1,True,"index, follow, max-image-preview:large, max-snippet:-1, max-video-preview:-1",1,False,O que significa a sigla FII? | Entenda os fundos imobiliários - Investir e Coçar,80,1,165,1,1,2006,0,1,1,1,1,4,True,True,0,151.6,7,9,7,0,3,0
https://investirecocaresocomecar.com.br/quanto-rende-1-000-reais-em-um-fundo-imobiliario/,200,https://investirecocaresocomecar.com.br/quanto-rende-1-000-reais-em-um-fundo-imobiliario/,https://investirecocaresocomecar.com.br/quanto-rende-1-000-reais-em-um-fundo-imobiliario/,1,True,"index, follow, max-image-preview:large, max-snippet:-1, max-video-preview:-1",1,False,Quanto rende 1.000 reais em um fundo imobiliário? - Investir e Coçar,68,1,161,1,0,1778,1,1,1,1,1,4,True,True,0,119.5,3,9,2,0,3,0
https://investirecocaresocomecar.com.br/o-que-e-tesouro-selic/,200,https://investirecocaresocomecar.com.br/o-que-e-tesouro-selic/,https://investirecocaresocomecar.com.br/o-que-e-tesouro-selic/,1,True,"index, follow, max-image-preview:large, max-snippet:-1, max-video-preview:-1",1,False,"O que é Tesouro Selic? Definição, como funciona e exemplos práticos - Investir e Coçar",86,1,148,1,1,1336,3,1,1,1,1,5,True,True,0,147.4,7,9,5,0,3,5
https://investirecocaresocomecar.com.br/o-que-e-tesouro-ipca/,200,https://investirecocaresocomecar.com.br/o-que-e-tesouro-ipca/,https://investirecocaresocomecar.com.br/o-que-e-tesouro-ipca/,1,True,"index, follow, max-image-preview:large, max-snippet:-1, max-video-preview:-1",1,False,"O que é Tesouro IPCA+? Definição, como funciona e exemplos práticos - Investir e Coçar",86,1,148,1,1,1293,4,1,1,1,1,5,True,True,0,147.3,7,9,5,0,3,2
https://investirecocaresocomecar.com.br/o-que-e-tesouro-prefixado/,200,https://investirecocaresocomecar.com.br/o-que-e-tesouro-prefixado/,https://investirecocaresocomecar.com.br/o-que-e-tesouro-prefixado/,1,True,"index, follow, max-image-preview:large, max-snippet:-1, max-video-preview:-1",1,False,"O que é Tesouro Prefixado? Definição, como funciona e exemplos práticos - Investir e Coçar",90,1,152,1,1,1296,3,1,1,1,1,5,True,True,0,147.9,7,9,5,0,3,1
https://investirecocaresocomecar.com.br/o-que-e-fii/,200,https://investirecocaresocomecar.com.br/o-que-e-fii/,https://investirecocaresocomecar.com.br/o-que-e-fii/,1,True,"index, follow, max-image-preview:large, max-snippet:-1, max-video-preview:-1",1,False,"O que é FII? Definição, como funciona e exemplos práticos - Investir e Coçar",76,1,131,1,1,1404,4,1,1,1,1,5,True,True,0,148.3,7,9,5,0,3,4
https://investirecocaresocomecar.com.br/o-que-e-juros-compostos/,200,https://investirecocaresocomecar.com.br/o-que-e-juros-compostos/,https://investirecocaresocomecar.com.br/o-que-e-juros-compostos/,1,True,"index, follow, max-image-preview:large, max-snippet:-1, max-video-preview:-1",1,False,"O que é Juros Compostos? Definição, como funciona e exemplos práticos - Investir e Coçar",88,1,143,1,1,1339,3,1,1,1,1,5,True,True,0,147.9,7,9,5,0,3,1
https://investirecocaresocomecar.com.br/o-que-e-etf/,200,https://investirecocaresocomecar.com.br/o-que-e-etf/,https://investirecocaresocomecar.com.br/o-que-e-etf/,1,True,"index, follow, max-image-preview:large, max-snippet:-1, max-video-preview:-1",1,False,"O que é ETF? Definição, como funciona e exemplos práticos - Investir e Coçar",76,1,131,1,1,1297,4,1,1,1,1,5,True,True,0,146.9,7,9,5,0,3,6
https://investirecocaresocomecar.com.br/o-que-e-bdr/,200,https://investirecocaresocomecar.com.br/o-que-e-bdr/,https://investirecocaresocomecar.com.br/o-que-e-bdr/,1,True,"index, follow, max-image-preview:large, max-snippet:-1, max-video-preview:-1",1,False,"O que é BDR? Definição, como funciona e exemplos práticos - Investir e Coçar",76,1,131,1,1,1242,3,1,1,1,1,5,True,True,0,146.4,7,9,5,0,3,1
https://investirecocaresocomecar.com.br/tesouro-selic-vale-a-pena/,200,https://investirecocaresocomecar.com.br/tesouro-selic-vale-a-pena/,https://investirecocaresocomecar.com.br/tesouro-selic-vale-a-pena/,1,True,"index, follow, max-image-preview:large, max-snippet:-1, max-video-preview:-1",1,False,Tesouro Selic 2026: Vale a Pena? Quanto Rende e Como Investir - Investir e Coçar,80,1,151,1,1,838,1,1,1,1,1,3,True,True,0,140.1,7,9,5,0,3,0
https://investirecocaresocomecar.com.br/tesouro-ipca-ou-tesouro-selic-qual-escolher/,200,https://investirecocaresocomecar.com.br/tesouro-ipca-ou-tesouro-selic-qual-escolher/,https://investirecocaresocomecar.com.br/tesouro-ipca-ou-tesouro-selic-qual-escolher/,1,True,"index, follow, max-image-preview:large, max-snippet:-1, max-video-preview:-1",1,False,Tesouro IPCA+ ou Tesouro Selic: Qual Escolher em 2026? - Investir e Coçar,73,1,153,1,1,988,0,1,1,1,1,3,True,True,0,141.5,7,9,5,0,3,0
https://investirecocaresocomecar.com.br/planejamento-sucessorio-itcmd-2027-empresa-familiar/,200,https://investirecocaresocomecar.com.br/planejamento-sucessorio-itcmd-2027-empresa-familiar/,https://investirecocaresocomecar.com.br/planejamento-sucessorio-itcmd-2027-empresa-familiar/,1,True,"index, follow, max-image-preview:large, max-snippet:-1, max-video-preview:-1",1,False,Planejamento sucessório e o novo ITCMD: o que muda para a empresa familiar em 2027 - Investir e Coçar,101,1,154,1,1,2847,0,1,1,1,1,4,True,True,0,172.1,8,10,9,4,3,2
https://investirecocaresocomecar.com.br/lci-lca-rendimento-caiu-isencao-ir-vale-a-pena/,200,https://investirecocaresocomecar.com.br/lci-lca-rendimento-caiu-isencao-ir-vale-a-pena/,https://investirecocaresocomecar.com.br/lci-lca-rendimento-caiu-isencao-ir-vale-a-pena/,1,True,"index, follow, max-image-preview:large, max-snippet:-1, max-video-preview:-1",1,False,LCI e LCA ainda valem a pena? Rendimento caiu e isenção de IR está sob ameaça - Investir e Coçar,96,1,135,1,1,1805,1,1,1,1,1,3,True,True,0,155.1,8,10,7,2,3,1
https://investirecocaresocomecar.com.br/equatorial-eqtl3-aquisicoes-valor-criado-echoenergia/,200,https://investirecocaresocomecar.com.br/equatorial-eqtl3-aquisicoes-valor-criado-echoenergia/,https://investirecocaresocomecar.com.br/equatorial-eqtl3-aquisicoes-valor-criado-echoenergia/,1,True,"index, follow, max-image-preview:large, max-snippet:-1, max-video-preview:-1",1,False,"Equatorial (EQTL3): como ela criou R$ 57 bilhões comprando empresas, e o erro de R$ 9,5 bi em 2022 - Investir e Coçar",117,1,149,1,1,2667,0,1,1,1,1,4,True,True,0,165.6,8,10,12,0,3,1
https://investirecocaresocomecar.com.br/prefixado-ou-ipca-inflacao-implicita-conta/,200,https://investirecocaresocomecar.com.br/prefixado-ou-ipca-inflacao-implicita-conta/,https://investirecocaresocomecar.com.br/prefixado-ou-ipca-inflacao-implicita-conta/,1,True,"index, follow, max-image-preview:large, max-snippet:-1, max-video-preview:-1",1,False,Prefixado ou IPCA+? A conta da inflação implícita que mostra qual rende mais - Investir e Coçar,95,1,155,1,1,2584,0,1,1,1,1,4,True,True,0,164.0,8,10,12,0,3,1
https://investirecocaresocomecar.com.br/renda-passiva-10-mil-por-mes-dividendos/,200,https://investirecocaresocomecar.com.br/renda-passiva-10-mil-por-mes-dividendos/,https://investirecocaresocomecar.com.br/renda-passiva-10-mil-por-mes-dividendos/,1,True,"index, follow, max-image-preview:large, max-snippet:-1, max-video-preview:-1",1,False,Renda passiva de R$ 10 mil por mês com dividendos: o plano de 529 ações custa R$ 14.611 - Investir e Coçar,106,1,155,1,1,2803,0,1,1,1,1,4,True,True,0,164.9,8,10,12,0,3,1
https://investirecocaresocomecar.com.br/tesouro-direto-calote-imposto-sobre-inflacao/,200,https://investirecocaresocomecar.com.br/tesouro-direto-calote-imposto-sobre-inflacao/,https://investirecocaresocomecar.com.br/tesouro-direto-calote-imposto-sobre-inflacao/,1,True,"index, follow, max-image-preview:large, max-snippet:-1, max-video-preview:-1",1,False,Tesouro Direto deu calote? Por que R$ 100 mil viraram R$ 130 mil e compram menos - Investir e Coçar,99,1,148,1,1,2721,0,1,1,1,1,4,True,True,0,164.3,8,10,12,0,3,1
https://investirecocaresocomecar.com.br/relatorio-morgan-stanley-brasil-cenarios-bolsa-prefixado/,200,https://investirecocaresocomecar.com.br/relatorio-morgan-stanley-brasil-cenarios-bolsa-prefixado/,https://investirecocaresocomecar.com.br/relatorio-morgan-stanley-brasil-cenarios-bolsa-prefixado/,1,True,"index, follow, max-image-preview:large, max-snippet:-1, max-video-preview:-1",1,False,Relatório do Morgan Stanley sobre o Brasil: o que acontece com R$ 100 mil na bolsa e no prefixado em cada cenário - Investir e Coçar,132,1,153,1,1,2683,0,1,1,1,1,3,True,True,0,165.0,8,10,12,0,3,3
https://investirecocaresocomecar.com.br/michael-burry-barsi-cobre-ero-copper-paranapanema/,200,https://investirecocaresocomecar.com.br/michael-burry-barsi-cobre-ero-copper-paranapanema/,https://investirecocaresocomecar.com.br/michael-burry-barsi-cobre-ero-copper-paranapanema/,1,True,"index, follow, max-image-preview:large, max-snippet:-1, max-video-preview:-1",1,False,Burry e Barsi no mesmo cobre: por que a Ero Copper dobrou e a Paranapanema derreteu - Investir e Coçar,102,1,151,1,1,2690,0,1,1,1,1,3,True,True,0,165.0,8,10,12,0,3,3
https://investirecocaresocomecar.com.br/itsa3-ou-itsa4-qual-a-melhor-acao-da-itausa-investir/,200,https://investirecocaresocomecar.com.br/itsa3-ou-itsa4-qual-a-melhor-acao-da-itausa-investir/,https://investirecocaresocomecar.com.br/itsa3-ou-itsa4-qual-a-melhor-acao-da-itausa-investir/,1,True,"index, follow, max-image-preview:large, max-snippet:-1, max-video-preview:-1",1,False,"ITSA3 ou ITSA4: diferença, dividendos e liquidez (2026) | Investir e Coçar",74,1,144,1,0,1551,5,1,1,1,1,3,True,True,0,114.2,3,9,3,3,3,2
https://investirecocaresocomecar.com.br/ciclo-de-benner-o-grafico-que-previu-as-crises-de-1929-2008-e-2020-agora-aponta-para-2026/,200,https://investirecocaresocomecar.com.br/ciclo-de-benner-o-grafico-que-previu-as-crises-de-1929-2008-e-2020-agora-aponta-para-2026/,https://investirecocaresocomecar.com.br/ciclo-de-benner-o-grafico-que-previu-as-crises-de-1929-2008-e-2020-agora-aponta-para-2026/,1,True,"index, follow, max-image-preview:large, max-snippet:-1, max-video-preview:-1",1,False,Ciclo de Benner 2026: o que previa e o que aconteceu | Investir e Coçar,71,1,146,1,1,1861,4,1,1,0,1,4,True,True,0,147.2,7,9,8,3,3,0
https://investirecocaresocomecar.com.br/quem-a-itausa-controla-conheca-suas-empresas/,200,https://investirecocaresocomecar.com.br/quem-a-itausa-controla-conheca-suas-empresas/,https://investirecocaresocomecar.com.br/quem-a-itausa-controla-conheca-suas-empresas/,1,True,"index, follow, max-image-preview:large, max-snippet:-1, max-video-preview:-1",1,False,Itaúsa é dona de quais empresas? As 7 e o % de cada | Investir e Coçar,70,1,153,1,0,1584,8,1,1,1,1,4,True,True,0,116.7,3,9,3,3,3,0
https://investirecocaresocomecar.com.br/qual-a-diferenca-entre-itausa-e-itau-guia-completo/,200,https://investirecocaresocomecar.com.br/qual-a-diferenca-entre-itausa-e-itau-guia-completo/,https://investirecocaresocomecar.com.br/qual-a-diferenca-entre-itausa-e-itau-guia-completo/,1,True,"index, follow, max-image-preview:large, max-snippet:-1, max-video-preview:-1",1,False,Itaúsa: o que é e a diferença para o Itaú (ITSA4 x ITUB4) | Investir e Coçar,76,1,145,1,1,1549,6,1,1,1,1,3,True,True,0,148.1,7,9,8,3,3,1
https://investirecocaresocomecar.com.br/jepi39-o-etf-que-paga-dividendos-todo-mes-vale-a-pena/,200,https://investirecocaresocomecar.com.br/jepi39-o-etf-que-paga-dividendos-todo-mes-vale-a-pena/,https://investirecocaresocomecar.com.br/jepi39-o-etf-que-paga-dividendos-todo-mes-vale-a-pena/,1,True,"index, follow, max-image-preview:large, max-snippet:-1, max-video-preview:-1",1,False,JEPI39 paga dividendos mensais? Valores 2026 e vale a pena | Investir e Coçar,77,1,143,1,1,1456,4,1,1,1,1,3,True,True,0,149.6,7,9,8,3,3,2
https://investirecocaresocomecar.com.br/rara11-etf-terras-raras-vale-a-pena-investir/,200,https://investirecocaresocomecar.com.br/rara11-etf-terras-raras-vale-a-pena-investir/,https://investirecocaresocomecar.com.br/rara11-etf-terras-raras-vale-a-pena-investir/,1,True,"index, follow, max-image-preview:large, max-snippet:-1, max-video-preview:-1",1,False,"RARA11 vale a pena? ETF de terras raras, cotação e riscos | Investir e Coçar",76,1,146,1,1,2011,5,1,1,1,1,4,True,True,0,151.8,7,9,8,3,3,0
https://investirecocaresocomecar.com.br/etfs-de-guerra-e-defesa/,200,https://investirecocaresocomecar.com.br/etfs-de-guerra-e-defesa/,https://investirecocaresocomecar.com.br/etfs-de-guerra-e-defesa/,1,True,"index, follow, max-image-preview:large, max-snippet:-1, max-video-preview:-1",1,False,"ETF de guerra: ITA, XAR, SHLD e como comprar na B3 (2026) | Investir e Coçar",76,1,155,1,0,2020,5,1,1,1,1,4,True,True,0,118.7,3,9,4,4,3,0
https://investirecocaresocomecar.com.br/jepq39-o-etf-do-nasdaq-que-paga-dividendos-mensais/,200,https://investirecocaresocomecar.com.br/jepq39-o-etf-do-nasdaq-que-paga-dividendos-mensais/,https://investirecocaresocomecar.com.br/jepq39-o-etf-do-nasdaq-que-paga-dividendos-mensais/,1,True,"index, follow, max-image-preview:large, max-snippet:-1, max-video-preview:-1",1,False,JEPQ39 existe na B3? O ETF JEPQ e seus dividendos mensais | Investir e Coçar,76,1,140,1,1,1289,4,1,1,1,1,4,True,True,0,143.4,7,9,7,2,3,1
https://investirecocaresocomecar.com.br/nubank-quer-comprar-monzo-acao-roxo34-caiu/,200,https://investirecocaresocomecar.com.br/nubank-quer-comprar-monzo-acao-roxo34-caiu/,https://investirecocaresocomecar.com.br/nubank-quer-comprar-monzo-acao-roxo34-caiu/,1,True,"index, follow, max-image-preview:large, max-snippet:-1, max-video-preview:-1",1,False,Nubank quer comprar o Monzo: por que a ação caiu 10% e o que muda pra quem tem ROXO34 - Investir e Coçar,104,1,155,1,1,2744,4,1,1,1,1,4,True,True,0,155.2,8,10,9,4,3,1
https://investirecocaresocomecar.com.br/acoes-heineken-10-euros-por-dia-desde-1995/,200,https://investirecocaresocomecar.com.br/acoes-heineken-10-euros-por-dia-desde-1995/,https://investirecocaresocomecar.com.br/acoes-heineken-10-euros-por-dia-desde-1995/,1,True,"index, follow, max-image-preview:large, max-snippet:-1, max-video-preview:-1",1,False,Beber ou ser sócio da Heineken: €10 por dia desde 1995 viraram €201 mil (com três quedas no meio) - Investir e Coçar,116,1,149,1,1,1944,1,1,1,1,1,4,True,True,0,152.7,8,10,8,0,3,3
https://investirecocaresocomecar.com.br/trxf11-buraco-22-reais-cota-compensacao-de-creditos/,200,https://investirecocaresocomecar.com.br/trxf11-buraco-22-reais-cota-compensacao-de-creditos/,https://investirecocaresocomecar.com.br/trxf11-buraco-22-reais-cota-compensacao-de-creditos/,1,True,"index, follow, max-image-preview:large, max-snippet:-1, max-video-preview:-1",1,False,TRXF11: de onde vem o buraco de R$ 22 por cota e quem paga essa conta - Investir e Coçar,88,1,153,1,1,2700,0,1,1,1,1,4,True,True,0,159.9,8,10,12,0,3,3
https://investirecocaresocomecar.com.br/,200,https://investirecocaresocomecar.com.br/,https://investirecocaresocomecar.com.br/,1,True,"index, follow, max-image-preview:large, max-snippet:-1, max-video-preview:-1",1,False,Investir e Coçar — Notícias e Análises de Investimentos,55,1,157,1,1,606,25,1,1,1,1,3,True,True,0,112.9,4,7,11,0,3,2
https://investirecocaresocomecar.com.br/dividendos-para-tempos-dificeis/,200,https://investirecocaresocomecar.com.br/dividendos-para-tempos-dificeis/,https://investirecocaresocomecar.com.br/dividendos-para-tempos-dificeis/,1,True,"index, follow, max-image-preview:large, max-snippet:-1, max-video-preview:-1",1,False,DIVIDENDOS para TEMPOS DIFÍCEIS - Investir e Coçar,50,1,154,1,0,43,1,1,1,0,1,2,True,True,0,123.7,3,9,0,0,4,0
https://investirecocaresocomecar.com.br/panorama-fundos-imobiliarios-2025/,200,https://investirecocaresocomecar.com.br/panorama-fundos-imobiliarios-2025/,https://investirecocaresocomecar.com.br/panorama-fundos-imobiliarios-2025/,1,True,"index, follow, max-image-preview:large, max-snippet:-1, max-video-preview:-1",1,False,PANORAMA FUNDOS IMOBILIARIOS 2025 - Investir e Coçar,52,1,155,1,0,43,1,1,1,0,1,2,True,True,0,123.8,3,9,0,0,4,0
https://investirecocaresocomecar.com.br/carteira-cripto/,200,https://investirecocaresocomecar.com.br/carteira-cripto/,https://investirecocaresocomecar.com.br/carteira-cripto/,1,True,"index, follow, max-image-preview:large, max-snippet:-1, max-video-preview:-1",1,False,CARTEIRA CRIPTOMOEDAS - Investir e Coçar,40,1,154,1,0,43,1,1,1,0,1,2,True,True,0,122.7,3,9,0,0,4,0
https://investirecocaresocomecar.com.br/onde-investir-em-2025/,200,https://investirecocaresocomecar.com.br/onde-investir-em-2025/,https://investirecocaresocomecar.com.br/onde-investir-em-2025/,1,True,"index, follow, max-image-preview:large, max-snippet:-1, max-video-preview:-1",1,False,ONDE INVESTIR EM 2025? - Investir e Coçar,41,1,153,1,0,43,1,1,1,0,1,2,True,True,0,123.6,3,9,0,0,4,0
https://investirecocaresocomecar.com.br/e-book-analise-fundamentalista/,200,https://investirecocaresocomecar.com.br/e-book-analise-fundamentalista/,https://investirecocaresocomecar.com.br/e-book-analise-fundamentalista/,1,True,"index, follow, max-image-preview:large, max-snippet:-1, max-video-preview:-1",1,False,E-BOOK ANÁLISE FUNDAMENTALISTA - Investir e Coçar,49,1,154,1,0,20,1,1,1,0,1,2,True,True,0,122.1,3,9,0,0,4,0
https://investirecocaresocomecar.com.br/planilha-previdenciaria/,200,https://investirecocaresocomecar.com.br/planilha-previdenciaria/,https://investirecocaresocomecar.com.br/planilha-previdenciaria/,1,True,"index, follow, max-image-preview:large, max-snippet:-1, max-video-preview:-1",1,False,PLANILHA PREVIDÊNCIÁRIA - Investir e Coçar,42,1,155,1,0,20,1,1,1,0,1,2,True,True,0,123.0,3,9,0,0,4,0
https://investirecocaresocomecar.com.br/perfil-de-investidor-conservador/,200,https://investirecocaresocomecar.com.br/perfil-de-investidor-conservador/,https://investirecocaresocomecar.com.br/perfil-de-investidor-conservador/,1,True,"index, follow, max-image-preview:large, max-snippet:-1, max-video-preview:-1",1,False,CONSERVADOR - Investir e Coçar,30,1,155,1,0,63,1,1,1,0,1,2,True,True,0,76.6,3,7,0,0,4,0
https://investirecocaresocomecar.com.br/perfil-do-investidor-moderado/,200,https://investirecocaresocomecar.com.br/perfil-do-investidor-moderado/,https://investirecocaresocomecar.com.br/perfil-do-investidor-moderado/,1,True,"index, follow, max-image-preview:large, max-snippet:-1, max-video-preview:-1",1,False,MODERADO- Investir e Coçar,26,1,155,1,0,73,1,1,1,0,1,2,True,True,0,76.5,3,7,0,0,4,0
https://investirecocaresocomecar.com.br/perfil-de-investidor-agressivo/,200,https://investirecocaresocomecar.com.br/perfil-de-investidor-agressivo/,https://investirecocaresocomecar.com.br/perfil-de-investidor-agressivo/,1,True,"index, follow, max-image-preview:large, max-snippet:-1, max-video-preview:-1",1,False,Agressivo - Investir e Coçar,28,1,150,1,0,62,1,1,1,0,1,2,True,True,0,76.6,3,7,0,0,4,0
https://investirecocaresocomecar.com.br/perfil-de-investidor/,200,https://investirecocaresocomecar.com.br/perfil-de-investidor/,https://investirecocaresocomecar.com.br/perfil-de-investidor/,1,True,"index, follow, max-image-preview:large, max-snippet:-1, max-video-preview:-1",1,False,💩 Perfil de Cagaço 💩 - Investir e Coçar,39,1,0,0,0,4,1,1,1,0,1,2,True,True,0,117.3,3,9,0,0,5,2
https://investirecocaresocomecar.com.br/relatorio-caixa-seguridade-cxse3/,200,https://investirecocaresocomecar.com.br/relatorio-caixa-seguridade-cxse3/,https://investirecocaresocomecar.com.br/relatorio-caixa-seguridade-cxse3/,1,True,"index, follow, max-image-preview:large, max-snippet:-1, max-video-preview:-1",1,False,RELATÓRIO CAIXA SEGURIDADE (CXSE3) - Investir e Coçar,53,1,154,1,0,20,1,1,1,0,1,2,True,True,0,123.2,3,9,0,0,4,0
https://investirecocaresocomecar.com.br/calculadora-renda-fixa/,200,https://investirecocaresocomecar.com.br/calculadora-renda-fixa/,https://investirecocaresocomecar.com.br/calculadora-renda-fixa/,1,True,"index, follow, max-image-preview:large, max-snippet:-1, max-video-preview:-1",1,False,Calculadora LCI/LCA vs CDB - Investir e Coçar,45,2,116,1,1,182,0,1,1,0,1,2,True,True,0,86.2,8,8,0,0,4,2
https://investirecocaresocomecar.com.br/carteira-cripto-maio-2025/,200,https://investirecocaresocomecar.com.br/carteira-cripto-maio-2025/,https://investirecocaresocomecar.com.br/carteira-cripto-maio-2025/,1,True,"index, follow, max-image-preview:large, max-snippet:-1, max-video-preview:-1",1,False,CARTEIRA CRIPTO MAIO 2025 - Investir e Coçar,44,2,149,1,1,79,1,1,1,0,1,2,True,True,0,77.3,3,7,0,0,4,0
https://investirecocaresocomecar.com.br/carteira-small-caps-maio-2025/,200,https://investirecocaresocomecar.com.br/carteira-small-caps-maio-2025/,https://investirecocaresocomecar.com.br/carteira-small-caps-maio-2025/,1,True,"index, follow, max-image-preview:large, max-snippet:-1, max-video-preview:-1",1,False,CARTEIRA SMALL CAPS MAIO 2025 - Investir e Coçar,48,1,151,1,0,43,1,1,1,0,1,2,True,True,0,124.3,3,9,0,0,4,0
https://investirecocaresocomecar.com.br/a-nova-velha-criptomoeda-do-momento/,200,https://investirecocaresocomecar.com.br/a-nova-velha-criptomoeda-do-momento/,https://investirecocaresocomecar.com.br/a-nova-velha-criptomoeda-do-momento/,1,True,"index, follow, max-image-preview:large, max-snippet:-1, max-video-preview:-1",1,False,A Nova Velha Criptomoeda do Momento - Investir e Coçar,54,1,154,1,0,43,1,1,1,0,1,2,True,True,0,124.2,3,9,0,0,4,0
https://investirecocaresocomecar.com.br/wege3-oportunidade-ou-cilada-da-decada/,200,https://investirecocaresocomecar.com.br/wege3-oportunidade-ou-cilada-da-decada/,https://investirecocaresocomecar.com.br/wege3-oportunidade-ou-cilada-da-decada/,1,True,"index, follow, max-image-preview:large, max-snippet:-1, max-video-preview:-1",1,False,WEGE3: OPORTUNIDADE OU CILADA DA DÉCADA? - Investir e Coçar,59,1,153,1,0,4,1,1,1,1,1,2,True,True,0,123.7,3,9,0,0,4,0
https://investirecocaresocomecar.com.br/carteira-bdr-agosto-2025/,200,https://investirecocaresocomecar.com.br/carteira-bdr-agosto-2025/,https://investirecocaresocomecar.com.br/carteira-bdr-agosto-2025/,1,True,"index, follow, max-image-preview:large, max-snippet:-1, max-video-preview:-1",1,False,Carteira BDR Agosto 2025 - Investir e Coçar,43,1,153,1,0,43,1,1,1,0,1,2,True,True,0,121.4,3,8,0,0,4,0
https://investirecocaresocomecar.com.br/resultado-2t25-banco-do-brasil/,200,https://investirecocaresocomecar.com.br/resultado-2t25-banco-do-brasil/,https://investirecocaresocomecar.com.br/resultado-2t25-banco-do-brasil/,1,True,"index, follow, max-image-preview:large, max-snippet:-1, max-video-preview:-1",1,False,Resultado 2T25 Banco do Brasil? - Investir e Coçar,50,1,152,1,0,20,1,1,1,1,1,2,True,True,0,126.0,3,9,0,0,4,0
https://investirecocaresocomecar.com.br/nubank-2t25-e-muitas-recomendacoes/,200,https://investirecocaresocomecar.com.br/nubank-2t25-e-muitas-recomendacoes/,https://investirecocaresocomecar.com.br/nubank-2t25-e-muitas-recomendacoes/,1,True,"index, follow, max-image-preview:large, max-snippet:-1, max-video-preview:-1",1,False,Nubank 2T25 e muitas recomendações - Investir e Coçar,53,1,154,1,0,20,1,1,1,1,1,2,True,True,0,128.7,3,9,0,0,4,0
https://investirecocaresocomecar.com.br/carteira-5-fundos-imobiliarios/,200,https://investirecocaresocomecar.com.br/carteira-5-fundos-imobiliarios/,https://investirecocaresocomecar.com.br/carteira-5-fundos-imobiliarios/,1,True,"index, follow, max-image-preview:large, max-snippet:-1, max-video-preview:-1",1,False,Carteira 5 Fundos Imobiliários - Investir e Coçar,49,1,149,1,0,43,1,1,1,0,1,2,True,True,0,123.5,3,9,0,0,4,0
https://investirecocaresocomecar.com.br/dividendos-extraordinarios-antes-das-mudancas-na-tributacao/,200,https://investirecocaresocomecar.com.br/dividendos-extraordinarios-antes-das-mudancas-na-tributacao/,https://investirecocaresocomecar.com.br/dividendos-extraordinarios-antes-das-mudancas-na-tributacao/,1,True,"index, follow, max-image-preview:large, max-snippet:-1, max-video-preview:-1",1,False,Dividendos extraordinários antes das mudanças na tributação - Investir e Coçar,78,1,152,1,0,20,1,1,1,0,1,2,True,True,0,123.8,3,9,0,0,4,0
https://investirecocaresocomecar.com.br/carteira-dividendos-novembro-2025/,200,https://investirecocaresocomecar.com.br/carteira-dividendos-novembro-2025/,https://investirecocaresocomecar.com.br/carteira-dividendos-novembro-2025/,1,True,"index, follow, max-image-preview:large, max-snippet:-1, max-video-preview:-1",1,False,Carteira Dividendos Novembro 2025 - Investir e Coçar,52,1,154,1,0,43,1,1,1,0,1,2,True,True,0,123.0,3,9,0,0,4,0
https://investirecocaresocomecar.com.br/politica-de-privacidade-3/,200,https://investirecocaresocomecar.com.br/politica-de-privacidade-3/,https://investirecocaresocomecar.com.br/politica-de-privacidade-3/,1,True,"index, follow, max-image-preview:large, max-snippet:-1, max-video-preview:-1",1,False,Política de Privacidade - Investir e Coçar,42,1,152,1,1,212,0,1,1,0,1,2,True,True,0,93.5,4,7,0,0,3,0
https://investirecocaresocomecar.com.br/termos-de-uso-e-aviso-legal/,200,https://investirecocaresocomecar.com.br/termos-de-uso-e-aviso-legal/,https://investirecocaresocomecar.com.br/termos-de-uso-e-aviso-legal/,1,True,"index, follow, max-image-preview:large, max-snippet:-1, max-video-preview:-1",1,False,Termos de Uso e Aviso Legal - Investir e Coçar,46,1,147,1,1,196,0,1,1,0,1,2,True,True,0,93.5,4,7,0,0,3,0
https://investirecocaresocomecar.com.br/llms-txt/,200,https://investirecocaresocomecar.com.br/llms-txt/,https://investirecocaresocomecar.com.br/llms-txt/,1,True,"index, follow, max-image-preview:large, max-snippet:-1, max-video-preview:-1",1,False,llms.txt - Investir e Coçar,27,1,151,1,1,201,0,1,1,0,1,2,True,True,0,93.3,4,7,0,0,3,0
https://investirecocaresocomecar.com.br/links/,200,https://investirecocaresocomecar.com.br/links/,https://investirecocaresocomecar.com.br/links/,1,True,"index, follow, max-image-preview:large, max-snippet:-1, max-video-preview:-1",1,False,Links - Investir e Coçar,24,1,154,1,0,151,16,1,1,0,1,2,True,True,0,85.4,1,7,1,1,3,0
https://investirecocaresocomecar.com.br/mapa-de-calor-do-ibovespa/,200,https://investirecocaresocomecar.com.br/mapa-de-calor-do-ibovespa/,https://investirecocaresocomecar.com.br/mapa-de-calor-do-ibovespa/,1,True,"index, follow, max-image-preview:large, max-snippet:-1, max-video-preview:-1",1,False,Mapa de Calor do Ibovespa - Investir e Coçar,44,1,41,1,0,10,1,1,1,1,1,2,True,True,0,76.2,3,7,0,0,4,0
https://investirecocaresocomecar.com.br/calculadora-juros-compostos-aposentadoria/,200,https://investirecocaresocomecar.com.br/calculadora-juros-compostos-aposentadoria/,https://investirecocaresocomecar.com.br/calculadora-juros-compostos-aposentadoria/,1,True,"index, follow, max-image-preview:large, max-snippet:-1, max-video-preview:-1",1,False,Calculadora Juros Compostos Aposentadoria - Investir e Coçar,60,1,155,1,1,840,1,1,1,0,1,2,True,True,0,132.9,3,8,0,0,4,2
https://investirecocaresocomecar.com.br/sobre/,200,https://investirecocaresocomecar.com.br/sobre/,https://investirecocaresocomecar.com.br/sobre/,1,True,"index, follow, max-image-preview:large, max-snippet:-1, max-video-preview:-1",1,False,"Denis Miyabara: quem é, trajetória e o canal Investir e Coçar | Investir e Coçar",80,1,163,1,1,529,8,1,1,0,1,3,True,True,0,100.5,4,7,0,0,3,1
https://investirecocaresocomecar.com.br/cotacoes/,200,https://investirecocaresocomecar.com.br/cotacoes/,https://investirecocaresocomecar.com.br/cotacoes/,1,True,"index, follow, max-image-preview:large, max-snippet:-1, max-video-preview:-1",1,False,Cotações de ações da B3 - Investir e Coçar,42,1,154,1,1,869,145,1,1,0,1,2,True,True,0,120.9,4,7,0,0,3,0
https://investirecocaresocomecar.com.br/simulador-ntnb/,200,https://investirecocaresocomecar.com.br/simulador-ntnb/,https://investirecocaresocomecar.com.br/simulador-ntnb/,1,True,"index, follow, max-image-preview:large, max-snippet:-1, max-video-preview:-1",1,False,Simulador de Marcação a Mercado do Tesouro IPCA+ - Investir e Coçar,67,1,0,0,1,505,0,1,1,0,1,2,True,True,0,104.8,4,7,0,0,3,0
https://investirecocaresocomecar.com.br/category/acoes/,200,https://investirecocaresocomecar.com.br/category/acoes/,https://investirecocaresocomecar.com.br/category/acoes/,1,True,"index, follow, max-image-preview:large, max-snippet:-1, max-video-preview:-1",1,False,"Ações da B3: análises, dividendos e balanços | Investir e Coçar",63,1,146,1,1,68,4,1,1,0,1,2,True,True,0,125.7,4,7,12,0,3,5
https://investirecocaresocomecar.com.br/category/cotacoes/,200,https://investirecocaresocomecar.com.br/category/cotacoes/,https://investirecocaresocomecar.com.br/category/cotacoes/,1,True,"index, follow, max-image-preview:large, max-snippet:-1, max-video-preview:-1",1,False,Cotações de ações da B3: gráfico e análises por ticker | Investir e Coçar,73,1,107,1,1,31,3,1,1,0,1,2,True,True,0,118.8,4,7,12,0,3,2
https://investirecocaresocomecar.com.br/category/cripto/,200,https://investirecocaresocomecar.com.br/category/cripto/,https://investirecocaresocomecar.com.br/category/cripto/,1,True,"index, follow, max-image-preview:large, max-snippet:-1, max-video-preview:-1",1,False,"Cripto: Bitcoin, ETFs e ativos digitais sem hype | Investir e Coçar",67,1,135,1,1,53,3,1,1,0,1,2,True,True,0,115.7,4,7,11,0,3,0
https://investirecocaresocomecar.com.br/category/etfs/,200,https://investirecocaresocomecar.com.br/category/etfs/,https://investirecocaresocomecar.com.br/category/etfs/,1,True,"index, follow, max-image-preview:large, max-snippet:-1, max-video-preview:-1",1,False,ETFs na B3 e no exterior: comparações e dividendos | Investir e Coçar,69,1,131,1,1,49,3,1,1,0,1,2,True,True,0,116.8,4,7,12,0,3,0
https://investirecocaresocomecar.com.br/category/financas/,200,https://investirecocaresocomecar.com.br/category/financas/,https://investirecocaresocomecar.com.br/category/financas/,1,True,"index, follow, max-image-preview:large, max-snippet:-1, max-video-preview:-1",1,False,"Finanças pessoais: dinheiro, imposto e decisões | Investir e Coçar",66,1,128,1,1,53,3,1,1,0,1,2,True,True,0,121.9,4,7,12,0,3,0
https://investirecocaresocomecar.com.br/category/fundos-imobiliarios/,200,https://investirecocaresocomecar.com.br/category/fundos-imobiliarios/,https://investirecocaresocomecar.com.br/category/fundos-imobiliarios/,1,True,"index, follow, max-image-preview:large, max-snippet:-1, max-video-preview:-1",1,False,Fundos Imobiliários (FIIs): análises e renda mensal | Investir e Coçar,70,1,132,1,1,76,3,1,1,0,1,2,True,True,0,119.9,4,7,11,0,3,4
https://investirecocaresocomecar.com.br/category/investimentos-internacionais/,200,https://investirecocaresocomecar.com.br/category/investimentos-internacionais/,https://investirecocaresocomecar.com.br/category/investimentos-internacionais/,1,True,"index, follow, max-image-preview:large, max-snippet:-1, max-video-preview:-1",1,False,"Investimentos internacionais: BDRs, ETFs e dólar | Investir e Coçar",67,1,120,1,1,68,4,1,1,0,1,2,True,True,0,120.4,4,7,10,0,3,1
https://investirecocaresocomecar.com.br/category/macro/,200,https://investirecocaresocomecar.com.br/category/macro/,https://investirecocaresocomecar.com.br/category/macro/,1,True,"index, follow, max-image-preview:large, max-snippet:-1, max-video-preview:-1",1,False,"Macro: Selic, inflação, dólar e o que muda para você | Investir e Coçar",71,1,125,1,1,75,4,1,1,0,1,2,True,True,0,119.3,4,7,12,0,3,2
https://investirecocaresocomecar.com.br/category/renda-fixa/,200,https://investirecocaresocomecar.com.br/category/renda-fixa/,https://investirecocaresocomecar.com.br/category/renda-fixa/,1,True,"index, follow, max-image-preview:large, max-snippet:-1, max-video-preview:-1",1,False,"Renda Fixa: Tesouro, CDB, LCI e LCA explicados | Investir e Coçar",65,1,126,1,1,75,4,1,1,0,1,2,True,True,0,120.4,4,7,12,0,3,4
https://investirecocaresocomecar.com.br/author/investirecocar/,200,https://investirecocaresocomecar.com.br/sobre/,https://investirecocaresocomecar.com.br/sobre/,1,True,"index, follow, max-image-preview:large, max-snippet:-1, max-video-preview:-1",1,False,"Denis Miyabara: quem é, trajetória e o canal Investir e Coçar | Investir e Coçar",80,1,163,1,1,529,8,1,1,0,1,3,True,True,0,100.5,4,7,0,0,3,10
