video_id,titulo,posicao,termo,views,minutos
aDL4MMF6AnE,Pra ficar rico você só precisa de 1 centavo #investimentos,1,como ganhar dinheiro na internet,220520,44947
aDL4MMF6AnE,Pra ficar rico você só precisa de 1 centavo #investimentos,2,como ganhar dinheiro,109875,22279
aDL4MMF6AnE,Pra ficar rico você só precisa de 1 centavo #investimentos,3,como ficar rico,82935,19429
aDL4MMF6AnE,Pra ficar rico você só precisa de 1 centavo #investimentos,4,como investir dinheiro,48270,10506
aDL4MMF6AnE,Pra ficar rico você só precisa de 1 centavo #investimentos,5,como fazer dinheiro na internet,34395,7006
aDL4MMF6AnE,Pra ficar rico você só precisa de 1 centavo #investimentos,6,ganhar dinheiro na internet,31135,6715
aDL4MMF6AnE,Pra ficar rico você só precisa de 1 centavo #investimentos,7,como ganhar dinheiro em casa,29467,6181
aDL4MMF6AnE,Pra ficar rico você só precisa de 1 centavo #investimentos,8,investimento,27998,6514
aDL4MMF6AnE,Pra ficar rico você só precisa de 1 centavo #investimentos,9,renda extra,26394,5545
aDL4MMF6AnE,Pra ficar rico você só precisa de 1 centavo #investimentos,10,como fazer dinheiro,25455,5571
aDL4MMF6AnE,Pra ficar rico você só precisa de 1 centavo #investimentos,11,como juntar dinheiro,22538,4551
aDL4MMF6AnE,Pra ficar rico você só precisa de 1 centavo #investimentos,12,ganhar dinheiro,17732,4033
aDL4MMF6AnE,Pra ficar rico você só precisa de 1 centavo #investimentos,13,como investir,14976,3065
aDL4MMF6AnE,Pra ficar rico você só precisa de 1 centavo #investimentos,14,formas de ganhar dinheiro na internet,13864,2903
aDL4MMF6AnE,Pra ficar rico você só precisa de 1 centavo #investimentos,15,como conseguir dinheiro rapido,12838,2567
aDL4MMF6AnE,Pra ficar rico você só precisa de 1 centavo #investimentos,16,como ganhar dinheiro fácil,12660,2469
aDL4MMF6AnE,Pra ficar rico você só precisa de 1 centavo #investimentos,17,como ser rico,11934,2656
aDL4MMF6AnE,Pra ficar rico você só precisa de 1 centavo #investimentos,18,como fazer dinheiro em casa,11593,2463
aDL4MMF6AnE,Pra ficar rico você só precisa de 1 centavo #investimentos,19,como conseguir dinheiro,11492,2071
aDL4MMF6AnE,Pra ficar rico você só precisa de 1 centavo #investimentos,20,como ganhar dinheiro com a internet,11316,2445
aDL4MMF6AnE,Pra ficar rico você só precisa de 1 centavo #investimentos,21,como ganhar dinheiro sendo de menor,10796,1984
aDL4MMF6AnE,Pra ficar rico você só precisa de 1 centavo #investimentos,22,como ganhar dinheiro pela internet,10695,2079
aDL4MMF6AnE,Pra ficar rico você só precisa de 1 centavo #investimentos,23,como guardar dinheiro,8617,1791
aDL4MMF6AnE,Pra ficar rico você só precisa de 1 centavo #investimentos,24,como multiplicar dinheiro,8364,1987
aDL4MMF6AnE,Pra ficar rico você só precisa de 1 centavo #investimentos,25,formas de ganhar dinheiro,8278,1777
T956DmDdPDU,BANCO NEXT VALE A PENA? É CONFIÁVEL? COMO FUNCIONA? Tudo sobre o Banco Next,1,banco next,67909,223020
T956DmDdPDU,BANCO NEXT VALE A PENA? É CONFIÁVEL? COMO FUNCIONA? Tudo sobre o Banco Next,2,next,60216,199174
T956DmDdPDU,BANCO NEXT VALE A PENA? É CONFIÁVEL? COMO FUNCIONA? Tudo sobre o Banco Next,3,cartao next,30534,97688
T956DmDdPDU,BANCO NEXT VALE A PENA? É CONFIÁVEL? COMO FUNCIONA? Tudo sobre o Banco Next,4,cartão next,22016,70540
T956DmDdPDU,BANCO NEXT VALE A PENA? É CONFIÁVEL? COMO FUNCIONA? Tudo sobre o Banco Next,5,banco next vale a pena,15155,55533
T956DmDdPDU,BANCO NEXT VALE A PENA? É CONFIÁVEL? COMO FUNCIONA? Tudo sobre o Banco Next,6,conta next,8028,26844
T956DmDdPDU,BANCO NEXT VALE A PENA? É CONFIÁVEL? COMO FUNCIONA? Tudo sobre o Banco Next,7,como funciona o next,4988,19071
T956DmDdPDU,BANCO NEXT VALE A PENA? É CONFIÁVEL? COMO FUNCIONA? Tudo sobre o Banco Next,8,cartao next credito,4102,12941
T956DmDdPDU,BANCO NEXT VALE A PENA? É CONFIÁVEL? COMO FUNCIONA? Tudo sobre o Banco Next,9,cartão de crédito next,3954,12456
T956DmDdPDU,BANCO NEXT VALE A PENA? É CONFIÁVEL? COMO FUNCIONA? Tudo sobre o Banco Next,10,como funciona o banco next,3608,13625
T956DmDdPDU,BANCO NEXT VALE A PENA? É CONFIÁVEL? COMO FUNCIONA? Tudo sobre o Banco Next,11,next banco,3548,11685
T956DmDdPDU,BANCO NEXT VALE A PENA? É CONFIÁVEL? COMO FUNCIONA? Tudo sobre o Banco Next,12,como funciona o cartão next,3198,11819
T956DmDdPDU,BANCO NEXT VALE A PENA? É CONFIÁVEL? COMO FUNCIONA? Tudo sobre o Banco Next,13,next cartão de credito,2913,9443
T956DmDdPDU,BANCO NEXT VALE A PENA? É CONFIÁVEL? COMO FUNCIONA? Tudo sobre o Banco Next,14,banco next cartao de credito,2426,8024
T956DmDdPDU,BANCO NEXT VALE A PENA? É CONFIÁVEL? COMO FUNCIONA? Tudo sobre o Banco Next,15,next como funciona,1791,6361
T956DmDdPDU,BANCO NEXT VALE A PENA? É CONFIÁVEL? COMO FUNCIONA? Tudo sobre o Banco Next,16,cartão next como funciona,1681,6288
T956DmDdPDU,BANCO NEXT VALE A PENA? É CONFIÁVEL? COMO FUNCIONA? Tudo sobre o Banco Next,17,cartão next credito,1473,4617
T956DmDdPDU,BANCO NEXT VALE A PENA? É CONFIÁVEL? COMO FUNCIONA? Tudo sobre o Banco Next,18,next cartao,1137,3638
T956DmDdPDU,BANCO NEXT VALE A PENA? É CONFIÁVEL? COMO FUNCIONA? Tudo sobre o Banco Next,19,next é bom,1118,3966
T956DmDdPDU,BANCO NEXT VALE A PENA? É CONFIÁVEL? COMO FUNCIONA? Tudo sobre o Banco Next,20,next vale a pena,1116,4116
T956DmDdPDU,BANCO NEXT VALE A PENA? É CONFIÁVEL? COMO FUNCIONA? Tudo sobre o Banco Next,21,conta next vale a pena,679,2610
T956DmDdPDU,BANCO NEXT VALE A PENA? É CONFIÁVEL? COMO FUNCIONA? Tudo sobre o Banco Next,22,next ou nubank,628,2197
T956DmDdPDU,BANCO NEXT VALE A PENA? É CONFIÁVEL? COMO FUNCIONA? Tudo sobre o Banco Next,23,cartao de credito next,602,1934
T956DmDdPDU,BANCO NEXT VALE A PENA? É CONFIÁVEL? COMO FUNCIONA? Tudo sobre o Banco Next,24,nubank ou next,553,1952
T956DmDdPDU,BANCO NEXT VALE A PENA? É CONFIÁVEL? COMO FUNCIONA? Tudo sobre o Banco Next,25,bancos digitais,549,1886
_WHHib_xvJ4,Caixinha Turbo da Nubank melhorou #investimentos,1,caixinha turbo nubank,56612,20384
_WHHib_xvJ4,Caixinha Turbo da Nubank melhorou #investimentos,2,como funciona a caixinha turbo da nubank,7154,2376
_WHHib_xvJ4,Caixinha Turbo da Nubank melhorou #investimentos,3,caixinha turbo nubank como funciona,6915,2397
_WHHib_xvJ4,Caixinha Turbo da Nubank melhorou #investimentos,4,nubank caixinha turbo,2874,1059
_WHHib_xvJ4,Caixinha Turbo da Nubank melhorou #investimentos,5,caixinha nubank,2227,698
_WHHib_xvJ4,Caixinha Turbo da Nubank melhorou #investimentos,6,caixinha turbo nubank vale a pena,1858,643
_WHHib_xvJ4,Caixinha Turbo da Nubank melhorou #investimentos,7,como funciona caixinha turbo nubank,1760,605
_WHHib_xvJ4,Caixinha Turbo da Nubank melhorou #investimentos,8,como funciona a caixinha turbo do nubank,1668,569
_WHHib_xvJ4,Caixinha Turbo da Nubank melhorou #investimentos,9,caixinha turbo,1619,604
_WHHib_xvJ4,Caixinha Turbo da Nubank melhorou #investimentos,10,caixa turbo nubank,1215,432
_WHHib_xvJ4,Caixinha Turbo da Nubank melhorou #investimentos,11,caixinha turbo da nubank,975,345
_WHHib_xvJ4,Caixinha Turbo da Nubank melhorou #investimentos,12,caixinha turbo do nubank,959,337
_WHHib_xvJ4,Caixinha Turbo da Nubank melhorou #investimentos,13,caixinha turbo nubank 115 do cdi,782,273
_WHHib_xvJ4,Caixinha Turbo da Nubank melhorou #investimentos,14,caixinha nubank turbo,780,286
_WHHib_xvJ4,Caixinha Turbo da Nubank melhorou #investimentos,15,investimento nubank,663,220
_WHHib_xvJ4,Caixinha Turbo da Nubank melhorou #investimentos,16,investir no nubank,636,201
_WHHib_xvJ4,Caixinha Turbo da Nubank melhorou #investimentos,17,como investir no nubank,633,193
_WHHib_xvJ4,Caixinha Turbo da Nubank melhorou #investimentos,18,caixinha do nubank,584,184
_WHHib_xvJ4,Caixinha Turbo da Nubank melhorou #investimentos,19,nubank,584,174
_WHHib_xvJ4,Caixinha Turbo da Nubank melhorou #investimentos,20,melhor investimento nubank,524,179
_WHHib_xvJ4,Caixinha Turbo da Nubank melhorou #investimentos,21,caixinha nubank vale a pena,400,125
_WHHib_xvJ4,Caixinha Turbo da Nubank melhorou #investimentos,22,como funciona a caixinha turbo da nubank 115 do cdi,400,136
_WHHib_xvJ4,Caixinha Turbo da Nubank melhorou #investimentos,23,como funciona a caixinha do nubank,392,103
_WHHib_xvJ4,Caixinha Turbo da Nubank melhorou #investimentos,24,nubank investimento,339,117
_WHHib_xvJ4,Caixinha Turbo da Nubank melhorou #investimentos,25,115 cdi nubank,295,102
1EGx_IxWSbo,QUANTO RENDEU 1 REAL EM BITCOIN NUBANK INVESTIMENTO CRIPTOMOEDA?,1,criptomoedas,4620,12786
1EGx_IxWSbo,QUANTO RENDEU 1 REAL EM BITCOIN NUBANK INVESTIMENTO CRIPTOMOEDA?,2,bitcoin nubank,3275,12209
1EGx_IxWSbo,QUANTO RENDEU 1 REAL EM BITCOIN NUBANK INVESTIMENTO CRIPTOMOEDA?,3,bitcoin,3252,8946
1EGx_IxWSbo,QUANTO RENDEU 1 REAL EM BITCOIN NUBANK INVESTIMENTO CRIPTOMOEDA?,4,criptomoedas nubank,2890,10745
1EGx_IxWSbo,QUANTO RENDEU 1 REAL EM BITCOIN NUBANK INVESTIMENTO CRIPTOMOEDA?,5,como investir em criptomoedas,1442,4331
1EGx_IxWSbo,QUANTO RENDEU 1 REAL EM BITCOIN NUBANK INVESTIMENTO CRIPTOMOEDA?,6,investimento nubank,883,1854
1EGx_IxWSbo,QUANTO RENDEU 1 REAL EM BITCOIN NUBANK INVESTIMENTO CRIPTOMOEDA?,7,bitcoin como funciona,833,2759
1EGx_IxWSbo,QUANTO RENDEU 1 REAL EM BITCOIN NUBANK INVESTIMENTO CRIPTOMOEDA?,8,como investir em bitcoins,679,1941
1EGx_IxWSbo,QUANTO RENDEU 1 REAL EM BITCOIN NUBANK INVESTIMENTO CRIPTOMOEDA?,9,investir em criptomoedas,628,1639
1EGx_IxWSbo,QUANTO RENDEU 1 REAL EM BITCOIN NUBANK INVESTIMENTO CRIPTOMOEDA?,10,como comprar bitcoin,609,1688
1EGx_IxWSbo,QUANTO RENDEU 1 REAL EM BITCOIN NUBANK INVESTIMENTO CRIPTOMOEDA?,11,como ganhar dinheiro com criptomoedas,572,1756
1EGx_IxWSbo,QUANTO RENDEU 1 REAL EM BITCOIN NUBANK INVESTIMENTO CRIPTOMOEDA?,12,como ganhar dinheiro com bitcoin,560,1792
1EGx_IxWSbo,QUANTO RENDEU 1 REAL EM BITCOIN NUBANK INVESTIMENTO CRIPTOMOEDA?,13,nubank investimento,507,1219
1EGx_IxWSbo,QUANTO RENDEU 1 REAL EM BITCOIN NUBANK INVESTIMENTO CRIPTOMOEDA?,14,bitcoin picpay,469,1033
1EGx_IxWSbo,QUANTO RENDEU 1 REAL EM BITCOIN NUBANK INVESTIMENTO CRIPTOMOEDA?,15,criptomoedas picpay,457,933
1EGx_IxWSbo,QUANTO RENDEU 1 REAL EM BITCOIN NUBANK INVESTIMENTO CRIPTOMOEDA?,16,como investir no nubank,454,971
1EGx_IxWSbo,QUANTO RENDEU 1 REAL EM BITCOIN NUBANK INVESTIMENTO CRIPTOMOEDA?,17,ethereum,450,1306
1EGx_IxWSbo,QUANTO RENDEU 1 REAL EM BITCOIN NUBANK INVESTIMENTO CRIPTOMOEDA?,18,comprar bitcoin nubank,444,1472
1EGx_IxWSbo,QUANTO RENDEU 1 REAL EM BITCOIN NUBANK INVESTIMENTO CRIPTOMOEDA?,19,criptomoeda,389,875
1EGx_IxWSbo,QUANTO RENDEU 1 REAL EM BITCOIN NUBANK INVESTIMENTO CRIPTOMOEDA?,20,investir no nubank,350,713
1EGx_IxWSbo,QUANTO RENDEU 1 REAL EM BITCOIN NUBANK INVESTIMENTO CRIPTOMOEDA?,21,como funciona o bitcoin,339,1166
1EGx_IxWSbo,QUANTO RENDEU 1 REAL EM BITCOIN NUBANK INVESTIMENTO CRIPTOMOEDA?,22,nubank criptomoeda,304,979
1EGx_IxWSbo,QUANTO RENDEU 1 REAL EM BITCOIN NUBANK INVESTIMENTO CRIPTOMOEDA?,23,comprar criptomoedas nubank,275,1023
1EGx_IxWSbo,QUANTO RENDEU 1 REAL EM BITCOIN NUBANK INVESTIMENTO CRIPTOMOEDA?,24,biticoin hoje,269,705
1EGx_IxWSbo,QUANTO RENDEU 1 REAL EM BITCOIN NUBANK INVESTIMENTO CRIPTOMOEDA?,25,nubank,266,568
9tn6b8FaE24,NUBANK vs Mercado Pago? #investimentos,1,mercado pago,4824,3468
9tn6b8FaE24,NUBANK vs Mercado Pago? #investimentos,2,mercado pago ou nubank,2505,2255
9tn6b8FaE24,NUBANK vs Mercado Pago? #investimentos,3,mercado pago é seguro,2061,1447
9tn6b8FaE24,NUBANK vs Mercado Pago? #investimentos,4,nubank ou mercado pago,1708,1511
9tn6b8FaE24,NUBANK vs Mercado Pago? #investimentos,5,cofrinho mercado pago,655,489
9tn6b8FaE24,NUBANK vs Mercado Pago? #investimentos,6,conta mercado pago vale a pena,571,450
9tn6b8FaE24,NUBANK vs Mercado Pago? #investimentos,7,qual rende mais nubank ou mercado pago,485,442
9tn6b8FaE24,NUBANK vs Mercado Pago? #investimentos,8,caixinha mercado pago,392,321
9tn6b8FaE24,NUBANK vs Mercado Pago? #investimentos,9,banco mercado pago,323,256
9tn6b8FaE24,NUBANK vs Mercado Pago? #investimentos,10,cartão mercado pago vale a pena,319,211
9tn6b8FaE24,NUBANK vs Mercado Pago? #investimentos,11,cartão mercado pago,298,255
9tn6b8FaE24,NUBANK vs Mercado Pago? #investimentos,12,investimento mercado pago,272,174
9tn6b8FaE24,NUBANK vs Mercado Pago? #investimentos,13,como investir no mercado pago,264,160
9tn6b8FaE24,NUBANK vs Mercado Pago? #investimentos,14,conta mercado pago,256,168
9tn6b8FaE24,NUBANK vs Mercado Pago? #investimentos,15,mercado pago vale a pena,241,186
9tn6b8FaE24,NUBANK vs Mercado Pago? #investimentos,16,investir no mercado pago vale a pena,212,164
9tn6b8FaE24,NUBANK vs Mercado Pago? #investimentos,17,caixinha nubank ou mercado pago,210,179
9tn6b8FaE24,NUBANK vs Mercado Pago? #investimentos,18,mercado pago é bom,190,151
9tn6b8FaE24,NUBANK vs Mercado Pago? #investimentos,19,nubank vs mercado pago,190,173
9tn6b8FaE24,NUBANK vs Mercado Pago? #investimentos,20,mercado pago vs nubank,167,145
9tn6b8FaE24,NUBANK vs Mercado Pago? #investimentos,21,vale a pena investir no mercado pago,165,139
9tn6b8FaE24,NUBANK vs Mercado Pago? #investimentos,22,caixinha do mercado pago,157,129
9tn6b8FaE24,NUBANK vs Mercado Pago? #investimentos,23,mercado pago rendimento,157,96
9tn6b8FaE24,NUBANK vs Mercado Pago? #investimentos,24,mercado pago como funciona,151,91
9tn6b8FaE24,NUBANK vs Mercado Pago? #investimentos,25,investir no mercado pago,143,112
bStv54OaC_8,BANCO NEXT BRADESCO NEXTJOY - CONTA DIGITAL NEXT PARA MENOR | NEXT BANCO PARA MENORES DE 18,1,nextjoy,6977,19521
bStv54OaC_8,BANCO NEXT BRADESCO NEXTJOY - CONTA DIGITAL NEXT PARA MENOR | NEXT BANCO PARA MENORES DE 18,2,banco next menor de 18,1154,2301
bStv54OaC_8,BANCO NEXT BRADESCO NEXTJOY - CONTA DIGITAL NEXT PARA MENOR | NEXT BANCO PARA MENORES DE 18,3,next joy,1054,2564
bStv54OaC_8,BANCO NEXT BRADESCO NEXTJOY - CONTA DIGITAL NEXT PARA MENOR | NEXT BANCO PARA MENORES DE 18,4,conta nextjoy,812,2054
bStv54OaC_8,BANCO NEXT BRADESCO NEXTJOY - CONTA DIGITAL NEXT PARA MENOR | NEXT BANCO PARA MENORES DE 18,5,banco para menor de 18 anos,715,1357
bStv54OaC_8,BANCO NEXT BRADESCO NEXTJOY - CONTA DIGITAL NEXT PARA MENOR | NEXT BANCO PARA MENORES DE 18,6,nextjoy como funciona,633,2040
bStv54OaC_8,BANCO NEXT BRADESCO NEXTJOY - CONTA DIGITAL NEXT PARA MENOR | NEXT BANCO PARA MENORES DE 18,7,banco next para menor,616,1552
bStv54OaC_8,BANCO NEXT BRADESCO NEXTJOY - CONTA DIGITAL NEXT PARA MENOR | NEXT BANCO PARA MENORES DE 18,8,banco digital para menor de 18 anos,495,1118
bStv54OaC_8,BANCO NEXT BRADESCO NEXTJOY - CONTA DIGITAL NEXT PARA MENOR | NEXT BANCO PARA MENORES DE 18,9,como criar conta no next sendo de menor,466,793
bStv54OaC_8,BANCO NEXT BRADESCO NEXTJOY - CONTA DIGITAL NEXT PARA MENOR | NEXT BANCO PARA MENORES DE 18,10,conta digital para menor de 18 anos,463,1072
bStv54OaC_8,BANCO NEXT BRADESCO NEXTJOY - CONTA DIGITAL NEXT PARA MENOR | NEXT BANCO PARA MENORES DE 18,11,bancos para menor de 18 anos,437,836
bStv54OaC_8,BANCO NEXT BRADESCO NEXTJOY - CONTA DIGITAL NEXT PARA MENOR | NEXT BANCO PARA MENORES DE 18,12,cartao para menor de 18,359,698
bStv54OaC_8,BANCO NEXT BRADESCO NEXTJOY - CONTA DIGITAL NEXT PARA MENOR | NEXT BANCO PARA MENORES DE 18,13,como criar uma conta no banco next sendo de menor,337,781
bStv54OaC_8,BANCO NEXT BRADESCO NEXTJOY - CONTA DIGITAL NEXT PARA MENOR | NEXT BANCO PARA MENORES DE 18,14,como funciona o nextjoy,270,877
bStv54OaC_8,BANCO NEXT BRADESCO NEXTJOY - CONTA DIGITAL NEXT PARA MENOR | NEXT BANCO PARA MENORES DE 18,15,bancos digitais para menor,254,511
bStv54OaC_8,BANCO NEXT BRADESCO NEXTJOY - CONTA DIGITAL NEXT PARA MENOR | NEXT BANCO PARA MENORES DE 18,16,cartão para menor de 18 anos,224,451
bStv54OaC_8,BANCO NEXT BRADESCO NEXTJOY - CONTA DIGITAL NEXT PARA MENOR | NEXT BANCO PARA MENORES DE 18,17,banco next,202,478
bStv54OaC_8,BANCO NEXT BRADESCO NEXTJOY - CONTA DIGITAL NEXT PARA MENOR | NEXT BANCO PARA MENORES DE 18,18,next para menor,188,494
bStv54OaC_8,BANCO NEXT BRADESCO NEXTJOY - CONTA DIGITAL NEXT PARA MENOR | NEXT BANCO PARA MENORES DE 18,19,next kids,164,300
bStv54OaC_8,BANCO NEXT BRADESCO NEXTJOY - CONTA DIGITAL NEXT PARA MENOR | NEXT BANCO PARA MENORES DE 18,20,next menor de 18,157,253
bStv54OaC_8,BANCO NEXT BRADESCO NEXTJOY - CONTA DIGITAL NEXT PARA MENOR | NEXT BANCO PARA MENORES DE 18,21,cartão next para menor de 18 anos,148,365
bStv54OaC_8,BANCO NEXT BRADESCO NEXTJOY - CONTA DIGITAL NEXT PARA MENOR | NEXT BANCO PARA MENORES DE 18,22,cartão de crédito para menor de 18,120,275
bStv54OaC_8,BANCO NEXT BRADESCO NEXTJOY - CONTA DIGITAL NEXT PARA MENOR | NEXT BANCO PARA MENORES DE 18,23,banco next joy,118,303
bStv54OaC_8,BANCO NEXT BRADESCO NEXTJOY - CONTA DIGITAL NEXT PARA MENOR | NEXT BANCO PARA MENORES DE 18,24,como criar uma conta no next sendo de menor,117,200
bStv54OaC_8,BANCO NEXT BRADESCO NEXTJOY - CONTA DIGITAL NEXT PARA MENOR | NEXT BANCO PARA MENORES DE 18,25,cartao de debito para menor de 18,101,187
SsZAITSAR6s,Como abrir conta para menor de 18 anos? Como abrir conta no banco sendo menor?,1,banco para menor de 18 anos,648,1597
SsZAITSAR6s,Como abrir conta para menor de 18 anos? Como abrir conta no banco sendo menor?,2,conta digital para menor de 18 anos,599,1565
SsZAITSAR6s,Como abrir conta para menor de 18 anos? Como abrir conta no banco sendo menor?,3,banco digital para menor de 18 anos,530,1244
SsZAITSAR6s,Como abrir conta para menor de 18 anos? Como abrir conta no banco sendo menor?,4,cartão de crédito para menor de 18,384,787
SsZAITSAR6s,Como abrir conta para menor de 18 anos? Como abrir conta no banco sendo menor?,5,conta bancaria para menor de 18 anos,342,820
SsZAITSAR6s,Como abrir conta para menor de 18 anos? Como abrir conta no banco sendo menor?,6,cartao para menor de 18,252,461
SsZAITSAR6s,Como abrir conta para menor de 18 anos? Como abrir conta no banco sendo menor?,7,cartão para menor de 18 anos,183,396
SsZAITSAR6s,Como abrir conta para menor de 18 anos? Como abrir conta no banco sendo menor?,8,como criar conta bancária sendo de menor,180,342
SsZAITSAR6s,Como abrir conta para menor de 18 anos? Como abrir conta no banco sendo menor?,9,nubank menor idade,143,372
SsZAITSAR6s,Como abrir conta para menor de 18 anos? Como abrir conta no banco sendo menor?,10,como criar conta no banco sendo de menor,129,324
SsZAITSAR6s,Como abrir conta para menor de 18 anos? Como abrir conta no banco sendo menor?,11,banco inter menor idade,118,332
SsZAITSAR6s,Como abrir conta para menor de 18 anos? Como abrir conta no banco sendo menor?,12,cartao de credito para menor idade,118,222
SsZAITSAR6s,Como abrir conta para menor de 18 anos? Como abrir conta no banco sendo menor?,13,como criar uma conta bancária sendo de menor,116,226
SsZAITSAR6s,Como abrir conta para menor de 18 anos? Como abrir conta no banco sendo menor?,14,como fazer uma conta no banco sendo de menor,89,258
SsZAITSAR6s,Como abrir conta para menor de 18 anos? Como abrir conta no banco sendo menor?,15,bancos para menor de 18 anos,79,188
SsZAITSAR6s,Como abrir conta para menor de 18 anos? Como abrir conta no banco sendo menor?,16,conta para menor de 18 anos banco do brasil,73,165
SsZAITSAR6s,Como abrir conta para menor de 18 anos? Como abrir conta no banco sendo menor?,17,nubank para menor,61,159
SsZAITSAR6s,Como abrir conta para menor de 18 anos? Como abrir conta no banco sendo menor?,18,como ter cartao de credito sendo de menor,56,126
SsZAITSAR6s,Como abrir conta para menor de 18 anos? Como abrir conta no banco sendo menor?,19,c6 bank menor de 18,55,96
SsZAITSAR6s,Como abrir conta para menor de 18 anos? Como abrir conta no banco sendo menor?,20,cartao de debito para menor de 18,55,85
SsZAITSAR6s,Como abrir conta para menor de 18 anos? Como abrir conta no banco sendo menor?,21,cartão de credito para menor de 18 anos,53,97
SsZAITSAR6s,Como abrir conta para menor de 18 anos? Como abrir conta no banco sendo menor?,22,como abrir uma conta bancaria sendo de menor,52,109
SsZAITSAR6s,Como abrir conta para menor de 18 anos? Como abrir conta no banco sendo menor?,23,bancos digitais para menor,51,125
SsZAITSAR6s,Como abrir conta para menor de 18 anos? Como abrir conta no banco sendo menor?,24,como criar uma conta no banco pelo celular sendo de menor,45,88
SsZAITSAR6s,Como abrir conta para menor de 18 anos? Como abrir conta no banco sendo menor?,25,como abrir uma conta sendo de menor,42,97
Q1WMbZZn2Ik,O QUE RENDE MAIS CDB ou LCI/LCA? #investimentos,1,lci e lca,3544,1158
Q1WMbZZn2Ik,O QUE RENDE MAIS CDB ou LCI/LCA? #investimentos,2,lci,927,322
Q1WMbZZn2Ik,O QUE RENDE MAIS CDB ou LCI/LCA? #investimentos,3,lca e lci,888,306
Q1WMbZZn2Ik,O QUE RENDE MAIS CDB ou LCI/LCA? #investimentos,4,lci ou cdb,797,259
Q1WMbZZn2Ik,O QUE RENDE MAIS CDB ou LCI/LCA? #investimentos,5,lca,716,187
Q1WMbZZn2Ik,O QUE RENDE MAIS CDB ou LCI/LCA? #investimentos,6,cdb,680,189
Q1WMbZZn2Ik,O QUE RENDE MAIS CDB ou LCI/LCA? #investimentos,7,cdb ou lci,511,172
Q1WMbZZn2Ik,O QUE RENDE MAIS CDB ou LCI/LCA? #investimentos,8,lci lca,339,91
Q1WMbZZn2Ik,O QUE RENDE MAIS CDB ou LCI/LCA? #investimentos,9,lci lca ou cdb,213,69
Q1WMbZZn2Ik,O QUE RENDE MAIS CDB ou LCI/LCA? #investimentos,10,investimento cdb,191,59
Q1WMbZZn2Ik,O QUE RENDE MAIS CDB ou LCI/LCA? #investimentos,11,lca ou cdb,190,66
Q1WMbZZn2Ik,O QUE RENDE MAIS CDB ou LCI/LCA? #investimentos,12,investimento lci e lca,188,62
Q1WMbZZn2Ik,O QUE RENDE MAIS CDB ou LCI/LCA? #investimentos,13,melhores lci e lca hoje,179,58
Q1WMbZZn2Ik,O QUE RENDE MAIS CDB ou LCI/LCA? #investimentos,14,qual investimento rende mais,168,49
Q1WMbZZn2Ik,O QUE RENDE MAIS CDB ou LCI/LCA? #investimentos,15,como investir em lci e lca,163,50
Q1WMbZZn2Ik,O QUE RENDE MAIS CDB ou LCI/LCA? #investimentos,16,investimento,132,43
Q1WMbZZn2Ik,O QUE RENDE MAIS CDB ou LCI/LCA? #investimentos,17,lci banco inter,114,33
Q1WMbZZn2Ik,O QUE RENDE MAIS CDB ou LCI/LCA? #investimentos,18,qual cdb rende mais hoje,105,29
Q1WMbZZn2Ik,O QUE RENDE MAIS CDB ou LCI/LCA? #investimentos,19,lca banco do brasil,88,26
Q1WMbZZn2Ik,O QUE RENDE MAIS CDB ou LCI/LCA? #investimentos,20,o que é lci e lca,88,52
Q1WMbZZn2Ik,O QUE RENDE MAIS CDB ou LCI/LCA? #investimentos,21,investimentos,86,19
Q1WMbZZn2Ik,O QUE RENDE MAIS CDB ou LCI/LCA? #investimentos,22,o'que é lci e lca,84,23
Q1WMbZZn2Ik,O QUE RENDE MAIS CDB ou LCI/LCA? #investimentos,23,cdb lci lca,79,34
Q1WMbZZn2Ik,O QUE RENDE MAIS CDB ou LCI/LCA? #investimentos,24,melhor lci lca hoje,76,25
Q1WMbZZn2Ik,O QUE RENDE MAIS CDB ou LCI/LCA? #investimentos,25,melhor cdb liquidez diaria,69,19
sZTGSV55keU,CLICK CONTA para MENORES de 18 anos - BRADESCO CLICK CONTA - Como abrir conta para MENOR DE IDADE?,1,click conta bradesco,802,1881
sZTGSV55keU,CLICK CONTA para MENORES de 18 anos - BRADESCO CLICK CONTA - Como abrir conta para MENOR DE IDADE?,2,conta digital para menor de 18 anos,404,840
sZTGSV55keU,CLICK CONTA para MENORES de 18 anos - BRADESCO CLICK CONTA - Como abrir conta para MENOR DE IDADE?,3,como abrir conta no bradesco pelo celular sendo de menor,369,570
sZTGSV55keU,CLICK CONTA para MENORES de 18 anos - BRADESCO CLICK CONTA - Como abrir conta para MENOR DE IDADE?,4,bradesco click conta,281,582
sZTGSV55keU,CLICK CONTA para MENORES de 18 anos - BRADESCO CLICK CONTA - Como abrir conta para MENOR DE IDADE?,5,banco digital para menor de 18 anos,254,463
sZTGSV55keU,CLICK CONTA para MENORES de 18 anos - BRADESCO CLICK CONTA - Como abrir conta para MENOR DE IDADE?,6,banco para menor de 18 anos,235,363
sZTGSV55keU,CLICK CONTA para MENORES de 18 anos - BRADESCO CLICK CONTA - Como abrir conta para MENOR DE IDADE?,7,como criar conta no bradesco sendo de menor,168,220
sZTGSV55keU,CLICK CONTA para MENORES de 18 anos - BRADESCO CLICK CONTA - Como abrir conta para MENOR DE IDADE?,8,como abrir uma conta no bradesco sendo de menor,123,220
sZTGSV55keU,CLICK CONTA para MENORES de 18 anos - BRADESCO CLICK CONTA - Como abrir conta para MENOR DE IDADE?,9,bancos para menor de 18 anos,108,170
sZTGSV55keU,CLICK CONTA para MENORES de 18 anos - BRADESCO CLICK CONTA - Como abrir conta para MENOR DE IDADE?,10,bradesco menor de 18,72,70
sZTGSV55keU,CLICK CONTA para MENORES de 18 anos - BRADESCO CLICK CONTA - Como abrir conta para MENOR DE IDADE?,11,conta bancaria para menor de 18 anos,60,138
sZTGSV55keU,CLICK CONTA para MENORES de 18 anos - BRADESCO CLICK CONTA - Como abrir conta para MENOR DE IDADE?,12,bancos digitais para menor,52,112
sZTGSV55keU,CLICK CONTA para MENORES de 18 anos - BRADESCO CLICK CONTA - Como abrir conta para MENOR DE IDADE?,13,conta bradesco menor de 18,47,79
sZTGSV55keU,CLICK CONTA para MENORES de 18 anos - BRADESCO CLICK CONTA - Como abrir conta para MENOR DE IDADE?,14,conta para menor idade,44,60
sZTGSV55keU,CLICK CONTA para MENORES de 18 anos - BRADESCO CLICK CONTA - Como abrir conta para MENOR DE IDADE?,15,cartão para menor de 18 anos,38,51
sZTGSV55keU,CLICK CONTA para MENORES de 18 anos - BRADESCO CLICK CONTA - Como abrir conta para MENOR DE IDADE?,16,conta para menor de 18 anos,37,57
sZTGSV55keU,CLICK CONTA para MENORES de 18 anos - BRADESCO CLICK CONTA - Como abrir conta para MENOR DE IDADE?,17,bradesco para menor de 18 anos,33,54
sZTGSV55keU,CLICK CONTA para MENORES de 18 anos - BRADESCO CLICK CONTA - Como abrir conta para MENOR DE IDADE?,18,conta para menor de 18 anos banco do brasil,32,63
sZTGSV55keU,CLICK CONTA para MENORES de 18 anos - BRADESCO CLICK CONTA - Como abrir conta para MENOR DE IDADE?,19,cartão de crédito para menor de 18,27,50
sZTGSV55keU,CLICK CONTA para MENORES de 18 anos - BRADESCO CLICK CONTA - Como abrir conta para MENOR DE IDADE?,20,cartao para menor de 18,25,61
sZTGSV55keU,CLICK CONTA para MENORES de 18 anos - BRADESCO CLICK CONTA - Como abrir conta para MENOR DE IDADE?,21,como abrir click conta bradesco,25,43
sZTGSV55keU,CLICK CONTA para MENORES de 18 anos - BRADESCO CLICK CONTA - Como abrir conta para MENOR DE IDADE?,22,como criar uma conta no bradesco sendo de menor,23,23
sZTGSV55keU,CLICK CONTA para MENORES de 18 anos - BRADESCO CLICK CONTA - Como abrir conta para MENOR DE IDADE?,23,cartao de credito para menor idade,20,28
sZTGSV55keU,CLICK CONTA para MENORES de 18 anos - BRADESCO CLICK CONTA - Como abrir conta para MENOR DE IDADE?,24,conta no banco para menor de 18 anos,20,54
sZTGSV55keU,CLICK CONTA para MENORES de 18 anos - BRADESCO CLICK CONTA - Como abrir conta para MENOR DE IDADE?,25,contas para menor de 18,19,19
V68Hd157uac,NEXT JOY cartão - NÃO cometa esse ERRO com seu filho! NEXT JOY banco digital para menor de 18 anos,1,nextjoy,9531,24633
V68Hd157uac,NEXT JOY cartão - NÃO cometa esse ERRO com seu filho! NEXT JOY banco digital para menor de 18 anos,2,next joy,3700,8364
V68Hd157uac,NEXT JOY cartão - NÃO cometa esse ERRO com seu filho! NEXT JOY banco digital para menor de 18 anos,3,conta nextjoy,678,2280
V68Hd157uac,NEXT JOY cartão - NÃO cometa esse ERRO com seu filho! NEXT JOY banco digital para menor de 18 anos,4,cartão nextjoy,146,313
V68Hd157uac,NEXT JOY cartão - NÃO cometa esse ERRO com seu filho! NEXT JOY banco digital para menor de 18 anos,5,banco next menor de 18,133,327
V68Hd157uac,NEXT JOY cartão - NÃO cometa esse ERRO com seu filho! NEXT JOY banco digital para menor de 18 anos,6,nextjoy tem pix,119,338
V68Hd157uac,NEXT JOY cartão - NÃO cometa esse ERRO com seu filho! NEXT JOY banco digital para menor de 18 anos,7,como criar uma conta no nextjoy,87,124
V68Hd157uac,NEXT JOY cartão - NÃO cometa esse ERRO com seu filho! NEXT JOY banco digital para menor de 18 anos,8,banco next joy,78,234
V68Hd157uac,NEXT JOY cartão - NÃO cometa esse ERRO com seu filho! NEXT JOY banco digital para menor de 18 anos,9,cartão next,68,158
V68Hd157uac,NEXT JOY cartão - NÃO cometa esse ERRO com seu filho! NEXT JOY banco digital para menor de 18 anos,10,nextjoy como criar conta,59,126
V68Hd157uac,NEXT JOY cartão - NÃO cometa esse ERRO com seu filho! NEXT JOY banco digital para menor de 18 anos,11,next menor de 18,40,52
V68Hd157uac,NEXT JOY cartão - NÃO cometa esse ERRO com seu filho! NEXT JOY banco digital para menor de 18 anos,12,cartão next joy,36,80
V68Hd157uac,NEXT JOY cartão - NÃO cometa esse ERRO com seu filho! NEXT JOY banco digital para menor de 18 anos,13,nextjoy como funciona,31,126
V68Hd157uac,NEXT JOY cartão - NÃO cometa esse ERRO com seu filho! NEXT JOY banco digital para menor de 18 anos,14,como criar uma conta nextjoy,29,42
V68Hd157uac,NEXT JOY cartão - NÃO cometa esse ERRO com seu filho! NEXT JOY banco digital para menor de 18 anos,15,como criar conta no next sendo de menor,23,35
V68Hd157uac,NEXT JOY cartão - NÃO cometa esse ERRO com seu filho! NEXT JOY banco digital para menor de 18 anos,16,next,21,52
V68Hd157uac,NEXT JOY cartão - NÃO cometa esse ERRO com seu filho! NEXT JOY banco digital para menor de 18 anos,17,banco next,20,37
V68Hd157uac,NEXT JOY cartão - NÃO cometa esse ERRO com seu filho! NEXT JOY banco digital para menor de 18 anos,18,cartao nextjoy,20,58
V68Hd157uac,NEXT JOY cartão - NÃO cometa esse ERRO com seu filho! NEXT JOY banco digital para menor de 18 anos,19,next para menor de 18,19,53
V68Hd157uac,NEXT JOY cartão - NÃO cometa esse ERRO com seu filho! NEXT JOY banco digital para menor de 18 anos,20,como criar uma conta no next joy,18,26
V68Hd157uac,NEXT JOY cartão - NÃO cometa esse ERRO com seu filho! NEXT JOY banco digital para menor de 18 anos,21,como criar uma conta no next sendo de menor,16,33
V68Hd157uac,NEXT JOY cartão - NÃO cometa esse ERRO com seu filho! NEXT JOY banco digital para menor de 18 anos,22,como criar conta nextjoy,14,21
V68Hd157uac,NEXT JOY cartão - NÃO cometa esse ERRO com seu filho! NEXT JOY banco digital para menor de 18 anos,23,conta next,14,33
V68Hd157uac,NEXT JOY cartão - NÃO cometa esse ERRO com seu filho! NEXT JOY banco digital para menor de 18 anos,24,nextjoy cartão,14,35
V68Hd157uac,NEXT JOY cartão - NÃO cometa esse ERRO com seu filho! NEXT JOY banco digital para menor de 18 anos,25,nextjoy instabilidade,14,15
flmY3ta0ClE,🚨CUIDADO NOVO GOLPE DO PIX (esse é profissional) #investimentos,1,golpe do pix,6590,5076
flmY3ta0ClE,🚨CUIDADO NOVO GOLPE DO PIX (esse é profissional) #investimentos,2,pix falso,1040,763
flmY3ta0ClE,🚨CUIDADO NOVO GOLPE DO PIX (esse é profissional) #investimentos,3,urubu do pix,888,653
flmY3ta0ClE,🚨CUIDADO NOVO GOLPE DO PIX (esse é profissional) #investimentos,4,golpe pix,813,622
flmY3ta0ClE,🚨CUIDADO NOVO GOLPE DO PIX (esse é profissional) #investimentos,5,novo golpe do pix,752,607
flmY3ta0ClE,🚨CUIDADO NOVO GOLPE DO PIX (esse é profissional) #investimentos,6,como fazer pix falso,654,439
flmY3ta0ClE,🚨CUIDADO NOVO GOLPE DO PIX (esse é profissional) #investimentos,7,pix,636,418
flmY3ta0ClE,🚨CUIDADO NOVO GOLPE DO PIX (esse é profissional) #investimentos,8,como fazer um pix falso,312,231
flmY3ta0ClE,🚨CUIDADO NOVO GOLPE DO PIX (esse é profissional) #investimentos,9,pix falso como fazer,257,184
flmY3ta0ClE,🚨CUIDADO NOVO GOLPE DO PIX (esse é profissional) #investimentos,10,novo golpe do pix está acontecendo,254,198
flmY3ta0ClE,🚨CUIDADO NOVO GOLPE DO PIX (esse é profissional) #investimentos,11,golpe do pix nubank,238,147
flmY3ta0ClE,🚨CUIDADO NOVO GOLPE DO PIX (esse é profissional) #investimentos,12,trolando golpe do pix,216,139
flmY3ta0ClE,🚨CUIDADO NOVO GOLPE DO PIX (esse é profissional) #investimentos,13,golpe nubank pix,167,100
flmY3ta0ClE,🚨CUIDADO NOVO GOLPE DO PIX (esse é profissional) #investimentos,14,golpe nubank,166,106
flmY3ta0ClE,🚨CUIDADO NOVO GOLPE DO PIX (esse é profissional) #investimentos,15,como funciona o pix,149,91
flmY3ta0ClE,🚨CUIDADO NOVO GOLPE DO PIX (esse é profissional) #investimentos,16,golpe,138,118
flmY3ta0ClE,🚨CUIDADO NOVO GOLPE DO PIX (esse é profissional) #investimentos,17,novo golpe,137,97
flmY3ta0ClE,🚨CUIDADO NOVO GOLPE DO PIX (esse é profissional) #investimentos,18,brasdex,133,106
flmY3ta0ClE,🚨CUIDADO NOVO GOLPE DO PIX (esse é profissional) #investimentos,19,golpe pix nubank,132,89
flmY3ta0ClE,🚨CUIDADO NOVO GOLPE DO PIX (esse é profissional) #investimentos,20,whatsapp pix funciona,129,93
flmY3ta0ClE,🚨CUIDADO NOVO GOLPE DO PIX (esse é profissional) #investimentos,21,golpe do instagram,110,69
flmY3ta0ClE,🚨CUIDADO NOVO GOLPE DO PIX (esse é profissional) #investimentos,22,investimento pix,99,69
flmY3ta0ClE,🚨CUIDADO NOVO GOLPE DO PIX (esse é profissional) #investimentos,23,golpe do pix agendado,89,62
flmY3ta0ClE,🚨CUIDADO NOVO GOLPE DO PIX (esse é profissional) #investimentos,24,golpe do nubank,88,54
flmY3ta0ClE,🚨CUIDADO NOVO GOLPE DO PIX (esse é profissional) #investimentos,25,golpe do pix errado,86,71
HJRqnCA4ra0,NUBANK INVESTIMENTOS CRIPTOMOEDA VALE A PENA? NUBANK BITCOIN,1,criptomoedas nubank,2911,11658
HJRqnCA4ra0,NUBANK INVESTIMENTOS CRIPTOMOEDA VALE A PENA? NUBANK BITCOIN,2,bitcoin nubank,2296,9086
HJRqnCA4ra0,NUBANK INVESTIMENTOS CRIPTOMOEDA VALE A PENA? NUBANK BITCOIN,3,nubank criptomoeda,2053,8348
HJRqnCA4ra0,NUBANK INVESTIMENTOS CRIPTOMOEDA VALE A PENA? NUBANK BITCOIN,4,criptomoedas,927,2851
HJRqnCA4ra0,NUBANK INVESTIMENTOS CRIPTOMOEDA VALE A PENA? NUBANK BITCOIN,5,como funciona criptomoeda nubank,917,3876
HJRqnCA4ra0,NUBANK INVESTIMENTOS CRIPTOMOEDA VALE A PENA? NUBANK BITCOIN,6,criptomoeda nubank,689,2689
HJRqnCA4ra0,NUBANK INVESTIMENTOS CRIPTOMOEDA VALE A PENA? NUBANK BITCOIN,7,como funciona a criptomoeda nubank,553,2215
HJRqnCA4ra0,NUBANK INVESTIMENTOS CRIPTOMOEDA VALE A PENA? NUBANK BITCOIN,8,cripto nubank,509,1985
HJRqnCA4ra0,NUBANK INVESTIMENTOS CRIPTOMOEDA VALE A PENA? NUBANK BITCOIN,9,comprar criptomoedas nubank,492,2083
HJRqnCA4ra0,NUBANK INVESTIMENTOS CRIPTOMOEDA VALE A PENA? NUBANK BITCOIN,10,investimento nubank,485,1480
HJRqnCA4ra0,NUBANK INVESTIMENTOS CRIPTOMOEDA VALE A PENA? NUBANK BITCOIN,11,como investir em criptomoedas,369,1277
HJRqnCA4ra0,NUBANK INVESTIMENTOS CRIPTOMOEDA VALE A PENA? NUBANK BITCOIN,12,nubank bitcoin,349,1267
HJRqnCA4ra0,NUBANK INVESTIMENTOS CRIPTOMOEDA VALE A PENA? NUBANK BITCOIN,13,como investir no nubank,336,1033
HJRqnCA4ra0,NUBANK INVESTIMENTOS CRIPTOMOEDA VALE A PENA? NUBANK BITCOIN,14,bitcoin,316,980
HJRqnCA4ra0,NUBANK INVESTIMENTOS CRIPTOMOEDA VALE A PENA? NUBANK BITCOIN,15,investir em criptomoedas nubank,286,1124
HJRqnCA4ra0,NUBANK INVESTIMENTOS CRIPTOMOEDA VALE A PENA? NUBANK BITCOIN,16,nubank investimento,239,716
HJRqnCA4ra0,NUBANK INVESTIMENTOS CRIPTOMOEDA VALE A PENA? NUBANK BITCOIN,17,bitcoin como funciona,228,751
HJRqnCA4ra0,NUBANK INVESTIMENTOS CRIPTOMOEDA VALE A PENA? NUBANK BITCOIN,18,criptomoedas nubank vale a pena,208,912
HJRqnCA4ra0,NUBANK INVESTIMENTOS CRIPTOMOEDA VALE A PENA? NUBANK BITCOIN,19,investir em criptomoedas,204,753
HJRqnCA4ra0,NUBANK INVESTIMENTOS CRIPTOMOEDA VALE A PENA? NUBANK BITCOIN,20,investir no nubank,188,558
HJRqnCA4ra0,NUBANK INVESTIMENTOS CRIPTOMOEDA VALE A PENA? NUBANK BITCOIN,21,como comprar bitcoin,183,533
HJRqnCA4ra0,NUBANK INVESTIMENTOS CRIPTOMOEDA VALE A PENA? NUBANK BITCOIN,22,como funciona o bitcoin no nubank,181,721
HJRqnCA4ra0,NUBANK INVESTIMENTOS CRIPTOMOEDA VALE A PENA? NUBANK BITCOIN,23,nubank cripto,179,715
HJRqnCA4ra0,NUBANK INVESTIMENTOS CRIPTOMOEDA VALE A PENA? NUBANK BITCOIN,24,comprar bitcoin nubank,169,620
HJRqnCA4ra0,NUBANK INVESTIMENTOS CRIPTOMOEDA VALE A PENA? NUBANK BITCOIN,25,como investir em criptomoedas no nubank,166,587
_I5dFQ6mvK0,"NUBANK: NÃO ACEITE SEU PEDACINHO DA NUBANK e NUBANK SOCIOS, ANTES DE VER ESSE VIDEO! IPO NUBANK BDRS",1,pedacinho nubank,11224,49824
_I5dFQ6mvK0,"NUBANK: NÃO ACEITE SEU PEDACINHO DA NUBANK e NUBANK SOCIOS, ANTES DE VER ESSE VIDEO! IPO NUBANK BDRS",2,nubank,3700,15137
_I5dFQ6mvK0,"NUBANK: NÃO ACEITE SEU PEDACINHO DA NUBANK e NUBANK SOCIOS, ANTES DE VER ESSE VIDEO! IPO NUBANK BDRS",3,ipo nubank,3038,14798
_I5dFQ6mvK0,"NUBANK: NÃO ACEITE SEU PEDACINHO DA NUBANK e NUBANK SOCIOS, ANTES DE VER ESSE VIDEO! IPO NUBANK BDRS",4,bdr nubank,1837,9482
_I5dFQ6mvK0,"NUBANK: NÃO ACEITE SEU PEDACINHO DA NUBANK e NUBANK SOCIOS, ANTES DE VER ESSE VIDEO! IPO NUBANK BDRS",5,nubank pedacinho,1275,6020
_I5dFQ6mvK0,"NUBANK: NÃO ACEITE SEU PEDACINHO DA NUBANK e NUBANK SOCIOS, ANTES DE VER ESSE VIDEO! IPO NUBANK BDRS",6,nubank socio,776,4216
_I5dFQ6mvK0,"NUBANK: NÃO ACEITE SEU PEDACINHO DA NUBANK e NUBANK SOCIOS, ANTES DE VER ESSE VIDEO! IPO NUBANK BDRS",7,ipo nubank vale a pena,709,3702
_I5dFQ6mvK0,"NUBANK: NÃO ACEITE SEU PEDACINHO DA NUBANK e NUBANK SOCIOS, ANTES DE VER ESSE VIDEO! IPO NUBANK BDRS",8,nubank investimento,651,2767
_I5dFQ6mvK0,"NUBANK: NÃO ACEITE SEU PEDACINHO DA NUBANK e NUBANK SOCIOS, ANTES DE VER ESSE VIDEO! IPO NUBANK BDRS",9,meu pedacinho nubank,599,2352
_I5dFQ6mvK0,"NUBANK: NÃO ACEITE SEU PEDACINHO DA NUBANK e NUBANK SOCIOS, ANTES DE VER ESSE VIDEO! IPO NUBANK BDRS",10,investimento nubank,492,1815
_I5dFQ6mvK0,"NUBANK: NÃO ACEITE SEU PEDACINHO DA NUBANK e NUBANK SOCIOS, ANTES DE VER ESSE VIDEO! IPO NUBANK BDRS",11,pedacinho do nubank,467,2263
_I5dFQ6mvK0,"NUBANK: NÃO ACEITE SEU PEDACINHO DA NUBANK e NUBANK SOCIOS, ANTES DE VER ESSE VIDEO! IPO NUBANK BDRS",12,socio nubank,391,1867
_I5dFQ6mvK0,"NUBANK: NÃO ACEITE SEU PEDACINHO DA NUBANK e NUBANK SOCIOS, ANTES DE VER ESSE VIDEO! IPO NUBANK BDRS",13,bdr nubank vale a pena,378,2008
_I5dFQ6mvK0,"NUBANK: NÃO ACEITE SEU PEDACINHO DA NUBANK e NUBANK SOCIOS, ANTES DE VER ESSE VIDEO! IPO NUBANK BDRS",14,nubank ipo,375,1741
_I5dFQ6mvK0,"NUBANK: NÃO ACEITE SEU PEDACINHO DA NUBANK e NUBANK SOCIOS, ANTES DE VER ESSE VIDEO! IPO NUBANK BDRS",15,pedacinho da nubank,345,1495
_I5dFQ6mvK0,"NUBANK: NÃO ACEITE SEU PEDACINHO DA NUBANK e NUBANK SOCIOS, ANTES DE VER ESSE VIDEO! IPO NUBANK BDRS",16,nu bank,278,1298
_I5dFQ6mvK0,"NUBANK: NÃO ACEITE SEU PEDACINHO DA NUBANK e NUBANK SOCIOS, ANTES DE VER ESSE VIDEO! IPO NUBANK BDRS",17,bdrs nubank,224,1000
_I5dFQ6mvK0,"NUBANK: NÃO ACEITE SEU PEDACINHO DA NUBANK e NUBANK SOCIOS, ANTES DE VER ESSE VIDEO! IPO NUBANK BDRS",18,pedacinho nubank vale a pena,203,1066
_I5dFQ6mvK0,"NUBANK: NÃO ACEITE SEU PEDACINHO DA NUBANK e NUBANK SOCIOS, ANTES DE VER ESSE VIDEO! IPO NUBANK BDRS",19,ações nubank,192,996
_I5dFQ6mvK0,"NUBANK: NÃO ACEITE SEU PEDACINHO DA NUBANK e NUBANK SOCIOS, ANTES DE VER ESSE VIDEO! IPO NUBANK BDRS",20,investir no ipo do nubank,162,681
_I5dFQ6mvK0,"NUBANK: NÃO ACEITE SEU PEDACINHO DA NUBANK e NUBANK SOCIOS, ANTES DE VER ESSE VIDEO! IPO NUBANK BDRS",21,nubank bdr,162,809
_I5dFQ6mvK0,"NUBANK: NÃO ACEITE SEU PEDACINHO DA NUBANK e NUBANK SOCIOS, ANTES DE VER ESSE VIDEO! IPO NUBANK BDRS",22,nusocios,159,703
_I5dFQ6mvK0,"NUBANK: NÃO ACEITE SEU PEDACINHO DA NUBANK e NUBANK SOCIOS, ANTES DE VER ESSE VIDEO! IPO NUBANK BDRS",23,como funciona o pedacinho do nubank,141,662
_I5dFQ6mvK0,"NUBANK: NÃO ACEITE SEU PEDACINHO DA NUBANK e NUBANK SOCIOS, ANTES DE VER ESSE VIDEO! IPO NUBANK BDRS",24,nu pedacinho,125,603
_I5dFQ6mvK0,"NUBANK: NÃO ACEITE SEU PEDACINHO DA NUBANK e NUBANK SOCIOS, ANTES DE VER ESSE VIDEO! IPO NUBANK BDRS",25,vale a pena investir no ipo do nubank,122,459
ADn4VZs6M1k,BANCO NEXT VANTAGENS E DESVANTAGENS! BANCO NEXT vale a pena?,1,banco next,11552,63882
ADn4VZs6M1k,BANCO NEXT VANTAGENS E DESVANTAGENS! BANCO NEXT vale a pena?,2,next,5476,29957
ADn4VZs6M1k,BANCO NEXT VANTAGENS E DESVANTAGENS! BANCO NEXT vale a pena?,3,banco next vale a pena,2894,17039
ADn4VZs6M1k,BANCO NEXT VANTAGENS E DESVANTAGENS! BANCO NEXT vale a pena?,4,next banco,2011,10781
ADn4VZs6M1k,BANCO NEXT VANTAGENS E DESVANTAGENS! BANCO NEXT vale a pena?,5,conta next,1275,7710
ADn4VZs6M1k,BANCO NEXT VANTAGENS E DESVANTAGENS! BANCO NEXT vale a pena?,6,cartao next,822,4274
ADn4VZs6M1k,BANCO NEXT VANTAGENS E DESVANTAGENS! BANCO NEXT vale a pena?,7,next vale a pena,681,3892
ADn4VZs6M1k,BANCO NEXT VANTAGENS E DESVANTAGENS! BANCO NEXT vale a pena?,8,cartão next,601,3161
ADn4VZs6M1k,BANCO NEXT VANTAGENS E DESVANTAGENS! BANCO NEXT vale a pena?,9,cartão de crédito next,211,1052
ADn4VZs6M1k,BANCO NEXT VANTAGENS E DESVANTAGENS! BANCO NEXT vale a pena?,10,como funciona o next,167,948
ADn4VZs6M1k,BANCO NEXT VANTAGENS E DESVANTAGENS! BANCO NEXT vale a pena?,11,next cartão de credito,154,761
ADn4VZs6M1k,BANCO NEXT VANTAGENS E DESVANTAGENS! BANCO NEXT vale a pena?,12,conta next vale a pena,135,859
ADn4VZs6M1k,BANCO NEXT VANTAGENS E DESVANTAGENS! BANCO NEXT vale a pena?,13,next como funciona,117,721
ADn4VZs6M1k,BANCO NEXT VANTAGENS E DESVANTAGENS! BANCO NEXT vale a pena?,14,conta digital next,106,587
ADn4VZs6M1k,BANCO NEXT VANTAGENS E DESVANTAGENS! BANCO NEXT vale a pena?,15,next conta digital,105,570
ADn4VZs6M1k,BANCO NEXT VANTAGENS E DESVANTAGENS! BANCO NEXT vale a pena?,16,banco next cartao de credito,85,465
ADn4VZs6M1k,BANCO NEXT VANTAGENS E DESVANTAGENS! BANCO NEXT vale a pena?,17,next é bom,77,425
ADn4VZs6M1k,BANCO NEXT VANTAGENS E DESVANTAGENS! BANCO NEXT vale a pena?,18,banco digital next,75,395
ADn4VZs6M1k,BANCO NEXT VANTAGENS E DESVANTAGENS! BANCO NEXT vale a pena?,19,cartao next credito,73,329
ADn4VZs6M1k,BANCO NEXT VANTAGENS E DESVANTAGENS! BANCO NEXT vale a pena?,20,tudo sobre o next,69,397
ADn4VZs6M1k,BANCO NEXT VANTAGENS E DESVANTAGENS! BANCO NEXT vale a pena?,21,tudo sobre o banco next,62,399
ADn4VZs6M1k,BANCO NEXT VANTAGENS E DESVANTAGENS! BANCO NEXT vale a pena?,22,como funciona o banco next,59,301
ADn4VZs6M1k,BANCO NEXT VANTAGENS E DESVANTAGENS! BANCO NEXT vale a pena?,23,como funciona o cartão next,59,332
ADn4VZs6M1k,BANCO NEXT VANTAGENS E DESVANTAGENS! BANCO NEXT vale a pena?,24,poupança next,56,242
ADn4VZs6M1k,BANCO NEXT VANTAGENS E DESVANTAGENS! BANCO NEXT vale a pena?,25,next banco é bom,49,273
tbKsF2qyakU,Quanto tempo demora para juntar 1 milhão de reais?,1,como juntar 1 milhão de reais,1069,459
tbKsF2qyakU,Quanto tempo demora para juntar 1 milhão de reais?,2,como fazer 1 milhão de reais,749,262
tbKsF2qyakU,Quanto tempo demora para juntar 1 milhão de reais?,3,investindo 1000 reais por mes quando chego a 1 milhao,192,79
tbKsF2qyakU,Quanto tempo demora para juntar 1 milhão de reais?,4,1 milhão,183,68
tbKsF2qyakU,Quanto tempo demora para juntar 1 milhão de reais?,5,como juntar um milhão de reais,119,47
tbKsF2qyakU,Quanto tempo demora para juntar 1 milhão de reais?,6,como fazer um milhão de reais,108,41
tbKsF2qyakU,Quanto tempo demora para juntar 1 milhão de reais?,7,o que fazer com 1 milhao de reais,104,37
tbKsF2qyakU,Quanto tempo demora para juntar 1 milhão de reais?,8,um milhão de reais,104,27
tbKsF2qyakU,Quanto tempo demora para juntar 1 milhão de reais?,9,primeiro milhao,91,37
tbKsF2qyakU,Quanto tempo demora para juntar 1 milhão de reais?,10,primeiro milhão,90,33
tbKsF2qyakU,Quanto tempo demora para juntar 1 milhão de reais?,11,1 milhao em 10 anos,82,30
tbKsF2qyakU,Quanto tempo demora para juntar 1 milhão de reais?,12,meu primeiro milhão,79,42
tbKsF2qyakU,Quanto tempo demora para juntar 1 milhão de reais?,13,onde investir 1 milhao de reais,74,26
tbKsF2qyakU,Quanto tempo demora para juntar 1 milhão de reais?,14,1 milhão em 5 anos,73,30
tbKsF2qyakU,Quanto tempo demora para juntar 1 milhão de reais?,15,como juntar 20 mil em 1 ano,72,26
tbKsF2qyakU,Quanto tempo demora para juntar 1 milhão de reais?,16,como fazer 1 milhão em 1 ano,62,22
tbKsF2qyakU,Quanto tempo demora para juntar 1 milhão de reais?,17,como juntar 100 mil reais em 1 ano,61,22
tbKsF2qyakU,Quanto tempo demora para juntar 1 milhão de reais?,18,como chegar a 1 milhao,60,24
tbKsF2qyakU,Quanto tempo demora para juntar 1 milhão de reais?,19,como chegar no primeiro milhão,60,31
tbKsF2qyakU,Quanto tempo demora para juntar 1 milhão de reais?,20,como fazer 1 milhao em 6 meses,59,21
tbKsF2qyakU,Quanto tempo demora para juntar 1 milhão de reais?,21,como juntar 1 milhão de reais em 5 anos,58,24
tbKsF2qyakU,Quanto tempo demora para juntar 1 milhão de reais?,22,como investir 1 milhão de reais,53,19
tbKsF2qyakU,Quanto tempo demora para juntar 1 milhão de reais?,23,como juntar 100 mil reais,52,17
tbKsF2qyakU,Quanto tempo demora para juntar 1 milhão de reais?,24,como fazer o primeiro milhao,50,18
tbKsF2qyakU,Quanto tempo demora para juntar 1 milhão de reais?,25,investir 1000 reais por mes,47,24
CaOGCAsOLvE,BANCO ORIGINAL CARTÃO DE CRÉDITO. BANCO ORIGINAL É BOM? BANCO ORIGINAL TEM ANUIDADE?,1,banco original,22272,90931
CaOGCAsOLvE,BANCO ORIGINAL CARTÃO DE CRÉDITO. BANCO ORIGINAL É BOM? BANCO ORIGINAL TEM ANUIDADE?,2,banco original como funciona,2854,12142
CaOGCAsOLvE,BANCO ORIGINAL CARTÃO DE CRÉDITO. BANCO ORIGINAL É BOM? BANCO ORIGINAL TEM ANUIDADE?,3,banco original cartao de credito,992,3591
CaOGCAsOLvE,BANCO ORIGINAL CARTÃO DE CRÉDITO. BANCO ORIGINAL É BOM? BANCO ORIGINAL TEM ANUIDADE?,4,banco original é bom,841,3780
CaOGCAsOLvE,BANCO ORIGINAL CARTÃO DE CRÉDITO. BANCO ORIGINAL É BOM? BANCO ORIGINAL TEM ANUIDADE?,5,como funciona o banco original,468,2164
CaOGCAsOLvE,BANCO ORIGINAL CARTÃO DE CRÉDITO. BANCO ORIGINAL É BOM? BANCO ORIGINAL TEM ANUIDADE?,6,cartão original,461,1704
CaOGCAsOLvE,BANCO ORIGINAL CARTÃO DE CRÉDITO. BANCO ORIGINAL É BOM? BANCO ORIGINAL TEM ANUIDADE?,7,cartão de crédito banco original,368,1102
CaOGCAsOLvE,BANCO ORIGINAL CARTÃO DE CRÉDITO. BANCO ORIGINAL É BOM? BANCO ORIGINAL TEM ANUIDADE?,8,original banco,343,1369
CaOGCAsOLvE,BANCO ORIGINAL CARTÃO DE CRÉDITO. BANCO ORIGINAL É BOM? BANCO ORIGINAL TEM ANUIDADE?,9,cartao original credito,289,980
CaOGCAsOLvE,BANCO ORIGINAL CARTÃO DE CRÉDITO. BANCO ORIGINAL É BOM? BANCO ORIGINAL TEM ANUIDADE?,10,cartão de crédito original,280,912
CaOGCAsOLvE,BANCO ORIGINAL CARTÃO DE CRÉDITO. BANCO ORIGINAL É BOM? BANCO ORIGINAL TEM ANUIDADE?,11,cartão banco original,251,803
CaOGCAsOLvE,BANCO ORIGINAL CARTÃO DE CRÉDITO. BANCO ORIGINAL É BOM? BANCO ORIGINAL TEM ANUIDADE?,12,cartao banco original é bom,177,599
CaOGCAsOLvE,BANCO ORIGINAL CARTÃO DE CRÉDITO. BANCO ORIGINAL É BOM? BANCO ORIGINAL TEM ANUIDADE?,13,conta original,161,649
CaOGCAsOLvE,BANCO ORIGINAL CARTÃO DE CRÉDITO. BANCO ORIGINAL É BOM? BANCO ORIGINAL TEM ANUIDADE?,14,seja original,151,466
CaOGCAsOLvE,BANCO ORIGINAL CARTÃO DE CRÉDITO. BANCO ORIGINAL É BOM? BANCO ORIGINAL TEM ANUIDADE?,15,original,136,494
CaOGCAsOLvE,BANCO ORIGINAL CARTÃO DE CRÉDITO. BANCO ORIGINAL É BOM? BANCO ORIGINAL TEM ANUIDADE?,16,banco original vale a pena,129,680
CaOGCAsOLvE,BANCO ORIGINAL CARTÃO DE CRÉDITO. BANCO ORIGINAL É BOM? BANCO ORIGINAL TEM ANUIDADE?,17,cartao original,106,428
CaOGCAsOLvE,BANCO ORIGINAL CARTÃO DE CRÉDITO. BANCO ORIGINAL É BOM? BANCO ORIGINAL TEM ANUIDADE?,18,seja original abra sua conta,86,208
CaOGCAsOLvE,BANCO ORIGINAL CARTÃO DE CRÉDITO. BANCO ORIGINAL É BOM? BANCO ORIGINAL TEM ANUIDADE?,19,banco original negativado,71,285
CaOGCAsOLvE,BANCO ORIGINAL CARTÃO DE CRÉDITO. BANCO ORIGINAL É BOM? BANCO ORIGINAL TEM ANUIDADE?,20,tudo sobre o banco original,63,319
CaOGCAsOLvE,BANCO ORIGINAL CARTÃO DE CRÉDITO. BANCO ORIGINAL É BOM? BANCO ORIGINAL TEM ANUIDADE?,21,conta banco original,46,156
CaOGCAsOLvE,BANCO ORIGINAL CARTÃO DE CRÉDITO. BANCO ORIGINAL É BOM? BANCO ORIGINAL TEM ANUIDADE?,22,cartao de credito original vale a pena,43,141
CaOGCAsOLvE,BANCO ORIGINAL CARTÃO DE CRÉDITO. BANCO ORIGINAL É BOM? BANCO ORIGINAL TEM ANUIDADE?,23,cartão original vale a pena,42,173
CaOGCAsOLvE,BANCO ORIGINAL CARTÃO DE CRÉDITO. BANCO ORIGINAL É BOM? BANCO ORIGINAL TEM ANUIDADE?,24,banco original e bom e confiavel,41,197
CaOGCAsOLvE,BANCO ORIGINAL CARTÃO DE CRÉDITO. BANCO ORIGINAL É BOM? BANCO ORIGINAL TEM ANUIDADE?,25,banco original 2019,32,174
4zHZprjxLu4,QUANTO RENDEU 1 REAL em BITCOIN NO MERCADO PAGO?,1,criptomoedas mercado pago,1935,6952
4zHZprjxLu4,QUANTO RENDEU 1 REAL em BITCOIN NO MERCADO PAGO?,2,bitcoin mercado pago,1648,5895
4zHZprjxLu4,QUANTO RENDEU 1 REAL em BITCOIN NO MERCADO PAGO?,3,mercado coin,727,2226
4zHZprjxLu4,QUANTO RENDEU 1 REAL em BITCOIN NO MERCADO PAGO?,4,bitcoin no mercado pago,226,769
4zHZprjxLu4,QUANTO RENDEU 1 REAL em BITCOIN NO MERCADO PAGO?,5,mercado pago bitcoin,197,644
4zHZprjxLu4,QUANTO RENDEU 1 REAL em BITCOIN NO MERCADO PAGO?,6,mercado pago criptomoedas,157,567
4zHZprjxLu4,QUANTO RENDEU 1 REAL em BITCOIN NO MERCADO PAGO?,7,dolar cripto mercado pago,152,493
4zHZprjxLu4,QUANTO RENDEU 1 REAL em BITCOIN NO MERCADO PAGO?,8,mercado bitcoin,123,332
4zHZprjxLu4,QUANTO RENDEU 1 REAL em BITCOIN NO MERCADO PAGO?,9,comprar bitcoin mercado pago,115,333
4zHZprjxLu4,QUANTO RENDEU 1 REAL em BITCOIN NO MERCADO PAGO?,10,meli dolar,108,345
4zHZprjxLu4,QUANTO RENDEU 1 REAL em BITCOIN NO MERCADO PAGO?,11,como investir no mercado pago,102,300
4zHZprjxLu4,QUANTO RENDEU 1 REAL em BITCOIN NO MERCADO PAGO?,12,cripto mercado pago,87,295
4zHZprjxLu4,QUANTO RENDEU 1 REAL em BITCOIN NO MERCADO PAGO?,13,como funciona o bitcoin no mercado pago,70,250
4zHZprjxLu4,QUANTO RENDEU 1 REAL em BITCOIN NO MERCADO PAGO?,14,como ganhar dinheiro no mercadopago,69,160
4zHZprjxLu4,QUANTO RENDEU 1 REAL em BITCOIN NO MERCADO PAGO?,15,como investir em bitcoins,68,211
4zHZprjxLu4,QUANTO RENDEU 1 REAL em BITCOIN NO MERCADO PAGO?,16,meli dolar mercado pago,68,174
4zHZprjxLu4,QUANTO RENDEU 1 REAL em BITCOIN NO MERCADO PAGO?,17,como funciona bitcoin mercado pago,67,286
4zHZprjxLu4,QUANTO RENDEU 1 REAL em BITCOIN NO MERCADO PAGO?,18,mercado coin mercado livre,65,193
4zHZprjxLu4,QUANTO RENDEU 1 REAL em BITCOIN NO MERCADO PAGO?,19,criptomoeda mercado pago,57,187
4zHZprjxLu4,QUANTO RENDEU 1 REAL em BITCOIN NO MERCADO PAGO?,20,criptomoedas no mercado pago,57,204
4zHZprjxLu4,QUANTO RENDEU 1 REAL em BITCOIN NO MERCADO PAGO?,21,como ganhar dinheiro no mercado pago,54,112
4zHZprjxLu4,QUANTO RENDEU 1 REAL em BITCOIN NO MERCADO PAGO?,22,investimento mercado pago,54,185
4zHZprjxLu4,QUANTO RENDEU 1 REAL em BITCOIN NO MERCADO PAGO?,23,meli dolar criptomonedas,54,222
4zHZprjxLu4,QUANTO RENDEU 1 REAL em BITCOIN NO MERCADO PAGO?,24,como ganhar dinheiro com bitcoin,50,167
4zHZprjxLu4,QUANTO RENDEU 1 REAL em BITCOIN NO MERCADO PAGO?,25,investir no mercado pago,48,121
XBJqP2JTkkQ,BARSI ABRIU SUA CARTEIRA DE AÇÕES NA BOLSA DE VALORES #investimentos,1,barsi investidor,1811,743
XBJqP2JTkkQ,BARSI ABRIU SUA CARTEIRA DE AÇÕES NA BOLSA DE VALORES #investimentos,2,barsi,1499,397
XBJqP2JTkkQ,BARSI ABRIU SUA CARTEIRA DE AÇÕES NA BOLSA DE VALORES #investimentos,3,luiz barsi,496,184
XBJqP2JTkkQ,BARSI ABRIU SUA CARTEIRA DE AÇÕES NA BOLSA DE VALORES #investimentos,4,carteira do barsi,488,197
XBJqP2JTkkQ,BARSI ABRIU SUA CARTEIRA DE AÇÕES NA BOLSA DE VALORES #investimentos,5,carteira de ações,463,153
XBJqP2JTkkQ,BARSI ABRIU SUA CARTEIRA DE AÇÕES NA BOLSA DE VALORES #investimentos,6,carteira de investimento,441,166
XBJqP2JTkkQ,BARSI ABRIU SUA CARTEIRA DE AÇÕES NA BOLSA DE VALORES #investimentos,7,bolsa de valores,302,84
XBJqP2JTkkQ,BARSI ABRIU SUA CARTEIRA DE AÇÕES NA BOLSA DE VALORES #investimentos,8,carteira barsi,184,75
XBJqP2JTkkQ,BARSI ABRIU SUA CARTEIRA DE AÇÕES NA BOLSA DE VALORES #investimentos,9,metodo barsi,147,61
XBJqP2JTkkQ,BARSI ABRIU SUA CARTEIRA DE AÇÕES NA BOLSA DE VALORES #investimentos,10,ações do barsi,145,67
XBJqP2JTkkQ,BARSI ABRIU SUA CARTEIRA DE AÇÕES NA BOLSA DE VALORES #investimentos,11,barsi ações,113,45
XBJqP2JTkkQ,BARSI ABRIU SUA CARTEIRA DE AÇÕES NA BOLSA DE VALORES #investimentos,12,metodo barsi de investir,89,37
XBJqP2JTkkQ,BARSI ABRIU SUA CARTEIRA DE AÇÕES NA BOLSA DE VALORES #investimentos,13,ações barsi,88,39
XBJqP2JTkkQ,BARSI ABRIU SUA CARTEIRA DE AÇÕES NA BOLSA DE VALORES #investimentos,14,luiz barsi dividendos,85,19
XBJqP2JTkkQ,BARSI ABRIU SUA CARTEIRA DE AÇÕES NA BOLSA DE VALORES #investimentos,15,assalariado investidor,63,12
XBJqP2JTkkQ,BARSI ABRIU SUA CARTEIRA DE AÇÕES NA BOLSA DE VALORES #investimentos,16,carteira luiz barsi,61,22
XBJqP2JTkkQ,BARSI ABRIU SUA CARTEIRA DE AÇÕES NA BOLSA DE VALORES #investimentos,17,luiz barsi filho,48,9
XBJqP2JTkkQ,BARSI ABRIU SUA CARTEIRA DE AÇÕES NA BOLSA DE VALORES #investimentos,18,acoes,46,18
XBJqP2JTkkQ,BARSI ABRIU SUA CARTEIRA DE AÇÕES NA BOLSA DE VALORES #investimentos,19,carteira de investimentos,42,13
XBJqP2JTkkQ,BARSI ABRIU SUA CARTEIRA DE AÇÕES NA BOLSA DE VALORES #investimentos,20,louise barsi,40,7
XBJqP2JTkkQ,BARSI ABRIU SUA CARTEIRA DE AÇÕES NA BOLSA DE VALORES #investimentos,21,paranapanema ações,36,21
XBJqP2JTkkQ,BARSI ABRIU SUA CARTEIRA DE AÇÕES NA BOLSA DE VALORES #investimentos,22,ações,34,12
XBJqP2JTkkQ,BARSI ABRIU SUA CARTEIRA DE AÇÕES NA BOLSA DE VALORES #investimentos,23,qual corretora luiz barsi usa,31,10
XBJqP2JTkkQ,BARSI ABRIU SUA CARTEIRA DE AÇÕES NA BOLSA DE VALORES #investimentos,24,acoes barsi,29,13
XBJqP2JTkkQ,BARSI ABRIU SUA CARTEIRA DE AÇÕES NA BOLSA DE VALORES #investimentos,25,luis barsi,26,15
uUY9Jh_qnII,COMO INVESTIR NO BANCO NEXT?BANCO NEXT VALE A PENA? BANCO NEXT É BOM?,1,investimento next,2042,11361
uUY9Jh_qnII,COMO INVESTIR NO BANCO NEXT?BANCO NEXT VALE A PENA? BANCO NEXT É BOM?,2,next investimento,1216,6814
uUY9Jh_qnII,COMO INVESTIR NO BANCO NEXT?BANCO NEXT VALE A PENA? BANCO NEXT É BOM?,3,banco next,855,4224
uUY9Jh_qnII,COMO INVESTIR NO BANCO NEXT?BANCO NEXT VALE A PENA? BANCO NEXT É BOM?,4,como investir no next,518,2896
uUY9Jh_qnII,COMO INVESTIR NO BANCO NEXT?BANCO NEXT VALE A PENA? BANCO NEXT É BOM?,5,banco next investimento,453,2480
uUY9Jh_qnII,COMO INVESTIR NO BANCO NEXT?BANCO NEXT VALE A PENA? BANCO NEXT É BOM?,6,next cdb,427,2224
uUY9Jh_qnII,COMO INVESTIR NO BANCO NEXT?BANCO NEXT VALE A PENA? BANCO NEXT É BOM?,7,next,307,1292
uUY9Jh_qnII,COMO INVESTIR NO BANCO NEXT?BANCO NEXT VALE A PENA? BANCO NEXT É BOM?,8,poupança next,291,1263
uUY9Jh_qnII,COMO INVESTIR NO BANCO NEXT?BANCO NEXT VALE A PENA? BANCO NEXT É BOM?,9,investir no next,278,1413
uUY9Jh_qnII,COMO INVESTIR NO BANCO NEXT?BANCO NEXT VALE A PENA? BANCO NEXT É BOM?,10,investimentos next,233,1266
uUY9Jh_qnII,COMO INVESTIR NO BANCO NEXT?BANCO NEXT VALE A PENA? BANCO NEXT É BOM?,11,investimento no next,214,1184
uUY9Jh_qnII,COMO INVESTIR NO BANCO NEXT?BANCO NEXT VALE A PENA? BANCO NEXT É BOM?,12,banco next vale a pena,168,750
uUY9Jh_qnII,COMO INVESTIR NO BANCO NEXT?BANCO NEXT VALE A PENA? BANCO NEXT É BOM?,13,cdb next,106,591
uUY9Jh_qnII,COMO INVESTIR NO BANCO NEXT?BANCO NEXT VALE A PENA? BANCO NEXT É BOM?,14,next ibov,105,496
uUY9Jh_qnII,COMO INVESTIR NO BANCO NEXT?BANCO NEXT VALE A PENA? BANCO NEXT É BOM?,15,next banco,102,599
uUY9Jh_qnII,COMO INVESTIR NO BANCO NEXT?BANCO NEXT VALE A PENA? BANCO NEXT É BOM?,16,next poupança,83,333
uUY9Jh_qnII,COMO INVESTIR NO BANCO NEXT?BANCO NEXT VALE A PENA? BANCO NEXT É BOM?,17,next cdb como funciona,73,338
uUY9Jh_qnII,COMO INVESTIR NO BANCO NEXT?BANCO NEXT VALE A PENA? BANCO NEXT É BOM?,18,conta next,62,338
uUY9Jh_qnII,COMO INVESTIR NO BANCO NEXT?BANCO NEXT VALE A PENA? BANCO NEXT É BOM?,19,investimento banco next,50,286
uUY9Jh_qnII,COMO INVESTIR NO BANCO NEXT?BANCO NEXT VALE A PENA? BANCO NEXT É BOM?,20,next alocação arrojada,50,252
uUY9Jh_qnII,COMO INVESTIR NO BANCO NEXT?BANCO NEXT VALE A PENA? BANCO NEXT É BOM?,21,investimento,45,128
uUY9Jh_qnII,COMO INVESTIR NO BANCO NEXT?BANCO NEXT VALE A PENA? BANCO NEXT É BOM?,22,como funciona o next,43,184
uUY9Jh_qnII,COMO INVESTIR NO BANCO NEXT?BANCO NEXT VALE A PENA? BANCO NEXT É BOM?,23,investimento next vale a pena,37,193
uUY9Jh_qnII,COMO INVESTIR NO BANCO NEXT?BANCO NEXT VALE A PENA? BANCO NEXT É BOM?,24,como depositar dinheiro no next,24,82
uUY9Jh_qnII,COMO INVESTIR NO BANCO NEXT?BANCO NEXT VALE A PENA? BANCO NEXT É BOM?,25,next como funciona,22,132
wYb9_xSNFV8,QUANTO TEMPO para JUNTAR 1 MILHÃO de REAIS? #investimentos,1,como juntar 1 milhão de reais,734,288
wYb9_xSNFV8,QUANTO TEMPO para JUNTAR 1 MILHÃO de REAIS? #investimentos,2,como fazer 1 milhão de reais,186,49
wYb9_xSNFV8,QUANTO TEMPO para JUNTAR 1 MILHÃO de REAIS? #investimentos,3,1 milhão,115,32
wYb9_xSNFV8,QUANTO TEMPO para JUNTAR 1 MILHÃO de REAIS? #investimentos,4,como chegar no primeiro milhão,73,21
wYb9_xSNFV8,QUANTO TEMPO para JUNTAR 1 MILHÃO de REAIS? #investimentos,5,primeiro milhão,69,16
wYb9_xSNFV8,QUANTO TEMPO para JUNTAR 1 MILHÃO de REAIS? #investimentos,6,como juntar um milhão de reais,63,23
wYb9_xSNFV8,QUANTO TEMPO para JUNTAR 1 MILHÃO de REAIS? #investimentos,7,primeiro milhao,63,14
wYb9_xSNFV8,QUANTO TEMPO para JUNTAR 1 MILHÃO de REAIS? #investimentos,8,um milhão de reais,56,11
wYb9_xSNFV8,QUANTO TEMPO para JUNTAR 1 MILHÃO de REAIS? #investimentos,9,como chegar a 1 milhao,50,11
wYb9_xSNFV8,QUANTO TEMPO para JUNTAR 1 MILHÃO de REAIS? #investimentos,10,1 milhao,43,11
wYb9_xSNFV8,QUANTO TEMPO para JUNTAR 1 MILHÃO de REAIS? #investimentos,11,um milhão,39,4
wYb9_xSNFV8,QUANTO TEMPO para JUNTAR 1 MILHÃO de REAIS? #investimentos,12,como investir 1 milhão de reais,37,9
wYb9_xSNFV8,QUANTO TEMPO para JUNTAR 1 MILHÃO de REAIS? #investimentos,13,meu primeiro milhão,29,7
wYb9_xSNFV8,QUANTO TEMPO para JUNTAR 1 MILHÃO de REAIS? #investimentos,14,como juntar 1 milhão de reais em 5 anos,28,6
wYb9_xSNFV8,QUANTO TEMPO para JUNTAR 1 MILHÃO de REAIS? #investimentos,15,milhão,26,2
wYb9_xSNFV8,QUANTO TEMPO para JUNTAR 1 MILHÃO de REAIS? #investimentos,16,1 milhão de reais,16,2
wYb9_xSNFV8,QUANTO TEMPO para JUNTAR 1 MILHÃO de REAIS? #investimentos,17,como fazer um milhão de reais,16,5
wYb9_xSNFV8,QUANTO TEMPO para JUNTAR 1 MILHÃO de REAIS? #investimentos,18,1milhăo,14,3
wYb9_xSNFV8,QUANTO TEMPO para JUNTAR 1 MILHÃO de REAIS? #investimentos,19,como chegar a 1 milhao em 5 anos,14,4
wYb9_xSNFV8,QUANTO TEMPO para JUNTAR 1 MILHÃO de REAIS? #investimentos,20,investindo 1000 reais por mes quando chego a 1 milhao,13,3
wYb9_xSNFV8,QUANTO TEMPO para JUNTAR 1 MILHÃO de REAIS? #investimentos,21,quanto tempo,12,2
wYb9_xSNFV8,QUANTO TEMPO para JUNTAR 1 MILHÃO de REAIS? #investimentos,22,quanto tempo para juntar 1 milhao,12,3
wYb9_xSNFV8,QUANTO TEMPO para JUNTAR 1 MILHÃO de REAIS? #investimentos,23,onde investir 1 milhao de reais,11,4
wYb9_xSNFV8,QUANTO TEMPO para JUNTAR 1 MILHÃO de REAIS? #investimentos,24,1 milhao em 10 anos,10,3
wYb9_xSNFV8,QUANTO TEMPO para JUNTAR 1 MILHÃO de REAIS? #investimentos,25,como chegar ao primeiro milhão,10,2
aYQbBXHy0Y0,GUIA BÁSICO DE OPÇÕES! OPÇÕES DE AÇÕES - ENTENDA DE UMA VEZ POR TODAS! MERCADO DE OPÇÕES B3,1,opcoes acoes,4906,32915
aYQbBXHy0Y0,GUIA BÁSICO DE OPÇÕES! OPÇÕES DE AÇÕES - ENTENDA DE UMA VEZ POR TODAS! MERCADO DE OPÇÕES B3,2,mercado de opções,2559,15882
aYQbBXHy0Y0,GUIA BÁSICO DE OPÇÕES! OPÇÕES DE AÇÕES - ENTENDA DE UMA VEZ POR TODAS! MERCADO DE OPÇÕES B3,3,opções de ações,1685,10406
aYQbBXHy0Y0,GUIA BÁSICO DE OPÇÕES! OPÇÕES DE AÇÕES - ENTENDA DE UMA VEZ POR TODAS! MERCADO DE OPÇÕES B3,4,opções,961,5871
aYQbBXHy0Y0,GUIA BÁSICO DE OPÇÕES! OPÇÕES DE AÇÕES - ENTENDA DE UMA VEZ POR TODAS! MERCADO DE OPÇÕES B3,5,como operar opções,684,4297
aYQbBXHy0Y0,GUIA BÁSICO DE OPÇÕES! OPÇÕES DE AÇÕES - ENTENDA DE UMA VEZ POR TODAS! MERCADO DE OPÇÕES B3,6,mercado de opções na pratica,497,3133
aYQbBXHy0Y0,GUIA BÁSICO DE OPÇÕES! OPÇÕES DE AÇÕES - ENTENDA DE UMA VEZ POR TODAS! MERCADO DE OPÇÕES B3,7,como operar opções na bolsa,466,2926
aYQbBXHy0Y0,GUIA BÁSICO DE OPÇÕES! OPÇÕES DE AÇÕES - ENTENDA DE UMA VEZ POR TODAS! MERCADO DE OPÇÕES B3,8,operando opções na pratica,463,2437
aYQbBXHy0Y0,GUIA BÁSICO DE OPÇÕES! OPÇÕES DE AÇÕES - ENTENDA DE UMA VEZ POR TODAS! MERCADO DE OPÇÕES B3,9,operando opções,428,2230
aYQbBXHy0Y0,GUIA BÁSICO DE OPÇÕES! OPÇÕES DE AÇÕES - ENTENDA DE UMA VEZ POR TODAS! MERCADO DE OPÇÕES B3,10,opções na pratica,379,2321
aYQbBXHy0Y0,GUIA BÁSICO DE OPÇÕES! OPÇÕES DE AÇÕES - ENTENDA DE UMA VEZ POR TODAS! MERCADO DE OPÇÕES B3,11,como investir em opções,338,2115
aYQbBXHy0Y0,GUIA BÁSICO DE OPÇÕES! OPÇÕES DE AÇÕES - ENTENDA DE UMA VEZ POR TODAS! MERCADO DE OPÇÕES B3,12,opcoes acoes na pratica,263,1716
aYQbBXHy0Y0,GUIA BÁSICO DE OPÇÕES! OPÇÕES DE AÇÕES - ENTENDA DE UMA VEZ POR TODAS! MERCADO DE OPÇÕES B3,13,opcoes,239,1296
aYQbBXHy0Y0,GUIA BÁSICO DE OPÇÕES! OPÇÕES DE AÇÕES - ENTENDA DE UMA VEZ POR TODAS! MERCADO DE OPÇÕES B3,14,operar opções,238,1428
aYQbBXHy0Y0,GUIA BÁSICO DE OPÇÕES! OPÇÕES DE AÇÕES - ENTENDA DE UMA VEZ POR TODAS! MERCADO DE OPÇÕES B3,15,investir em opções,215,1434
aYQbBXHy0Y0,GUIA BÁSICO DE OPÇÕES! OPÇÕES DE AÇÕES - ENTENDA DE UMA VEZ POR TODAS! MERCADO DE OPÇÕES B3,16,operar opcoes na bolsa,194,1306
aYQbBXHy0Y0,GUIA BÁSICO DE OPÇÕES! OPÇÕES DE AÇÕES - ENTENDA DE UMA VEZ POR TODAS! MERCADO DE OPÇÕES B3,17,o que sao opcoes no mercado financeiro,153,1098
aYQbBXHy0Y0,GUIA BÁSICO DE OPÇÕES! OPÇÕES DE AÇÕES - ENTENDA DE UMA VEZ POR TODAS! MERCADO DE OPÇÕES B3,18,mercado opções,137,819
aYQbBXHy0Y0,GUIA BÁSICO DE OPÇÕES! OPÇÕES DE AÇÕES - ENTENDA DE UMA VEZ POR TODAS! MERCADO DE OPÇÕES B3,19,mercado de ações,111,383
aYQbBXHy0Y0,GUIA BÁSICO DE OPÇÕES! OPÇÕES DE AÇÕES - ENTENDA DE UMA VEZ POR TODAS! MERCADO DE OPÇÕES B3,20,opçoes,101,522
aYQbBXHy0Y0,GUIA BÁSICO DE OPÇÕES! OPÇÕES DE AÇÕES - ENTENDA DE UMA VEZ POR TODAS! MERCADO DE OPÇÕES B3,21,mercado de opcoes,97,581
aYQbBXHy0Y0,GUIA BÁSICO DE OPÇÕES! OPÇÕES DE AÇÕES - ENTENDA DE UMA VEZ POR TODAS! MERCADO DE OPÇÕES B3,22,opçoes açoes,82,512
aYQbBXHy0Y0,GUIA BÁSICO DE OPÇÕES! OPÇÕES DE AÇÕES - ENTENDA DE UMA VEZ POR TODAS! MERCADO DE OPÇÕES B3,23,opções bolsa de valores,78,501
aYQbBXHy0Y0,GUIA BÁSICO DE OPÇÕES! OPÇÕES DE AÇÕES - ENTENDA DE UMA VEZ POR TODAS! MERCADO DE OPÇÕES B3,24,investir e coçar é só começar,74,417
aYQbBXHy0Y0,GUIA BÁSICO DE OPÇÕES! OPÇÕES DE AÇÕES - ENTENDA DE UMA VEZ POR TODAS! MERCADO DE OPÇÕES B3,25,como funciona opcoes bolsa,62,414
Sxrkd7jG2gk,ORIGINAL BANCO ORIGINAL VALE A PENA? CARTÃO DE CRÉDITO BANCO ORIGINAL [ATUALIZAÇÃO],1,banco original,17656,78939
Sxrkd7jG2gk,ORIGINAL BANCO ORIGINAL VALE A PENA? CARTÃO DE CRÉDITO BANCO ORIGINAL [ATUALIZAÇÃO],2,banco original como funciona,1555,7488
Sxrkd7jG2gk,ORIGINAL BANCO ORIGINAL VALE A PENA? CARTÃO DE CRÉDITO BANCO ORIGINAL [ATUALIZAÇÃO],3,banco original cartao de credito,516,1998
Sxrkd7jG2gk,ORIGINAL BANCO ORIGINAL VALE A PENA? CARTÃO DE CRÉDITO BANCO ORIGINAL [ATUALIZAÇÃO],4,banco original é bom,476,2394
Sxrkd7jG2gk,ORIGINAL BANCO ORIGINAL VALE A PENA? CARTÃO DE CRÉDITO BANCO ORIGINAL [ATUALIZAÇÃO],5,banco original vale a pena,369,1829
Sxrkd7jG2gk,ORIGINAL BANCO ORIGINAL VALE A PENA? CARTÃO DE CRÉDITO BANCO ORIGINAL [ATUALIZAÇÃO],6,cartão original,276,1062
Sxrkd7jG2gk,ORIGINAL BANCO ORIGINAL VALE A PENA? CARTÃO DE CRÉDITO BANCO ORIGINAL [ATUALIZAÇÃO],7,original banco,233,969
Sxrkd7jG2gk,ORIGINAL BANCO ORIGINAL VALE A PENA? CARTÃO DE CRÉDITO BANCO ORIGINAL [ATUALIZAÇÃO],8,cartao original credito,197,755
Sxrkd7jG2gk,ORIGINAL BANCO ORIGINAL VALE A PENA? CARTÃO DE CRÉDITO BANCO ORIGINAL [ATUALIZAÇÃO],9,cartão de crédito original,176,639
Sxrkd7jG2gk,ORIGINAL BANCO ORIGINAL VALE A PENA? CARTÃO DE CRÉDITO BANCO ORIGINAL [ATUALIZAÇÃO],10,cartão de crédito banco original,153,485
Sxrkd7jG2gk,ORIGINAL BANCO ORIGINAL VALE A PENA? CARTÃO DE CRÉDITO BANCO ORIGINAL [ATUALIZAÇÃO],11,como funciona o banco original,140,662
Sxrkd7jG2gk,ORIGINAL BANCO ORIGINAL VALE A PENA? CARTÃO DE CRÉDITO BANCO ORIGINAL [ATUALIZAÇÃO],12,cartão banco original,78,337
Sxrkd7jG2gk,ORIGINAL BANCO ORIGINAL VALE A PENA? CARTÃO DE CRÉDITO BANCO ORIGINAL [ATUALIZAÇÃO],13,cartão original vale a pena,45,190
Sxrkd7jG2gk,ORIGINAL BANCO ORIGINAL VALE A PENA? CARTÃO DE CRÉDITO BANCO ORIGINAL [ATUALIZAÇÃO],14,#original,39,59
Sxrkd7jG2gk,ORIGINAL BANCO ORIGINAL VALE A PENA? CARTÃO DE CRÉDITO BANCO ORIGINAL [ATUALIZAÇÃO],15,conta original,34,214
Sxrkd7jG2gk,ORIGINAL BANCO ORIGINAL VALE A PENA? CARTÃO DE CRÉDITO BANCO ORIGINAL [ATUALIZAÇÃO],16,original,27,100
Sxrkd7jG2gk,ORIGINAL BANCO ORIGINAL VALE A PENA? CARTÃO DE CRÉDITO BANCO ORIGINAL [ATUALIZAÇÃO],17,cartao de credito original vale a pena,23,82
Sxrkd7jG2gk,ORIGINAL BANCO ORIGINAL VALE A PENA? CARTÃO DE CRÉDITO BANCO ORIGINAL [ATUALIZAÇÃO],18,cartao banco original é bom,16,57
Sxrkd7jG2gk,ORIGINAL BANCO ORIGINAL VALE A PENA? CARTÃO DE CRÉDITO BANCO ORIGINAL [ATUALIZAÇÃO],19,tudo sobre o banco original,16,92
Sxrkd7jG2gk,ORIGINAL BANCO ORIGINAL VALE A PENA? CARTÃO DE CRÉDITO BANCO ORIGINAL [ATUALIZAÇÃO],20,conta banco original,14,81
Sxrkd7jG2gk,ORIGINAL BANCO ORIGINAL VALE A PENA? CARTÃO DE CRÉDITO BANCO ORIGINAL [ATUALIZAÇÃO],21,cashback original,11,74
Sxrkd7jG2gk,ORIGINAL BANCO ORIGINAL VALE A PENA? CARTÃO DE CRÉDITO BANCO ORIGINAL [ATUALIZAÇÃO],22,banco original 2020,9,37
Sxrkd7jG2gk,ORIGINAL BANCO ORIGINAL VALE A PENA? CARTÃO DE CRÉDITO BANCO ORIGINAL [ATUALIZAÇÃO],23,cartão de crédito,9,45
Sxrkd7jG2gk,ORIGINAL BANCO ORIGINAL VALE A PENA? CARTÃO DE CRÉDITO BANCO ORIGINAL [ATUALIZAÇÃO],24,o que é banco original,8,10
Sxrkd7jG2gk,ORIGINAL BANCO ORIGINAL VALE A PENA? CARTÃO DE CRÉDITO BANCO ORIGINAL [ATUALIZAÇÃO],25,cartao original,7,25
Aop8Cfw7W7k,BANCO NEXT ÁGORA INVESTIMENTOS - BANCO NEXT INVESTIMENTO NEXT VALE A PENA? ÁGORA É CONFIÁVEL?,1,ágora investimentos,2064,15086
Aop8Cfw7W7k,BANCO NEXT ÁGORA INVESTIMENTOS - BANCO NEXT INVESTIMENTO NEXT VALE A PENA? ÁGORA É CONFIÁVEL?,2,investimento next,1681,9691
Aop8Cfw7W7k,BANCO NEXT ÁGORA INVESTIMENTOS - BANCO NEXT INVESTIMENTO NEXT VALE A PENA? ÁGORA É CONFIÁVEL?,3,como investir no next,1041,6016
Aop8Cfw7W7k,BANCO NEXT ÁGORA INVESTIMENTOS - BANCO NEXT INVESTIMENTO NEXT VALE A PENA? ÁGORA É CONFIÁVEL?,4,next investimento,852,5317
Aop8Cfw7W7k,BANCO NEXT ÁGORA INVESTIMENTOS - BANCO NEXT INVESTIMENTO NEXT VALE A PENA? ÁGORA É CONFIÁVEL?,5,agora investimentos e confiavel,736,5355
Aop8Cfw7W7k,BANCO NEXT ÁGORA INVESTIMENTOS - BANCO NEXT INVESTIMENTO NEXT VALE A PENA? ÁGORA É CONFIÁVEL?,6,next,509,2653
Aop8Cfw7W7k,BANCO NEXT ÁGORA INVESTIMENTOS - BANCO NEXT INVESTIMENTO NEXT VALE A PENA? ÁGORA É CONFIÁVEL?,7,banco next,306,1542
Aop8Cfw7W7k,BANCO NEXT ÁGORA INVESTIMENTOS - BANCO NEXT INVESTIMENTO NEXT VALE A PENA? ÁGORA É CONFIÁVEL?,8,investimentos next,272,1970
Aop8Cfw7W7k,BANCO NEXT ÁGORA INVESTIMENTOS - BANCO NEXT INVESTIMENTO NEXT VALE A PENA? ÁGORA É CONFIÁVEL?,9,agora investimentos,224,1521
Aop8Cfw7W7k,BANCO NEXT ÁGORA INVESTIMENTOS - BANCO NEXT INVESTIMENTO NEXT VALE A PENA? ÁGORA É CONFIÁVEL?,10,investimento next vale a pena,196,1115
Aop8Cfw7W7k,BANCO NEXT ÁGORA INVESTIMENTOS - BANCO NEXT INVESTIMENTO NEXT VALE A PENA? ÁGORA É CONFIÁVEL?,11,investimento no next,150,815
Aop8Cfw7W7k,BANCO NEXT ÁGORA INVESTIMENTOS - BANCO NEXT INVESTIMENTO NEXT VALE A PENA? ÁGORA É CONFIÁVEL?,12,investir no next,146,773
Aop8Cfw7W7k,BANCO NEXT ÁGORA INVESTIMENTOS - BANCO NEXT INVESTIMENTO NEXT VALE A PENA? ÁGORA É CONFIÁVEL?,13,ágora,122,817
Aop8Cfw7W7k,BANCO NEXT ÁGORA INVESTIMENTOS - BANCO NEXT INVESTIMENTO NEXT VALE A PENA? ÁGORA É CONFIÁVEL?,14,banco next investimento,114,702
Aop8Cfw7W7k,BANCO NEXT ÁGORA INVESTIMENTOS - BANCO NEXT INVESTIMENTO NEXT VALE A PENA? ÁGORA É CONFIÁVEL?,15,como investir no banco next,78,487
Aop8Cfw7W7k,BANCO NEXT ÁGORA INVESTIMENTOS - BANCO NEXT INVESTIMENTO NEXT VALE A PENA? ÁGORA É CONFIÁVEL?,16,agora investimento vale a pena,52,414
Aop8Cfw7W7k,BANCO NEXT ÁGORA INVESTIMENTOS - BANCO NEXT INVESTIMENTO NEXT VALE A PENA? ÁGORA É CONFIÁVEL?,17,investir no next vale a pena,52,304
Aop8Cfw7W7k,BANCO NEXT ÁGORA INVESTIMENTOS - BANCO NEXT INVESTIMENTO NEXT VALE A PENA? ÁGORA É CONFIÁVEL?,18,investimento banco next,44,260
Aop8Cfw7W7k,BANCO NEXT ÁGORA INVESTIMENTOS - BANCO NEXT INVESTIMENTO NEXT VALE A PENA? ÁGORA É CONFIÁVEL?,19,banco next vale a pena,38,185
Aop8Cfw7W7k,BANCO NEXT ÁGORA INVESTIMENTOS - BANCO NEXT INVESTIMENTO NEXT VALE A PENA? ÁGORA É CONFIÁVEL?,20,como investir no ágora,36,197
Aop8Cfw7W7k,BANCO NEXT ÁGORA INVESTIMENTOS - BANCO NEXT INVESTIMENTO NEXT VALE A PENA? ÁGORA É CONFIÁVEL?,21,agora investimento next,32,233
Aop8Cfw7W7k,BANCO NEXT ÁGORA INVESTIMENTOS - BANCO NEXT INVESTIMENTO NEXT VALE A PENA? ÁGORA É CONFIÁVEL?,22,tesouro direto next,26,221
Aop8Cfw7W7k,BANCO NEXT ÁGORA INVESTIMENTOS - BANCO NEXT INVESTIMENTO NEXT VALE A PENA? ÁGORA É CONFIÁVEL?,23,agora investimento,25,136
Aop8Cfw7W7k,BANCO NEXT ÁGORA INVESTIMENTOS - BANCO NEXT INVESTIMENTO NEXT VALE A PENA? ÁGORA É CONFIÁVEL?,24,ágora corretora,23,140
Aop8Cfw7W7k,BANCO NEXT ÁGORA INVESTIMENTOS - BANCO NEXT INVESTIMENTO NEXT VALE A PENA? ÁGORA É CONFIÁVEL?,25,ágora investimentos como funciona,20,142
Y4WHQiKcv1g,DIVIDENDOS MENSAIS: 4 ÚNICOS ETFs que PAGAM MENSALMENTE na B3! (tem ETF pagando 1% a.m.),1,etfs que pagam dividendos mensais,1877,10416
Y4WHQiKcv1g,DIVIDENDOS MENSAIS: 4 ÚNICOS ETFs que PAGAM MENSALMENTE na B3! (tem ETF pagando 1% a.m.),2,etf que pagam dividendos mensais,1255,6718
Y4WHQiKcv1g,DIVIDENDOS MENSAIS: 4 ÚNICOS ETFs que PAGAM MENSALMENTE na B3! (tem ETF pagando 1% a.m.),3,etf,1096,6080
Y4WHQiKcv1g,DIVIDENDOS MENSAIS: 4 ÚNICOS ETFs que PAGAM MENSALMENTE na B3! (tem ETF pagando 1% a.m.),4,etfs americanos que pagam dividendos mensais,1002,4229
Y4WHQiKcv1g,DIVIDENDOS MENSAIS: 4 ÚNICOS ETFs que PAGAM MENSALMENTE na B3! (tem ETF pagando 1% a.m.),5,spyi11,599,3485
Y4WHQiKcv1g,DIVIDENDOS MENSAIS: 4 ÚNICOS ETFs que PAGAM MENSALMENTE na B3! (tem ETF pagando 1% a.m.),6,etf dividendos,417,2487
Y4WHQiKcv1g,DIVIDENDOS MENSAIS: 4 ÚNICOS ETFs que PAGAM MENSALMENTE na B3! (tem ETF pagando 1% a.m.),7,etf paga dividendos,368,2430
Y4WHQiKcv1g,DIVIDENDOS MENSAIS: 4 ÚNICOS ETFs que PAGAM MENSALMENTE na B3! (tem ETF pagando 1% a.m.),8,etf brasileiros que pagam dividendos,342,2081
Y4WHQiKcv1g,DIVIDENDOS MENSAIS: 4 ÚNICOS ETFs que PAGAM MENSALMENTE na B3! (tem ETF pagando 1% a.m.),9,melhores etfs brasileiros,310,1620
Y4WHQiKcv1g,DIVIDENDOS MENSAIS: 4 ÚNICOS ETFs que PAGAM MENSALMENTE na B3! (tem ETF pagando 1% a.m.),10,etfs,309,1603
Y4WHQiKcv1g,DIVIDENDOS MENSAIS: 4 ÚNICOS ETFs que PAGAM MENSALMENTE na B3! (tem ETF pagando 1% a.m.),11,etfs vale a pena,236,1383
Y4WHQiKcv1g,DIVIDENDOS MENSAIS: 4 ÚNICOS ETFs que PAGAM MENSALMENTE na B3! (tem ETF pagando 1% a.m.),12,dividendos mensais,213,849
Y4WHQiKcv1g,DIVIDENDOS MENSAIS: 4 ÚNICOS ETFs que PAGAM MENSALMENTE na B3! (tem ETF pagando 1% a.m.),13,etf dividendos mensais,211,1162
Y4WHQiKcv1g,DIVIDENDOS MENSAIS: 4 ÚNICOS ETFs que PAGAM MENSALMENTE na B3! (tem ETF pagando 1% a.m.),14,etf de dividendos,202,1121
Y4WHQiKcv1g,DIVIDENDOS MENSAIS: 4 ÚNICOS ETFs que PAGAM MENSALMENTE na B3! (tem ETF pagando 1% a.m.),15,etfs brasileiros,192,1080
Y4WHQiKcv1g,DIVIDENDOS MENSAIS: 4 ÚNICOS ETFs que PAGAM MENSALMENTE na B3! (tem ETF pagando 1% a.m.),16,qqqi11,134,626
Y4WHQiKcv1g,DIVIDENDOS MENSAIS: 4 ÚNICOS ETFs que PAGAM MENSALMENTE na B3! (tem ETF pagando 1% a.m.),17,melhores etfs,80,309
Y4WHQiKcv1g,DIVIDENDOS MENSAIS: 4 ÚNICOS ETFs que PAGAM MENSALMENTE na B3! (tem ETF pagando 1% a.m.),18,bova11 paga dividendos,58,262
Y4WHQiKcv1g,DIVIDENDOS MENSAIS: 4 ÚNICOS ETFs que PAGAM MENSALMENTE na B3! (tem ETF pagando 1% a.m.),19,ndiv11,57,364
Y4WHQiKcv1g,DIVIDENDOS MENSAIS: 4 ÚNICOS ETFs que PAGAM MENSALMENTE na B3! (tem ETF pagando 1% a.m.),20,etf americano paga dividendos,54,210
Y4WHQiKcv1g,DIVIDENDOS MENSAIS: 4 ÚNICOS ETFs que PAGAM MENSALMENTE na B3! (tem ETF pagando 1% a.m.),21,etf brasil,39,223
Y4WHQiKcv1g,DIVIDENDOS MENSAIS: 4 ÚNICOS ETFs que PAGAM MENSALMENTE na B3! (tem ETF pagando 1% a.m.),22,dividendos,32,98
Y4WHQiKcv1g,DIVIDENDOS MENSAIS: 4 ÚNICOS ETFs que PAGAM MENSALMENTE na B3! (tem ETF pagando 1% a.m.),23,divd11,26,127
Y4WHQiKcv1g,DIVIDENDOS MENSAIS: 4 ÚNICOS ETFs que PAGAM MENSALMENTE na B3! (tem ETF pagando 1% a.m.),24,spyi11 vale a pena,22,134
Y4WHQiKcv1g,DIVIDENDOS MENSAIS: 4 ÚNICOS ETFs que PAGAM MENSALMENTE na B3! (tem ETF pagando 1% a.m.),25,etfs pagam dividendos,20,157
uT2tgrjUvOA,FAÇA ISSO PARA PROTEGER SEU DINHEIRO NA NUBANK!,1,nubank,1230,3115
uT2tgrjUvOA,FAÇA ISSO PARA PROTEGER SEU DINHEIRO NA NUBANK!,2,rdb nubank,157,492
uT2tgrjUvOA,FAÇA ISSO PARA PROTEGER SEU DINHEIRO NA NUBANK!,3,fgc nubank,90,258
uT2tgrjUvOA,FAÇA ISSO PARA PROTEGER SEU DINHEIRO NA NUBANK!,4,nubank vai quebrar,72,220
uT2tgrjUvOA,FAÇA ISSO PARA PROTEGER SEU DINHEIRO NA NUBANK!,5,como esconder dinheiro no nubank,58,102
uT2tgrjUvOA,FAÇA ISSO PARA PROTEGER SEU DINHEIRO NA NUBANK!,6,nu bank,53,123
uT2tgrjUvOA,FAÇA ISSO PARA PROTEGER SEU DINHEIRO NA NUBANK!,7,como ativar o fgc no nubank,43,123
uT2tgrjUvOA,FAÇA ISSO PARA PROTEGER SEU DINHEIRO NA NUBANK!,8,é seguro deixar dinheiro no nubank,39,117
uT2tgrjUvOA,FAÇA ISSO PARA PROTEGER SEU DINHEIRO NA NUBANK!,9,nubank investimento,30,103
uT2tgrjUvOA,FAÇA ISSO PARA PROTEGER SEU DINHEIRO NA NUBANK!,10,alo protegido nubank,27,52
uT2tgrjUvOA,FAÇA ISSO PARA PROTEGER SEU DINHEIRO NA NUBANK!,11,como guardar dinheiro no nubank,26,54
uT2tgrjUvOA,FAÇA ISSO PARA PROTEGER SEU DINHEIRO NA NUBANK!,12,guardar dinheiro nubank,24,81
uT2tgrjUvOA,FAÇA ISSO PARA PROTEGER SEU DINHEIRO NA NUBANK!,13,devo tirar meu dinheiro do nubank,23,39
uT2tgrjUvOA,FAÇA ISSO PARA PROTEGER SEU DINHEIRO NA NUBANK!,14,investimento nubank,23,69
uT2tgrjUvOA,FAÇA ISSO PARA PROTEGER SEU DINHEIRO NA NUBANK!,15,nubank fgc,23,68
uT2tgrjUvOA,FAÇA ISSO PARA PROTEGER SEU DINHEIRO NA NUBANK!,16,investir e coçar é só começar,22,74
uT2tgrjUvOA,FAÇA ISSO PARA PROTEGER SEU DINHEIRO NA NUBANK!,17,mglu3,22,41
uT2tgrjUvOA,FAÇA ISSO PARA PROTEGER SEU DINHEIRO NA NUBANK!,18,tire seu dinheiro do nubank,19,45
uT2tgrjUvOA,FAÇA ISSO PARA PROTEGER SEU DINHEIRO NA NUBANK!,19,como proteger meu dinheiro na nubank,18,53
uT2tgrjUvOA,FAÇA ISSO PARA PROTEGER SEU DINHEIRO NA NUBANK!,20,como proteger o dinheiro na nubank,18,69
uT2tgrjUvOA,FAÇA ISSO PARA PROTEGER SEU DINHEIRO NA NUBANK!,21,como proteger seu dinheiro na nubank,17,57
uT2tgrjUvOA,FAÇA ISSO PARA PROTEGER SEU DINHEIRO NA NUBANK!,22,dinheiro escondido no nubank,17,42
uT2tgrjUvOA,FAÇA ISSO PARA PROTEGER SEU DINHEIRO NA NUBANK!,23,proteger dinheiro no nubank,17,43
uT2tgrjUvOA,FAÇA ISSO PARA PROTEGER SEU DINHEIRO NA NUBANK!,24,como investir no nubank,16,42
uT2tgrjUvOA,FAÇA ISSO PARA PROTEGER SEU DINHEIRO NA NUBANK!,25,como ativar fgc nubank,14,41
QU0j2KCQWlk,QUAL A MELHOR CONTA EM BANCO PARA MENOR DE IDADE? [TUDO GRATUITO] #investimentos,1,banco para menor de 18 anos,1089,425
QU0j2KCQWlk,QUAL A MELHOR CONTA EM BANCO PARA MENOR DE IDADE? [TUDO GRATUITO] #investimentos,2,conta para menor idade,836,508
QU0j2KCQWlk,QUAL A MELHOR CONTA EM BANCO PARA MENOR DE IDADE? [TUDO GRATUITO] #investimentos,3,bancos para menor de 18 anos,769,300
QU0j2KCQWlk,QUAL A MELHOR CONTA EM BANCO PARA MENOR DE IDADE? [TUDO GRATUITO] #investimentos,4,melhores bancos para menor de 18 anos,464,193
QU0j2KCQWlk,QUAL A MELHOR CONTA EM BANCO PARA MENOR DE IDADE? [TUDO GRATUITO] #investimentos,5,banco para menor de 18 anos sem autorização dos pais,415,184
QU0j2KCQWlk,QUAL A MELHOR CONTA EM BANCO PARA MENOR DE IDADE? [TUDO GRATUITO] #investimentos,6,melhor banco para menor de 18,241,145
QU0j2KCQWlk,QUAL A MELHOR CONTA EM BANCO PARA MENOR DE IDADE? [TUDO GRATUITO] #investimentos,7,bancos para menor de 18 anos sem autorização dos pais,198,92
QU0j2KCQWlk,QUAL A MELHOR CONTA EM BANCO PARA MENOR DE IDADE? [TUDO GRATUITO] #investimentos,8,banco para de menor,122,59
QU0j2KCQWlk,QUAL A MELHOR CONTA EM BANCO PARA MENOR DE IDADE? [TUDO GRATUITO] #investimentos,9,conta de banco para menor de 18,122,66
QU0j2KCQWlk,QUAL A MELHOR CONTA EM BANCO PARA MENOR DE IDADE? [TUDO GRATUITO] #investimentos,10,banco para menor de idade,74,49
QU0j2KCQWlk,QUAL A MELHOR CONTA EM BANCO PARA MENOR DE IDADE? [TUDO GRATUITO] #investimentos,11,contas para menores de idade,53,20
QU0j2KCQWlk,QUAL A MELHOR CONTA EM BANCO PARA MENOR DE IDADE? [TUDO GRATUITO] #investimentos,12,conta para menor de 18 anos,50,21
QU0j2KCQWlk,QUAL A MELHOR CONTA EM BANCO PARA MENOR DE IDADE? [TUDO GRATUITO] #investimentos,13,pix para menor de 18 anos,40,15
QU0j2KCQWlk,QUAL A MELHOR CONTA EM BANCO PARA MENOR DE IDADE? [TUDO GRATUITO] #investimentos,14,conta bancaria para menor de 18 anos,37,19
QU0j2KCQWlk,QUAL A MELHOR CONTA EM BANCO PARA MENOR DE IDADE? [TUDO GRATUITO] #investimentos,15,conta digital para menor de 18 anos,33,17
QU0j2KCQWlk,QUAL A MELHOR CONTA EM BANCO PARA MENOR DE IDADE? [TUDO GRATUITO] #investimentos,16,cartao para menor de 18,24,12
QU0j2KCQWlk,QUAL A MELHOR CONTA EM BANCO PARA MENOR DE IDADE? [TUDO GRATUITO] #investimentos,17,conta para menor de idade,24,18
QU0j2KCQWlk,QUAL A MELHOR CONTA EM BANCO PARA MENOR DE IDADE? [TUDO GRATUITO] #investimentos,18,melhor banco digital,17,4
QU0j2KCQWlk,QUAL A MELHOR CONTA EM BANCO PARA MENOR DE IDADE? [TUDO GRATUITO] #investimentos,19,contas para menor de 18 que não precisa de autorização,16,8
QU0j2KCQWlk,QUAL A MELHOR CONTA EM BANCO PARA MENOR DE IDADE? [TUDO GRATUITO] #investimentos,20,melhores bancos digitais,15,2
QU0j2KCQWlk,QUAL A MELHOR CONTA EM BANCO PARA MENOR DE IDADE? [TUDO GRATUITO] #investimentos,21,banco digital para menor de 18 anos,14,9
QU0j2KCQWlk,QUAL A MELHOR CONTA EM BANCO PARA MENOR DE IDADE? [TUDO GRATUITO] #investimentos,22,cartão para menor de 18 anos,13,4
QU0j2KCQWlk,QUAL A MELHOR CONTA EM BANCO PARA MENOR DE IDADE? [TUDO GRATUITO] #investimentos,23,contas de banco para menor de 18 anos,11,4
QU0j2KCQWlk,QUAL A MELHOR CONTA EM BANCO PARA MENOR DE IDADE? [TUDO GRATUITO] #investimentos,24,banco inter para menor de 18,10,2
QU0j2KCQWlk,QUAL A MELHOR CONTA EM BANCO PARA MENOR DE IDADE? [TUDO GRATUITO] #investimentos,25,banco do carona,9,6
6Oq3Mxz4_CY,MEU PAG é BOM? cartão de crédito PAG É SEGURO? CARTAO PAG! VALE A PENA?,1,meu pag,4004,16358
6Oq3Mxz4_CY,MEU PAG é BOM? cartão de crédito PAG É SEGURO? CARTAO PAG! VALE A PENA?,2,cartao pag,1995,8010
6Oq3Mxz4_CY,MEU PAG é BOM? cartão de crédito PAG É SEGURO? CARTAO PAG! VALE A PENA?,3,cartão pag,1693,6847
6Oq3Mxz4_CY,MEU PAG é BOM? cartão de crédito PAG É SEGURO? CARTAO PAG! VALE A PENA?,4,cartão meu pag,1313,5122
6Oq3Mxz4_CY,MEU PAG é BOM? cartão de crédito PAG É SEGURO? CARTAO PAG! VALE A PENA?,5,pag,999,3846
6Oq3Mxz4_CY,MEU PAG é BOM? cartão de crédito PAG É SEGURO? CARTAO PAG! VALE A PENA?,6,meu pag cartão de crédito,975,3637
6Oq3Mxz4_CY,MEU PAG é BOM? cartão de crédito PAG É SEGURO? CARTAO PAG! VALE A PENA?,7,cartão pag é bom,771,3210
6Oq3Mxz4_CY,MEU PAG é BOM? cartão de crédito PAG É SEGURO? CARTAO PAG! VALE A PENA?,8,cartão de crédito pag,485,1841
6Oq3Mxz4_CY,MEU PAG é BOM? cartão de crédito PAG É SEGURO? CARTAO PAG! VALE A PENA?,9,cartão de crédito meu pag,374,1542
6Oq3Mxz4_CY,MEU PAG é BOM? cartão de crédito PAG É SEGURO? CARTAO PAG! VALE A PENA?,10,pag cartão de crédito,253,1053
6Oq3Mxz4_CY,MEU PAG é BOM? cartão de crédito PAG É SEGURO? CARTAO PAG! VALE A PENA?,11,pag cartao,122,436
6Oq3Mxz4_CY,MEU PAG é BOM? cartão de crédito PAG É SEGURO? CARTAO PAG! VALE A PENA?,12,cartao de credito pag,104,382
6Oq3Mxz4_CY,MEU PAG é BOM? cartão de crédito PAG É SEGURO? CARTAO PAG! VALE A PENA?,13,meu pag limite inicial,89,347
6Oq3Mxz4_CY,MEU PAG é BOM? cartão de crédito PAG É SEGURO? CARTAO PAG! VALE A PENA?,14,pag!,65,248
6Oq3Mxz4_CY,MEU PAG é BOM? cartão de crédito PAG É SEGURO? CARTAO PAG! VALE A PENA?,15,meu pag é bom,64,247
6Oq3Mxz4_CY,MEU PAG é BOM? cartão de crédito PAG É SEGURO? CARTAO PAG! VALE A PENA?,16,cartão meu pag vale a pena,46,196
6Oq3Mxz4_CY,MEU PAG é BOM? cartão de crédito PAG É SEGURO? CARTAO PAG! VALE A PENA?,17,cartao meu pag,45,158
6Oq3Mxz4_CY,MEU PAG é BOM? cartão de crédito PAG É SEGURO? CARTAO PAG! VALE A PENA?,18,banco pag,40,178
6Oq3Mxz4_CY,MEU PAG é BOM? cartão de crédito PAG É SEGURO? CARTAO PAG! VALE A PENA?,19,cartao meu pag é confiavel,16,50
6Oq3Mxz4_CY,MEU PAG é BOM? cartão de crédito PAG É SEGURO? CARTAO PAG! VALE A PENA?,20,cartão de credito pag é bom,14,52
6Oq3Mxz4_CY,MEU PAG é BOM? cartão de crédito PAG É SEGURO? CARTAO PAG! VALE A PENA?,21,meu pag cadastro,13,48
6Oq3Mxz4_CY,MEU PAG é BOM? cartão de crédito PAG É SEGURO? CARTAO PAG! VALE A PENA?,22,cartão de crédito,10,31
6Oq3Mxz4_CY,MEU PAG é BOM? cartão de crédito PAG É SEGURO? CARTAO PAG! VALE A PENA?,23,como funciona o cartão pag,10,39
6Oq3Mxz4_CY,MEU PAG é BOM? cartão de crédito PAG É SEGURO? CARTAO PAG! VALE A PENA?,24,cartao pag limite de credito,9,11
6Oq3Mxz4_CY,MEU PAG é BOM? cartão de crédito PAG É SEGURO? CARTAO PAG! VALE A PENA?,25,cartao pag é confiavel,9,38
SRAL8DZOMbM,C6 vai te cobrar TAXA! #C6 #C6BANK #INVESTIMENTOS,1,c6 bank,954,574
SRAL8DZOMbM,C6 vai te cobrar TAXA! #C6 #C6BANK #INVESTIMENTOS,2,c6 bank investimento,91,52
SRAL8DZOMbM,C6 vai te cobrar TAXA! #C6 #C6BANK #INVESTIMENTOS,3,c6 bank vale a pena,77,39
SRAL8DZOMbM,C6 vai te cobrar TAXA! #C6 #C6BANK #INVESTIMENTOS,4,c6 invest,70,46
SRAL8DZOMbM,C6 vai te cobrar TAXA! #C6 #C6BANK #INVESTIMENTOS,5,tarifa conta ref c6 bank,66,32
SRAL8DZOMbM,C6 vai te cobrar TAXA! #C6 #C6BANK #INVESTIMENTOS,6,plano odontológico c6 bank,64,46
SRAL8DZOMbM,C6 vai te cobrar TAXA! #C6 #C6BANK #INVESTIMENTOS,7,tarifa manutenção cp c6 bank,54,27
SRAL8DZOMbM,C6 vai te cobrar TAXA! #C6 #C6BANK #INVESTIMENTOS,8,c6 bank vai falir,39,24
SRAL8DZOMbM,C6 vai te cobrar TAXA! #C6 #C6BANK #INVESTIMENTOS,9,c6 vai cobrar taxa,39,32
SRAL8DZOMbM,C6 vai te cobrar TAXA! #C6 #C6BANK #INVESTIMENTOS,10,tarifa conta c6,39,28
SRAL8DZOMbM,C6 vai te cobrar TAXA! #C6 #C6BANK #INVESTIMENTOS,11,banco c6 bank,34,16
SRAL8DZOMbM,C6 vai te cobrar TAXA! #C6 #C6BANK #INVESTIMENTOS,12,tarifa de manutenção c6,32,33
SRAL8DZOMbM,C6 vai te cobrar TAXA! #C6 #C6BANK #INVESTIMENTOS,13,c6 vai falir,29,17
SRAL8DZOMbM,C6 vai te cobrar TAXA! #C6 #C6BANK #INVESTIMENTOS,14,c6 bank cobrando manutenção de conta,23,16
SRAL8DZOMbM,C6 vai te cobrar TAXA! #C6 #C6BANK #INVESTIMENTOS,15,investimento c6 bank,22,11
SRAL8DZOMbM,C6 vai te cobrar TAXA! #C6 #C6BANK #INVESTIMENTOS,16,c6,21,11
SRAL8DZOMbM,C6 vai te cobrar TAXA! #C6 #C6BANK #INVESTIMENTOS,17,como cancelar conta c6 bank,19,14
SRAL8DZOMbM,C6 vai te cobrar TAXA! #C6 #C6BANK #INVESTIMENTOS,18,conta pj c6 bank,19,16
SRAL8DZOMbM,C6 vai te cobrar TAXA! #C6 #C6BANK #INVESTIMENTOS,19,banco c6,18,14
SRAL8DZOMbM,C6 vai te cobrar TAXA! #C6 #C6BANK #INVESTIMENTOS,20,banco c6 bank e confiavel,16,10
SRAL8DZOMbM,C6 vai te cobrar TAXA! #C6 #C6BANK #INVESTIMENTOS,21,c6 bank cobrando tarifa,16,13
SRAL8DZOMbM,C6 vai te cobrar TAXA! #C6 #C6BANK #INVESTIMENTOS,22,c6 bank pode quebrar,15,5
SRAL8DZOMbM,C6 vai te cobrar TAXA! #C6 #C6BANK #INVESTIMENTOS,23,como cancelar seguro conta c6 bank,15,7
SRAL8DZOMbM,C6 vai te cobrar TAXA! #C6 #C6BANK #INVESTIMENTOS,24,conta c6 bank vale a pena,15,9
SRAL8DZOMbM,C6 vai te cobrar TAXA! #C6 #C6BANK #INVESTIMENTOS,25,c6 cobrando manutenção,14,11
_TLq_UyTZTI,PIX POR APROXIMAÇÃO NÃO FUNCIONA no IPHONE #pix,1,pix por aproximação,1319,241
_TLq_UyTZTI,PIX POR APROXIMAÇÃO NÃO FUNCIONA no IPHONE #pix,2,pix por aproximação como fazer,231,49
_TLq_UyTZTI,PIX POR APROXIMAÇÃO NÃO FUNCIONA no IPHONE #pix,3,pix aproximação,177,37
_TLq_UyTZTI,PIX POR APROXIMAÇÃO NÃO FUNCIONA no IPHONE #pix,4,pix por aproximação iphone,158,46
_TLq_UyTZTI,PIX POR APROXIMAÇÃO NÃO FUNCIONA no IPHONE #pix,5,apple pay nao funciona,49,6
_TLq_UyTZTI,PIX POR APROXIMAÇÃO NÃO FUNCIONA no IPHONE #pix,6,como fazer pix por aproximação,47,13
_TLq_UyTZTI,PIX POR APROXIMAÇÃO NÃO FUNCIONA no IPHONE #pix,7,pix,41,5
_TLq_UyTZTI,PIX POR APROXIMAÇÃO NÃO FUNCIONA no IPHONE #pix,8,nfc do iphone nao funciona,36,4
_TLq_UyTZTI,PIX POR APROXIMAÇÃO NÃO FUNCIONA no IPHONE #pix,9,aproximacao iphone nao funciona,33,4
_TLq_UyTZTI,PIX POR APROXIMAÇÃO NÃO FUNCIONA no IPHONE #pix,10,como pagar por aproximação do celular iphone,33,4
_TLq_UyTZTI,PIX POR APROXIMAÇÃO NÃO FUNCIONA no IPHONE #pix,11,pix aproximação iphone,31,12
_TLq_UyTZTI,PIX POR APROXIMAÇÃO NÃO FUNCIONA no IPHONE #pix,12,como pagar com pix na apple store,25,4
_TLq_UyTZTI,PIX POR APROXIMAÇÃO NÃO FUNCIONA no IPHONE #pix,13,como pagar pix por aproximação,24,5
_TLq_UyTZTI,PIX POR APROXIMAÇÃO NÃO FUNCIONA no IPHONE #pix,14,como usar pix por aproximação,24,8
_TLq_UyTZTI,PIX POR APROXIMAÇÃO NÃO FUNCIONA no IPHONE #pix,15,como fazer pix por aproximação do celular,21,7
_TLq_UyTZTI,PIX POR APROXIMAÇÃO NÃO FUNCIONA no IPHONE #pix,16,como funciona o pix por aproximação,21,4
_TLq_UyTZTI,PIX POR APROXIMAÇÃO NÃO FUNCIONA no IPHONE #pix,17,apple pay,18,5
_TLq_UyTZTI,PIX POR APROXIMAÇÃO NÃO FUNCIONA no IPHONE #pix,18,como funciona o pix,18,2
_TLq_UyTZTI,PIX POR APROXIMAÇÃO NÃO FUNCIONA no IPHONE #pix,19,pix aproximação como funciona,15,4
_TLq_UyTZTI,PIX POR APROXIMAÇÃO NÃO FUNCIONA no IPHONE #pix,20,pix no samsung wallet,13,3
_TLq_UyTZTI,PIX POR APROXIMAÇÃO NÃO FUNCIONA no IPHONE #pix,21,como ativar pix por aproximação,12,5
_TLq_UyTZTI,PIX POR APROXIMAÇÃO NÃO FUNCIONA no IPHONE #pix,22,como pagar por aproximação do celular,12,1
_TLq_UyTZTI,PIX POR APROXIMAÇÃO NÃO FUNCIONA no IPHONE #pix,23,tap to pay iphone nao funciona,12,1
_TLq_UyTZTI,PIX POR APROXIMAÇÃO NÃO FUNCIONA no IPHONE #pix,24,como colocar cartao por aproximação no celular iphone,11,1
_TLq_UyTZTI,PIX POR APROXIMAÇÃO NÃO FUNCIONA no IPHONE #pix,25,pix por aproximação nubank,11,3
tvC9uoxYP9k,Banco NEXT ATUALIZAÇÃO -  NOVIDADES do NEXT - Banco digital NEXT é bom? NEXT banco vale a pena?,1,next,6173,23844
tvC9uoxYP9k,Banco NEXT ATUALIZAÇÃO -  NOVIDADES do NEXT - Banco digital NEXT é bom? NEXT banco vale a pena?,2,banco next,3001,13543
tvC9uoxYP9k,Banco NEXT ATUALIZAÇÃO -  NOVIDADES do NEXT - Banco digital NEXT é bom? NEXT banco vale a pena?,3,banco next vale a pena,549,2616
tvC9uoxYP9k,Banco NEXT ATUALIZAÇÃO -  NOVIDADES do NEXT - Banco digital NEXT é bom? NEXT banco vale a pena?,4,next banco,490,2059
tvC9uoxYP9k,Banco NEXT ATUALIZAÇÃO -  NOVIDADES do NEXT - Banco digital NEXT é bom? NEXT banco vale a pena?,5,cartao next,426,1823
tvC9uoxYP9k,Banco NEXT ATUALIZAÇÃO -  NOVIDADES do NEXT - Banco digital NEXT é bom? NEXT banco vale a pena?,6,cartão next,311,1242
tvC9uoxYP9k,Banco NEXT ATUALIZAÇÃO -  NOVIDADES do NEXT - Banco digital NEXT é bom? NEXT banco vale a pena?,7,cartão de crédito next,164,654
tvC9uoxYP9k,Banco NEXT ATUALIZAÇÃO -  NOVIDADES do NEXT - Banco digital NEXT é bom? NEXT banco vale a pena?,8,conta next,152,698
tvC9uoxYP9k,Banco NEXT ATUALIZAÇÃO -  NOVIDADES do NEXT - Banco digital NEXT é bom? NEXT banco vale a pena?,9,next cartão de credito,134,515
tvC9uoxYP9k,Banco NEXT ATUALIZAÇÃO -  NOVIDADES do NEXT - Banco digital NEXT é bom? NEXT banco vale a pena?,10,next é bom,96,402
tvC9uoxYP9k,Banco NEXT ATUALIZAÇÃO -  NOVIDADES do NEXT - Banco digital NEXT é bom? NEXT banco vale a pena?,11,como depositar dinheiro no next,75,284
tvC9uoxYP9k,Banco NEXT ATUALIZAÇÃO -  NOVIDADES do NEXT - Banco digital NEXT é bom? NEXT banco vale a pena?,12,banco digital,63,244
tvC9uoxYP9k,Banco NEXT ATUALIZAÇÃO -  NOVIDADES do NEXT - Banco digital NEXT é bom? NEXT banco vale a pena?,13,investimento next,60,240
tvC9uoxYP9k,Banco NEXT ATUALIZAÇÃO -  NOVIDADES do NEXT - Banco digital NEXT é bom? NEXT banco vale a pena?,14,banco next cartao de credito,50,202
tvC9uoxYP9k,Banco NEXT ATUALIZAÇÃO -  NOVIDADES do NEXT - Banco digital NEXT é bom? NEXT banco vale a pena?,15,next 2020,49,229
tvC9uoxYP9k,Banco NEXT ATUALIZAÇÃO -  NOVIDADES do NEXT - Banco digital NEXT é bom? NEXT banco vale a pena?,16,next vale a pena,44,205
tvC9uoxYP9k,Banco NEXT ATUALIZAÇÃO -  NOVIDADES do NEXT - Banco digital NEXT é bom? NEXT banco vale a pena?,17,#next,36,70
tvC9uoxYP9k,Banco NEXT ATUALIZAÇÃO -  NOVIDADES do NEXT - Banco digital NEXT é bom? NEXT banco vale a pena?,18,como depositar no next,35,119
tvC9uoxYP9k,Banco NEXT ATUALIZAÇÃO -  NOVIDADES do NEXT - Banco digital NEXT é bom? NEXT banco vale a pena?,19,next investimento,35,150
tvC9uoxYP9k,Banco NEXT ATUALIZAÇÃO -  NOVIDADES do NEXT - Banco digital NEXT é bom? NEXT banco vale a pena?,20,conta next vale a pena,31,165
tvC9uoxYP9k,Banco NEXT ATUALIZAÇÃO -  NOVIDADES do NEXT - Banco digital NEXT é bom? NEXT banco vale a pena?,21,conta digital next,28,125
tvC9uoxYP9k,Banco NEXT ATUALIZAÇÃO -  NOVIDADES do NEXT - Banco digital NEXT é bom? NEXT banco vale a pena?,22,cartao next credito,26,94
tvC9uoxYP9k,Banco NEXT ATUALIZAÇÃO -  NOVIDADES do NEXT - Banco digital NEXT é bom? NEXT banco vale a pena?,23,next banco é bom,20,93
tvC9uoxYP9k,Banco NEXT ATUALIZAÇÃO -  NOVIDADES do NEXT - Banco digital NEXT é bom? NEXT banco vale a pena?,24,cartao de credito next,19,57
tvC9uoxYP9k,Banco NEXT ATUALIZAÇÃO -  NOVIDADES do NEXT - Banco digital NEXT é bom? NEXT banco vale a pena?,25,cesta next,18,84
6O3WAZjKAKY,ONDE INVESTIR e NÃO INVESTIR com LULA PRESIDENTE?,1,lula,3717,5174
6O3WAZjKAKY,ONDE INVESTIR e NÃO INVESTIR com LULA PRESIDENTE?,2,humberto volts,406,996
6O3WAZjKAKY,ONDE INVESTIR e NÃO INVESTIR com LULA PRESIDENTE?,3,lula presidente 2022,318,493
6O3WAZjKAKY,ONDE INVESTIR e NÃO INVESTIR com LULA PRESIDENTE?,4,lula ganhou,166,307
6O3WAZjKAKY,ONDE INVESTIR e NÃO INVESTIR com LULA PRESIDENTE?,5,investimento,153,639
6O3WAZjKAKY,ONDE INVESTIR e NÃO INVESTIR com LULA PRESIDENTE?,6,lula presidente,146,201
6O3WAZjKAKY,ONDE INVESTIR e NÃO INVESTIR com LULA PRESIDENTE?,7,lula ganhou e agora,83,215
6O3WAZjKAKY,ONDE INVESTIR e NÃO INVESTIR com LULA PRESIDENTE?,8,bolsa de valores,77,279
6O3WAZjKAKY,ONDE INVESTIR e NÃO INVESTIR com LULA PRESIDENTE?,9,presidente 2022,74,123
6O3WAZjKAKY,ONDE INVESTIR e NÃO INVESTIR com LULA PRESIDENTE?,10,investir e coçar é só começar,60,403
6O3WAZjKAKY,ONDE INVESTIR e NÃO INVESTIR com LULA PRESIDENTE?,11,romulo mascarin,38,51
6O3WAZjKAKY,ONDE INVESTIR e NÃO INVESTIR com LULA PRESIDENTE?,12,oibr3,36,197
6O3WAZjKAKY,ONDE INVESTIR e NÃO INVESTIR com LULA PRESIDENTE?,13,onde investir lula,35,156
6O3WAZjKAKY,ONDE INVESTIR e NÃO INVESTIR com LULA PRESIDENTE?,14,economia,34,151
6O3WAZjKAKY,ONDE INVESTIR e NÃO INVESTIR com LULA PRESIDENTE?,15,humberto volt,25,97
6O3WAZjKAKY,ONDE INVESTIR e NÃO INVESTIR com LULA PRESIDENTE?,16,lula ganho,25,38
6O3WAZjKAKY,ONDE INVESTIR e NÃO INVESTIR com LULA PRESIDENTE?,17,mercado financeiro,25,113
6O3WAZjKAKY,ONDE INVESTIR e NÃO INVESTIR com LULA PRESIDENTE?,18,lula ganhou e agora?,24,50
6O3WAZjKAKY,ONDE INVESTIR e NÃO INVESTIR com LULA PRESIDENTE?,19,lula ganhou onde investir,24,107
6O3WAZjKAKY,ONDE INVESTIR e NÃO INVESTIR com LULA PRESIDENTE?,20,mercado financeiro hoje,24,115
6O3WAZjKAKY,ONDE INVESTIR e NÃO INVESTIR com LULA PRESIDENTE?,21,economista sincero,23,176
6O3WAZjKAKY,ONDE INVESTIR e NÃO INVESTIR com LULA PRESIDENTE?,22,dolar hoje,22,64
6O3WAZjKAKY,ONDE INVESTIR e NÃO INVESTIR com LULA PRESIDENTE?,23,lula no poder,21,73
6O3WAZjKAKY,ONDE INVESTIR e NÃO INVESTIR com LULA PRESIDENTE?,24,ibovespa,20,76
6O3WAZjKAKY,ONDE INVESTIR e NÃO INVESTIR com LULA PRESIDENTE?,25,o lula ganhou,20,11
yN0kKJf2D1c,BANCO C6 BANK É BOM? BANCO C6 BANK ABRIR CONTA e PEDIR CARTAO C6 BANK!,1,c6 bank,6089,24646
yN0kKJf2D1c,BANCO C6 BANK É BOM? BANCO C6 BANK ABRIR CONTA e PEDIR CARTAO C6 BANK!,2,banco c6 bank,1244,5549
yN0kKJf2D1c,BANCO C6 BANK É BOM? BANCO C6 BANK ABRIR CONTA e PEDIR CARTAO C6 BANK!,3,c6 bank cartao de credito,824,2992
yN0kKJf2D1c,BANCO C6 BANK É BOM? BANCO C6 BANK ABRIR CONTA e PEDIR CARTAO C6 BANK!,4,6c bank,718,2731
yN0kKJf2D1c,BANCO C6 BANK É BOM? BANCO C6 BANK ABRIR CONTA e PEDIR CARTAO C6 BANK!,5,banco c6,697,2560
yN0kKJf2D1c,BANCO C6 BANK É BOM? BANCO C6 BANK ABRIR CONTA e PEDIR CARTAO C6 BANK!,6,conta c6 bank,250,958
yN0kKJf2D1c,BANCO C6 BANK É BOM? BANCO C6 BANK ABRIR CONTA e PEDIR CARTAO C6 BANK!,7,c6 bank vale a pena,249,1130
yN0kKJf2D1c,BANCO C6 BANK É BOM? BANCO C6 BANK ABRIR CONTA e PEDIR CARTAO C6 BANK!,8,c6 bank abrir conta,203,937
yN0kKJf2D1c,BANCO C6 BANK É BOM? BANCO C6 BANK ABRIR CONTA e PEDIR CARTAO C6 BANK!,9,cartao c6 bank,184,523
yN0kKJf2D1c,BANCO C6 BANK É BOM? BANCO C6 BANK ABRIR CONTA e PEDIR CARTAO C6 BANK!,10,c6,151,612
yN0kKJf2D1c,BANCO C6 BANK É BOM? BANCO C6 BANK ABRIR CONTA e PEDIR CARTAO C6 BANK!,11,c6bank,132,496
yN0kKJf2D1c,BANCO C6 BANK É BOM? BANCO C6 BANK ABRIR CONTA e PEDIR CARTAO C6 BANK!,12,cartão c6 bank,80,274
yN0kKJf2D1c,BANCO C6 BANK É BOM? BANCO C6 BANK ABRIR CONTA e PEDIR CARTAO C6 BANK!,13,banco 6c bank,73,265
yN0kKJf2D1c,BANCO C6 BANK É BOM? BANCO C6 BANK ABRIR CONTA e PEDIR CARTAO C6 BANK!,14,c6 bank carbon,56,144
yN0kKJf2D1c,BANCO C6 BANK É BOM? BANCO C6 BANK ABRIR CONTA e PEDIR CARTAO C6 BANK!,15,c6 bank é bom,56,212
yN0kKJf2D1c,BANCO C6 BANK É BOM? BANCO C6 BANK ABRIR CONTA e PEDIR CARTAO C6 BANK!,16,cartão de crédito c6 bank,43,158
yN0kKJf2D1c,BANCO C6 BANK É BOM? BANCO C6 BANK ABRIR CONTA e PEDIR CARTAO C6 BANK!,17,cartao 6 c bank,41,99
yN0kKJf2D1c,BANCO C6 BANK É BOM? BANCO C6 BANK ABRIR CONTA e PEDIR CARTAO C6 BANK!,18,#c6bank,29,104
yN0kKJf2D1c,BANCO C6 BANK É BOM? BANCO C6 BANK ABRIR CONTA e PEDIR CARTAO C6 BANK!,19,c6 carbon,24,64
yN0kKJf2D1c,BANCO C6 BANK É BOM? BANCO C6 BANK ABRIR CONTA e PEDIR CARTAO C6 BANK!,20,c6 bank black,21,20
yN0kKJf2D1c,BANCO C6 BANK É BOM? BANCO C6 BANK ABRIR CONTA e PEDIR CARTAO C6 BANK!,21,banco c6 bank é bom,20,101
yN0kKJf2D1c,BANCO C6 BANK É BOM? BANCO C6 BANK ABRIR CONTA e PEDIR CARTAO C6 BANK!,22,investir e coçar é só começar,14,72
yN0kKJf2D1c,BANCO C6 BANK É BOM? BANCO C6 BANK ABRIR CONTA e PEDIR CARTAO C6 BANK!,23,como pedir cartão de crédito c6 bank,13,32
yN0kKJf2D1c,BANCO C6 BANK É BOM? BANCO C6 BANK ABRIR CONTA e PEDIR CARTAO C6 BANK!,24,banco c6 bank cartao de credito,12,44
yN0kKJf2D1c,BANCO C6 BANK É BOM? BANCO C6 BANK ABRIR CONTA e PEDIR CARTAO C6 BANK!,25,c6 bank convite,12,24
9Jt4U0uhd_U,SOUSMILE FUNCIONA? APARELHO INVISÍVEL VALE A PENA?No meio do TRATAMENTO O QUE MUDOU?(ANTES E DEPOIS),1,sousmile,4644,15939
9Jt4U0uhd_U,SOUSMILE FUNCIONA? APARELHO INVISÍVEL VALE A PENA?No meio do TRATAMENTO O QUE MUDOU?(ANTES E DEPOIS),2,sousmile funciona,1629,5372
9Jt4U0uhd_U,SOUSMILE FUNCIONA? APARELHO INVISÍVEL VALE A PENA?No meio do TRATAMENTO O QUE MUDOU?(ANTES E DEPOIS),3,sousmile antes e depois,1612,4907
9Jt4U0uhd_U,SOUSMILE FUNCIONA? APARELHO INVISÍVEL VALE A PENA?No meio do TRATAMENTO O QUE MUDOU?(ANTES E DEPOIS),4,sou smile,1212,3996
9Jt4U0uhd_U,SOUSMILE FUNCIONA? APARELHO INVISÍVEL VALE A PENA?No meio do TRATAMENTO O QUE MUDOU?(ANTES E DEPOIS),5,aparelho invisivel,659,1845
9Jt4U0uhd_U,SOUSMILE FUNCIONA? APARELHO INVISÍVEL VALE A PENA?No meio do TRATAMENTO O QUE MUDOU?(ANTES E DEPOIS),6,aparelho sousmile,170,552
9Jt4U0uhd_U,SOUSMILE FUNCIONA? APARELHO INVISÍVEL VALE A PENA?No meio do TRATAMENTO O QUE MUDOU?(ANTES E DEPOIS),7,smilink,146,420
9Jt4U0uhd_U,SOUSMILE FUNCIONA? APARELHO INVISÍVEL VALE A PENA?No meio do TRATAMENTO O QUE MUDOU?(ANTES E DEPOIS),8,be smile funciona,128,89
9Jt4U0uhd_U,SOUSMILE FUNCIONA? APARELHO INVISÍVEL VALE A PENA?No meio do TRATAMENTO O QUE MUDOU?(ANTES E DEPOIS),9,sousmile preço,128,478
9Jt4U0uhd_U,SOUSMILE FUNCIONA? APARELHO INVISÍVEL VALE A PENA?No meio do TRATAMENTO O QUE MUDOU?(ANTES E DEPOIS),10,smilink antes e depois,123,279
9Jt4U0uhd_U,SOUSMILE FUNCIONA? APARELHO INVISÍVEL VALE A PENA?No meio do TRATAMENTO O QUE MUDOU?(ANTES E DEPOIS),11,aparelho invisivel antes e depois,117,305
9Jt4U0uhd_U,SOUSMILE FUNCIONA? APARELHO INVISÍVEL VALE A PENA?No meio do TRATAMENTO O QUE MUDOU?(ANTES E DEPOIS),12,aparelho invisível,115,307
9Jt4U0uhd_U,SOUSMILE FUNCIONA? APARELHO INVISÍVEL VALE A PENA?No meio do TRATAMENTO O QUE MUDOU?(ANTES E DEPOIS),13,alinhadores invisiveis,71,276
9Jt4U0uhd_U,SOUSMILE FUNCIONA? APARELHO INVISÍVEL VALE A PENA?No meio do TRATAMENTO O QUE MUDOU?(ANTES E DEPOIS),14,aparelho transparente,64,198
9Jt4U0uhd_U,SOUSMILE FUNCIONA? APARELHO INVISÍVEL VALE A PENA?No meio do TRATAMENTO O QUE MUDOU?(ANTES E DEPOIS),15,invisalign antes e depois,45,79
9Jt4U0uhd_U,SOUSMILE FUNCIONA? APARELHO INVISÍVEL VALE A PENA?No meio do TRATAMENTO O QUE MUDOU?(ANTES E DEPOIS),16,aparelho transparente funciona,26,61
9Jt4U0uhd_U,SOUSMILE FUNCIONA? APARELHO INVISÍVEL VALE A PENA?No meio do TRATAMENTO O QUE MUDOU?(ANTES E DEPOIS),17,investir e coçar,18,53
9Jt4U0uhd_U,SOUSMILE FUNCIONA? APARELHO INVISÍVEL VALE A PENA?No meio do TRATAMENTO O QUE MUDOU?(ANTES E DEPOIS),18,smilink funciona mesmo,17,47
9Jt4U0uhd_U,SOUSMILE FUNCIONA? APARELHO INVISÍVEL VALE A PENA?No meio do TRATAMENTO O QUE MUDOU?(ANTES E DEPOIS),19,sousmile vale a pena,17,73
9Jt4U0uhd_U,SOUSMILE FUNCIONA? APARELHO INVISÍVEL VALE A PENA?No meio do TRATAMENTO O QUE MUDOU?(ANTES E DEPOIS),20,sousmile valor,17,53
9Jt4U0uhd_U,SOUSMILE FUNCIONA? APARELHO INVISÍVEL VALE A PENA?No meio do TRATAMENTO O QUE MUDOU?(ANTES E DEPOIS),21,investir e coçar é só começar,14,46
9Jt4U0uhd_U,SOUSMILE FUNCIONA? APARELHO INVISÍVEL VALE A PENA?No meio do TRATAMENTO O QUE MUDOU?(ANTES E DEPOIS),22,antes e depois do aparelho,12,9
9Jt4U0uhd_U,SOUSMILE FUNCIONA? APARELHO INVISÍVEL VALE A PENA?No meio do TRATAMENTO O QUE MUDOU?(ANTES E DEPOIS),23,invisalign ou sousmile,9,32
9Jt4U0uhd_U,SOUSMILE FUNCIONA? APARELHO INVISÍVEL VALE A PENA?No meio do TRATAMENTO O QUE MUDOU?(ANTES E DEPOIS),24,aparelho invisível funciona,8,15
9Jt4U0uhd_U,SOUSMILE FUNCIONA? APARELHO INVISÍVEL VALE A PENA?No meio do TRATAMENTO O QUE MUDOU?(ANTES E DEPOIS),25,aparelho,7,8
ce854DDtEaw,BANCO NEXT VS. BANCO INTER: INTER ou NEXT? NEXT é bom? Banco INTER vale a pena? Melhor conta digital,1,banco next,1683,8267
ce854DDtEaw,BANCO NEXT VS. BANCO INTER: INTER ou NEXT? NEXT é bom? Banco INTER vale a pena? Melhor conta digital,2,banco inter,800,3875
ce854DDtEaw,BANCO NEXT VS. BANCO INTER: INTER ou NEXT? NEXT é bom? Banco INTER vale a pena? Melhor conta digital,3,next ou inter,665,3236
ce854DDtEaw,BANCO NEXT VS. BANCO INTER: INTER ou NEXT? NEXT é bom? Banco INTER vale a pena? Melhor conta digital,4,banco inter ou next,326,1636
ce854DDtEaw,BANCO NEXT VS. BANCO INTER: INTER ou NEXT? NEXT é bom? Banco INTER vale a pena? Melhor conta digital,5,banco next vale a pena,256,1344
ce854DDtEaw,BANCO NEXT VS. BANCO INTER: INTER ou NEXT? NEXT é bom? Banco INTER vale a pena? Melhor conta digital,6,next,256,1225
ce854DDtEaw,BANCO NEXT VS. BANCO INTER: INTER ou NEXT? NEXT é bom? Banco INTER vale a pena? Melhor conta digital,7,banco inter é bom,100,503
ce854DDtEaw,BANCO NEXT VS. BANCO INTER: INTER ou NEXT? NEXT é bom? Banco INTER vale a pena? Melhor conta digital,8,inter ou next,92,463
ce854DDtEaw,BANCO NEXT VS. BANCO INTER: INTER ou NEXT? NEXT é bom? Banco INTER vale a pena? Melhor conta digital,9,next banco,91,431
ce854DDtEaw,BANCO NEXT VS. BANCO INTER: INTER ou NEXT? NEXT é bom? Banco INTER vale a pena? Melhor conta digital,10,next vs inter,68,349
ce854DDtEaw,BANCO NEXT VS. BANCO INTER: INTER ou NEXT? NEXT é bom? Banco INTER vale a pena? Melhor conta digital,11,inter,56,226
ce854DDtEaw,BANCO NEXT VS. BANCO INTER: INTER ou NEXT? NEXT é bom? Banco INTER vale a pena? Melhor conta digital,12,banco inter vale a pena,53,269
ce854DDtEaw,BANCO NEXT VS. BANCO INTER: INTER ou NEXT? NEXT é bom? Banco INTER vale a pena? Melhor conta digital,13,conta next,45,219
ce854DDtEaw,BANCO NEXT VS. BANCO INTER: INTER ou NEXT? NEXT é bom? Banco INTER vale a pena? Melhor conta digital,14,melhor banco digital,42,175
ce854DDtEaw,BANCO NEXT VS. BANCO INTER: INTER ou NEXT? NEXT é bom? Banco INTER vale a pena? Melhor conta digital,15,next ou nubank,34,164
ce854DDtEaw,BANCO NEXT VS. BANCO INTER: INTER ou NEXT? NEXT é bom? Banco INTER vale a pena? Melhor conta digital,16,cartao next,30,139
ce854DDtEaw,BANCO NEXT VS. BANCO INTER: INTER ou NEXT? NEXT é bom? Banco INTER vale a pena? Melhor conta digital,17,cartão next,30,129
ce854DDtEaw,BANCO NEXT VS. BANCO INTER: INTER ou NEXT? NEXT é bom? Banco INTER vale a pena? Melhor conta digital,18,investir e coçar é só começar,29,126
ce854DDtEaw,BANCO NEXT VS. BANCO INTER: INTER ou NEXT? NEXT é bom? Banco INTER vale a pena? Melhor conta digital,19,qual o melhor banco digital,29,144
ce854DDtEaw,BANCO NEXT VS. BANCO INTER: INTER ou NEXT? NEXT é bom? Banco INTER vale a pena? Melhor conta digital,20,inter banco,26,101
ce854DDtEaw,BANCO NEXT VS. BANCO INTER: INTER ou NEXT? NEXT é bom? Banco INTER vale a pena? Melhor conta digital,21,qual melhor banco digital,26,135
ce854DDtEaw,BANCO NEXT VS. BANCO INTER: INTER ou NEXT? NEXT é bom? Banco INTER vale a pena? Melhor conta digital,22,melhor banco digital 2020,23,117
ce854DDtEaw,BANCO NEXT VS. BANCO INTER: INTER ou NEXT? NEXT é bom? Banco INTER vale a pena? Melhor conta digital,23,next é bom,21,109
ce854DDtEaw,BANCO NEXT VS. BANCO INTER: INTER ou NEXT? NEXT é bom? Banco INTER vale a pena? Melhor conta digital,24,banco inter 2020,20,104
ce854DDtEaw,BANCO NEXT VS. BANCO INTER: INTER ou NEXT? NEXT é bom? Banco INTER vale a pena? Melhor conta digital,25,conta digital next,18,94
xkpdVMxhp3M,BANCO NEXT. PERGUNTAS E RESPOSTAS DO CARTÃO NEXT.,1,banco next,864,4088
xkpdVMxhp3M,BANCO NEXT. PERGUNTAS E RESPOSTAS DO CARTÃO NEXT.,2,next,682,2600
xkpdVMxhp3M,BANCO NEXT. PERGUNTAS E RESPOSTAS DO CARTÃO NEXT.,3,cartão next,356,1324
xkpdVMxhp3M,BANCO NEXT. PERGUNTAS E RESPOSTAS DO CARTÃO NEXT.,4,cartao next,314,1205
xkpdVMxhp3M,BANCO NEXT. PERGUNTAS E RESPOSTAS DO CARTÃO NEXT.,5,next banco,162,785
xkpdVMxhp3M,BANCO NEXT. PERGUNTAS E RESPOSTAS DO CARTÃO NEXT.,6,cartão de crédito next,79,276
xkpdVMxhp3M,BANCO NEXT. PERGUNTAS E RESPOSTAS DO CARTÃO NEXT.,7,conta next,65,320
xkpdVMxhp3M,BANCO NEXT. PERGUNTAS E RESPOSTAS DO CARTÃO NEXT.,8,banco next vale a pena,63,271
xkpdVMxhp3M,BANCO NEXT. PERGUNTAS E RESPOSTAS DO CARTÃO NEXT.,9,next cartão de credito,61,242
xkpdVMxhp3M,BANCO NEXT. PERGUNTAS E RESPOSTAS DO CARTÃO NEXT.,10,cartao next credito,39,153
xkpdVMxhp3M,BANCO NEXT. PERGUNTAS E RESPOSTAS DO CARTÃO NEXT.,11,como pagar fatura next,32,97
xkpdVMxhp3M,BANCO NEXT. PERGUNTAS E RESPOSTAS DO CARTÃO NEXT.,12,banco next cartao de credito,31,144
xkpdVMxhp3M,BANCO NEXT. PERGUNTAS E RESPOSTAS DO CARTÃO NEXT.,13,cartao next tem aproximação,26,93
xkpdVMxhp3M,BANCO NEXT. PERGUNTAS E RESPOSTAS DO CARTÃO NEXT.,14,como depositar dinheiro no next,26,110
xkpdVMxhp3M,BANCO NEXT. PERGUNTAS E RESPOSTAS DO CARTÃO NEXT.,15,cartão virtual next,22,67
xkpdVMxhp3M,BANCO NEXT. PERGUNTAS E RESPOSTAS DO CARTÃO NEXT.,16,conta digital next,22,105
xkpdVMxhp3M,BANCO NEXT. PERGUNTAS E RESPOSTAS DO CARTÃO NEXT.,17,next investimento,22,90
xkpdVMxhp3M,BANCO NEXT. PERGUNTAS E RESPOSTAS DO CARTÃO NEXT.,18,next cartao,20,87
xkpdVMxhp3M,BANCO NEXT. PERGUNTAS E RESPOSTAS DO CARTÃO NEXT.,19,banco next propaganda,19,79
xkpdVMxhp3M,BANCO NEXT. PERGUNTAS E RESPOSTAS DO CARTÃO NEXT.,20,cartão next credito,17,74
xkpdVMxhp3M,BANCO NEXT. PERGUNTAS E RESPOSTAS DO CARTÃO NEXT.,21,#next,13,20
xkpdVMxhp3M,BANCO NEXT. PERGUNTAS E RESPOSTAS DO CARTÃO NEXT.,22,cartao next debito,13,52
xkpdVMxhp3M,BANCO NEXT. PERGUNTAS E RESPOSTAS DO CARTÃO NEXT.,23,cartão next tem anuidade,13,57
xkpdVMxhp3M,BANCO NEXT. PERGUNTAS E RESPOSTAS DO CARTÃO NEXT.,24,cartao de credito next,12,38
xkpdVMxhp3M,BANCO NEXT. PERGUNTAS E RESPOSTAS DO CARTÃO NEXT.,25,como depositar no next,12,43
5tWGjeYE1Ys,"PICPAY MUDA REGRA, VALE A PENA INVESTIR AGORA?",1,picpay,6349,19024
5tWGjeYE1Ys,"PICPAY MUDA REGRA, VALE A PENA INVESTIR AGORA?",2,rendimento picpay,469,1859
5tWGjeYE1Ys,"PICPAY MUDA REGRA, VALE A PENA INVESTIR AGORA?",3,picpay rendimento,323,1168
5tWGjeYE1Ys,"PICPAY MUDA REGRA, VALE A PENA INVESTIR AGORA?",4,pic pay,318,1095
5tWGjeYE1Ys,"PICPAY MUDA REGRA, VALE A PENA INVESTIR AGORA?",5,investir no picpay vale a pena,238,801
5tWGjeYE1Ys,"PICPAY MUDA REGRA, VALE A PENA INVESTIR AGORA?",6,vale a pena investir no picpay,186,571
5tWGjeYE1Ys,"PICPAY MUDA REGRA, VALE A PENA INVESTIR AGORA?",7,como investir no picpay,185,576
5tWGjeYE1Ys,"PICPAY MUDA REGRA, VALE A PENA INVESTIR AGORA?",8,picpay vale a pena,157,503
5tWGjeYE1Ys,"PICPAY MUDA REGRA, VALE A PENA INVESTIR AGORA?",9,picpay como funciona,98,355
5tWGjeYE1Ys,"PICPAY MUDA REGRA, VALE A PENA INVESTIR AGORA?",10,como fazer o dinheiro render no picpay,92,338
5tWGjeYE1Ys,"PICPAY MUDA REGRA, VALE A PENA INVESTIR AGORA?",11,cartão picpay,89,259
5tWGjeYE1Ys,"PICPAY MUDA REGRA, VALE A PENA INVESTIR AGORA?",12,investir no picpay,78,294
5tWGjeYE1Ys,"PICPAY MUDA REGRA, VALE A PENA INVESTIR AGORA?",13,investimento picpay,73,200
5tWGjeYE1Ys,"PICPAY MUDA REGRA, VALE A PENA INVESTIR AGORA?",14,conta picpay,63,228
5tWGjeYE1Ys,"PICPAY MUDA REGRA, VALE A PENA INVESTIR AGORA?",15,como funciona o picpay,59,230
5tWGjeYE1Ys,"PICPAY MUDA REGRA, VALE A PENA INVESTIR AGORA?",16,como render dinheiro no picpay,53,191
5tWGjeYE1Ys,"PICPAY MUDA REGRA, VALE A PENA INVESTIR AGORA?",17,cdi picpay,49,142
5tWGjeYE1Ys,"PICPAY MUDA REGRA, VALE A PENA INVESTIR AGORA?",18,nubank,46,104
5tWGjeYE1Ys,"PICPAY MUDA REGRA, VALE A PENA INVESTIR AGORA?",19,como funciona o rendimento do picpay,45,180
5tWGjeYE1Ys,"PICPAY MUDA REGRA, VALE A PENA INVESTIR AGORA?",20,como investir no picpay 2022,45,187
5tWGjeYE1Ys,"PICPAY MUDA REGRA, VALE A PENA INVESTIR AGORA?",21,cripto picpay,44,72
5tWGjeYE1Ys,"PICPAY MUDA REGRA, VALE A PENA INVESTIR AGORA?",22,picpay parou de render,44,149
5tWGjeYE1Ys,"PICPAY MUDA REGRA, VALE A PENA INVESTIR AGORA?",23,picpay não está rendendo,39,117
5tWGjeYE1Ys,"PICPAY MUDA REGRA, VALE A PENA INVESTIR AGORA?",24,rendimentos picpay,37,158
5tWGjeYE1Ys,"PICPAY MUDA REGRA, VALE A PENA INVESTIR AGORA?",25,picpay investimento,36,140
VWXBzC6-_L0,TRABALHADOR poderá usar até 50% do FGTS em PRIVATIZAÇÃO da ELETROBRÁS (ELET3;ELET6),1,fgts eletrobras,1902,7328
VWXBzC6-_L0,TRABALHADOR poderá usar até 50% do FGTS em PRIVATIZAÇÃO da ELETROBRÁS (ELET3;ELET6),2,eletrobras fgts,811,3140
VWXBzC6-_L0,TRABALHADOR poderá usar até 50% do FGTS em PRIVATIZAÇÃO da ELETROBRÁS (ELET3;ELET6),3,fmp fgts eletrobras,501,2097
VWXBzC6-_L0,TRABALHADOR poderá usar até 50% do FGTS em PRIVATIZAÇÃO da ELETROBRÁS (ELET3;ELET6),4,fmp eletrobras,343,1444
VWXBzC6-_L0,TRABALHADOR poderá usar até 50% do FGTS em PRIVATIZAÇÃO da ELETROBRÁS (ELET3;ELET6),5,fgts,337,785
VWXBzC6-_L0,TRABALHADOR poderá usar até 50% do FGTS em PRIVATIZAÇÃO da ELETROBRÁS (ELET3;ELET6),6,eletrobras,309,1121
VWXBzC6-_L0,TRABALHADOR poderá usar até 50% do FGTS em PRIVATIZAÇÃO da ELETROBRÁS (ELET3;ELET6),7,eletrobras vale a pena,261,1075
VWXBzC6-_L0,TRABALHADOR poderá usar até 50% do FGTS em PRIVATIZAÇÃO da ELETROBRÁS (ELET3;ELET6),8,ações eletrobras,209,733
VWXBzC6-_L0,TRABALHADOR poderá usar até 50% do FGTS em PRIVATIZAÇÃO da ELETROBRÁS (ELET3;ELET6),9,acoes eletrobras fgts,155,633
VWXBzC6-_L0,TRABALHADOR poderá usar até 50% do FGTS em PRIVATIZAÇÃO da ELETROBRÁS (ELET3;ELET6),10,fgts eletrobras vale a pena,153,663
VWXBzC6-_L0,TRABALHADOR poderá usar até 50% do FGTS em PRIVATIZAÇÃO da ELETROBRÁS (ELET3;ELET6),11,elet3,150,674
VWXBzC6-_L0,TRABALHADOR poderá usar até 50% do FGTS em PRIVATIZAÇÃO da ELETROBRÁS (ELET3;ELET6),12,eletrobras privatização fgts,108,529
VWXBzC6-_L0,TRABALHADOR poderá usar até 50% do FGTS em PRIVATIZAÇÃO da ELETROBRÁS (ELET3;ELET6),13,fmp eletrobras vale a pena,97,378
VWXBzC6-_L0,TRABALHADOR poderá usar até 50% do FGTS em PRIVATIZAÇÃO da ELETROBRÁS (ELET3;ELET6),14,fundo mutuo de privatização,94,429
VWXBzC6-_L0,TRABALHADOR poderá usar até 50% do FGTS em PRIVATIZAÇÃO da ELETROBRÁS (ELET3;ELET6),15,ações da eletrobras,82,324
VWXBzC6-_L0,TRABALHADOR poderá usar até 50% do FGTS em PRIVATIZAÇÃO da ELETROBRÁS (ELET3;ELET6),16,elet6,77,309
VWXBzC6-_L0,TRABALHADOR poderá usar até 50% do FGTS em PRIVATIZAÇÃO da ELETROBRÁS (ELET3;ELET6),17,fundo mutuo de privatização eletrobras,70,308
VWXBzC6-_L0,TRABALHADOR poderá usar até 50% do FGTS em PRIVATIZAÇÃO da ELETROBRÁS (ELET3;ELET6),18,vale a pena investir na eletrobras,64,231
VWXBzC6-_L0,TRABALHADOR poderá usar até 50% do FGTS em PRIVATIZAÇÃO da ELETROBRÁS (ELET3;ELET6),19,acoes eletrobras vale a pena,59,183
VWXBzC6-_L0,TRABALHADOR poderá usar até 50% do FGTS em PRIVATIZAÇÃO da ELETROBRÁS (ELET3;ELET6),20,como comprar ações da eletrobras,57,176
VWXBzC6-_L0,TRABALHADOR poderá usar até 50% do FGTS em PRIVATIZAÇÃO da ELETROBRÁS (ELET3;ELET6),21,fundo eletrobras,57,233
VWXBzC6-_L0,TRABALHADOR poderá usar até 50% do FGTS em PRIVATIZAÇÃO da ELETROBRÁS (ELET3;ELET6),22,fmp petrobras,56,240
VWXBzC6-_L0,TRABALHADOR poderá usar até 50% do FGTS em PRIVATIZAÇÃO da ELETROBRÁS (ELET3;ELET6),23,acoes da eletrobras com fgts,55,239
VWXBzC6-_L0,TRABALHADOR poderá usar até 50% do FGTS em PRIVATIZAÇÃO da ELETROBRÁS (ELET3;ELET6),24,investir fgts,55,185
VWXBzC6-_L0,TRABALHADOR poderá usar até 50% do FGTS em PRIVATIZAÇÃO da ELETROBRÁS (ELET3;ELET6),25,como investir fgts na eletrobras,54,179
oy4WKglYcjc,COMO CALCULAR O PREÇO MÉDIO? O QUE É PREÇO MÉDIO DE UMA AÇÃO NA BOLSA DE VALORES?,1,como calcular preço medio de ação,202,302
oy4WKglYcjc,COMO CALCULAR O PREÇO MÉDIO? O QUE É PREÇO MÉDIO DE UMA AÇÃO NA BOLSA DE VALORES?,2,como calcular o preço medio das ações,117,171
oy4WKglYcjc,COMO CALCULAR O PREÇO MÉDIO? O QUE É PREÇO MÉDIO DE UMA AÇÃO NA BOLSA DE VALORES?,3,preço medio ações,105,125
oy4WKglYcjc,COMO CALCULAR O PREÇO MÉDIO? O QUE É PREÇO MÉDIO DE UMA AÇÃO NA BOLSA DE VALORES?,4,como calcular o preço médio de uma ação,44,69
oy4WKglYcjc,COMO CALCULAR O PREÇO MÉDIO? O QUE É PREÇO MÉDIO DE UMA AÇÃO NA BOLSA DE VALORES?,5,como calcular preco medio acoes,42,53
oy4WKglYcjc,COMO CALCULAR O PREÇO MÉDIO? O QUE É PREÇO MÉDIO DE UMA AÇÃO NA BOLSA DE VALORES?,6,preço médio,33,44
oy4WKglYcjc,COMO CALCULAR O PREÇO MÉDIO? O QUE É PREÇO MÉDIO DE UMA AÇÃO NA BOLSA DE VALORES?,7,calcular preço medio de ações,28,34
oy4WKglYcjc,COMO CALCULAR O PREÇO MÉDIO? O QUE É PREÇO MÉDIO DE UMA AÇÃO NA BOLSA DE VALORES?,8,preço médio de ações,24,27
oy4WKglYcjc,COMO CALCULAR O PREÇO MÉDIO? O QUE É PREÇO MÉDIO DE UMA AÇÃO NA BOLSA DE VALORES?,9,calcular preco medio de acao,18,29
oy4WKglYcjc,COMO CALCULAR O PREÇO MÉDIO? O QUE É PREÇO MÉDIO DE UMA AÇÃO NA BOLSA DE VALORES?,10,investir e coçar é só começar,15,16
oy4WKglYcjc,COMO CALCULAR O PREÇO MÉDIO? O QUE É PREÇO MÉDIO DE UMA AÇÃO NA BOLSA DE VALORES?,11,como calcular preço médio de ações,12,19
oy4WKglYcjc,COMO CALCULAR O PREÇO MÉDIO? O QUE É PREÇO MÉDIO DE UMA AÇÃO NA BOLSA DE VALORES?,12,preço medio,9,14
oy4WKglYcjc,COMO CALCULAR O PREÇO MÉDIO? O QUE É PREÇO MÉDIO DE UMA AÇÃO NA BOLSA DE VALORES?,13,como calcular preço medio,5,9
oy4WKglYcjc,COMO CALCULAR O PREÇO MÉDIO? O QUE É PREÇO MÉDIO DE UMA AÇÃO NA BOLSA DE VALORES?,14,preco medio,4,2
oy4WKglYcjc,COMO CALCULAR O PREÇO MÉDIO? O QUE É PREÇO MÉDIO DE UMA AÇÃO NA BOLSA DE VALORES?,15,mercado hoje bolsa,3,0
oy4WKglYcjc,COMO CALCULAR O PREÇO MÉDIO? O QUE É PREÇO MÉDIO DE UMA AÇÃO NA BOLSA DE VALORES?,16,preco medio na pratica,3,3
oy4WKglYcjc,COMO CALCULAR O PREÇO MÉDIO? O QUE É PREÇO MÉDIO DE UMA AÇÃO NA BOLSA DE VALORES?,17,calculo do preço médio de ações,2,1
oy4WKglYcjc,COMO CALCULAR O PREÇO MÉDIO? O QUE É PREÇO MÉDIO DE UMA AÇÃO NA BOLSA DE VALORES?,18,calculo preco medio de acoes,2,2
oy4WKglYcjc,COMO CALCULAR O PREÇO MÉDIO? O QUE É PREÇO MÉDIO DE UMA AÇÃO NA BOLSA DE VALORES?,19,o que é preço médio de uma ação,2,3
oy4WKglYcjc,COMO CALCULAR O PREÇO MÉDIO? O QUE É PREÇO MÉDIO DE UMA AÇÃO NA BOLSA DE VALORES?,20,amob3 vale a pena,1,1
oy4WKglYcjc,COMO CALCULAR O PREÇO MÉDIO? O QUE É PREÇO MÉDIO DE UMA AÇÃO NA BOLSA DE VALORES?,21,ações,1,1
oy4WKglYcjc,COMO CALCULAR O PREÇO MÉDIO? O QUE É PREÇO MÉDIO DE UMA AÇÃO NA BOLSA DE VALORES?,22,banco inter,1,0
oy4WKglYcjc,COMO CALCULAR O PREÇO MÉDIO? O QUE É PREÇO MÉDIO DE UMA AÇÃO NA BOLSA DE VALORES?,23,calculo preço medio ações,1,0
oy4WKglYcjc,COMO CALCULAR O PREÇO MÉDIO? O QUE É PREÇO MÉDIO DE UMA AÇÃO NA BOLSA DE VALORES?,24,como calcular preco de produto,1,1
oy4WKglYcjc,COMO CALCULAR O PREÇO MÉDIO? O QUE É PREÇO MÉDIO DE UMA AÇÃO NA BOLSA DE VALORES?,25,como calcular preço médio de ações para imposto de renda,1,1
PoY4WqA1k5Q,RECESSÃO GLOBAL ECONÔMICA 2023 VAI PEGAR TODO MUNDO!,1,crise financeira 2023,449,2303
PoY4WqA1k5Q,RECESSÃO GLOBAL ECONÔMICA 2023 VAI PEGAR TODO MUNDO!,2,recessão 2023,406,2486
PoY4WqA1k5Q,RECESSÃO GLOBAL ECONÔMICA 2023 VAI PEGAR TODO MUNDO!,3,crise mundial 2023,270,1156
PoY4WqA1k5Q,RECESSÃO GLOBAL ECONÔMICA 2023 VAI PEGAR TODO MUNDO!,4,mercado financeiro,187,1012
PoY4WqA1k5Q,RECESSÃO GLOBAL ECONÔMICA 2023 VAI PEGAR TODO MUNDO!,5,crise mundial,171,719
PoY4WqA1k5Q,RECESSÃO GLOBAL ECONÔMICA 2023 VAI PEGAR TODO MUNDO!,6,colapso mundial,170,351
PoY4WqA1k5Q,RECESSÃO GLOBAL ECONÔMICA 2023 VAI PEGAR TODO MUNDO!,7,crise econômica mundial 2023,169,732
PoY4WqA1k5Q,RECESSÃO GLOBAL ECONÔMICA 2023 VAI PEGAR TODO MUNDO!,8,crise 2023,161,746
PoY4WqA1k5Q,RECESSÃO GLOBAL ECONÔMICA 2023 VAI PEGAR TODO MUNDO!,9,economia 2023,133,643
PoY4WqA1k5Q,RECESSÃO GLOBAL ECONÔMICA 2023 VAI PEGAR TODO MUNDO!,10,crise economica 2023,132,612
PoY4WqA1k5Q,RECESSÃO GLOBAL ECONÔMICA 2023 VAI PEGAR TODO MUNDO!,11,reset mundial,119,257
PoY4WqA1k5Q,RECESSÃO GLOBAL ECONÔMICA 2023 VAI PEGAR TODO MUNDO!,12,o grande reset,109,247
PoY4WqA1k5Q,RECESSÃO GLOBAL ECONÔMICA 2023 VAI PEGAR TODO MUNDO!,13,colapso financeiro 2023,106,545
PoY4WqA1k5Q,RECESSÃO GLOBAL ECONÔMICA 2023 VAI PEGAR TODO MUNDO!,14,crise financeira,101,446
PoY4WqA1k5Q,RECESSÃO GLOBAL ECONÔMICA 2023 VAI PEGAR TODO MUNDO!,15,recessao global,93,523
PoY4WqA1k5Q,RECESSÃO GLOBAL ECONÔMICA 2023 VAI PEGAR TODO MUNDO!,16,economia mundial 2023,85,418
PoY4WqA1k5Q,RECESSÃO GLOBAL ECONÔMICA 2023 VAI PEGAR TODO MUNDO!,17,crise bancaria eua,75,512
PoY4WqA1k5Q,RECESSÃO GLOBAL ECONÔMICA 2023 VAI PEGAR TODO MUNDO!,18,crise bancaria 2023,74,289
PoY4WqA1k5Q,RECESSÃO GLOBAL ECONÔMICA 2023 VAI PEGAR TODO MUNDO!,19,banco quebra nos eua,70,403
PoY4WqA1k5Q,RECESSÃO GLOBAL ECONÔMICA 2023 VAI PEGAR TODO MUNDO!,20,banco vale do silicio,66,322
PoY4WqA1k5Q,RECESSÃO GLOBAL ECONÔMICA 2023 VAI PEGAR TODO MUNDO!,21,crise economica,54,234
PoY4WqA1k5Q,RECESSÃO GLOBAL ECONÔMICA 2023 VAI PEGAR TODO MUNDO!,22,crise global 2023,54,218
PoY4WqA1k5Q,RECESSÃO GLOBAL ECONÔMICA 2023 VAI PEGAR TODO MUNDO!,23,recessão global,53,319
PoY4WqA1k5Q,RECESSÃO GLOBAL ECONÔMICA 2023 VAI PEGAR TODO MUNDO!,24,investimento,52,342
PoY4WqA1k5Q,RECESSÃO GLOBAL ECONÔMICA 2023 VAI PEGAR TODO MUNDO!,25,bancos quebrando,50,214
YxLzaSN2a1M,"🟡 ETF de BITCOIN (BTC) no BRASIL,VALE a PENA?(🟢VANTAGENS e 🛑DESVANTAGENS)",1,etf bitcoin,2443,13626
YxLzaSN2a1M,"🟡 ETF de BITCOIN (BTC) no BRASIL,VALE a PENA?(🟢VANTAGENS e 🛑DESVANTAGENS)",2,etf de bitcoin,801,4322
YxLzaSN2a1M,"🟡 ETF de BITCOIN (BTC) no BRASIL,VALE a PENA?(🟢VANTAGENS e 🛑DESVANTAGENS)",3,hash11,383,2286
YxLzaSN2a1M,"🟡 ETF de BITCOIN (BTC) no BRASIL,VALE a PENA?(🟢VANTAGENS e 🛑DESVANTAGENS)",4,qbtc11,330,2160
YxLzaSN2a1M,"🟡 ETF de BITCOIN (BTC) no BRASIL,VALE a PENA?(🟢VANTAGENS e 🛑DESVANTAGENS)",5,bith11,239,1315
YxLzaSN2a1M,"🟡 ETF de BITCOIN (BTC) no BRASIL,VALE a PENA?(🟢VANTAGENS e 🛑DESVANTAGENS)",6,etf de criptomoedas,214,1164
YxLzaSN2a1M,"🟡 ETF de BITCOIN (BTC) no BRASIL,VALE a PENA?(🟢VANTAGENS e 🛑DESVANTAGENS)",7,etf criptomoedas,200,1139
YxLzaSN2a1M,"🟡 ETF de BITCOIN (BTC) no BRASIL,VALE a PENA?(🟢VANTAGENS e 🛑DESVANTAGENS)",8,bitcoin etf,115,584
YxLzaSN2a1M,"🟡 ETF de BITCOIN (BTC) no BRASIL,VALE a PENA?(🟢VANTAGENS e 🛑DESVANTAGENS)",9,hash11 vale a pena,103,573
YxLzaSN2a1M,"🟡 ETF de BITCOIN (BTC) no BRASIL,VALE a PENA?(🟢VANTAGENS e 🛑DESVANTAGENS)",10,etfs de bitcoin,98,404
YxLzaSN2a1M,"🟡 ETF de BITCOIN (BTC) no BRASIL,VALE a PENA?(🟢VANTAGENS e 🛑DESVANTAGENS)",11,o que é etf de bitcoin,97,404
YxLzaSN2a1M,"🟡 ETF de BITCOIN (BTC) no BRASIL,VALE a PENA?(🟢VANTAGENS e 🛑DESVANTAGENS)",12,qbtc11 vale a pena,71,447
YxLzaSN2a1M,"🟡 ETF de BITCOIN (BTC) no BRASIL,VALE a PENA?(🟢VANTAGENS e 🛑DESVANTAGENS)",13,como comprar etf de bitcoin,64,328
YxLzaSN2a1M,"🟡 ETF de BITCOIN (BTC) no BRASIL,VALE a PENA?(🟢VANTAGENS e 🛑DESVANTAGENS)",14,ibit39,63,366
YxLzaSN2a1M,"🟡 ETF de BITCOIN (BTC) no BRASIL,VALE a PENA?(🟢VANTAGENS e 🛑DESVANTAGENS)",15,ibit etf,38,150
YxLzaSN2a1M,"🟡 ETF de BITCOIN (BTC) no BRASIL,VALE a PENA?(🟢VANTAGENS e 🛑DESVANTAGENS)",16,bith11 vale a pena,31,182
YxLzaSN2a1M,"🟡 ETF de BITCOIN (BTC) no BRASIL,VALE a PENA?(🟢VANTAGENS e 🛑DESVANTAGENS)",17,coin11,30,115
YxLzaSN2a1M,"🟡 ETF de BITCOIN (BTC) no BRASIL,VALE a PENA?(🟢VANTAGENS e 🛑DESVANTAGENS)",18,itaú index bitcoin usd ações,25,111
YxLzaSN2a1M,"🟡 ETF de BITCOIN (BTC) no BRASIL,VALE a PENA?(🟢VANTAGENS e 🛑DESVANTAGENS)",19,bitcoin hoje,24,66
YxLzaSN2a1M,"🟡 ETF de BITCOIN (BTC) no BRASIL,VALE a PENA?(🟢VANTAGENS e 🛑DESVANTAGENS)",20,etfs de criptomoedas,23,100
YxLzaSN2a1M,"🟡 ETF de BITCOIN (BTC) no BRASIL,VALE a PENA?(🟢VANTAGENS e 🛑DESVANTAGENS)",21,etf de bitcoin vale a pena,20,147
YxLzaSN2a1M,"🟡 ETF de BITCOIN (BTC) no BRASIL,VALE a PENA?(🟢VANTAGENS e 🛑DESVANTAGENS)",22,bitcoin,19,75
YxLzaSN2a1M,"🟡 ETF de BITCOIN (BTC) no BRASIL,VALE a PENA?(🟢VANTAGENS e 🛑DESVANTAGENS)",23,hashdex bitcoin fic fim,19,65
YxLzaSN2a1M,"🟡 ETF de BITCOIN (BTC) no BRASIL,VALE a PENA?(🟢VANTAGENS e 🛑DESVANTAGENS)",24,etfs bitcoin,18,92
YxLzaSN2a1M,"🟡 ETF de BITCOIN (BTC) no BRASIL,VALE a PENA?(🟢VANTAGENS e 🛑DESVANTAGENS)",25,etf ethereum,16,61
nSQELM25nU8,IRBR3 LOUISE BARSI REVELA SE VAI SUBSCREVER FOLLOW ON IBR BRASIL (IRBR3)?,1,irbr3,6078,1676
nSQELM25nU8,IRBR3 LOUISE BARSI REVELA SE VAI SUBSCREVER FOLLOW ON IBR BRASIL (IRBR3)?,2,louise barsi,1913,393
nSQELM25nU8,IRBR3 LOUISE BARSI REVELA SE VAI SUBSCREVER FOLLOW ON IBR BRASIL (IRBR3)?,3,irbr3 hoje,1141,335
nSQELM25nU8,IRBR3 LOUISE BARSI REVELA SE VAI SUBSCREVER FOLLOW ON IBR BRASIL (IRBR3)?,4,barsi,1085,187
nSQELM25nU8,IRBR3 LOUISE BARSI REVELA SE VAI SUBSCREVER FOLLOW ON IBR BRASIL (IRBR3)?,5,irbr3 vale a pena,483,154
nSQELM25nU8,IRBR3 LOUISE BARSI REVELA SE VAI SUBSCREVER FOLLOW ON IBR BRASIL (IRBR3)?,6,irb,277,78
nSQELM25nU8,IRBR3 LOUISE BARSI REVELA SE VAI SUBSCREVER FOLLOW ON IBR BRASIL (IRBR3)?,7,irbr,176,66
nSQELM25nU8,IRBR3 LOUISE BARSI REVELA SE VAI SUBSCREVER FOLLOW ON IBR BRASIL (IRBR3)?,8,irbr3 barsi,159,45
nSQELM25nU8,IRBR3 LOUISE BARSI REVELA SE VAI SUBSCREVER FOLLOW ON IBR BRASIL (IRBR3)?,9,irb brasil,135,43
nSQELM25nU8,IRBR3 LOUISE BARSI REVELA SE VAI SUBSCREVER FOLLOW ON IBR BRASIL (IRBR3)?,10,barsi irbr3,101,37
nSQELM25nU8,IRBR3 LOUISE BARSI REVELA SE VAI SUBSCREVER FOLLOW ON IBR BRASIL (IRBR3)?,11,luiz barsi,76,13
nSQELM25nU8,IRBR3 LOUISE BARSI REVELA SE VAI SUBSCREVER FOLLOW ON IBR BRASIL (IRBR3)?,12,irb brasil ações vale a pena,57,16
nSQELM25nU8,IRBR3 LOUISE BARSI REVELA SE VAI SUBSCREVER FOLLOW ON IBR BRASIL (IRBR3)?,13,ações irbr3,44,15
nSQELM25nU8,IRBR3 LOUISE BARSI REVELA SE VAI SUBSCREVER FOLLOW ON IBR BRASIL (IRBR3)?,14,barsi investidor,44,14
nSQELM25nU8,IRBR3 LOUISE BARSI REVELA SE VAI SUBSCREVER FOLLOW ON IBR BRASIL (IRBR3)?,15,irbr3 hoje noticias,44,13
nSQELM25nU8,IRBR3 LOUISE BARSI REVELA SE VAI SUBSCREVER FOLLOW ON IBR BRASIL (IRBR3)?,16,louise barsi irbr3,43,9
nSQELM25nU8,IRBR3 LOUISE BARSI REVELA SE VAI SUBSCREVER FOLLOW ON IBR BRASIL (IRBR3)?,17,luiz barsi irbr3,19,8
nSQELM25nU8,IRBR3 LOUISE BARSI REVELA SE VAI SUBSCREVER FOLLOW ON IBR BRASIL (IRBR3)?,18,ibr,17,5
nSQELM25nU8,IRBR3 LOUISE BARSI REVELA SE VAI SUBSCREVER FOLLOW ON IBR BRASIL (IRBR3)?,19,follow on,16,2
nSQELM25nU8,IRBR3 LOUISE BARSI REVELA SE VAI SUBSCREVER FOLLOW ON IBR BRASIL (IRBR3)?,20,irb barsi,13,3
nSQELM25nU8,IRBR3 LOUISE BARSI REVELA SE VAI SUBSCREVER FOLLOW ON IBR BRASIL (IRBR3)?,21,louise barsi podcast,13,3
nSQELM25nU8,IRBR3 LOUISE BARSI REVELA SE VAI SUBSCREVER FOLLOW ON IBR BRASIL (IRBR3)?,22,irb hoje,11,2
nSQELM25nU8,IRBR3 LOUISE BARSI REVELA SE VAI SUBSCREVER FOLLOW ON IBR BRASIL (IRBR3)?,23,barsi irb,10,2
nSQELM25nU8,IRBR3 LOUISE BARSI REVELA SE VAI SUBSCREVER FOLLOW ON IBR BRASIL (IRBR3)?,24,irbbrasil ações,10,1
nSQELM25nU8,IRBR3 LOUISE BARSI REVELA SE VAI SUBSCREVER FOLLOW ON IBR BRASIL (IRBR3)?,25,acoes irb brasil,8,1
H6uTn-HXTTQ,INVESTIR NA BOLSA DE VALORES: COMO OPERAR NO MERCADO DE AÇÕES SIMULADOR DE BOLSA DE VALORES GRÁTIS!,1,simulador bolsa de valores,600,3308
H6uTn-HXTTQ,INVESTIR NA BOLSA DE VALORES: COMO OPERAR NO MERCADO DE AÇÕES SIMULADOR DE BOLSA DE VALORES GRÁTIS!,2,simulador de bolsa de valores,590,3121
H6uTn-HXTTQ,INVESTIR NA BOLSA DE VALORES: COMO OPERAR NO MERCADO DE AÇÕES SIMULADOR DE BOLSA DE VALORES GRÁTIS!,3,como investir na bolsa de valores,179,988
H6uTn-HXTTQ,INVESTIR NA BOLSA DE VALORES: COMO OPERAR NO MERCADO DE AÇÕES SIMULADOR DE BOLSA DE VALORES GRÁTIS!,4,como operar na bolsa de valores,153,1149
H6uTn-HXTTQ,INVESTIR NA BOLSA DE VALORES: COMO OPERAR NO MERCADO DE AÇÕES SIMULADOR DE BOLSA DE VALORES GRÁTIS!,5,simulador de investimento,126,537
H6uTn-HXTTQ,INVESTIR NA BOLSA DE VALORES: COMO OPERAR NO MERCADO DE AÇÕES SIMULADOR DE BOLSA DE VALORES GRÁTIS!,6,simulador da bolsa de valores,102,751
H6uTn-HXTTQ,INVESTIR NA BOLSA DE VALORES: COMO OPERAR NO MERCADO DE AÇÕES SIMULADOR DE BOLSA DE VALORES GRÁTIS!,7,bolsa de valores,57,260
H6uTn-HXTTQ,INVESTIR NA BOLSA DE VALORES: COMO OPERAR NO MERCADO DE AÇÕES SIMULADOR DE BOLSA DE VALORES GRÁTIS!,8,simulador de investimento na bolsa,56,370
H6uTn-HXTTQ,INVESTIR NA BOLSA DE VALORES: COMO OPERAR NO MERCADO DE AÇÕES SIMULADOR DE BOLSA DE VALORES GRÁTIS!,9,simulador bolsa de valores gratis,55,340
H6uTn-HXTTQ,INVESTIR NA BOLSA DE VALORES: COMO OPERAR NO MERCADO DE AÇÕES SIMULADOR DE BOLSA DE VALORES GRÁTIS!,10,investir na bolsa de valores,34,197
H6uTn-HXTTQ,INVESTIR NA BOLSA DE VALORES: COMO OPERAR NO MERCADO DE AÇÕES SIMULADOR DE BOLSA DE VALORES GRÁTIS!,11,investindo na bolsa de valores,33,164
H6uTn-HXTTQ,INVESTIR NA BOLSA DE VALORES: COMO OPERAR NO MERCADO DE AÇÕES SIMULADOR DE BOLSA DE VALORES GRÁTIS!,12,operando na bolsa de valores,33,216
H6uTn-HXTTQ,INVESTIR NA BOLSA DE VALORES: COMO OPERAR NO MERCADO DE AÇÕES SIMULADOR DE BOLSA DE VALORES GRÁTIS!,13,mercado de ações,29,188
H6uTn-HXTTQ,INVESTIR NA BOLSA DE VALORES: COMO OPERAR NO MERCADO DE AÇÕES SIMULADOR DE BOLSA DE VALORES GRÁTIS!,14,simulador xp investimentos,25,103
H6uTn-HXTTQ,INVESTIR NA BOLSA DE VALORES: COMO OPERAR NO MERCADO DE AÇÕES SIMULADOR DE BOLSA DE VALORES GRÁTIS!,15,simulador day trade gratis,24,135
H6uTn-HXTTQ,INVESTIR NA BOLSA DE VALORES: COMO OPERAR NO MERCADO DE AÇÕES SIMULADOR DE BOLSA DE VALORES GRÁTIS!,16,investimento na bolsa de valores,22,97
H6uTn-HXTTQ,INVESTIR NA BOLSA DE VALORES: COMO OPERAR NO MERCADO DE AÇÕES SIMULADOR DE BOLSA DE VALORES GRÁTIS!,17,bolsa de valores como investir,17,88
H6uTn-HXTTQ,INVESTIR NA BOLSA DE VALORES: COMO OPERAR NO MERCADO DE AÇÕES SIMULADOR DE BOLSA DE VALORES GRÁTIS!,18,jogo de investimento,13,40
H6uTn-HXTTQ,INVESTIR NA BOLSA DE VALORES: COMO OPERAR NO MERCADO DE AÇÕES SIMULADOR DE BOLSA DE VALORES GRÁTIS!,19,operar na bolsa de valores,12,60
H6uTn-HXTTQ,INVESTIR NA BOLSA DE VALORES: COMO OPERAR NO MERCADO DE AÇÕES SIMULADOR DE BOLSA DE VALORES GRÁTIS!,20,investimento bolsa de valores,10,62
H6uTn-HXTTQ,INVESTIR NA BOLSA DE VALORES: COMO OPERAR NO MERCADO DE AÇÕES SIMULADOR DE BOLSA DE VALORES GRÁTIS!,21,investir e coçar é só começar,10,72
H6uTn-HXTTQ,INVESTIR NA BOLSA DE VALORES: COMO OPERAR NO MERCADO DE AÇÕES SIMULADOR DE BOLSA DE VALORES GRÁTIS!,22,como aplicar na bolsa de valores,8,89
H6uTn-HXTTQ,INVESTIR NA BOLSA DE VALORES: COMO OPERAR NO MERCADO DE AÇÕES SIMULADOR DE BOLSA DE VALORES GRÁTIS!,23,como jogar bolsa de valores,8,36
H6uTn-HXTTQ,INVESTIR NA BOLSA DE VALORES: COMO OPERAR NO MERCADO DE AÇÕES SIMULADOR DE BOLSA DE VALORES GRÁTIS!,24,como investir na bolsa,7,18
H6uTn-HXTTQ,INVESTIR NA BOLSA DE VALORES: COMO OPERAR NO MERCADO DE AÇÕES SIMULADOR DE BOLSA DE VALORES GRÁTIS!,25,jogo bolsa de valores,7,39
QKOeeYXAHWo,PIX VAI MUDAR! Entenda,1,pix,612,193
QKOeeYXAHWo,PIX VAI MUDAR! Entenda,2,pix 2026,219,38
QKOeeYXAHWo,PIX VAI MUDAR! Entenda,3,nova regra do pix 2025,142,44
QKOeeYXAHWo,PIX VAI MUDAR! Entenda,4,pix 2025,121,37
QKOeeYXAHWo,PIX VAI MUDAR! Entenda,5,pix taxado 2025,115,31
QKOeeYXAHWo,PIX VAI MUDAR! Entenda,6,como vai funcionar o pix em 2026,87,14
QKOeeYXAHWo,PIX VAI MUDAR! Entenda,7,nova pagamentos,86,12
QKOeeYXAHWo,PIX VAI MUDAR! Entenda,8,pix vai ser taxado,71,20
QKOeeYXAHWo,PIX VAI MUDAR! Entenda,9,mudancas no pix 2025,60,18
QKOeeYXAHWo,PIX VAI MUDAR! Entenda,10,nova regra do pix,57,16
QKOeeYXAHWo,PIX VAI MUDAR! Entenda,11,pix em 2026,56,10
QKOeeYXAHWo,PIX VAI MUDAR! Entenda,12,mudança no pix 2024,54,25
QKOeeYXAHWo,PIX VAI MUDAR! Entenda,13,pix taxado,51,14
QKOeeYXAHWo,PIX VAI MUDAR! Entenda,14,pix sera taxado,46,15
QKOeeYXAHWo,PIX VAI MUDAR! Entenda,15,mudanca no pix 2025,45,14
QKOeeYXAHWo,PIX VAI MUDAR! Entenda,16,pix monitorado,43,6
QKOeeYXAHWo,PIX VAI MUDAR! Entenda,17,limite de pix 2025,41,12
QKOeeYXAHWo,PIX VAI MUDAR! Entenda,18,nova taxa do pix,40,10
QKOeeYXAHWo,PIX VAI MUDAR! Entenda,19,pix mudança,39,11
QKOeeYXAHWo,PIX VAI MUDAR! Entenda,20,como vai ficar o pix em 2026,38,6
QKOeeYXAHWo,PIX VAI MUDAR! Entenda,21,pix em 2025,37,11
QKOeeYXAHWo,PIX VAI MUDAR! Entenda,22,regras do pix 2025,36,10
QKOeeYXAHWo,PIX VAI MUDAR! Entenda,23,regra pix 2025,33,10
QKOeeYXAHWo,PIX VAI MUDAR! Entenda,24,o pix vai acabar em 2026,32,6
QKOeeYXAHWo,PIX VAI MUDAR! Entenda,25,regra do pix 2025,31,11
fJLCvMcWpS4,BANCO NEXT PERGUNTAS E RESPOSTAS - Banco NEXT é bom? Cartão de crédito BANCO NEXT 2020,1,next,8220,37068
fJLCvMcWpS4,BANCO NEXT PERGUNTAS E RESPOSTAS - Banco NEXT é bom? Cartão de crédito BANCO NEXT 2020,2,banco next,1477,8965
fJLCvMcWpS4,BANCO NEXT PERGUNTAS E RESPOSTAS - Banco NEXT é bom? Cartão de crédito BANCO NEXT 2020,3,cartao next,140,757
fJLCvMcWpS4,BANCO NEXT PERGUNTAS E RESPOSTAS - Banco NEXT é bom? Cartão de crédito BANCO NEXT 2020,4,cartão next,118,721
fJLCvMcWpS4,BANCO NEXT PERGUNTAS E RESPOSTAS - Banco NEXT é bom? Cartão de crédito BANCO NEXT 2020,5,cartão de crédito next,115,595
fJLCvMcWpS4,BANCO NEXT PERGUNTAS E RESPOSTAS - Banco NEXT é bom? Cartão de crédito BANCO NEXT 2020,6,next 2020,83,539
fJLCvMcWpS4,BANCO NEXT PERGUNTAS E RESPOSTAS - Banco NEXT é bom? Cartão de crédito BANCO NEXT 2020,7,next cartão de credito,79,371
fJLCvMcWpS4,BANCO NEXT PERGUNTAS E RESPOSTAS - Banco NEXT é bom? Cartão de crédito BANCO NEXT 2020,8,banco next cartao de credito,77,394
fJLCvMcWpS4,BANCO NEXT PERGUNTAS E RESPOSTAS - Banco NEXT é bom? Cartão de crédito BANCO NEXT 2020,9,banco next vale a pena,77,533
fJLCvMcWpS4,BANCO NEXT PERGUNTAS E RESPOSTAS - Banco NEXT é bom? Cartão de crédito BANCO NEXT 2020,10,next é bom,72,372
fJLCvMcWpS4,BANCO NEXT PERGUNTAS E RESPOSTAS - Banco NEXT é bom? Cartão de crédito BANCO NEXT 2020,11,next banco,67,489
fJLCvMcWpS4,BANCO NEXT PERGUNTAS E RESPOSTAS - Banco NEXT é bom? Cartão de crédito BANCO NEXT 2020,12,banco next 2020,41,235
fJLCvMcWpS4,BANCO NEXT PERGUNTAS E RESPOSTAS - Banco NEXT é bom? Cartão de crédito BANCO NEXT 2020,13,cartao next credito,30,156
fJLCvMcWpS4,BANCO NEXT PERGUNTAS E RESPOSTAS - Banco NEXT é bom? Cartão de crédito BANCO NEXT 2020,14,next vale a pena 2020,19,125
fJLCvMcWpS4,BANCO NEXT PERGUNTAS E RESPOSTAS - Banco NEXT é bom? Cartão de crédito BANCO NEXT 2020,15,conta next,18,135
fJLCvMcWpS4,BANCO NEXT PERGUNTAS E RESPOSTAS - Banco NEXT é bom? Cartão de crédito BANCO NEXT 2020,16,credito next,17,108
fJLCvMcWpS4,BANCO NEXT PERGUNTAS E RESPOSTAS - Banco NEXT é bom? Cartão de crédito BANCO NEXT 2020,17,cartao de credito next,16,72
fJLCvMcWpS4,BANCO NEXT PERGUNTAS E RESPOSTAS - Banco NEXT é bom? Cartão de crédito BANCO NEXT 2020,18,investir e coçar é só começar,16,102
fJLCvMcWpS4,BANCO NEXT PERGUNTAS E RESPOSTAS - Banco NEXT é bom? Cartão de crédito BANCO NEXT 2020,19,#next,14,24
fJLCvMcWpS4,BANCO NEXT PERGUNTAS E RESPOSTAS - Banco NEXT é bom? Cartão de crédito BANCO NEXT 2020,20,conta next vale a pena,13,91
fJLCvMcWpS4,BANCO NEXT PERGUNTAS E RESPOSTAS - Banco NEXT é bom? Cartão de crédito BANCO NEXT 2020,21,investimento next,13,28
fJLCvMcWpS4,BANCO NEXT PERGUNTAS E RESPOSTAS - Banco NEXT é bom? Cartão de crédito BANCO NEXT 2020,22,tudo sobre o banco next,13,91
fJLCvMcWpS4,BANCO NEXT PERGUNTAS E RESPOSTAS - Banco NEXT é bom? Cartão de crédito BANCO NEXT 2020,23,cartão de crédito,11,68
fJLCvMcWpS4,BANCO NEXT PERGUNTAS E RESPOSTAS - Banco NEXT é bom? Cartão de crédito BANCO NEXT 2020,24,cartão next credito,11,60
fJLCvMcWpS4,BANCO NEXT PERGUNTAS E RESPOSTAS - Banco NEXT é bom? Cartão de crédito BANCO NEXT 2020,25,next credito,11,48
kipRQb0ksus,Fundos Imobiliários Junho 2023 #investimentos,1,melhores fundos imobiliarios 2023,1699,1399
kipRQb0ksus,Fundos Imobiliários Junho 2023 #investimentos,2,fundos imobiliarios 2023,1563,1280
kipRQb0ksus,Fundos Imobiliários Junho 2023 #investimentos,3,fundos imobiliarios,1261,1078
kipRQb0ksus,Fundos Imobiliários Junho 2023 #investimentos,4,fundo imobiliario,561,601
kipRQb0ksus,Fundos Imobiliários Junho 2023 #investimentos,5,melhor fundo imobiliario para 2023,477,472
kipRQb0ksus,Fundos Imobiliários Junho 2023 #investimentos,6,melhores fiis para 2023,353,318
kipRQb0ksus,Fundos Imobiliários Junho 2023 #investimentos,7,fiis para 2023,338,309
kipRQb0ksus,Fundos Imobiliários Junho 2023 #investimentos,8,fundos imobiliários,171,129
kipRQb0ksus,Fundos Imobiliários Junho 2023 #investimentos,9,qual melhor fundo imobiliario para 2023,137,123
kipRQb0ksus,Fundos Imobiliários Junho 2023 #investimentos,10,fundos imobiliarios para iniciantes 2023,130,91
kipRQb0ksus,Fundos Imobiliários Junho 2023 #investimentos,11,melhores fundos de tijolo 2023,118,101
kipRQb0ksus,Fundos Imobiliários Junho 2023 #investimentos,12,melhores investimentos para 2023,118,74
kipRQb0ksus,Fundos Imobiliários Junho 2023 #investimentos,13,fundos de tijolos 2023,117,90
kipRQb0ksus,Fundos Imobiliários Junho 2023 #investimentos,14,os melhores fundos imobiliários para 2023,112,91
kipRQb0ksus,Fundos Imobiliários Junho 2023 #investimentos,15,quais fundos imobiliarios investir em 2023,110,103
kipRQb0ksus,Fundos Imobiliários Junho 2023 #investimentos,16,fundo imobiliario 2023,108,85
kipRQb0ksus,Fundos Imobiliários Junho 2023 #investimentos,17,fiis,104,80
kipRQb0ksus,Fundos Imobiliários Junho 2023 #investimentos,18,fundo imobiliário,88,64
kipRQb0ksus,Fundos Imobiliários Junho 2023 #investimentos,19,qual o melhor fundo imobiliario para investir em 2023,87,79
kipRQb0ksus,Fundos Imobiliários Junho 2023 #investimentos,20,melhores fundos imobiliarios,81,77
kipRQb0ksus,Fundos Imobiliários Junho 2023 #investimentos,21,quais os melhores fundos imobiliarios para 2023,78,77
kipRQb0ksus,Fundos Imobiliários Junho 2023 #investimentos,22,fundos imobiliários para iniciantes,73,56
kipRQb0ksus,Fundos Imobiliários Junho 2023 #investimentos,23,onde investir em 2023,69,56
kipRQb0ksus,Fundos Imobiliários Junho 2023 #investimentos,24,melhores fiis,60,50
kipRQb0ksus,Fundos Imobiliários Junho 2023 #investimentos,25,melhores fundos imobiliários,52,41
hvVbyLEA_Uk,Qual o melhor PEDÁGIO ELETRÔNICO? - C6 TAGGY VALE A PENA? VELOE pedágio é bom? SEM PARAR pedagio,1,c6 taggy,930,4920
hvVbyLEA_Uk,Qual o melhor PEDÁGIO ELETRÔNICO? - C6 TAGGY VALE A PENA? VELOE pedágio é bom? SEM PARAR pedagio,2,veloe,930,4932
hvVbyLEA_Uk,Qual o melhor PEDÁGIO ELETRÔNICO? - C6 TAGGY VALE A PENA? VELOE pedágio é bom? SEM PARAR pedagio,3,veloe pedagio,711,4151
hvVbyLEA_Uk,Qual o melhor PEDÁGIO ELETRÔNICO? - C6 TAGGY VALE A PENA? VELOE pedágio é bom? SEM PARAR pedagio,4,sem parar,308,1552
hvVbyLEA_Uk,Qual o melhor PEDÁGIO ELETRÔNICO? - C6 TAGGY VALE A PENA? VELOE pedágio é bom? SEM PARAR pedagio,5,taggy c6 bank,138,792
hvVbyLEA_Uk,Qual o melhor PEDÁGIO ELETRÔNICO? - C6 TAGGY VALE A PENA? VELOE pedágio é bom? SEM PARAR pedagio,6,conectcar,123,580
hvVbyLEA_Uk,Qual o melhor PEDÁGIO ELETRÔNICO? - C6 TAGGY VALE A PENA? VELOE pedágio é bom? SEM PARAR pedagio,7,c6 bank taggy,48,285
hvVbyLEA_Uk,Qual o melhor PEDÁGIO ELETRÔNICO? - C6 TAGGY VALE A PENA? VELOE pedágio é bom? SEM PARAR pedagio,8,taggy,48,246
hvVbyLEA_Uk,Qual o melhor PEDÁGIO ELETRÔNICO? - C6 TAGGY VALE A PENA? VELOE pedágio é bom? SEM PARAR pedagio,9,conectcar como funciona,34,172
hvVbyLEA_Uk,Qual o melhor PEDÁGIO ELETRÔNICO? - C6 TAGGY VALE A PENA? VELOE pedágio é bom? SEM PARAR pedagio,10,sem parar pre pago,34,164
hvVbyLEA_Uk,Qual o melhor PEDÁGIO ELETRÔNICO? - C6 TAGGY VALE A PENA? VELOE pedágio é bom? SEM PARAR pedagio,11,tag c6 bank,26,190
hvVbyLEA_Uk,Qual o melhor PEDÁGIO ELETRÔNICO? - C6 TAGGY VALE A PENA? VELOE pedágio é bom? SEM PARAR pedagio,12,pedagio,24,128
hvVbyLEA_Uk,Qual o melhor PEDÁGIO ELETRÔNICO? - C6 TAGGY VALE A PENA? VELOE pedágio é bom? SEM PARAR pedagio,13,sem para,17,81
hvVbyLEA_Uk,Qual o melhor PEDÁGIO ELETRÔNICO? - C6 TAGGY VALE A PENA? VELOE pedágio é bom? SEM PARAR pedagio,14,melhor tag pedagio,16,54
hvVbyLEA_Uk,Qual o melhor PEDÁGIO ELETRÔNICO? - C6 TAGGY VALE A PENA? VELOE pedágio é bom? SEM PARAR pedagio,15,c6 tag,15,62
hvVbyLEA_Uk,Qual o melhor PEDÁGIO ELETRÔNICO? - C6 TAGGY VALE A PENA? VELOE pedágio é bom? SEM PARAR pedagio,16,veloe tag instalação,14,59
hvVbyLEA_Uk,Qual o melhor PEDÁGIO ELETRÔNICO? - C6 TAGGY VALE A PENA? VELOE pedágio é bom? SEM PARAR pedagio,17,conectcar ou semparar,12,60
hvVbyLEA_Uk,Qual o melhor PEDÁGIO ELETRÔNICO? - C6 TAGGY VALE A PENA? VELOE pedágio é bom? SEM PARAR pedagio,18,semparar,12,67
hvVbyLEA_Uk,Qual o melhor PEDÁGIO ELETRÔNICO? - C6 TAGGY VALE A PENA? VELOE pedágio é bom? SEM PARAR pedagio,19,tag c6 pedagio,12,42
hvVbyLEA_Uk,Qual o melhor PEDÁGIO ELETRÔNICO? - C6 TAGGY VALE A PENA? VELOE pedágio é bom? SEM PARAR pedagio,20,tag veloe,12,38
hvVbyLEA_Uk,Qual o melhor PEDÁGIO ELETRÔNICO? - C6 TAGGY VALE A PENA? VELOE pedágio é bom? SEM PARAR pedagio,21,veloe é bom,12,73
hvVbyLEA_Uk,Qual o melhor PEDÁGIO ELETRÔNICO? - C6 TAGGY VALE A PENA? VELOE pedágio é bom? SEM PARAR pedagio,22,c6 bank pedagio,11,41
hvVbyLEA_Uk,Qual o melhor PEDÁGIO ELETRÔNICO? - C6 TAGGY VALE A PENA? VELOE pedágio é bom? SEM PARAR pedagio,23,investir e coçar é só começar,10,49
hvVbyLEA_Uk,Qual o melhor PEDÁGIO ELETRÔNICO? - C6 TAGGY VALE A PENA? VELOE pedágio é bom? SEM PARAR pedagio,24,c6,9,57
hvVbyLEA_Uk,Qual o melhor PEDÁGIO ELETRÔNICO? - C6 TAGGY VALE A PENA? VELOE pedágio é bom? SEM PARAR pedagio,25,como funciona o sem parar,9,61
Zb1EZCtsuQw,BANCO NEXT PERGUNTAS E RESPOSTAS ll - BANCO NEXT VALE A PENA? NEXT É BOM? BANCO NEXT COMO FUNCIONA?,1,banco next,4982,22489
Zb1EZCtsuQw,BANCO NEXT PERGUNTAS E RESPOSTAS ll - BANCO NEXT VALE A PENA? NEXT É BOM? BANCO NEXT COMO FUNCIONA?,2,banco next vale a pena,1173,5489
Zb1EZCtsuQw,BANCO NEXT PERGUNTAS E RESPOSTAS ll - BANCO NEXT VALE A PENA? NEXT É BOM? BANCO NEXT COMO FUNCIONA?,3,next,1091,5090
Zb1EZCtsuQw,BANCO NEXT PERGUNTAS E RESPOSTAS ll - BANCO NEXT VALE A PENA? NEXT É BOM? BANCO NEXT COMO FUNCIONA?,4,next banco,688,2506
Zb1EZCtsuQw,BANCO NEXT PERGUNTAS E RESPOSTAS ll - BANCO NEXT VALE A PENA? NEXT É BOM? BANCO NEXT COMO FUNCIONA?,5,conta next,317,1456
Zb1EZCtsuQw,BANCO NEXT PERGUNTAS E RESPOSTAS ll - BANCO NEXT VALE A PENA? NEXT É BOM? BANCO NEXT COMO FUNCIONA?,6,next banco digital,131,646
Zb1EZCtsuQw,BANCO NEXT PERGUNTAS E RESPOSTAS ll - BANCO NEXT VALE A PENA? NEXT É BOM? BANCO NEXT COMO FUNCIONA?,7,cartao next,123,560
Zb1EZCtsuQw,BANCO NEXT PERGUNTAS E RESPOSTAS ll - BANCO NEXT VALE A PENA? NEXT É BOM? BANCO NEXT COMO FUNCIONA?,8,conta digital next,86,413
Zb1EZCtsuQw,BANCO NEXT PERGUNTAS E RESPOSTAS ll - BANCO NEXT VALE A PENA? NEXT É BOM? BANCO NEXT COMO FUNCIONA?,9,conta next vale a pena,77,429
Zb1EZCtsuQw,BANCO NEXT PERGUNTAS E RESPOSTAS ll - BANCO NEXT VALE A PENA? NEXT É BOM? BANCO NEXT COMO FUNCIONA?,10,cartão next,75,344
Zb1EZCtsuQw,BANCO NEXT PERGUNTAS E RESPOSTAS ll - BANCO NEXT VALE A PENA? NEXT É BOM? BANCO NEXT COMO FUNCIONA?,11,banco next é bom,48,205
Zb1EZCtsuQw,BANCO NEXT PERGUNTAS E RESPOSTAS ll - BANCO NEXT VALE A PENA? NEXT É BOM? BANCO NEXT COMO FUNCIONA?,12,como funciona o banco next,28,135
Zb1EZCtsuQw,BANCO NEXT PERGUNTAS E RESPOSTAS ll - BANCO NEXT VALE A PENA? NEXT É BOM? BANCO NEXT COMO FUNCIONA?,13,como funciona o next,27,138
Zb1EZCtsuQw,BANCO NEXT PERGUNTAS E RESPOSTAS ll - BANCO NEXT VALE A PENA? NEXT É BOM? BANCO NEXT COMO FUNCIONA?,14,banco digital next,25,118
Zb1EZCtsuQw,BANCO NEXT PERGUNTAS E RESPOSTAS ll - BANCO NEXT VALE A PENA? NEXT É BOM? BANCO NEXT COMO FUNCIONA?,15,next é bom,24,105
Zb1EZCtsuQw,BANCO NEXT PERGUNTAS E RESPOSTAS ll - BANCO NEXT VALE A PENA? NEXT É BOM? BANCO NEXT COMO FUNCIONA?,16,next vale a pena,23,113
Zb1EZCtsuQw,BANCO NEXT PERGUNTAS E RESPOSTAS ll - BANCO NEXT VALE A PENA? NEXT É BOM? BANCO NEXT COMO FUNCIONA?,17,next bradesco,18,65
Zb1EZCtsuQw,BANCO NEXT PERGUNTAS E RESPOSTAS ll - BANCO NEXT VALE A PENA? NEXT É BOM? BANCO NEXT COMO FUNCIONA?,18,tudo sobre o banco next,18,111
Zb1EZCtsuQw,BANCO NEXT PERGUNTAS E RESPOSTAS ll - BANCO NEXT VALE A PENA? NEXT É BOM? BANCO NEXT COMO FUNCIONA?,19,cartão next como funciona,15,92
Zb1EZCtsuQw,BANCO NEXT PERGUNTAS E RESPOSTAS ll - BANCO NEXT VALE A PENA? NEXT É BOM? BANCO NEXT COMO FUNCIONA?,20,investir e coçar é só começar,14,75
Zb1EZCtsuQw,BANCO NEXT PERGUNTAS E RESPOSTAS ll - BANCO NEXT VALE A PENA? NEXT É BOM? BANCO NEXT COMO FUNCIONA?,21,next cartão de credito,12,75
Zb1EZCtsuQw,BANCO NEXT PERGUNTAS E RESPOSTAS ll - BANCO NEXT VALE A PENA? NEXT É BOM? BANCO NEXT COMO FUNCIONA?,22,next conta digital,12,82
Zb1EZCtsuQw,BANCO NEXT PERGUNTAS E RESPOSTAS ll - BANCO NEXT VALE A PENA? NEXT É BOM? BANCO NEXT COMO FUNCIONA?,23,cartão next é bom,11,40
Zb1EZCtsuQw,BANCO NEXT PERGUNTAS E RESPOSTAS ll - BANCO NEXT VALE A PENA? NEXT É BOM? BANCO NEXT COMO FUNCIONA?,24,cartão de crédito next,10,32
Zb1EZCtsuQw,BANCO NEXT PERGUNTAS E RESPOSTAS ll - BANCO NEXT VALE A PENA? NEXT É BOM? BANCO NEXT COMO FUNCIONA?,25,next como funciona,10,39
7CdwOTT7U3o,CDB PREFIXADO VALE A PENA? COMO FUNCIONA? O que NINGUÉM te conta!,1,cdb prefixado,3928,12452
7CdwOTT7U3o,CDB PREFIXADO VALE A PENA? COMO FUNCIONA? O que NINGUÉM te conta!,2,cdbs prefixados,304,925
7CdwOTT7U3o,CDB PREFIXADO VALE A PENA? COMO FUNCIONA? O que NINGUÉM te conta!,3,cdb prefixado ou pós fixado,138,484
7CdwOTT7U3o,CDB PREFIXADO VALE A PENA? COMO FUNCIONA? O que NINGUÉM te conta!,4,cdb me poupe,85,277
7CdwOTT7U3o,CDB PREFIXADO VALE A PENA? COMO FUNCIONA? O que NINGUÉM te conta!,5,cdb prefixado me poupe,78,223
7CdwOTT7U3o,CDB PREFIXADO VALE A PENA? COMO FUNCIONA? O que NINGUÉM te conta!,6,cdb pré fixado,36,113
7CdwOTT7U3o,CDB PREFIXADO VALE A PENA? COMO FUNCIONA? O que NINGUÉM te conta!,7,cdb pre fixado,28,79
7CdwOTT7U3o,CDB PREFIXADO VALE A PENA? COMO FUNCIONA? O que NINGUÉM te conta!,8,cdb,26,65
7CdwOTT7U3o,CDB PREFIXADO VALE A PENA? COMO FUNCIONA? O que NINGUÉM te conta!,9,me poupe cdb,26,74
7CdwOTT7U3o,CDB PREFIXADO VALE A PENA? COMO FUNCIONA? O que NINGUÉM te conta!,10,me poupe cdb prefixado,17,46
7CdwOTT7U3o,CDB PREFIXADO VALE A PENA? COMO FUNCIONA? O que NINGUÉM te conta!,11,cdb agibank,9,17
7CdwOTT7U3o,CDB PREFIXADO VALE A PENA? COMO FUNCIONA? O que NINGUÉM te conta!,12,o que é cdb prefixado,9,36
7CdwOTT7U3o,CDB PREFIXADO VALE A PENA? COMO FUNCIONA? O que NINGUÉM te conta!,13,cdb bradesco,7,13
7CdwOTT7U3o,CDB PREFIXADO VALE A PENA? COMO FUNCIONA? O que NINGUÉM te conta!,14,cdb banco maxima,5,22
7CdwOTT7U3o,CDB PREFIXADO VALE A PENA? COMO FUNCIONA? O que NINGUÉM te conta!,15,cdb caixa economica,5,12
7CdwOTT7U3o,CDB PREFIXADO VALE A PENA? COMO FUNCIONA? O que NINGUÉM te conta!,16,cdb prefixado ou pós fixado me poupe,5,16
7CdwOTT7U3o,CDB PREFIXADO VALE A PENA? COMO FUNCIONA? O que NINGUÉM te conta!,17,cdb itau,4,14
7CdwOTT7U3o,CDB PREFIXADO VALE A PENA? COMO FUNCIONA? O que NINGUÉM te conta!,18,cdb pre,4,12
7CdwOTT7U3o,CDB PREFIXADO VALE A PENA? COMO FUNCIONA? O que NINGUÉM te conta!,19,como investir em cdb prefixado,4,5
7CdwOTT7U3o,CDB PREFIXADO VALE A PENA? COMO FUNCIONA? O que NINGUÉM te conta!,20,me poupe,4,10
7CdwOTT7U3o,CDB PREFIXADO VALE A PENA? COMO FUNCIONA? O que NINGUÉM te conta!,21,cdb banco do brasil,3,6
7CdwOTT7U3o,CDB PREFIXADO VALE A PENA? COMO FUNCIONA? O que NINGUÉM te conta!,22,cdb fidelidade bradesco,3,8
7CdwOTT7U3o,CDB PREFIXADO VALE A PENA? COMO FUNCIONA? O que NINGUÉM te conta!,23,cdb pos fixado,3,6
7CdwOTT7U3o,CDB PREFIXADO VALE A PENA? COMO FUNCIONA? O que NINGUÉM te conta!,24,cdb vale a pena,3,13
7CdwOTT7U3o,CDB PREFIXADO VALE A PENA? COMO FUNCIONA? O que NINGUÉM te conta!,25,cdi prefixado,3,8
xzS0TQlEu2E,SOUSMILE FUNCIONA? QUANTO CUSTA APARELHO INVISÍVEL? |  APARELHO SOUSMILE O MELHOR INVESTIMENTO,1,sousmile,2765,11225
xzS0TQlEu2E,SOUSMILE FUNCIONA? QUANTO CUSTA APARELHO INVISÍVEL? |  APARELHO SOUSMILE O MELHOR INVESTIMENTO,2,sou smile,625,2493
xzS0TQlEu2E,SOUSMILE FUNCIONA? QUANTO CUSTA APARELHO INVISÍVEL? |  APARELHO SOUSMILE O MELHOR INVESTIMENTO,3,sousmile preço,541,2192
xzS0TQlEu2E,SOUSMILE FUNCIONA? QUANTO CUSTA APARELHO INVISÍVEL? |  APARELHO SOUSMILE O MELHOR INVESTIMENTO,4,sousmile funciona,455,1673
xzS0TQlEu2E,SOUSMILE FUNCIONA? QUANTO CUSTA APARELHO INVISÍVEL? |  APARELHO SOUSMILE O MELHOR INVESTIMENTO,5,sousmile antes e depois,318,1173
xzS0TQlEu2E,SOUSMILE FUNCIONA? QUANTO CUSTA APARELHO INVISÍVEL? |  APARELHO SOUSMILE O MELHOR INVESTIMENTO,6,smilink,297,1133
xzS0TQlEu2E,SOUSMILE FUNCIONA? QUANTO CUSTA APARELHO INVISÍVEL? |  APARELHO SOUSMILE O MELHOR INVESTIMENTO,7,aparelho invisivel,242,788
xzS0TQlEu2E,SOUSMILE FUNCIONA? QUANTO CUSTA APARELHO INVISÍVEL? |  APARELHO SOUSMILE O MELHOR INVESTIMENTO,8,aparelho sousmile,233,934
xzS0TQlEu2E,SOUSMILE FUNCIONA? QUANTO CUSTA APARELHO INVISÍVEL? |  APARELHO SOUSMILE O MELHOR INVESTIMENTO,9,smilink antes e depois,66,195
xzS0TQlEu2E,SOUSMILE FUNCIONA? QUANTO CUSTA APARELHO INVISÍVEL? |  APARELHO SOUSMILE O MELHOR INVESTIMENTO,10,sousmile valor,60,226
xzS0TQlEu2E,SOUSMILE FUNCIONA? QUANTO CUSTA APARELHO INVISÍVEL? |  APARELHO SOUSMILE O MELHOR INVESTIMENTO,11,aparelho invisivel preço,33,100
xzS0TQlEu2E,SOUSMILE FUNCIONA? QUANTO CUSTA APARELHO INVISÍVEL? |  APARELHO SOUSMILE O MELHOR INVESTIMENTO,12,alinhadores invisiveis,32,127
xzS0TQlEu2E,SOUSMILE FUNCIONA? QUANTO CUSTA APARELHO INVISÍVEL? |  APARELHO SOUSMILE O MELHOR INVESTIMENTO,13,aparelho invisível,29,107
xzS0TQlEu2E,SOUSMILE FUNCIONA? QUANTO CUSTA APARELHO INVISÍVEL? |  APARELHO SOUSMILE O MELHOR INVESTIMENTO,14,investir e coçar é só começar,25,166
xzS0TQlEu2E,SOUSMILE FUNCIONA? QUANTO CUSTA APARELHO INVISÍVEL? |  APARELHO SOUSMILE O MELHOR INVESTIMENTO,15,aparelho invisivel antes e depois,12,35
xzS0TQlEu2E,SOUSMILE FUNCIONA? QUANTO CUSTA APARELHO INVISÍVEL? |  APARELHO SOUSMILE O MELHOR INVESTIMENTO,16,smilink funciona mesmo,12,31
xzS0TQlEu2E,SOUSMILE FUNCIONA? QUANTO CUSTA APARELHO INVISÍVEL? |  APARELHO SOUSMILE O MELHOR INVESTIMENTO,17,sousmile vale a pena,11,60
xzS0TQlEu2E,SOUSMILE FUNCIONA? QUANTO CUSTA APARELHO INVISÍVEL? |  APARELHO SOUSMILE O MELHOR INVESTIMENTO,18,alinhador dental,9,27
xzS0TQlEu2E,SOUSMILE FUNCIONA? QUANTO CUSTA APARELHO INVISÍVEL? |  APARELHO SOUSMILE O MELHOR INVESTIMENTO,19,soul smile,8,31
xzS0TQlEu2E,SOUSMILE FUNCIONA? QUANTO CUSTA APARELHO INVISÍVEL? |  APARELHO SOUSMILE O MELHOR INVESTIMENTO,20,aparelho smilink,5,27
xzS0TQlEu2E,SOUSMILE FUNCIONA? QUANTO CUSTA APARELHO INVISÍVEL? |  APARELHO SOUSMILE O MELHOR INVESTIMENTO,21,aparelho transparente,5,1
xzS0TQlEu2E,SOUSMILE FUNCIONA? QUANTO CUSTA APARELHO INVISÍVEL? |  APARELHO SOUSMILE O MELHOR INVESTIMENTO,22,smilink preço,5,4
xzS0TQlEu2E,SOUSMILE FUNCIONA? QUANTO CUSTA APARELHO INVISÍVEL? |  APARELHO SOUSMILE O MELHOR INVESTIMENTO,23,sousmile aparelho invisivel,4,8
xzS0TQlEu2E,SOUSMILE FUNCIONA? QUANTO CUSTA APARELHO INVISÍVEL? |  APARELHO SOUSMILE O MELHOR INVESTIMENTO,24,alinhadores ortodonticos,3,2
xzS0TQlEu2E,SOUSMILE FUNCIONA? QUANTO CUSTA APARELHO INVISÍVEL? |  APARELHO SOUSMILE O MELHOR INVESTIMENTO,25,aparelho sousmile é bom,3,7
9B7jEAm-96g,DIVIDENDOS SINTÉTICOS com OPÇÕES| Tecnica SECRETA dos BARSI,1,dividendos sinteticos,1987,11318
9B7jEAm-96g,DIVIDENDOS SINTÉTICOS com OPÇÕES| Tecnica SECRETA dos BARSI,2,dividendo sintetico,892,5073
9B7jEAm-96g,DIVIDENDOS SINTÉTICOS com OPÇÕES| Tecnica SECRETA dos BARSI,3,dividendos com opções,332,2109
9B7jEAm-96g,DIVIDENDOS SINTÉTICOS com OPÇÕES| Tecnica SECRETA dos BARSI,4,dividendos sinteticos com opções,303,1799
9B7jEAm-96g,DIVIDENDOS SINTÉTICOS com OPÇÕES| Tecnica SECRETA dos BARSI,5,dividendos turbinados,219,1188
9B7jEAm-96g,DIVIDENDOS SINTÉTICOS com OPÇÕES| Tecnica SECRETA dos BARSI,6,dividendo sintético opções,199,979
9B7jEAm-96g,DIVIDENDOS SINTÉTICOS com OPÇÕES| Tecnica SECRETA dos BARSI,7,dividendos turbinados com opções,44,244
9B7jEAm-96g,DIVIDENDOS SINTÉTICOS com OPÇÕES| Tecnica SECRETA dos BARSI,8,dividendo sintetico na pratica,41,245
9B7jEAm-96g,DIVIDENDOS SINTÉTICOS com OPÇÕES| Tecnica SECRETA dos BARSI,9,investir e coçar é só começar,32,190
9B7jEAm-96g,DIVIDENDOS SINTÉTICOS com OPÇÕES| Tecnica SECRETA dos BARSI,10,dividendo turbinado,14,86
9B7jEAm-96g,DIVIDENDOS SINTÉTICOS com OPÇÕES| Tecnica SECRETA dos BARSI,11,dividendos sintéticos,14,72
9B7jEAm-96g,DIVIDENDOS SINTÉTICOS com OPÇÕES| Tecnica SECRETA dos BARSI,12,dividendo com opções,13,60
9B7jEAm-96g,DIVIDENDOS SINTÉTICOS com OPÇÕES| Tecnica SECRETA dos BARSI,13,dividendos opções,11,63
9B7jEAm-96g,DIVIDENDOS SINTÉTICOS com OPÇÕES| Tecnica SECRETA dos BARSI,14,dividendos,9,46
9B7jEAm-96g,DIVIDENDOS SINTÉTICOS com OPÇÕES| Tecnica SECRETA dos BARSI,15,luiz barsi,8,31
9B7jEAm-96g,DIVIDENDOS SINTÉTICOS com OPÇÕES| Tecnica SECRETA dos BARSI,16,opções,8,19
9B7jEAm-96g,DIVIDENDOS SINTÉTICOS com OPÇÕES| Tecnica SECRETA dos BARSI,17,dividendos com opcoes,6,24
9B7jEAm-96g,DIVIDENDOS SINTÉTICOS com OPÇÕES| Tecnica SECRETA dos BARSI,18,investir e coçar,6,30
9B7jEAm-96g,DIVIDENDOS SINTÉTICOS com OPÇÕES| Tecnica SECRETA dos BARSI,19,opções de ações,5,20
9B7jEAm-96g,DIVIDENDOS SINTÉTICOS com OPÇÕES| Tecnica SECRETA dos BARSI,20,barsi,4,14
9B7jEAm-96g,DIVIDENDOS SINTÉTICOS com OPÇÕES| Tecnica SECRETA dos BARSI,21,dividendos turbinados inter,4,19
9B7jEAm-96g,DIVIDENDOS SINTÉTICOS com OPÇÕES| Tecnica SECRETA dos BARSI,22,irbr3,4,23
9B7jEAm-96g,DIVIDENDOS SINTÉTICOS com OPÇÕES| Tecnica SECRETA dos BARSI,23,como fazer dividendos sintéticos,3,26
9B7jEAm-96g,DIVIDENDOS SINTÉTICOS com OPÇÕES| Tecnica SECRETA dos BARSI,24,como turbinar os dividendos,3,11
9B7jEAm-96g,DIVIDENDOS SINTÉTICOS com OPÇÕES| Tecnica SECRETA dos BARSI,25,dividendo,3,14
