video_id,titulo,publicado,desde,posicao,termo,views,minutos
AGg907HZ8bs,Elon Musk deixou de ser Trilionário #bolsadevalores,2026-06-23,2026-04-04,1,trilionário,185,15
AGg907HZ8bs,Elon Musk deixou de ser Trilionário #bolsadevalores,2026-06-23,2026-04-04,2,trilionario,94,6
AGg907HZ8bs,Elon Musk deixou de ser Trilionário #bolsadevalores,2026-06-23,2026-04-04,3,elon musk trilionário,52,5
AGg907HZ8bs,Elon Musk deixou de ser Trilionário #bolsadevalores,2026-06-23,2026-04-04,4,armani code,5,0
AGg907HZ8bs,Elon Musk deixou de ser Trilionário #bolsadevalores,2026-06-23,2026-04-04,5,bitelo,5,0
AGg907HZ8bs,Elon Musk deixou de ser Trilionário #bolsadevalores,2026-06-23,2026-04-04,6,brasil,5,0
AGg907HZ8bs,Elon Musk deixou de ser Trilionário #bolsadevalores,2026-06-23,2026-04-04,7,brasil x escocia 2026,5,0
AGg907HZ8bs,Elon Musk deixou de ser Trilionário #bolsadevalores,2026-06-23,2026-04-04,8,caze tv ao vivo,5,0
AGg907HZ8bs,Elon Musk deixou de ser Trilionário #bolsadevalores,2026-06-23,2026-04-04,9,charuto,5,0
AGg907HZ8bs,Elon Musk deixou de ser Trilionário #bolsadevalores,2026-06-23,2026-04-04,10,clone,5,0
AGg907HZ8bs,Elon Musk deixou de ser Trilionário #bolsadevalores,2026-06-23,2026-04-04,11,como empreender com pouco dinheiro,5,0
AGg907HZ8bs,Elon Musk deixou de ser Trilionário #bolsadevalores,2026-06-23,2026-04-04,12,contenção do patrão,5,0
AGg907HZ8bs,Elon Musk deixou de ser Trilionário #bolsadevalores,2026-06-23,2026-04-04,13,corrida dos ratos,5,0
AGg907HZ8bs,Elon Musk deixou de ser Trilionário #bolsadevalores,2026-06-23,2026-04-04,14,dance,5,0
AGg907HZ8bs,Elon Musk deixou de ser Trilionário #bolsadevalores,2026-06-23,2026-04-04,15,dancing cover,5,0
AGg907HZ8bs,Elon Musk deixou de ser Trilionário #bolsadevalores,2026-06-23,2026-04-04,16,interceptor 650,5,0
AGg907HZ8bs,Elon Musk deixou de ser Trilionário #bolsadevalores,2026-06-23,2026-04-04,17,kimbo slice music,5,0
AGg907HZ8bs,Elon Musk deixou de ser Trilionário #bolsadevalores,2026-06-23,2026-04-04,18,mercedes gla 200,5,0
AGg907HZ8bs,Elon Musk deixou de ser Trilionário #bolsadevalores,2026-06-23,2026-04-04,19,pescaria,5,0
AGg907HZ8bs,Elon Musk deixou de ser Trilionário #bolsadevalores,2026-06-23,2026-04-04,20,qual o próximo jogo do brasil,5,0
AGg907HZ8bs,Elon Musk deixou de ser Trilionário #bolsadevalores,2026-06-23,2026-04-04,21,rihanna,5,0
AGg907HZ8bs,Elon Musk deixou de ser Trilionário #bolsadevalores,2026-06-23,2026-04-04,22,triller thriller by michael jackson,5,0
AGg907HZ8bs,Elon Musk deixou de ser Trilionário #bolsadevalores,2026-06-23,2026-04-04,23,aura cristina geithner,4,0
AGg907HZ8bs,Elon Musk deixou de ser Trilionário #bolsadevalores,2026-06-23,2026-04-04,24,carabina 22,4,0
AGg907HZ8bs,Elon Musk deixou de ser Trilionário #bolsadevalores,2026-06-23,2026-04-04,25,casetv,4,0
p9wkMT4RV40,O Brasil deu calote no Tesouro Direto? A verdade dos R$ 100 mil,2026-09-15,2026-04-04,1,tesouro direto,64,189
p9wkMT4RV40,O Brasil deu calote no Tesouro Direto? A verdade dos R$ 100 mil,2026-09-15,2026-04-04,2,dividendos,5,17
p9wkMT4RV40,O Brasil deu calote no Tesouro Direto? A verdade dos R$ 100 mil,2026-09-15,2026-04-04,3,lci e lca,5,1
p9wkMT4RV40,O Brasil deu calote no Tesouro Direto? A verdade dos R$ 100 mil,2026-09-15,2026-04-04,4,tesouro,4,2
p9wkMT4RV40,O Brasil deu calote no Tesouro Direto? A verdade dos R$ 100 mil,2026-09-15,2026-04-04,5,investimento,3,28
p9wkMT4RV40,O Brasil deu calote no Tesouro Direto? A verdade dos R$ 100 mil,2026-09-15,2026-04-04,6,investimentos,3,0
p9wkMT4RV40,O Brasil deu calote no Tesouro Direto? A verdade dos R$ 100 mil,2026-09-15,2026-04-04,7,neto invest,3,0
p9wkMT4RV40,O Brasil deu calote no Tesouro Direto? A verdade dos R$ 100 mil,2026-09-15,2026-04-04,8,mayra akemi,2,6
p9wkMT4RV40,O Brasil deu calote no Tesouro Direto? A verdade dos R$ 100 mil,2026-09-15,2026-04-04,9,polaco,2,1
p9wkMT4RV40,O Brasil deu calote no Tesouro Direto? A verdade dos R$ 100 mil,2026-09-15,2026-04-04,10,tesouro direto renda +,2,0
p9wkMT4RV40,O Brasil deu calote no Tesouro Direto? A verdade dos R$ 100 mil,2026-09-15,2026-04-04,11,tesouro nacional,2,0
p9wkMT4RV40,O Brasil deu calote no Tesouro Direto? A verdade dos R$ 100 mil,2026-09-15,2026-04-04,12,tesouro reserva,2,0
p9wkMT4RV40,O Brasil deu calote no Tesouro Direto? A verdade dos R$ 100 mil,2026-09-15,2026-04-04,13,agf acoes garantem o futuro,1,0
p9wkMT4RV40,O Brasil deu calote no Tesouro Direto? A verdade dos R$ 100 mil,2026-09-15,2026-04-04,14,ancapsu,1,0
p9wkMT4RV40,O Brasil deu calote no Tesouro Direto? A verdade dos R$ 100 mil,2026-09-15,2026-04-04,15,bonds americanos,1,0
p9wkMT4RV40,O Brasil deu calote no Tesouro Direto? A verdade dos R$ 100 mil,2026-09-15,2026-04-04,16,dicionario do investidor,1,0
p9wkMT4RV40,O Brasil deu calote no Tesouro Direto? A verdade dos R$ 100 mil,2026-09-15,2026-04-04,17,dinheiro,1,0
p9wkMT4RV40,O Brasil deu calote no Tesouro Direto? A verdade dos R$ 100 mil,2026-09-15,2026-04-04,18,direto,1,0
p9wkMT4RV40,O Brasil deu calote no Tesouro Direto? A verdade dos R$ 100 mil,2026-09-15,2026-04-04,19,dolar furado,1,0
p9wkMT4RV40,O Brasil deu calote no Tesouro Direto? A verdade dos R$ 100 mil,2026-09-15,2026-04-04,20,finanças pra ti,1,1
p9wkMT4RV40,O Brasil deu calote no Tesouro Direto? A verdade dos R$ 100 mil,2026-09-15,2026-04-04,21,juntar 100 mil reais,1,0
p9wkMT4RV40,O Brasil deu calote no Tesouro Direto? A verdade dos R$ 100 mil,2026-09-15,2026-04-04,22,kim haeri,1,0
p9wkMT4RV40,O Brasil deu calote no Tesouro Direto? A verdade dos R$ 100 mil,2026-09-15,2026-04-04,23,lca,1,0
p9wkMT4RV40,O Brasil deu calote no Tesouro Direto? A verdade dos R$ 100 mil,2026-09-15,2026-04-04,24,liberdade é logo ali,1,0
p9wkMT4RV40,O Brasil deu calote no Tesouro Direto? A verdade dos R$ 100 mil,2026-09-15,2026-04-04,25,marilia fontes,1,0
ViYvYbRE45c,BARSI e MICHAEL BURRY INVESTINDO na MESMA COISA (você deveria saber),2026-09-27,2026-04-04,1,paranapanema,15,78
ViYvYbRE45c,BARSI e MICHAEL BURRY INVESTINDO na MESMA COISA (você deveria saber),2026-09-27,2026-04-04,2,barsi,10,14
ViYvYbRE45c,BARSI e MICHAEL BURRY INVESTINDO na MESMA COISA (você deveria saber),2026-09-27,2026-04-04,3,pmam3,7,26
ViYvYbRE45c,BARSI e MICHAEL BURRY INVESTINDO na MESMA COISA (você deveria saber),2026-09-27,2026-04-04,4,ancapsu,3,6
ViYvYbRE45c,BARSI e MICHAEL BURRY INVESTINDO na MESMA COISA (você deveria saber),2026-09-27,2026-04-04,5,bernardo pascowitch,2,0
ViYvYbRE45c,BARSI e MICHAEL BURRY INVESTINDO na MESMA COISA (você deveria saber),2026-09-27,2026-04-04,6,burry,2,0
ViYvYbRE45c,BARSI e MICHAEL BURRY INVESTINDO na MESMA COISA (você deveria saber),2026-09-27,2026-04-04,7,fiis,2,7
ViYvYbRE45c,BARSI e MICHAEL BURRY INVESTINDO na MESMA COISA (você deveria saber),2026-09-27,2026-04-04,8,irbr3,2,17
ViYvYbRE45c,BARSI e MICHAEL BURRY INVESTINDO na MESMA COISA (você deveria saber),2026-09-27,2026-04-04,9,paranapanema ações,2,18
ViYvYbRE45c,BARSI e MICHAEL BURRY INVESTINDO na MESMA COISA (você deveria saber),2026-09-27,2026-04-04,10,alemao da caravan,1,0
ViYvYbRE45c,BARSI e MICHAEL BURRY INVESTINDO na MESMA COISA (você deveria saber),2026-09-27,2026-04-04,11,b3sa3,1,0
ViYvYbRE45c,BARSI e MICHAEL BURRY INVESTINDO na MESMA COISA (você deveria saber),2026-09-27,2026-04-04,12,carabina de pressão,1,0
ViYvYbRE45c,BARSI e MICHAEL BURRY INVESTINDO na MESMA COISA (você deveria saber),2026-09-27,2026-04-04,13,challenge,1,0
ViYvYbRE45c,BARSI e MICHAEL BURRY INVESTINDO na MESMA COISA (você deveria saber),2026-09-27,2026-04-04,14,cnn brasil ao vivo,1,1
ViYvYbRE45c,BARSI e MICHAEL BURRY INVESTINDO na MESMA COISA (você deveria saber),2026-09-27,2026-04-04,15,educação financeira,1,0
ViYvYbRE45c,BARSI e MICHAEL BURRY INVESTINDO na MESMA COISA (você deveria saber),2026-09-27,2026-04-04,16,ethy11,1,0
ViYvYbRE45c,BARSI e MICHAEL BURRY INVESTINDO na MESMA COISA (você deveria saber),2026-09-27,2026-04-04,17,fonte da fortuna,1,9
ViYvYbRE45c,BARSI e MICHAEL BURRY INVESTINDO na MESMA COISA (você deveria saber),2026-09-27,2026-04-04,18,investment,1,0
ViYvYbRE45c,BARSI e MICHAEL BURRY INVESTINDO na MESMA COISA (você deveria saber),2026-09-27,2026-04-04,19,lren3,1,0
ViYvYbRE45c,BARSI e MICHAEL BURRY INVESTINDO na MESMA COISA (você deveria saber),2026-09-27,2026-04-04,20,marcelo baccarini,1,0
ViYvYbRE45c,BARSI e MICHAEL BURRY INVESTINDO na MESMA COISA (você deveria saber),2026-09-27,2026-04-04,21,michael burry,1,0
ViYvYbRE45c,BARSI e MICHAEL BURRY INVESTINDO na MESMA COISA (você deveria saber),2026-09-27,2026-04-04,22,mirai investing,1,18
ViYvYbRE45c,BARSI e MICHAEL BURRY INVESTINDO na MESMA COISA (você deveria saber),2026-09-27,2026-04-04,23,o e da coisa,1,0
ViYvYbRE45c,BARSI e MICHAEL BURRY INVESTINDO na MESMA COISA (você deveria saber),2026-09-27,2026-04-04,24,renda fixa,1,0
ViYvYbRE45c,BARSI e MICHAEL BURRY INVESTINDO na MESMA COISA (você deveria saber),2026-09-27,2026-04-04,25,upside financeiro,1,9
imv9myxsReU,Sua esposa(marido) é sua maior sócia #investimentos,2026-07-18,2026-04-04,1,ponte anita garibaldi,4,0
imv9myxsReU,Sua esposa(marido) é sua maior sócia #investimentos,2026-07-18,2026-04-04,2,bitelo e anatoly,3,0
imv9myxsReU,Sua esposa(marido) é sua maior sócia #investimentos,2026-07-18,2026-04-04,3,caze tv ao vivo,3,0
imv9myxsReU,Sua esposa(marido) é sua maior sócia #investimentos,2026-07-18,2026-04-04,4,city lx 2026,3,0
imv9myxsReU,Sua esposa(marido) é sua maior sócia #investimentos,2026-07-18,2026-04-04,5,como espremer furúnculo sem dor,3,0
imv9myxsReU,Sua esposa(marido) é sua maior sócia #investimentos,2026-07-18,2026-04-04,6,ferrari 812 gts,3,1
imv9myxsReU,Sua esposa(marido) é sua maior sócia #investimentos,2026-07-18,2026-04-04,7,gwm poer p30,3,1
imv9myxsReU,Sua esposa(marido) é sua maior sócia #investimentos,2026-07-18,2026-04-04,8,jaecoo 7,3,1
imv9myxsReU,Sua esposa(marido) é sua maior sócia #investimentos,2026-07-18,2026-04-04,9,se nao me valorizar,3,0
imv9myxsReU,Sua esposa(marido) é sua maior sócia #investimentos,2026-07-18,2026-04-04,10,15 anos,2,0
imv9myxsReU,Sua esposa(marido) é sua maior sócia #investimentos,2026-07-18,2026-04-04,11,academia caseira,2,0
imv9myxsReU,Sua esposa(marido) é sua maior sócia #investimentos,2026-07-18,2026-04-04,12,albergue,2,0
imv9myxsReU,Sua esposa(marido) é sua maior sócia #investimentos,2026-07-18,2026-04-04,13,calibre 12,2,0
imv9myxsReU,Sua esposa(marido) é sua maior sócia #investimentos,2026-07-18,2026-04-04,14,chupa argentina,2,0
imv9myxsReU,Sua esposa(marido) é sua maior sócia #investimentos,2026-07-18,2026-04-04,15,como investir sendo menor de 18,2,0
imv9myxsReU,Sua esposa(marido) é sua maior sócia #investimentos,2026-07-18,2026-04-04,16,czarnina,2,0
imv9myxsReU,Sua esposa(marido) é sua maior sócia #investimentos,2026-07-18,2026-04-04,17,fifa,2,0
imv9myxsReU,Sua esposa(marido) é sua maior sócia #investimentos,2026-07-18,2026-04-04,18,fii,2,0
imv9myxsReU,Sua esposa(marido) é sua maior sócia #investimentos,2026-07-18,2026-04-04,19,fria anitta,2,0
imv9myxsReU,Sua esposa(marido) é sua maior sócia #investimentos,2026-07-18,2026-04-04,20,gol espanha,2,0
imv9myxsReU,Sua esposa(marido) é sua maior sócia #investimentos,2026-07-18,2026-04-04,21,guincho manual catraca,2,0
imv9myxsReU,Sua esposa(marido) é sua maior sócia #investimentos,2026-07-18,2026-04-04,22,investimentos,2,0
imv9myxsReU,Sua esposa(marido) é sua maior sócia #investimentos,2026-07-18,2026-04-04,23,jacaré come criança,2,0
imv9myxsReU,Sua esposa(marido) é sua maior sócia #investimentos,2026-07-18,2026-04-04,24,justin bieber cantando na final da copa,2,0
imv9myxsReU,Sua esposa(marido) é sua maior sócia #investimentos,2026-07-18,2026-04-04,25,madonna,2,0
kflcJjhVg5k,TRXF11: O que está por trás do buraco de R$ 22?,2026-09-29,2026-04-04,1,trxf11,564,2491
kflcJjhVg5k,TRXF11: O que está por trás do buraco de R$ 22?,2026-09-29,2026-04-04,2,trxf11 hoje,8,31
kflcJjhVg5k,TRXF11: O que está por trás do buraco de R$ 22?,2026-09-29,2026-04-04,3,txrf11,8,22
kflcJjhVg5k,TRXF11: O que está por trás do buraco de R$ 22?,2026-09-29,2026-04-04,4,trxf,6,3
kflcJjhVg5k,TRXF11: O que está por trás do buraco de R$ 22?,2026-09-29,2026-04-04,5,trxf11 vale a pena,5,21
kflcJjhVg5k,TRXF11: O que está por trás do buraco de R$ 22?,2026-09-29,2026-04-04,6,fiis,3,16
kflcJjhVg5k,TRXF11: O que está por trás do buraco de R$ 22?,2026-09-29,2026-04-04,7,fundos imobiliarios,3,27
kflcJjhVg5k,TRXF11: O que está por trás do buraco de R$ 22?,2026-09-29,2026-04-04,8,anuncio dividendos,2,0
kflcJjhVg5k,TRXF11: O que está por trás do buraco de R$ 22?,2026-09-29,2026-04-04,9,trxf11 caindo,2,0
kflcJjhVg5k,TRXF11: O que está por trás do buraco de R$ 22?,2026-09-29,2026-04-04,10,cdib11,1,0
kflcJjhVg5k,TRXF11: O que está por trás do buraco de R$ 22?,2026-09-29,2026-04-04,11,cnn brasil ao vivo,1,0
kflcJjhVg5k,TRXF11: O que está por trás do buraco de R$ 22?,2026-09-29,2026-04-04,12,dividendos,1,0
kflcJjhVg5k,TRXF11: O que está por trás do buraco de R$ 22?,2026-09-29,2026-04-04,13,fii,1,12
kflcJjhVg5k,TRXF11: O que está por trás do buraco de R$ 22?,2026-09-29,2026-04-04,14,real estate,1,0
kflcJjhVg5k,TRXF11: O que está por trás do buraco de R$ 22?,2026-09-29,2026-04-04,15,tgar11,1,0
kflcJjhVg5k,TRXF11: O que está por trás do buraco de R$ 22?,2026-09-29,2026-04-04,16,vale3,1,0
1VKgdEqrZnY,Perfil de Investidor #investimentos,2026-05-14,2026-04-04,1,investimentos,10,0
1VKgdEqrZnY,Perfil de Investidor #investimentos,2026-05-14,2026-04-04,2,como fazer um broche,6,0
1VKgdEqrZnY,Perfil de Investidor #investimentos,2026-05-14,2026-04-04,3,duda e marcelo,3,0
1VKgdEqrZnY,Perfil de Investidor #investimentos,2026-05-14,2026-04-04,4,google earth,3,0
1VKgdEqrZnY,Perfil de Investidor #investimentos,2026-05-14,2026-04-04,5,maico lord,3,0
1VKgdEqrZnY,Perfil de Investidor #investimentos,2026-05-14,2026-04-04,6,memes de digital circus,3,0
1VKgdEqrZnY,Perfil de Investidor #investimentos,2026-05-14,2026-04-04,7,pilates em casa,3,0
1VKgdEqrZnY,Perfil de Investidor #investimentos,2026-05-14,2026-04-04,8,shorts,3,0
1VKgdEqrZnY,Perfil de Investidor #investimentos,2026-05-14,2026-04-04,9,taspio,3,0
1VKgdEqrZnY,Perfil de Investidor #investimentos,2026-05-14,2026-04-04,10,unhas,3,0
1VKgdEqrZnY,Perfil de Investidor #investimentos,2026-05-14,2026-04-04,11,aberturas de xadrez para iniciantes,2,0
1VKgdEqrZnY,Perfil de Investidor #investimentos,2026-05-14,2026-04-04,12,alice no pais das maravilha,2,0
1VKgdEqrZnY,Perfil de Investidor #investimentos,2026-05-14,2026-04-04,13,ariah,2,0
1VKgdEqrZnY,Perfil de Investidor #investimentos,2026-05-14,2026-04-04,14,asmr mukbang,2,0
1VKgdEqrZnY,Perfil de Investidor #investimentos,2026-05-14,2026-04-04,15,asmr olhos,2,0
1VKgdEqrZnY,Perfil de Investidor #investimentos,2026-05-14,2026-04-04,16,bobo de frango,2,0
1VKgdEqrZnY,Perfil de Investidor #investimentos,2026-05-14,2026-04-04,17,bullet journal,2,0
1VKgdEqrZnY,Perfil de Investidor #investimentos,2026-05-14,2026-04-04,18,cobra,2,0
1VKgdEqrZnY,Perfil de Investidor #investimentos,2026-05-14,2026-04-04,19,como bater ba,2,0
1VKgdEqrZnY,Perfil de Investidor #investimentos,2026-05-14,2026-04-04,20,costa rica drone,2,0
1VKgdEqrZnY,Perfil de Investidor #investimentos,2026-05-14,2026-04-04,21,cravos gigantes removendo,2,0
1VKgdEqrZnY,Perfil de Investidor #investimentos,2026-05-14,2026-04-04,22,da uma picareta,2,0
1VKgdEqrZnY,Perfil de Investidor #investimentos,2026-05-14,2026-04-04,23,dandy's world,2,0
1VKgdEqrZnY,Perfil de Investidor #investimentos,2026-05-14,2026-04-04,24,diniz e gabriel paulista,2,0
1VKgdEqrZnY,Perfil de Investidor #investimentos,2026-05-14,2026-04-04,25,dracula,2,0
OaorU5U0g5I,Dinheiro não muda Ninguém,2026-05-11,2026-04-04,1,nome de menina com a letra l,5,0
OaorU5U0g5I,Dinheiro não muda Ninguém,2026-05-11,2026-04-04,2,flavio bolsonaro,4,0
OaorU5U0g5I,Dinheiro não muda Ninguém,2026-05-11,2026-04-04,3,como instalar corredicas ocultas,3,0
OaorU5U0g5I,Dinheiro não muda Ninguém,2026-05-11,2026-04-04,4,dcm ao vivo,3,0
OaorU5U0g5I,Dinheiro não muda Ninguém,2026-05-11,2026-04-04,5,encanamento banheiro,3,0
OaorU5U0g5I,Dinheiro não muda Ninguém,2026-05-11,2026-04-04,6,flex city,3,0
OaorU5U0g5I,Dinheiro não muda Ninguém,2026-05-11,2026-04-04,7,hupi naja,3,0
OaorU5U0g5I,Dinheiro não muda Ninguém,2026-05-11,2026-04-04,8,mulher sonambula cantando,3,0
OaorU5U0g5I,Dinheiro não muda Ninguém,2026-05-11,2026-04-04,9,noticias politicas de hoje no brasil,3,0
OaorU5U0g5I,Dinheiro não muda Ninguém,2026-05-11,2026-04-04,10,salon line bomba crescimento,3,0
OaorU5U0g5I,Dinheiro não muda Ninguém,2026-05-11,2026-04-04,11,toma abacaxi do rock lee,3,0
OaorU5U0g5I,Dinheiro não muda Ninguém,2026-05-11,2026-04-04,12,urso do sol,3,0
OaorU5U0g5I,Dinheiro não muda Ninguém,2026-05-11,2026-04-04,13,baby vs raccoon,2,0
OaorU5U0g5I,Dinheiro não muda Ninguém,2026-05-11,2026-04-04,14,batalha de rap,2,0
OaorU5U0g5I,Dinheiro não muda Ninguém,2026-05-11,2026-04-04,15,construindo kitnet,2,0
OaorU5U0g5I,Dinheiro não muda Ninguém,2026-05-11,2026-04-04,16,damassaclan x gugu,2,0
OaorU5U0g5I,Dinheiro não muda Ninguém,2026-05-11,2026-04-04,17,fedor emelianenko,2,0
OaorU5U0g5I,Dinheiro não muda Ninguém,2026-05-11,2026-04-04,18,filmes completos dublados,2,0
OaorU5U0g5I,Dinheiro não muda Ninguém,2026-05-11,2026-04-04,19,gas,2,0
OaorU5U0g5I,Dinheiro não muda Ninguém,2026-05-11,2026-04-04,20,gato blue,2,0
OaorU5U0g5I,Dinheiro não muda Ninguém,2026-05-11,2026-04-04,21,gugu da gr6,2,0
OaorU5U0g5I,Dinheiro não muda Ninguém,2026-05-11,2026-04-04,22,kiko loureiro megadeth,2,0
OaorU5U0g5I,Dinheiro não muda Ninguém,2026-05-11,2026-04-04,23,lula e alcolumbre,2,0
OaorU5U0g5I,Dinheiro não muda Ninguém,2026-05-11,2026-04-04,24,narcisismo,2,0
OaorU5U0g5I,Dinheiro não muda Ninguém,2026-05-11,2026-04-04,25,nikolas ferreira,2,0
PUMWmQq-7rQ,Quando eu compro uma ação ela...,2026-04-22,2026-04-04,1,emilly vick,4,0
PUMWmQq-7rQ,Quando eu compro uma ação ela...,2026-04-22,2026-04-04,2,funk do rio de janeiro,4,0
PUMWmQq-7rQ,Quando eu compro uma ação ela...,2026-04-22,2026-04-04,3,42,3,0
PUMWmQq-7rQ,Quando eu compro uma ação ela...,2026-04-22,2026-04-04,4,citroen aircross 7 lugares,3,0
PUMWmQq-7rQ,Quando eu compro uma ação ela...,2026-04-22,2026-04-04,5,como economizar dinheiro,3,0
PUMWmQq-7rQ,Quando eu compro uma ação ela...,2026-04-22,2026-04-04,6,retatrutide,3,0
PUMWmQq-7rQ,Quando eu compro uma ação ela...,2026-04-22,2026-04-04,7,bancada de concreto,2,0
PUMWmQq-7rQ,Quando eu compro uma ação ela...,2026-04-22,2026-04-04,8,bangers open air 2026,2,0
PUMWmQq-7rQ,Quando eu compro uma ação ela...,2026-04-22,2026-04-04,9,benzinho,2,0
PUMWmQq-7rQ,Quando eu compro uma ação ela...,2026-04-22,2026-04-04,10,bulbasaur pokémon,2,0
PUMWmQq-7rQ,Quando eu compro uma ação ela...,2026-04-22,2026-04-04,11,calopsita,2,0
PUMWmQq-7rQ,Quando eu compro uma ação ela...,2026-04-22,2026-04-04,12,caso tawana,2,0
PUMWmQq-7rQ,Quando eu compro uma ação ela...,2026-04-22,2026-04-04,13,cearense do grau,2,0
PUMWmQq-7rQ,Quando eu compro uma ação ela...,2026-04-22,2026-04-04,14,clash royale,2,0
PUMWmQq-7rQ,Quando eu compro uma ação ela...,2026-04-22,2026-04-04,15,compressor de ar direto,2,0
PUMWmQq-7rQ,Quando eu compro uma ação ela...,2026-04-22,2026-04-04,16,desenho,2,0
PUMWmQq-7rQ,Quando eu compro uma ação ela...,2026-04-22,2026-04-04,17,dolphin mini 2026,2,0
PUMWmQq-7rQ,Quando eu compro uma ação ela...,2026-04-22,2026-04-04,18,enaldinho comida,2,0
PUMWmQq-7rQ,Quando eu compro uma ação ela...,2026-04-22,2026-04-04,19,engenharia mecatronica,2,0
PUMWmQq-7rQ,Quando eu compro uma ação ela...,2026-04-22,2026-04-04,20,for two,2,0
PUMWmQq-7rQ,Quando eu compro uma ação ela...,2026-04-22,2026-04-04,21,hélio e júnior,2,0
PUMWmQq-7rQ,Quando eu compro uma ação ela...,2026-04-22,2026-04-04,22,impressora 3d,2,0
PUMWmQq-7rQ,Quando eu compro uma ação ela...,2026-04-22,2026-04-04,23,jazzghost,2,0
PUMWmQq-7rQ,Quando eu compro uma ação ela...,2026-04-22,2026-04-04,24,julie,2,0
PUMWmQq-7rQ,Quando eu compro uma ação ela...,2026-04-22,2026-04-04,25,lucas uai,2,0
KMIsVEOcaLM,"CUIDADO com Tesouro Direto IPCA+ 8,32% (veja antes do Copom)",2026-06-16,2026-04-04,1,tesouro direto,384,2567
KMIsVEOcaLM,"CUIDADO com Tesouro Direto IPCA+ 8,32% (veja antes do Copom)",2026-06-16,2026-04-04,2,ipca + 8,211,1372
KMIsVEOcaLM,"CUIDADO com Tesouro Direto IPCA+ 8,32% (veja antes do Copom)",2026-06-16,2026-04-04,3,tesouro ipca,69,356
KMIsVEOcaLM,"CUIDADO com Tesouro Direto IPCA+ 8,32% (veja antes do Copom)",2026-06-16,2026-04-04,4,tesouro ipca+ 2032,62,372
KMIsVEOcaLM,"CUIDADO com Tesouro Direto IPCA+ 8,32% (veja antes do Copom)",2026-06-16,2026-04-04,5,ipca 2032,27,119
KMIsVEOcaLM,"CUIDADO com Tesouro Direto IPCA+ 8,32% (veja antes do Copom)",2026-06-16,2026-04-04,6,ipca,24,173
KMIsVEOcaLM,"CUIDADO com Tesouro Direto IPCA+ 8,32% (veja antes do Copom)",2026-06-16,2026-04-04,7,tesouro ipca+,23,154
KMIsVEOcaLM,"CUIDADO com Tesouro Direto IPCA+ 8,32% (veja antes do Copom)",2026-06-16,2026-04-04,8,ipca+,22,88
KMIsVEOcaLM,"CUIDADO com Tesouro Direto IPCA+ 8,32% (veja antes do Copom)",2026-06-16,2026-04-04,9,copom,13,111
KMIsVEOcaLM,"CUIDADO com Tesouro Direto IPCA+ 8,32% (veja antes do Copom)",2026-06-16,2026-04-04,10,ipca +,8,21
KMIsVEOcaLM,"CUIDADO com Tesouro Direto IPCA+ 8,32% (veja antes do Copom)",2026-06-16,2026-04-04,11,tesouro,8,37
KMIsVEOcaLM,"CUIDADO com Tesouro Direto IPCA+ 8,32% (veja antes do Copom)",2026-06-16,2026-04-04,12,tesouro ipca +,8,88
KMIsVEOcaLM,"CUIDADO com Tesouro Direto IPCA+ 8,32% (veja antes do Copom)",2026-06-16,2026-04-04,13,tesouro ipca 2032,7,44
KMIsVEOcaLM,"CUIDADO com Tesouro Direto IPCA+ 8,32% (veja antes do Copom)",2026-06-16,2026-04-04,14,ipca+ 2032,6,31
KMIsVEOcaLM,"CUIDADO com Tesouro Direto IPCA+ 8,32% (veja antes do Copom)",2026-06-16,2026-04-04,15,ipca+ 2040,6,21
KMIsVEOcaLM,"CUIDADO com Tesouro Direto IPCA+ 8,32% (veja antes do Copom)",2026-06-16,2026-04-04,16,ipca+ 2050,6,41
KMIsVEOcaLM,"CUIDADO com Tesouro Direto IPCA+ 8,32% (veja antes do Copom)",2026-06-16,2026-04-04,17,ipca +8,5,32
KMIsVEOcaLM,"CUIDADO com Tesouro Direto IPCA+ 8,32% (veja antes do Copom)",2026-06-16,2026-04-04,18,marcação a mercado tesouro direto,5,31
KMIsVEOcaLM,"CUIDADO com Tesouro Direto IPCA+ 8,32% (veja antes do Copom)",2026-06-16,2026-04-04,19,tesouro direto hoje,5,34
KMIsVEOcaLM,"CUIDADO com Tesouro Direto IPCA+ 8,32% (veja antes do Copom)",2026-06-16,2026-04-04,20,ipca+8,4,39
KMIsVEOcaLM,"CUIDADO com Tesouro Direto IPCA+ 8,32% (veja antes do Copom)",2026-06-16,2026-04-04,21,tesouro direto 2032,4,38
KMIsVEOcaLM,"CUIDADO com Tesouro Direto IPCA+ 8,32% (veja antes do Copom)",2026-06-16,2026-04-04,22,tesouro direto marcação a mercado,4,24
KMIsVEOcaLM,"CUIDADO com Tesouro Direto IPCA+ 8,32% (veja antes do Copom)",2026-06-16,2026-04-04,23,tesouro direto ipca,3,10
KMIsVEOcaLM,"CUIDADO com Tesouro Direto IPCA+ 8,32% (veja antes do Copom)",2026-06-16,2026-04-04,24,tesouro ipca 2026,3,13
KMIsVEOcaLM,"CUIDADO com Tesouro Direto IPCA+ 8,32% (veja antes do Copom)",2026-06-16,2026-04-04,25,tesouro ipca+ 2040,3,6
bgkCS6-fHSg,Tanaka a BYD lançou um Carro que pode matar o mercado de carro de luxo europeu,2026-04-27,2026-04-04,1,byd mako,174,30
bgkCS6-fHSg,Tanaka a BYD lançou um Carro que pode matar o mercado de carro de luxo europeu,2026-04-27,2026-04-04,2,carro,29,2
bgkCS6-fHSg,Tanaka a BYD lançou um Carro que pode matar o mercado de carro de luxo europeu,2026-04-27,2026-04-04,3,mako byd,11,1
bgkCS6-fHSg,Tanaka a BYD lançou um Carro que pode matar o mercado de carro de luxo europeu,2026-04-27,2026-04-04,4,tanaka,9,0
bgkCS6-fHSg,Tanaka a BYD lançou um Carro que pode matar o mercado de carro de luxo europeu,2026-04-27,2026-04-04,5,byd,7,1
bgkCS6-fHSg,Tanaka a BYD lançou um Carro que pode matar o mercado de carro de luxo europeu,2026-04-27,2026-04-04,6,fusion 2014,5,1
bgkCS6-fHSg,Tanaka a BYD lançou um Carro que pode matar o mercado de carro de luxo europeu,2026-04-27,2026-04-04,7,carro esportivo,4,0
bgkCS6-fHSg,Tanaka a BYD lançou um Carro que pode matar o mercado de carro de luxo europeu,2026-04-27,2026-04-04,8,como fazer massagens nas costas,4,1
bgkCS6-fHSg,Tanaka a BYD lançou um Carro que pode matar o mercado de carro de luxo europeu,2026-04-27,2026-04-04,9,dani mengue,4,1
bgkCS6-fHSg,Tanaka a BYD lançou um Carro que pode matar o mercado de carro de luxo europeu,2026-04-27,2026-04-04,10,byd mako picape,3,0
bgkCS6-fHSg,Tanaka a BYD lançou um Carro que pode matar o mercado de carro de luxo europeu,2026-04-27,2026-04-04,11,iphone 17 pro max,3,0
bgkCS6-fHSg,Tanaka a BYD lançou um Carro que pode matar o mercado de carro de luxo europeu,2026-04-27,2026-04-04,12,tenente breno,3,0
bgkCS6-fHSg,Tanaka a BYD lançou um Carro que pode matar o mercado de carro de luxo europeu,2026-04-27,2026-04-04,13,tinta para parede externa,3,0
bgkCS6-fHSg,Tanaka a BYD lançou um Carro que pode matar o mercado de carro de luxo europeu,2026-04-27,2026-04-04,14,adam rose osha,2,0
bgkCS6-fHSg,Tanaka a BYD lançou um Carro que pode matar o mercado de carro de luxo europeu,2026-04-27,2026-04-04,15,bugatti edit,2,0
bgkCS6-fHSg,Tanaka a BYD lançou um Carro que pode matar o mercado de carro de luxo europeu,2026-04-27,2026-04-04,16,byd dolphin,2,0
bgkCS6-fHSg,Tanaka a BYD lançou um Carro que pode matar o mercado de carro de luxo europeu,2026-04-27,2026-04-04,17,byd dolphin mini,2,0
bgkCS6-fHSg,Tanaka a BYD lançou um Carro que pode matar o mercado de carro de luxo europeu,2026-04-27,2026-04-04,18,byd falindo,2,0
bgkCS6-fHSg,Tanaka a BYD lançou um Carro que pode matar o mercado de carro de luxo europeu,2026-04-27,2026-04-04,19,byd maco,2,0
bgkCS6-fHSg,Tanaka a BYD lançou um Carro que pode matar o mercado de carro de luxo europeu,2026-04-27,2026-04-04,20,byd sealion 7,2,0
bgkCS6-fHSg,Tanaka a BYD lançou um Carro que pode matar o mercado de carro de luxo europeu,2026-04-27,2026-04-04,21,carro de luxo,2,0
bgkCS6-fHSg,Tanaka a BYD lançou um Carro que pode matar o mercado de carro de luxo europeu,2026-04-27,2026-04-04,22,carros de luxo,2,0
bgkCS6-fHSg,Tanaka a BYD lançou um Carro que pode matar o mercado de carro de luxo europeu,2026-04-27,2026-04-04,23,carros esportivos,2,0
bgkCS6-fHSg,Tanaka a BYD lançou um Carro que pode matar o mercado de carro de luxo europeu,2026-04-27,2026-04-04,24,corinthians,2,0
bgkCS6-fHSg,Tanaka a BYD lançou um Carro que pode matar o mercado de carro de luxo europeu,2026-04-27,2026-04-04,25,delivery em casa,2,0
8wQSB5fNGd0,IPO SPACEX os funcionários milionários,2026-06-18,2026-04-04,1,ipo spacex,11,1
8wQSB5fNGd0,IPO SPACEX os funcionários milionários,2026-06-18,2026-04-04,2,adesanya vs gastelum,6,0
8wQSB5fNGd0,IPO SPACEX os funcionários milionários,2026-06-18,2026-04-04,3,spaghetti le sserafim,5,1
8wQSB5fNGd0,IPO SPACEX os funcionários milionários,2026-06-18,2026-04-04,4,the sims castaway,4,0
8wQSB5fNGd0,IPO SPACEX os funcionários milionários,2026-06-18,2026-04-04,5,monstros sa,3,0
8wQSB5fNGd0,IPO SPACEX os funcionários milionários,2026-06-18,2026-04-04,6,nicho hot,3,0
8wQSB5fNGd0,IPO SPACEX os funcionários milionários,2026-06-18,2026-04-04,7,opala ss,3,0
8wQSB5fNGd0,IPO SPACEX os funcionários milionários,2026-06-18,2026-04-04,8,album da copa 2026,2,0
8wQSB5fNGd0,IPO SPACEX os funcionários milionários,2026-06-18,2026-04-04,9,ball x pit,2,0
8wQSB5fNGd0,IPO SPACEX os funcionários milionários,2026-06-18,2026-04-04,10,buzeira preso,2,0
8wQSB5fNGd0,IPO SPACEX os funcionários milionários,2026-06-18,2026-04-04,11,celta,2,0
8wQSB5fNGd0,IPO SPACEX os funcionários milionários,2026-06-18,2026-04-04,12,futebol ao vivo,2,0
8wQSB5fNGd0,IPO SPACEX os funcionários milionários,2026-06-18,2026-04-04,13,ishowspeed wwe,2,0
8wQSB5fNGd0,IPO SPACEX os funcionários milionários,2026-06-18,2026-04-04,14,jogador do canada quebra a perna,2,0
8wQSB5fNGd0,IPO SPACEX os funcionários milionários,2026-06-18,2026-04-04,15,kitnet,2,0
8wQSB5fNGd0,IPO SPACEX os funcionários milionários,2026-06-18,2026-04-04,16,luca zidane,2,0
8wQSB5fNGd0,IPO SPACEX os funcionários milionários,2026-06-18,2026-04-04,17,melhores momentos,2,0
8wQSB5fNGd0,IPO SPACEX os funcionários milionários,2026-06-18,2026-04-04,18,misantropia,2,0
8wQSB5fNGd0,IPO SPACEX os funcionários milionários,2026-06-18,2026-04-04,19,morar no paraguai,2,0
8wQSB5fNGd0,IPO SPACEX os funcionários milionários,2026-06-18,2026-04-04,20,morte,2,0
8wQSB5fNGd0,IPO SPACEX os funcionários milionários,2026-06-18,2026-04-04,21,pao de queijo,2,0
8wQSB5fNGd0,IPO SPACEX os funcionários milionários,2026-06-18,2026-04-04,22,shanks vs kidd,2,0
8wQSB5fNGd0,IPO SPACEX os funcionários milionários,2026-06-18,2026-04-04,23,abrindo cartas pokémon,1,0
8wQSB5fNGd0,IPO SPACEX os funcionários milionários,2026-06-18,2026-04-04,24,acidente em minas gerais hoje,1,0
8wQSB5fNGd0,IPO SPACEX os funcionários milionários,2026-06-18,2026-04-04,25,cariani,1,0
GpdXuQipVaQ,A Klabin ia pagar dívida — e torrou meio bilhão na própria ação,2026-07-10,2026-04-04,1,klabin,158,782
GpdXuQipVaQ,A Klabin ia pagar dívida — e torrou meio bilhão na própria ação,2026-07-10,2026-04-04,2,klbn11,21,104
GpdXuQipVaQ,A Klabin ia pagar dívida — e torrou meio bilhão na própria ação,2026-07-10,2026-04-04,3,https://youtu.be/gpdxuqipvaq?,6,0
GpdXuQipVaQ,A Klabin ia pagar dívida — e torrou meio bilhão na própria ação,2026-07-10,2026-04-04,4,dividendos,4,12
GpdXuQipVaQ,A Klabin ia pagar dívida — e torrou meio bilhão na própria ação,2026-07-10,2026-04-04,5,acoes que pagam dividendos todo mes,3,0
GpdXuQipVaQ,A Klabin ia pagar dívida — e torrou meio bilhão na própria ação,2026-07-10,2026-04-04,6,investir e coçar é só começar,3,30
GpdXuQipVaQ,A Klabin ia pagar dívida — e torrou meio bilhão na própria ação,2026-07-10,2026-04-04,7,ações,2,0
GpdXuQipVaQ,A Klabin ia pagar dívida — e torrou meio bilhão na própria ação,2026-07-10,2026-04-04,8,bolsa de valores,2,6
GpdXuQipVaQ,A Klabin ia pagar dívida — e torrou meio bilhão na própria ação,2026-07-10,2026-04-04,9,klbn4,2,25
GpdXuQipVaQ,A Klabin ia pagar dívida — e torrou meio bilhão na própria ação,2026-07-10,2026-04-04,10,logg3,2,0
GpdXuQipVaQ,A Klabin ia pagar dívida — e torrou meio bilhão na própria ação,2026-07-10,2026-04-04,11,acoes,1,0
GpdXuQipVaQ,A Klabin ia pagar dívida — e torrou meio bilhão na própria ação,2026-07-10,2026-04-04,12,barsi,1,0
GpdXuQipVaQ,A Klabin ia pagar dívida — e torrou meio bilhão na própria ação,2026-07-10,2026-04-04,13,bolha da ia,1,0
GpdXuQipVaQ,A Klabin ia pagar dívida — e torrou meio bilhão na própria ação,2026-07-10,2026-04-04,14,btc hoje,1,0
GpdXuQipVaQ,A Klabin ia pagar dívida — e torrou meio bilhão na própria ação,2026-07-10,2026-04-04,15,bthf11,1,2
GpdXuQipVaQ,A Klabin ia pagar dívida — e torrou meio bilhão na própria ação,2026-07-10,2026-04-04,16,capitalizo,1,0
GpdXuQipVaQ,A Klabin ia pagar dívida — e torrou meio bilhão na própria ação,2026-07-10,2026-04-04,17,clube do valor,1,0
GpdXuQipVaQ,A Klabin ia pagar dívida — e torrou meio bilhão na própria ação,2026-07-10,2026-04-04,18,cmig4,1,0
GpdXuQipVaQ,A Klabin ia pagar dívida — e torrou meio bilhão na própria ação,2026-07-10,2026-04-04,19,cosan,1,4
GpdXuQipVaQ,A Klabin ia pagar dívida — e torrou meio bilhão na própria ação,2026-07-10,2026-04-04,20,craa11,1,7
GpdXuQipVaQ,A Klabin ia pagar dívida — e torrou meio bilhão na própria ação,2026-07-10,2026-04-04,21,csan3,1,0
GpdXuQipVaQ,A Klabin ia pagar dívida — e torrou meio bilhão na própria ação,2026-07-10,2026-04-04,22,cxse3,1,0
GpdXuQipVaQ,A Klabin ia pagar dívida — e torrou meio bilhão na própria ação,2026-07-10,2026-04-04,23,dividendos de ações,1,0
GpdXuQipVaQ,A Klabin ia pagar dívida — e torrou meio bilhão na própria ação,2026-07-10,2026-04-04,24,egaf11,1,0
GpdXuQipVaQ,A Klabin ia pagar dívida — e torrou meio bilhão na própria ação,2026-07-10,2026-04-04,25,elaine montenegro,1,2
baVSgDPw2Iw,Funcionários da SPACEX ficaram milionários no IPO SPCX,2026-06-20,2026-04-04,1,spcx,5,0
baVSgDPw2Iw,Funcionários da SPACEX ficaram milionários no IPO SPCX,2026-06-20,2026-04-04,2,kwid,4,0
baVSgDPw2Iw,Funcionários da SPACEX ficaram milionários no IPO SPCX,2026-06-20,2026-04-04,3,terraria,4,0
baVSgDPw2Iw,Funcionários da SPACEX ficaram milionários no IPO SPCX,2026-06-20,2026-04-04,4,astro mothership,3,0
baVSgDPw2Iw,Funcionários da SPACEX ficaram milionários no IPO SPCX,2026-06-20,2026-04-04,5,louvores violao,3,0
baVSgDPw2Iw,Funcionários da SPACEX ficaram milionários no IPO SPCX,2026-06-20,2026-04-04,6,quebrou a perna na copa,3,0
baVSgDPw2Iw,Funcionários da SPACEX ficaram milionários no IPO SPCX,2026-06-20,2026-04-04,7,sistemas de redstone,3,0
baVSgDPw2Iw,Funcionários da SPACEX ficaram milionários no IPO SPCX,2026-06-20,2026-04-04,8,uol,3,0
baVSgDPw2Iw,Funcionários da SPACEX ficaram milionários no IPO SPCX,2026-06-20,2026-04-04,9,alemanha,2,0
baVSgDPw2Iw,Funcionários da SPACEX ficaram milionários no IPO SPCX,2026-06-20,2026-04-04,10,bettina,2,0
baVSgDPw2Iw,Funcionários da SPACEX ficaram milionários no IPO SPCX,2026-06-20,2026-04-04,11,caze tv,2,0
baVSgDPw2Iw,Funcionários da SPACEX ficaram milionários no IPO SPCX,2026-06-20,2026-04-04,12,chxeu chxeu brasil x haiti,2,0
baVSgDPw2Iw,Funcionários da SPACEX ficaram milionários no IPO SPCX,2026-06-20,2026-04-04,13,contrapiso,2,0
baVSgDPw2Iw,Funcionários da SPACEX ficaram milionários no IPO SPCX,2026-06-20,2026-04-04,14,eu sou o milior,2,0
baVSgDPw2Iw,Funcionários da SPACEX ficaram milionários no IPO SPCX,2026-06-20,2026-04-04,15,grounded,2,0
baVSgDPw2Iw,Funcionários da SPACEX ficaram milionários no IPO SPCX,2026-06-20,2026-04-04,16,hublot,2,0
baVSgDPw2Iw,Funcionários da SPACEX ficaram milionários no IPO SPCX,2026-06-20,2026-04-04,17,mac miller congratulations,2,0
baVSgDPw2Iw,Funcionários da SPACEX ficaram milionários no IPO SPCX,2026-06-20,2026-04-04,18,oliver tree previu sua morte,2,0
baVSgDPw2Iw,Funcionários da SPACEX ficaram milionários no IPO SPCX,2026-06-20,2026-04-04,19,professor michael jackson,2,0
baVSgDPw2Iw,Funcionários da SPACEX ficaram milionários no IPO SPCX,2026-06-20,2026-04-04,20,raphinha barcelona,2,0
baVSgDPw2Iw,Funcionários da SPACEX ficaram milionários no IPO SPCX,2026-06-20,2026-04-04,21,asmr,1,0
baVSgDPw2Iw,Funcionários da SPACEX ficaram milionários no IPO SPCX,2026-06-20,2026-04-04,22,cabelo preto,1,0
baVSgDPw2Iw,Funcionários da SPACEX ficaram milionários no IPO SPCX,2026-06-20,2026-04-04,23,chamber of reflection,1,0
baVSgDPw2Iw,Funcionários da SPACEX ficaram milionários no IPO SPCX,2026-06-20,2026-04-04,24,drone a gasolina,1,0
baVSgDPw2Iw,Funcionários da SPACEX ficaram milionários no IPO SPCX,2026-06-20,2026-04-04,25,ff7 revelation,1,0
rbgGC6nE4yc,UMA das MAIORES GERADORAS de VALOR da BOLSA - PODE ENTRAR NUM NOVO CICLO,2026-09-03,2026-04-04,1,eqtl3,11,20
rbgGC6nE4yc,UMA das MAIORES GERADORAS de VALOR da BOLSA - PODE ENTRAR NUM NOVO CICLO,2026-09-03,2026-04-04,2,bolsa de valores,4,0
rbgGC6nE4yc,UMA das MAIORES GERADORAS de VALOR da BOLSA - PODE ENTRAR NUM NOVO CICLO,2026-09-03,2026-04-04,3,eqpa3,4,4
rbgGC6nE4yc,UMA das MAIORES GERADORAS de VALOR da BOLSA - PODE ENTRAR NUM NOVO CICLO,2026-09-03,2026-04-04,4,a5x bolsa,2,2
rbgGC6nE4yc,UMA das MAIORES GERADORAS de VALOR da BOLSA - PODE ENTRAR NUM NOVO CICLO,2026-09-03,2026-04-04,5,brav3,2,0
rbgGC6nE4yc,UMA das MAIORES GERADORAS de VALOR da BOLSA - PODE ENTRAR NUM NOVO CICLO,2026-09-03,2026-04-04,6,dividendos,2,0
rbgGC6nE4yc,UMA das MAIORES GERADORAS de VALOR da BOLSA - PODE ENTRAR NUM NOVO CICLO,2026-09-03,2026-04-04,7,azev4,1,0
rbgGC6nE4yc,UMA das MAIORES GERADORAS de VALOR da BOLSA - PODE ENTRAR NUM NOVO CICLO,2026-09-03,2026-04-04,8,btal11,1,0
rbgGC6nE4yc,UMA das MAIORES GERADORAS de VALOR da BOLSA - PODE ENTRAR NUM NOVO CICLO,2026-09-03,2026-04-04,9,equatorial energia,1,1
rbgGC6nE4yc,UMA das MAIORES GERADORAS de VALOR da BOLSA - PODE ENTRAR NUM NOVO CICLO,2026-09-03,2026-04-04,10,geopolítica mundial,1,0
rbgGC6nE4yc,UMA das MAIORES GERADORAS de VALOR da BOLSA - PODE ENTRAR NUM NOVO CICLO,2026-09-03,2026-04-04,11,investimento,1,3
rbgGC6nE4yc,UMA das MAIORES GERADORAS de VALOR da BOLSA - PODE ENTRAR NUM NOVO CICLO,2026-09-03,2026-04-04,12,jepq etf,1,0
rbgGC6nE4yc,UMA das MAIORES GERADORAS de VALOR da BOLSA - PODE ENTRAR NUM NOVO CICLO,2026-09-03,2026-04-04,13,jogo ao vivo,1,0
rbgGC6nE4yc,UMA das MAIORES GERADORAS de VALOR da BOLSA - PODE ENTRAR NUM NOVO CICLO,2026-09-03,2026-04-04,14,mercado financeiro,1,0
rbgGC6nE4yc,UMA das MAIORES GERADORAS de VALOR da BOLSA - PODE ENTRAR NUM NOVO CICLO,2026-09-03,2026-04-04,15,onco3,1,0
rbgGC6nE4yc,UMA das MAIORES GERADORAS de VALOR da BOLSA - PODE ENTRAR NUM NOVO CICLO,2026-09-03,2026-04-04,16,raizen,1,0
rbgGC6nE4yc,UMA das MAIORES GERADORAS de VALOR da BOLSA - PODE ENTRAR NUM NOVO CICLO,2026-09-03,2026-04-04,17,selecta group,1,0
rbgGC6nE4yc,UMA das MAIORES GERADORAS de VALOR da BOLSA - PODE ENTRAR NUM NOVO CICLO,2026-09-03,2026-04-04,18,terra lama,1,0
fJj367I1MnQ,🚨ALERTA do Morgan Stanley que pode MUDAR seus investimentos,2026-09-21,2026-04-04,1,investimentos,5,28
fJj367I1MnQ,🚨ALERTA do Morgan Stanley que pode MUDAR seus investimentos,2026-09-21,2026-04-04,2,mercado financeiro,3,0
fJj367I1MnQ,🚨ALERTA do Morgan Stanley que pode MUDAR seus investimentos,2026-09-21,2026-04-04,3,sputnik,3,21
fJj367I1MnQ,🚨ALERTA do Morgan Stanley que pode MUDAR seus investimentos,2026-09-21,2026-04-04,4,deme,2,16
fJj367I1MnQ,🚨ALERTA do Morgan Stanley que pode MUDAR seus investimentos,2026-09-21,2026-04-04,5,investidor mao de vaca,2,0
fJj367I1MnQ,🚨ALERTA do Morgan Stanley que pode MUDAR seus investimentos,2026-09-21,2026-04-04,6,acoes,1,0
fJj367I1MnQ,🚨ALERTA do Morgan Stanley que pode MUDAR seus investimentos,2026-09-21,2026-04-04,7,agf,1,1
fJj367I1MnQ,🚨ALERTA do Morgan Stanley que pode MUDAR seus investimentos,2026-09-21,2026-04-04,8,andre moraes,1,0
fJj367I1MnQ,🚨ALERTA do Morgan Stanley que pode MUDAR seus investimentos,2026-09-21,2026-04-04,9,investimentos para 2026,1,17
fJj367I1MnQ,🚨ALERTA do Morgan Stanley que pode MUDAR seus investimentos,2026-09-21,2026-04-04,10,ipca,1,0
fJj367I1MnQ,🚨ALERTA do Morgan Stanley que pode MUDAR seus investimentos,2026-09-21,2026-04-04,11,tesouro direto,1,0
fJj367I1MnQ,🚨ALERTA do Morgan Stanley que pode MUDAR seus investimentos,2026-09-21,2026-04-04,12,vorcaro,1,0
djSdW-BmI9c,Só te falta dinheiro,2026-07-17,2026-04-04,1,mounjaro antes e depois,5,0
djSdW-BmI9c,Só te falta dinheiro,2026-07-17,2026-04-04,2,rupaul dj set,5,0
djSdW-BmI9c,Só te falta dinheiro,2026-07-17,2026-04-04,3,como ganhar dinheiro na internet,4,0
djSdW-BmI9c,Só te falta dinheiro,2026-07-17,2026-04-04,4,franz ferdinand,4,0
djSdW-BmI9c,Só te falta dinheiro,2026-07-17,2026-04-04,5,carlos miguel,3,0
djSdW-BmI9c,Só te falta dinheiro,2026-07-17,2026-04-04,6,comida gostosa,3,0
djSdW-BmI9c,Só te falta dinheiro,2026-07-17,2026-04-04,7,falta de dinheiro,3,0
djSdW-BmI9c,Só te falta dinheiro,2026-07-17,2026-04-04,8,pipoca salgada,3,0
djSdW-BmI9c,Só te falta dinheiro,2026-07-17,2026-04-04,9,van executiva,3,0
djSdW-BmI9c,Só te falta dinheiro,2026-07-17,2026-04-04,10,acessórios para carro,2,0
djSdW-BmI9c,Só te falta dinheiro,2026-07-17,2026-04-04,11,cocô na calça,2,0
djSdW-BmI9c,Só te falta dinheiro,2026-07-17,2026-04-04,12,urus lamborghini,2,0
djSdW-BmI9c,Só te falta dinheiro,2026-07-17,2026-04-04,13,beefund,1,0
djSdW-BmI9c,Só te falta dinheiro,2026-07-17,2026-04-04,14,o amor mora ao lado,1,0
djSdW-BmI9c,Só te falta dinheiro,2026-07-17,2026-04-04,15,pistola com silenciador,1,0
XOqLAz3dkV4,TRXF11: DIVIDENDOS atraentes ou PROBLEMAS à vista?,2026-08-26,2026-04-04,1,trxf11,735,1415
XOqLAz3dkV4,TRXF11: DIVIDENDOS atraentes ou PROBLEMAS à vista?,2026-08-26,2026-04-04,2,trxf11 hoje,11,22
XOqLAz3dkV4,TRXF11: DIVIDENDOS atraentes ou PROBLEMAS à vista?,2026-08-26,2026-04-04,3,dividendos,8,22
XOqLAz3dkV4,TRXF11: DIVIDENDOS atraentes ou PROBLEMAS à vista?,2026-08-26,2026-04-04,4,trxf,6,0
XOqLAz3dkV4,TRXF11: DIVIDENDOS atraentes ou PROBLEMAS à vista?,2026-08-26,2026-04-04,5,fiis,3,17
XOqLAz3dkV4,TRXF11: DIVIDENDOS atraentes ou PROBLEMAS à vista?,2026-08-26,2026-04-04,6,tgar11,3,0
XOqLAz3dkV4,TRXF11: DIVIDENDOS atraentes ou PROBLEMAS à vista?,2026-08-26,2026-04-04,7,txrf11,3,19
XOqLAz3dkV4,TRXF11: DIVIDENDOS atraentes ou PROBLEMAS à vista?,2026-08-26,2026-04-04,8,fundo imobiliario,2,0
XOqLAz3dkV4,TRXF11: DIVIDENDOS atraentes ou PROBLEMAS à vista?,2026-08-26,2026-04-04,9,ifra11,2,0
XOqLAz3dkV4,TRXF11: DIVIDENDOS atraentes ou PROBLEMAS à vista?,2026-08-26,2026-04-04,10,trxf11 denuncia,2,0
XOqLAz3dkV4,TRXF11: DIVIDENDOS atraentes ou PROBLEMAS à vista?,2026-08-26,2026-04-04,11,trxf11 fraude,2,0
XOqLAz3dkV4,TRXF11: DIVIDENDOS atraentes ou PROBLEMAS à vista?,2026-08-26,2026-04-04,12,binance,1,0
XOqLAz3dkV4,TRXF11: DIVIDENDOS atraentes ou PROBLEMAS à vista?,2026-08-26,2026-04-04,13,fiib11,1,0
XOqLAz3dkV4,TRXF11: DIVIDENDOS atraentes ou PROBLEMAS à vista?,2026-08-26,2026-04-04,14,formula 1,1,0
XOqLAz3dkV4,TRXF11: DIVIDENDOS atraentes ou PROBLEMAS à vista?,2026-08-26,2026-04-04,15,ggrc11,1,0
XOqLAz3dkV4,TRXF11: DIVIDENDOS atraentes ou PROBLEMAS à vista?,2026-08-26,2026-04-04,16,irim11,1,0
XOqLAz3dkV4,TRXF11: DIVIDENDOS atraentes ou PROBLEMAS à vista?,2026-08-26,2026-04-04,17,lftb11,1,11
XOqLAz3dkV4,TRXF11: DIVIDENDOS atraentes ou PROBLEMAS à vista?,2026-08-26,2026-04-04,18,mxrf11,1,5
XOqLAz3dkV4,TRXF11: DIVIDENDOS atraentes ou PROBLEMAS à vista?,2026-08-26,2026-04-04,19,rbry11,1,4
XOqLAz3dkV4,TRXF11: DIVIDENDOS atraentes ou PROBLEMAS à vista?,2026-08-26,2026-04-04,20,trbl11,1,0
XOqLAz3dkV4,TRXF11: DIVIDENDOS atraentes ou PROBLEMAS à vista?,2026-08-26,2026-04-04,21,trfx11,1,8
XOqLAz3dkV4,TRXF11: DIVIDENDOS atraentes ou PROBLEMAS à vista?,2026-08-26,2026-04-04,22,tribulus terrestris,1,0
XOqLAz3dkV4,TRXF11: DIVIDENDOS atraentes ou PROBLEMAS à vista?,2026-08-26,2026-04-04,23,trxf11 subiu,1,0
XOqLAz3dkV4,TRXF11: DIVIDENDOS atraentes ou PROBLEMAS à vista?,2026-08-26,2026-04-04,24,trxf11 vale a pena,1,14
XOqLAz3dkV4,TRXF11: DIVIDENDOS atraentes ou PROBLEMAS à vista?,2026-08-26,2026-04-04,25,vamo3,1,14
C_Q-arzcYJc,O importante é manter os aportes nas ações #investimentos,2026-06-03,2026-04-04,1,ações,15,1
C_Q-arzcYJc,O importante é manter os aportes nas ações #investimentos,2026-06-03,2026-04-04,2,acoes,7,0
C_Q-arzcYJc,O importante é manter os aportes nas ações #investimentos,2026-06-03,2026-04-04,3,as filhas de silvio santos,6,0
C_Q-arzcYJc,O importante é manter os aportes nas ações #investimentos,2026-06-03,2026-04-04,4,acoes hoje,3,0
C_Q-arzcYJc,O importante é manter os aportes nas ações #investimentos,2026-06-03,2026-04-04,5,motivação,3,0
C_Q-arzcYJc,O importante é manter os aportes nas ações #investimentos,2026-06-03,2026-04-04,6,tiggo 8 phev 2027,3,0
C_Q-arzcYJc,O importante é manter os aportes nas ações #investimentos,2026-06-03,2026-04-04,7,como fazer um mezanino de madeira,2,0
C_Q-arzcYJc,O importante é manter os aportes nas ações #investimentos,2026-06-03,2026-04-04,8,mini indice,2,0
C_Q-arzcYJc,O importante é manter os aportes nas ações #investimentos,2026-06-03,2026-04-04,9,o segredo é o brocolis,2,0
C_Q-arzcYJc,O importante é manter os aportes nas ações #investimentos,2026-06-03,2026-04-04,10,projeto blue beam sinais no céu,2,0
C_Q-arzcYJc,O importante é manter os aportes nas ações #investimentos,2026-06-03,2026-04-04,11,acao,1,0
C_Q-arzcYJc,O importante é manter os aportes nas ações #investimentos,2026-06-03,2026-04-04,12,angulos na circunferencia,1,0
C_Q-arzcYJc,O importante é manter os aportes nas ações #investimentos,2026-06-03,2026-04-04,13,ações para 2026,1,0
C_Q-arzcYJc,O importante é manter os aportes nas ações #investimentos,2026-06-03,2026-04-04,14,capa de matéria de ciências,1,0
C_Q-arzcYJc,O importante é manter os aportes nas ações #investimentos,2026-06-03,2026-04-04,15,como ganhar dinheiro na internet,1,0
C_Q-arzcYJc,O importante é manter os aportes nas ações #investimentos,2026-06-03,2026-04-04,16,como ser um homem atraente e conquistador,1,0
C_Q-arzcYJc,O importante é manter os aportes nas ações #investimentos,2026-06-03,2026-04-04,17,investimentos,1,0
C_Q-arzcYJc,O importante é manter os aportes nas ações #investimentos,2026-06-03,2026-04-04,18,lavar tenis com percarbonato,1,0
C_Q-arzcYJc,O importante é manter os aportes nas ações #investimentos,2026-06-03,2026-04-04,19,mayk leao ovni,1,0
C_Q-arzcYJc,O importante é manter os aportes nas ações #investimentos,2026-06-03,2026-04-04,20,paulo borrachinha,1,0
C_Q-arzcYJc,O importante é manter os aportes nas ações #investimentos,2026-06-03,2026-04-04,21,thermomix,1,0
C_Q-arzcYJc,O importante é manter os aportes nas ações #investimentos,2026-06-03,2026-04-04,22,vestidos,1,0
otJyLJxSm0k,BITCOIN DERRETENDO 🫠 #bitcoin,2026-06-04,2026-04-04,1,steven seagal,5,0
otJyLJxSm0k,BITCOIN DERRETENDO 🫠 #bitcoin,2026-06-04,2026-04-04,2,ralo oculto,3,0
otJyLJxSm0k,BITCOIN DERRETENDO 🫠 #bitcoin,2026-06-04,2026-04-04,3,tente não rir com a peppa pig,3,0
otJyLJxSm0k,BITCOIN DERRETENDO 🫠 #bitcoin,2026-06-04,2026-04-04,4,4060 vs 5060,2,0
otJyLJxSm0k,BITCOIN DERRETENDO 🫠 #bitcoin,2026-06-04,2026-04-04,5,comfort chain,2,0
otJyLJxSm0k,BITCOIN DERRETENDO 🫠 #bitcoin,2026-06-04,2026-04-04,6,como beijar,2,0
otJyLJxSm0k,BITCOIN DERRETENDO 🫠 #bitcoin,2026-06-04,2026-04-04,7,dançando funk,2,0
otJyLJxSm0k,BITCOIN DERRETENDO 🫠 #bitcoin,2026-06-04,2026-04-04,8,ei tudo bem como ta,2,0
otJyLJxSm0k,BITCOIN DERRETENDO 🫠 #bitcoin,2026-06-04,2026-04-04,9,gamesir nova lite 2,2,0
otJyLJxSm0k,BITCOIN DERRETENDO 🫠 #bitcoin,2026-06-04,2026-04-04,10,gol mais rapido do mundo,2,0
otJyLJxSm0k,BITCOIN DERRETENDO 🫠 #bitcoin,2026-06-04,2026-04-04,11,gran turismo filme,2,0
otJyLJxSm0k,BITCOIN DERRETENDO 🫠 #bitcoin,2026-06-04,2026-04-04,12,miofascial liberacao,2,0
otJyLJxSm0k,BITCOIN DERRETENDO 🫠 #bitcoin,2026-06-04,2026-04-04,13,saga completa,2,0
otJyLJxSm0k,BITCOIN DERRETENDO 🫠 #bitcoin,2026-06-04,2026-04-04,14,ukulele,2,0
otJyLJxSm0k,BITCOIN DERRETENDO 🫠 #bitcoin,2026-06-04,2026-04-04,15,alpha filme robo completo dublado,1,0
otJyLJxSm0k,BITCOIN DERRETENDO 🫠 #bitcoin,2026-06-04,2026-04-04,16,alumax vonixx como usar,1,0
otJyLJxSm0k,BITCOIN DERRETENDO 🫠 #bitcoin,2026-06-04,2026-04-04,17,as minas do rei salomão,1,0
otJyLJxSm0k,BITCOIN DERRETENDO 🫠 #bitcoin,2026-06-04,2026-04-04,18,avatar legends the fighting game,1,0
otJyLJxSm0k,BITCOIN DERRETENDO 🫠 #bitcoin,2026-06-04,2026-04-04,19,iron dome in action,1,0
otJyLJxSm0k,BITCOIN DERRETENDO 🫠 #bitcoin,2026-06-04,2026-04-04,20,marea turbo acelerando,1,0
otJyLJxSm0k,BITCOIN DERRETENDO 🫠 #bitcoin,2026-06-04,2026-04-04,21,oficina g3 espelhos magicos,1,0
otJyLJxSm0k,BITCOIN DERRETENDO 🫠 #bitcoin,2026-06-04,2026-04-04,22,pokemon thief,1,0
otJyLJxSm0k,BITCOIN DERRETENDO 🫠 #bitcoin,2026-06-04,2026-04-04,23,robb stark edit,1,0
otJyLJxSm0k,BITCOIN DERRETENDO 🫠 #bitcoin,2026-06-04,2026-04-04,24,sargento fahur,1,0
otJyLJxSm0k,BITCOIN DERRETENDO 🫠 #bitcoin,2026-06-04,2026-04-04,25,simulador de carro realista,1,0
gOph6uGgzCA,IPO SPACEX fez 4400 FUNCIONÁRIOS milionários,2026-06-17,2026-04-04,1,space x,16,6
gOph6uGgzCA,IPO SPACEX fez 4400 FUNCIONÁRIOS milionários,2026-06-17,2026-04-04,2,spcx34,13,8
gOph6uGgzCA,IPO SPACEX fez 4400 FUNCIONÁRIOS milionários,2026-06-17,2026-04-04,3,spcx34 vale a pena,7,3
gOph6uGgzCA,IPO SPACEX fez 4400 FUNCIONÁRIOS milionários,2026-06-17,2026-04-04,4,ações da spacex,6,4
gOph6uGgzCA,IPO SPACEX fez 4400 FUNCIONÁRIOS milionários,2026-06-17,2026-04-04,5,ipo spacex,6,3
gOph6uGgzCA,IPO SPACEX fez 4400 FUNCIONÁRIOS milionários,2026-06-17,2026-04-04,6,ipo da spacex,5,3
gOph6uGgzCA,IPO SPACEX fez 4400 FUNCIONÁRIOS milionários,2026-06-17,2026-04-04,7,acoes spacex,4,2
gOph6uGgzCA,IPO SPACEX fez 4400 FUNCIONÁRIOS milionários,2026-06-17,2026-04-04,8,bitcoin hoje,4,1
gOph6uGgzCA,IPO SPACEX fez 4400 FUNCIONÁRIOS milionários,2026-06-17,2026-04-04,9,como começar a empreender,4,4
gOph6uGgzCA,IPO SPACEX fez 4400 FUNCIONÁRIOS milionários,2026-06-17,2026-04-04,10,como investir na spacex,4,2
gOph6uGgzCA,IPO SPACEX fez 4400 FUNCIONÁRIOS milionários,2026-06-17,2026-04-04,11,ipo,3,1
gOph6uGgzCA,IPO SPACEX fez 4400 FUNCIONÁRIOS milionários,2026-06-17,2026-04-04,12,spacex acoes,3,0
gOph6uGgzCA,IPO SPACEX fez 4400 FUNCIONÁRIOS milionários,2026-06-17,2026-04-04,13,spacex ipo,3,1
gOph6uGgzCA,IPO SPACEX fez 4400 FUNCIONÁRIOS milionários,2026-06-17,2026-04-04,14,acoes da spacex,2,1
gOph6uGgzCA,IPO SPACEX fez 4400 FUNCIONÁRIOS milionários,2026-06-17,2026-04-04,15,bdr spacex,2,1
gOph6uGgzCA,IPO SPACEX fez 4400 FUNCIONÁRIOS milionários,2026-06-17,2026-04-04,16,bm samuel profeta,2,1
gOph6uGgzCA,IPO SPACEX fez 4400 FUNCIONÁRIOS milionários,2026-06-17,2026-04-04,17,fundo do mar,2,2
gOph6uGgzCA,IPO SPACEX fez 4400 FUNCIONÁRIOS milionários,2026-06-17,2026-04-04,18,futebol ao vivo,2,1
gOph6uGgzCA,IPO SPACEX fez 4400 FUNCIONÁRIOS milionários,2026-06-17,2026-04-04,19,geladeira hq é boa,2,1
gOph6uGgzCA,IPO SPACEX fez 4400 FUNCIONÁRIOS milionários,2026-06-17,2026-04-04,20,gta6,2,1
gOph6uGgzCA,IPO SPACEX fez 4400 FUNCIONÁRIOS milionários,2026-06-17,2026-04-04,21,milionario e jose rico,2,1
gOph6uGgzCA,IPO SPACEX fez 4400 FUNCIONÁRIOS milionários,2026-06-17,2026-04-04,22,primo rico spacex,2,1
gOph6uGgzCA,IPO SPACEX fez 4400 FUNCIONÁRIOS milionários,2026-06-17,2026-04-04,23,richard rasmussen vs 25 veganos,2,1
gOph6uGgzCA,IPO SPACEX fez 4400 FUNCIONÁRIOS milionários,2026-06-17,2026-04-04,24,spacex,2,1
gOph6uGgzCA,IPO SPACEX fez 4400 FUNCIONÁRIOS milionários,2026-06-17,2026-04-04,25,automatizar trading com ia shorts,1,0
IZKixPqYnxY,Dia da Liberdade,2026-06-03,2026-04-04,1,novelinha das frutas,5,0
IZKixPqYnxY,Dia da Liberdade,2026-06-03,2026-04-04,2,cueio,4,0
IZKixPqYnxY,Dia da Liberdade,2026-06-03,2026-04-04,3,bafo cards,3,0
IZKixPqYnxY,Dia da Liberdade,2026-06-03,2026-04-04,4,brerot,3,0
IZKixPqYnxY,Dia da Liberdade,2026-06-03,2026-04-04,5,emilly vick,3,0
IZKixPqYnxY,Dia da Liberdade,2026-06-03,2026-04-04,6,acoes que pagam dividendos todo mes,2,0
IZKixPqYnxY,Dia da Liberdade,2026-06-03,2026-04-04,7,babosa no cabelo,2,0
IZKixPqYnxY,Dia da Liberdade,2026-06-03,2026-04-04,8,fuga,2,0
IZKixPqYnxY,Dia da Liberdade,2026-06-03,2026-04-04,9,jogadinha do paqueta,2,0
IZKixPqYnxY,Dia da Liberdade,2026-06-03,2026-04-04,10,marcelinho,2,0
IZKixPqYnxY,Dia da Liberdade,2026-06-03,2026-04-04,11,tiger sport 660,2,0
IZKixPqYnxY,Dia da Liberdade,2026-06-03,2026-04-04,12,todas as músicas da jéssica souza,2,0
IZKixPqYnxY,Dia da Liberdade,2026-06-03,2026-04-04,13,blackout kdrama,1,0
IZKixPqYnxY,Dia da Liberdade,2026-06-03,2026-04-04,14,chutes do roberto carlos,1,0
IZKixPqYnxY,Dia da Liberdade,2026-06-03,2026-04-04,15,como aprender investir do zero,1,0
IZKixPqYnxY,Dia da Liberdade,2026-06-03,2026-04-04,16,como conseguir dinheiro rapido,1,0
IZKixPqYnxY,Dia da Liberdade,2026-06-03,2026-04-04,17,gabriel barral,1,0
IZKixPqYnxY,Dia da Liberdade,2026-06-03,2026-04-04,18,gol de bicicleta,1,0
IZKixPqYnxY,Dia da Liberdade,2026-06-03,2026-04-04,19,lamine yamal,1,0
IZKixPqYnxY,Dia da Liberdade,2026-06-03,2026-04-04,20,melhores ações para 2026,1,0
IZKixPqYnxY,Dia da Liberdade,2026-06-03,2026-04-04,21,thundercats,1,0
IZKixPqYnxY,Dia da Liberdade,2026-06-03,2026-04-04,22,torcida do corinthians em brasilia,1,0
IZKixPqYnxY,Dia da Liberdade,2026-06-03,2026-04-04,23,zentorno gta 5,1,0
ia9KjVD3LO4,EUA vs IRÃ vs INVESTIMENTOS,2026-07-08,2026-04-04,1,como investir dinheiro,5,0
ia9KjVD3LO4,EUA vs IRÃ vs INVESTIMENTOS,2026-07-08,2026-04-04,2,caze tv ao vivo,4,0
ia9KjVD3LO4,EUA vs IRÃ vs INVESTIMENTOS,2026-07-08,2026-04-04,3,como ganhar dinheiro,4,0
ia9KjVD3LO4,EUA vs IRÃ vs INVESTIMENTOS,2026-07-08,2026-04-04,4,como fazer o chute folha seca,3,0
ia9KjVD3LO4,EUA vs IRÃ vs INVESTIMENTOS,2026-07-08,2026-04-04,5,penalti da argentina contra o egito,3,0
ia9KjVD3LO4,EUA vs IRÃ vs INVESTIMENTOS,2026-07-08,2026-04-04,6,torneira pingando como consertar,3,0
ia9KjVD3LO4,EUA vs IRÃ vs INVESTIMENTOS,2026-07-08,2026-04-04,7,zico,3,0
ia9KjVD3LO4,EUA vs IRÃ vs INVESTIMENTOS,2026-07-08,2026-04-04,8,argentina investigada,2,0
ia9KjVD3LO4,EUA vs IRÃ vs INVESTIMENTOS,2026-07-08,2026-04-04,9,asmr no carro,2,0
ia9KjVD3LO4,EUA vs IRÃ vs INVESTIMENTOS,2026-07-08,2026-04-04,10,futebol,2,0
ia9KjVD3LO4,EUA vs IRÃ vs INVESTIMENTOS,2026-07-08,2026-04-04,11,guilherme briggs teletubbies,2,0
ia9KjVD3LO4,EUA vs IRÃ vs INVESTIMENTOS,2026-07-08,2026-04-04,12,ladrão se dando mal,2,0
ia9KjVD3LO4,EUA vs IRÃ vs INVESTIMENTOS,2026-07-08,2026-04-04,13,c10 leapmotor,1,0
ia9KjVD3LO4,EUA vs IRÃ vs INVESTIMENTOS,2026-07-08,2026-04-04,14,como enriquecer o meu imaginario,1,0
ia9KjVD3LO4,EUA vs IRÃ vs INVESTIMENTOS,2026-07-08,2026-04-04,15,comportamento humano,1,0
ia9KjVD3LO4,EUA vs IRÃ vs INVESTIMENTOS,2026-07-08,2026-04-04,16,could you please give us your name,1,0
ia9KjVD3LO4,EUA vs IRÃ vs INVESTIMENTOS,2026-07-08,2026-04-04,17,haaland,1,0
ia9KjVD3LO4,EUA vs IRÃ vs INVESTIMENTOS,2026-07-08,2026-04-04,18,morte do jogador,1,0
ia9KjVD3LO4,EUA vs IRÃ vs INVESTIMENTOS,2026-07-08,2026-04-04,19,odegaard,1,0
ia9KjVD3LO4,EUA vs IRÃ vs INVESTIMENTOS,2026-07-08,2026-04-04,20,robert baratheon,1,0
GQbZFJwkIHc,PREFIXADO vs IPCA+: A conta exata para NÃO perder dinheiro,2026-09-08,2026-04-04,1,ipca,4,28
GQbZFJwkIHc,PREFIXADO vs IPCA+: A conta exata para NÃO perder dinheiro,2026-09-08,2026-04-04,2,tesouro direto,4,1
GQbZFJwkIHc,PREFIXADO vs IPCA+: A conta exata para NÃO perder dinheiro,2026-09-08,2026-04-04,3,ipca ou prefixado,2,17
GQbZFJwkIHc,PREFIXADO vs IPCA+: A conta exata para NÃO perder dinheiro,2026-09-08,2026-04-04,4,tesouro prefixado 2032,2,8
GQbZFJwkIHc,PREFIXADO vs IPCA+: A conta exata para NÃO perder dinheiro,2026-09-08,2026-04-04,5,entrevista de flavio bolsonaro no ratinho,1,0
GQbZFJwkIHc,PREFIXADO vs IPCA+: A conta exata para NÃO perder dinheiro,2026-09-08,2026-04-04,6,ipca +,1,0
GQbZFJwkIHc,PREFIXADO vs IPCA+: A conta exata para NÃO perder dinheiro,2026-09-08,2026-04-04,7,ipca + 7,1,15
GQbZFJwkIHc,PREFIXADO vs IPCA+: A conta exata para NÃO perder dinheiro,2026-09-08,2026-04-04,8,ipca+,1,0
GQbZFJwkIHc,PREFIXADO vs IPCA+: A conta exata para NÃO perder dinheiro,2026-09-08,2026-04-04,9,onde investir dinheiro,1,0
GQbZFJwkIHc,PREFIXADO vs IPCA+: A conta exata para NÃO perder dinheiro,2026-09-08,2026-04-04,10,prefixado ou pós fixado,1,0
GQbZFJwkIHc,PREFIXADO vs IPCA+: A conta exata para NÃO perder dinheiro,2026-09-08,2026-04-04,11,tesouro ipca+ 2032,1,0
VFGw-NymMxw,TRXF11: DIVIDENDOS atraentes ou PROBLEMAS à vista?,2026-09-01,2026-04-04,1,trxf11,216,382
VFGw-NymMxw,TRXF11: DIVIDENDOS atraentes ou PROBLEMAS à vista?,2026-09-01,2026-04-04,2,dividendos,8,0
VFGw-NymMxw,TRXF11: DIVIDENDOS atraentes ou PROBLEMAS à vista?,2026-09-01,2026-04-04,3,trxf,8,2
VFGw-NymMxw,TRXF11: DIVIDENDOS atraentes ou PROBLEMAS à vista?,2026-09-01,2026-04-04,4,fiis,5,17
VFGw-NymMxw,TRXF11: DIVIDENDOS atraentes ou PROBLEMAS à vista?,2026-09-01,2026-04-04,5,fii,4,0
VFGw-NymMxw,TRXF11: DIVIDENDOS atraentes ou PROBLEMAS à vista?,2026-09-01,2026-04-04,6,fundos imobiliarios,4,17
VFGw-NymMxw,TRXF11: DIVIDENDOS atraentes ou PROBLEMAS à vista?,2026-09-01,2026-04-04,7,mxrf11,4,0
VFGw-NymMxw,TRXF11: DIVIDENDOS atraentes ou PROBLEMAS à vista?,2026-09-01,2026-04-04,8,tgar11,3,0
VFGw-NymMxw,TRXF11: DIVIDENDOS atraentes ou PROBLEMAS à vista?,2026-09-01,2026-04-04,9,bolsa de valores,2,0
VFGw-NymMxw,TRXF11: DIVIDENDOS atraentes ou PROBLEMAS à vista?,2026-09-01,2026-04-04,10,btra11,2,0
VFGw-NymMxw,TRXF11: DIVIDENDOS atraentes ou PROBLEMAS à vista?,2026-09-01,2026-04-04,11,ivvb11,2,0
VFGw-NymMxw,TRXF11: DIVIDENDOS atraentes ou PROBLEMAS à vista?,2026-09-01,2026-04-04,12,mana11,2,0
VFGw-NymMxw,TRXF11: DIVIDENDOS atraentes ou PROBLEMAS à vista?,2026-09-01,2026-04-04,13,tepp11,2,0
VFGw-NymMxw,TRXF11: DIVIDENDOS atraentes ou PROBLEMAS à vista?,2026-09-01,2026-04-04,14,tiofiis,2,18
VFGw-NymMxw,TRXF11: DIVIDENDOS atraentes ou PROBLEMAS à vista?,2026-09-01,2026-04-04,15,trfx11,2,0
VFGw-NymMxw,TRXF11: DIVIDENDOS atraentes ou PROBLEMAS à vista?,2026-09-01,2026-04-04,16,trxf11 caindo,2,4
VFGw-NymMxw,TRXF11: DIVIDENDOS atraentes ou PROBLEMAS à vista?,2026-09-01,2026-04-04,17,trxf11 denuncia,2,28
VFGw-NymMxw,TRXF11: DIVIDENDOS atraentes ou PROBLEMAS à vista?,2026-09-01,2026-04-04,18,cruzadas,1,0
VFGw-NymMxw,TRXF11: DIVIDENDOS atraentes ou PROBLEMAS à vista?,2026-09-01,2026-04-04,19,espectro cinza,1,0
VFGw-NymMxw,TRXF11: DIVIDENDOS atraentes ou PROBLEMAS à vista?,2026-09-01,2026-04-04,20,flamengo react botafogo,1,0
VFGw-NymMxw,TRXF11: DIVIDENDOS atraentes ou PROBLEMAS à vista?,2026-09-01,2026-04-04,21,fundos imobiliários,1,0
VFGw-NymMxw,TRXF11: DIVIDENDOS atraentes ou PROBLEMAS à vista?,2026-09-01,2026-04-04,22,mfii11,1,0
VFGw-NymMxw,TRXF11: DIVIDENDOS atraentes ou PROBLEMAS à vista?,2026-09-01,2026-04-04,23,nasd11,1,0
VFGw-NymMxw,TRXF11: DIVIDENDOS atraentes ou PROBLEMAS à vista?,2026-09-01,2026-04-04,24,recr11,1,4
VFGw-NymMxw,TRXF11: DIVIDENDOS atraentes ou PROBLEMAS à vista?,2026-09-01,2026-04-04,25,trxf11 vale a pena,1,18
qtbczPm6RHY,Fim do IPCA+ 8%? Como intervenção do governo pode afetar seus títulos?,2026-07-20,2026-04-04,1,tanaka,4,17
qtbczPm6RHY,Fim do IPCA+ 8%? Como intervenção do governo pode afetar seus títulos?,2026-07-20,2026-04-04,2,bitcoin,2,0
qtbczPm6RHY,Fim do IPCA+ 8%? Como intervenção do governo pode afetar seus títulos?,2026-07-20,2026-04-04,3,ipca + 8,2,0
qtbczPm6RHY,Fim do IPCA+ 8%? Como intervenção do governo pode afetar seus títulos?,2026-07-20,2026-04-04,4,ipca+,2,21
qtbczPm6RHY,Fim do IPCA+ 8%? Como intervenção do governo pode afetar seus títulos?,2026-07-20,2026-04-04,5,jovens de negócios,2,0
qtbczPm6RHY,Fim do IPCA+ 8%? Como intervenção do governo pode afetar seus títulos?,2026-07-20,2026-04-04,6,sofia abreu,2,0
qtbczPm6RHY,Fim do IPCA+ 8%? Como intervenção do governo pode afetar seus títulos?,2026-07-20,2026-04-04,7,tesouro direto,2,21
qtbczPm6RHY,Fim do IPCA+ 8%? Como intervenção do governo pode afetar seus títulos?,2026-07-20,2026-04-04,8,bolsa de valores,1,0
qtbczPm6RHY,Fim do IPCA+ 8%? Como intervenção do governo pode afetar seus títulos?,2026-07-20,2026-04-04,9,cacr11,1,0
qtbczPm6RHY,Fim do IPCA+ 8%? Como intervenção do governo pode afetar seus títulos?,2026-07-20,2026-04-04,10,cdb,1,0
qtbczPm6RHY,Fim do IPCA+ 8%? Como intervenção do governo pode afetar seus títulos?,2026-07-20,2026-04-04,11,cruzeiro,1,0
qtbczPm6RHY,Fim do IPCA+ 8%? Como intervenção do governo pode afetar seus títulos?,2026-07-20,2026-04-04,12,csan3,1,0
qtbczPm6RHY,Fim do IPCA+ 8%? Como intervenção do governo pode afetar seus títulos?,2026-07-20,2026-04-04,13,dividendos,1,0
qtbczPm6RHY,Fim do IPCA+ 8%? Como intervenção do governo pode afetar seus títulos?,2026-07-20,2026-04-04,14,gpca11,1,18
qtbczPm6RHY,Fim do IPCA+ 8%? Como intervenção do governo pode afetar seus títulos?,2026-07-20,2026-04-04,15,intervenção,1,0
qtbczPm6RHY,Fim do IPCA+ 8%? Como intervenção do governo pode afetar seus títulos?,2026-07-20,2026-04-04,16,investimento,1,7
qtbczPm6RHY,Fim do IPCA+ 8%? Como intervenção do governo pode afetar seus títulos?,2026-07-20,2026-04-04,17,ntnb,1,0
qtbczPm6RHY,Fim do IPCA+ 8%? Como intervenção do governo pode afetar seus títulos?,2026-07-20,2026-04-04,18,petr3,1,18
qtbczPm6RHY,Fim do IPCA+ 8%? Como intervenção do governo pode afetar seus títulos?,2026-07-20,2026-04-04,19,petr4,1,0
qtbczPm6RHY,Fim do IPCA+ 8%? Como intervenção do governo pode afetar seus títulos?,2026-07-20,2026-04-04,20,silas rodrigues,1,0
qtbczPm6RHY,Fim do IPCA+ 8%? Como intervenção do governo pode afetar seus títulos?,2026-07-20,2026-04-04,21,upside financeiro,1,0
qtbczPm6RHY,Fim do IPCA+ 8%? Como intervenção do governo pode afetar seus títulos?,2026-07-20,2026-04-04,22,viver de renda,1,0
Rgfh5HuNdJo,DIVIDENDOS: PLANO para RECEBER 10 MIL REAIS de RENDA PASSIVA,2026-09-11,2026-04-04,1,dividendos,12,46
Rgfh5HuNdJo,DIVIDENDOS: PLANO para RECEBER 10 MIL REAIS de RENDA PASSIVA,2026-09-11,2026-04-04,2,vale3,3,0
Rgfh5HuNdJo,DIVIDENDOS: PLANO para RECEBER 10 MIL REAIS de RENDA PASSIVA,2026-09-11,2026-04-04,3,como investir 10 mil reais,2,6
Rgfh5HuNdJo,DIVIDENDOS: PLANO para RECEBER 10 MIL REAIS de RENDA PASSIVA,2026-09-11,2026-04-04,4,dividendo,2,0
Rgfh5HuNdJo,DIVIDENDOS: PLANO para RECEBER 10 MIL REAIS de RENDA PASSIVA,2026-09-11,2026-04-04,5,geracao dividendos,2,9
Rgfh5HuNdJo,DIVIDENDOS: PLANO para RECEBER 10 MIL REAIS de RENDA PASSIVA,2026-09-11,2026-04-04,6,açoes que pagam dividendos todo mes,1,0
Rgfh5HuNdJo,DIVIDENDOS: PLANO para RECEBER 10 MIL REAIS de RENDA PASSIVA,2026-09-11,2026-04-04,7,dicionario do investidor,1,0
Rgfh5HuNdJo,DIVIDENDOS: PLANO para RECEBER 10 MIL REAIS de RENDA PASSIVA,2026-09-11,2026-04-04,8,dividendos de ações,1,0
Rgfh5HuNdJo,DIVIDENDOS: PLANO para RECEBER 10 MIL REAIS de RENDA PASSIVA,2026-09-11,2026-04-04,9,engie ações,1,0
Rgfh5HuNdJo,DIVIDENDOS: PLANO para RECEBER 10 MIL REAIS de RENDA PASSIVA,2026-09-11,2026-04-04,10,investimentos,1,0
Rgfh5HuNdJo,DIVIDENDOS: PLANO para RECEBER 10 MIL REAIS de RENDA PASSIVA,2026-09-11,2026-04-04,11,investimentos para 2026,1,0
Rgfh5HuNdJo,DIVIDENDOS: PLANO para RECEBER 10 MIL REAIS de RENDA PASSIVA,2026-09-11,2026-04-04,12,investir em etfs,1,0
Rgfh5HuNdJo,DIVIDENDOS: PLANO para RECEBER 10 MIL REAIS de RENDA PASSIVA,2026-09-11,2026-04-04,13,mirai investing,1,0
Rgfh5HuNdJo,DIVIDENDOS: PLANO para RECEBER 10 MIL REAIS de RENDA PASSIVA,2026-09-11,2026-04-04,14,plano,1,0
Rgfh5HuNdJo,DIVIDENDOS: PLANO para RECEBER 10 MIL REAIS de RENDA PASSIVA,2026-09-11,2026-04-04,15,renda,1,0
Rgfh5HuNdJo,DIVIDENDOS: PLANO para RECEBER 10 MIL REAIS de RENDA PASSIVA,2026-09-11,2026-04-04,16,renda fixa,1,0
Rgfh5HuNdJo,DIVIDENDOS: PLANO para RECEBER 10 MIL REAIS de RENDA PASSIVA,2026-09-11,2026-04-04,17,the last mile,1,0
qnM3lYBgf2Y,IPCA+10%… o NOVO “NORMAL” #investimentos,2026-06-25,2026-04-04,1,morar sozinho,5,0
qnM3lYBgf2Y,IPCA+10%… o NOVO “NORMAL” #investimentos,2026-06-25,2026-04-04,2,venezuela,3,0
qnM3lYBgf2Y,IPCA+10%… o NOVO “NORMAL” #investimentos,2026-06-25,2026-04-04,3,caramelo,2,0
qnM3lYBgf2Y,IPCA+10%… o NOVO “NORMAL” #investimentos,2026-06-25,2026-04-04,4,juno g,2,0
qnM3lYBgf2Y,IPCA+10%… o NOVO “NORMAL” #investimentos,2026-06-25,2026-04-04,5,munheca de ouro 2026,2,0
qnM3lYBgf2Y,IPCA+10%… o NOVO “NORMAL” #investimentos,2026-06-25,2026-04-04,6,sbt ao vivo,2,0
qnM3lYBgf2Y,IPCA+10%… o NOVO “NORMAL” #investimentos,2026-06-25,2026-04-04,7,cube baby,1,0
qnM3lYBgf2Y,IPCA+10%… o NOVO “NORMAL” #investimentos,2026-06-25,2026-04-04,8,fumetsu no anata,1,0
qnM3lYBgf2Y,IPCA+10%… o NOVO “NORMAL” #investimentos,2026-06-25,2026-04-04,9,indio gigante,1,0
qnM3lYBgf2Y,IPCA+10%… o NOVO “NORMAL” #investimentos,2026-06-25,2026-04-04,10,italo sena,1,0
qnM3lYBgf2Y,IPCA+10%… o NOVO “NORMAL” #investimentos,2026-06-25,2026-04-04,11,lesao neymar copa do mundo 2014,1,0
qnM3lYBgf2Y,IPCA+10%… o NOVO “NORMAL” #investimentos,2026-06-25,2026-04-04,12,onde investir em 2026,1,0
qnM3lYBgf2Y,IPCA+10%… o NOVO “NORMAL” #investimentos,2026-06-25,2026-04-04,13,slowed reverb,1,0
qnM3lYBgf2Y,IPCA+10%… o NOVO “NORMAL” #investimentos,2026-06-25,2026-04-04,14,terremoto venezuela,1,0
uJqQirEVPbQ,BBAS3: CUIDADO O RESULTADO PODE TE ENGANAR ...,2026-08-14,2026-04-04,1,bbas3,40,304
uJqQirEVPbQ,BBAS3: CUIDADO O RESULTADO PODE TE ENGANAR ...,2026-08-14,2026-04-04,2,banco do brasil,6,73
uJqQirEVPbQ,BBAS3: CUIDADO O RESULTADO PODE TE ENGANAR ...,2026-08-14,2026-04-04,3,bbas3 hoje,6,50
uJqQirEVPbQ,BBAS3: CUIDADO O RESULTADO PODE TE ENGANAR ...,2026-08-14,2026-04-04,4,cogn3,2,21
uJqQirEVPbQ,BBAS3: CUIDADO O RESULTADO PODE TE ENGANAR ...,2026-08-14,2026-04-04,5,aries,1,0
uJqQirEVPbQ,BBAS3: CUIDADO O RESULTADO PODE TE ENGANAR ...,2026-08-14,2026-04-04,6,b3,1,0
uJqQirEVPbQ,BBAS3: CUIDADO O RESULTADO PODE TE ENGANAR ...,2026-08-14,2026-04-04,7,bahia e internacional,1,0
uJqQirEVPbQ,BBAS3: CUIDADO O RESULTADO PODE TE ENGANAR ...,2026-08-14,2026-04-04,8,banco do brasil ações,1,15
uJqQirEVPbQ,BBAS3: CUIDADO O RESULTADO PODE TE ENGANAR ...,2026-08-14,2026-04-04,9,bbas,1,6
uJqQirEVPbQ,BBAS3: CUIDADO O RESULTADO PODE TE ENGANAR ...,2026-08-14,2026-04-04,10,bbsa3,1,5
uJqQirEVPbQ,BBAS3: CUIDADO O RESULTADO PODE TE ENGANAR ...,2026-08-14,2026-04-04,11,boa safra soja3,1,13
uJqQirEVPbQ,BBAS3: CUIDADO O RESULTADO PODE TE ENGANAR ...,2026-08-14,2026-04-04,12,bradesco,1,0
uJqQirEVPbQ,BBAS3: CUIDADO O RESULTADO PODE TE ENGANAR ...,2026-08-14,2026-04-04,13,cplg11,1,0
uJqQirEVPbQ,BBAS3: CUIDADO O RESULTADO PODE TE ENGANAR ...,2026-08-14,2026-04-04,14,debezium,1,0
uJqQirEVPbQ,BBAS3: CUIDADO O RESULTADO PODE TE ENGANAR ...,2026-08-14,2026-04-04,15,dividendos,1,22
uJqQirEVPbQ,BBAS3: CUIDADO O RESULTADO PODE TE ENGANAR ...,2026-08-14,2026-04-04,16,garotinho,1,1
uJqQirEVPbQ,BBAS3: CUIDADO O RESULTADO PODE TE ENGANAR ...,2026-08-14,2026-04-04,17,pass3,1,0
clGYBPdxIbE,"O BITCOIN, no Brasil é diferente #bitcoin",2026-07-24,2026-04-04,1,como ficar milionário,5,0
clGYBPdxIbE,"O BITCOIN, no Brasil é diferente #bitcoin",2026-07-24,2026-04-04,2,quantfury,5,0
clGYBPdxIbE,"O BITCOIN, no Brasil é diferente #bitcoin",2026-07-24,2026-04-04,3,treino hiit,5,0
clGYBPdxIbE,"O BITCOIN, no Brasil é diferente #bitcoin",2026-07-24,2026-04-04,4,maionese de abacate,4,0
clGYBPdxIbE,"O BITCOIN, no Brasil é diferente #bitcoin",2026-07-24,2026-04-04,5,entrecote churrasco,3,0
clGYBPdxIbE,"O BITCOIN, no Brasil é diferente #bitcoin",2026-07-24,2026-04-04,6,lionel messi,3,0
clGYBPdxIbE,"O BITCOIN, no Brasil é diferente #bitcoin",2026-07-24,2026-04-04,7,tx22 taurus,2,0
clGYBPdxIbE,"O BITCOIN, no Brasil é diferente #bitcoin",2026-07-24,2026-04-04,8,zack,1,0
8xsUtGCE-vI,ACABOU O SONHO? Por que os Fundos Imobiliários não param de cair,2026-05-14,2026-04-04,1,fundos imobiliarios,40,247
8xsUtGCE-vI,ACABOU O SONHO? Por que os Fundos Imobiliários não param de cair,2026-05-14,2026-04-04,2,fundos imobiliarios caindo,15,130
8xsUtGCE-vI,ACABOU O SONHO? Por que os Fundos Imobiliários não param de cair,2026-05-14,2026-04-04,3,porque os fundos imobiliarios estao caindo,15,99
8xsUtGCE-vI,ACABOU O SONHO? Por que os Fundos Imobiliários não param de cair,2026-05-14,2026-04-04,4,fiis,13,104
8xsUtGCE-vI,ACABOU O SONHO? Por que os Fundos Imobiliários não param de cair,2026-05-14,2026-04-04,5,porque os fiis estão caindo,9,82
8xsUtGCE-vI,ACABOU O SONHO? Por que os Fundos Imobiliários não param de cair,2026-05-14,2026-04-04,6,fundo imobiliario,8,97
8xsUtGCE-vI,ACABOU O SONHO? Por que os Fundos Imobiliários não param de cair,2026-05-14,2026-04-04,7,fiis caindo,6,27
8xsUtGCE-vI,ACABOU O SONHO? Por que os Fundos Imobiliários não param de cair,2026-05-14,2026-04-04,8,fundos imobiliarios 2026,4,27
8xsUtGCE-vI,ACABOU O SONHO? Por que os Fundos Imobiliários não param de cair,2026-05-14,2026-04-04,9,fundos imobiliarios em queda,3,5
8xsUtGCE-vI,ACABOU O SONHO? Por que os Fundos Imobiliários não param de cair,2026-05-14,2026-04-04,10,fii vale a pena,2,5
8xsUtGCE-vI,ACABOU O SONHO? Por que os Fundos Imobiliários não param de cair,2026-05-14,2026-04-04,11,fundos imobiliários,2,30
8xsUtGCE-vI,ACABOU O SONHO? Por que os Fundos Imobiliários não param de cair,2026-05-14,2026-04-04,12,gare11,2,10
8xsUtGCE-vI,ACABOU O SONHO? Por que os Fundos Imobiliários não param de cair,2026-05-14,2026-04-04,13,ipca+,2,3
8xsUtGCE-vI,ACABOU O SONHO? Por que os Fundos Imobiliários não param de cair,2026-05-14,2026-04-04,14,lucas fii,2,28
8xsUtGCE-vI,ACABOU O SONHO? Por que os Fundos Imobiliários não param de cair,2026-05-14,2026-04-04,15,bbig11,1,0
8xsUtGCE-vI,ACABOU O SONHO? Por que os Fundos Imobiliários não param de cair,2026-05-14,2026-04-04,16,bitcoin live,1,5
8xsUtGCE-vI,ACABOU O SONHO? Por que os Fundos Imobiliários não param de cair,2026-05-14,2026-04-04,17,canavarro 108,1,1
8xsUtGCE-vI,ACABOU O SONHO? Por que os Fundos Imobiliários não param de cair,2026-05-14,2026-04-04,18,dividendos,1,0
8xsUtGCE-vI,ACABOU O SONHO? Por que os Fundos Imobiliários não param de cair,2026-05-14,2026-04-04,19,evangelho do dia,1,0
8xsUtGCE-vI,ACABOU O SONHO? Por que os Fundos Imobiliários não param de cair,2026-05-14,2026-04-04,20,fiis em queda,1,0
8xsUtGCE-vI,ACABOU O SONHO? Por que os Fundos Imobiliários não param de cair,2026-05-14,2026-04-04,21,fiis para maio,1,14
8xsUtGCE-vI,ACABOU O SONHO? Por que os Fundos Imobiliários não param de cair,2026-05-14,2026-04-04,22,fundos,1,0
8xsUtGCE-vI,ACABOU O SONHO? Por que os Fundos Imobiliários não param de cair,2026-05-14,2026-04-04,23,galeria do meteorito,1,2
8xsUtGCE-vI,ACABOU O SONHO? Por que os Fundos Imobiliários não param de cair,2026-05-14,2026-04-04,24,giovanne casimiro,1,0
8xsUtGCE-vI,ACABOU O SONHO? Por que os Fundos Imobiliários não param de cair,2026-05-14,2026-04-04,25,ifix,1,5
A7FzeSoLVGM,HYPE3 da indireta no Ancelloti sobre Endrik #acoes,2026-06-14,2026-04-04,1,hype3,4,0
A7FzeSoLVGM,HYPE3 da indireta no Ancelloti sobre Endrik #acoes,2026-06-14,2026-04-04,2,is this love,3,0
A7FzeSoLVGM,HYPE3 da indireta no Ancelloti sobre Endrik #acoes,2026-06-14,2026-04-04,3,oliver tree,3,0
A7FzeSoLVGM,HYPE3 da indireta no Ancelloti sobre Endrik #acoes,2026-06-14,2026-04-04,4,acoes,2,0
A7FzeSoLVGM,HYPE3 da indireta no Ancelloti sobre Endrik #acoes,2026-06-14,2026-04-04,5,batalha de danca no catar 2022,2,0
A7FzeSoLVGM,HYPE3 da indireta no Ancelloti sobre Endrik #acoes,2026-06-14,2026-04-04,6,como conseguir dinheiro rapido,1,0
A7FzeSoLVGM,HYPE3 da indireta no Ancelloti sobre Endrik #acoes,2026-06-14,2026-04-04,7,ganhando dinheiro na internet,1,0
A7FzeSoLVGM,HYPE3 da indireta no Ancelloti sobre Endrik #acoes,2026-06-14,2026-04-04,8,investimentos para iniciantes,1,0
A7FzeSoLVGM,HYPE3 da indireta no Ancelloti sobre Endrik #acoes,2026-06-14,2026-04-04,9,iphone 18 pro max,1,0
A7FzeSoLVGM,HYPE3 da indireta no Ancelloti sobre Endrik #acoes,2026-06-14,2026-04-04,10,lanterna potente,1,0
A7FzeSoLVGM,HYPE3 da indireta no Ancelloti sobre Endrik #acoes,2026-06-14,2026-04-04,11,mc katrina,1,0
A7FzeSoLVGM,HYPE3 da indireta no Ancelloti sobre Endrik #acoes,2026-06-14,2026-04-04,12,orochi studio,1,0
A7FzeSoLVGM,HYPE3 da indireta no Ancelloti sobre Endrik #acoes,2026-06-14,2026-04-04,13,papagaio maluco,1,0
A7FzeSoLVGM,HYPE3 da indireta no Ancelloti sobre Endrik #acoes,2026-06-14,2026-04-04,14,perdiz cantando,1,0
A7FzeSoLVGM,HYPE3 da indireta no Ancelloti sobre Endrik #acoes,2026-06-14,2026-04-04,15,sumaúma,1,0
ZPbbhbmSzRE,SAUD3: O Bradesco vai fechar o capital? Entenda a tese,2026-05-28,2026-04-04,1,saud3,396,2161
ZPbbhbmSzRE,SAUD3: O Bradesco vai fechar o capital? Entenda a tese,2026-05-28,2026-04-04,2,bradesco saude,29,92
ZPbbhbmSzRE,SAUD3: O Bradesco vai fechar o capital? Entenda a tese,2026-05-28,2026-04-04,3,bradesco saúde,3,31
ZPbbhbmSzRE,SAUD3: O Bradesco vai fechar o capital? Entenda a tese,2026-05-28,2026-04-04,4,viva3,3,13
ZPbbhbmSzRE,SAUD3: O Bradesco vai fechar o capital? Entenda a tese,2026-05-28,2026-04-04,5,alos3,2,0
ZPbbhbmSzRE,SAUD3: O Bradesco vai fechar o capital? Entenda a tese,2026-05-28,2026-04-04,6,ações,2,13
ZPbbhbmSzRE,SAUD3: O Bradesco vai fechar o capital? Entenda a tese,2026-05-28,2026-04-04,7,bbdc4,2,3
ZPbbhbmSzRE,SAUD3: O Bradesco vai fechar o capital? Entenda a tese,2026-05-28,2026-04-04,8,bradesco,2,10
ZPbbhbmSzRE,SAUD3: O Bradesco vai fechar o capital? Entenda a tese,2026-05-28,2026-04-04,9,bradsaude,2,14
ZPbbhbmSzRE,SAUD3: O Bradesco vai fechar o capital? Entenda a tese,2026-05-28,2026-04-04,10,capitalizo,2,1
ZPbbhbmSzRE,SAUD3: O Bradesco vai fechar o capital? Entenda a tese,2026-05-28,2026-04-04,11,china tecnologia,2,4
ZPbbhbmSzRE,SAUD3: O Bradesco vai fechar o capital? Entenda a tese,2026-05-28,2026-04-04,12,mitre,2,1
ZPbbhbmSzRE,SAUD3: O Bradesco vai fechar o capital? Entenda a tese,2026-05-28,2026-04-04,13,simh3,2,7
ZPbbhbmSzRE,SAUD3: O Bradesco vai fechar o capital? Entenda a tese,2026-05-28,2026-04-04,14,acoes,1,4
ZPbbhbmSzRE,SAUD3: O Bradesco vai fechar o capital? Entenda a tese,2026-05-28,2026-04-04,15,agro3,1,1
ZPbbhbmSzRE,SAUD3: O Bradesco vai fechar o capital? Entenda a tese,2026-05-28,2026-04-04,16,banco bradesco,1,9
ZPbbhbmSzRE,SAUD3: O Bradesco vai fechar o capital? Entenda a tese,2026-05-28,2026-04-04,17,bbas3,1,0
ZPbbhbmSzRE,SAUD3: O Bradesco vai fechar o capital? Entenda a tese,2026-05-28,2026-04-04,18,beef3,1,0
ZPbbhbmSzRE,SAUD3: O Bradesco vai fechar o capital? Entenda a tese,2026-05-28,2026-04-04,19,bitelo,1,0
ZPbbhbmSzRE,SAUD3: O Bradesco vai fechar o capital? Entenda a tese,2026-05-28,2026-04-04,20,bolsa de valores,1,9
ZPbbhbmSzRE,SAUD3: O Bradesco vai fechar o capital? Entenda a tese,2026-05-28,2026-04-04,21,brcr11,1,0
ZPbbhbmSzRE,SAUD3: O Bradesco vai fechar o capital? Entenda a tese,2026-05-28,2026-04-04,22,cacr11,1,18
ZPbbhbmSzRE,SAUD3: O Bradesco vai fechar o capital? Entenda a tese,2026-05-28,2026-04-04,23,csan3,1,8
ZPbbhbmSzRE,SAUD3: O Bradesco vai fechar o capital? Entenda a tese,2026-05-28,2026-04-04,24,desert,1,0
ZPbbhbmSzRE,SAUD3: O Bradesco vai fechar o capital? Entenda a tese,2026-05-28,2026-04-04,25,dividendos,1,18
6FxiU14JAVE,"IPO da SPACEX: A Maior Oportunidade da Década ou Cilada? (SPCX, SPCX34)",2026-06-09,2026-04-04,1,ipo spacex,199,1403
6FxiU14JAVE,"IPO da SPACEX: A Maior Oportunidade da Década ou Cilada? (SPCX, SPCX34)",2026-06-09,2026-04-04,2,spcx34,116,636
6FxiU14JAVE,"IPO da SPACEX: A Maior Oportunidade da Década ou Cilada? (SPCX, SPCX34)",2026-06-09,2026-04-04,3,spcx,49,189
6FxiU14JAVE,"IPO da SPACEX: A Maior Oportunidade da Década ou Cilada? (SPCX, SPCX34)",2026-06-09,2026-04-04,4,spcx34 vale a pena,45,223
6FxiU14JAVE,"IPO da SPACEX: A Maior Oportunidade da Década ou Cilada? (SPCX, SPCX34)",2026-06-09,2026-04-04,5,ipo spacex vale a pena,42,312
6FxiU14JAVE,"IPO da SPACEX: A Maior Oportunidade da Década ou Cilada? (SPCX, SPCX34)",2026-06-09,2026-04-04,6,ipo da spacex,27,179
6FxiU14JAVE,"IPO da SPACEX: A Maior Oportunidade da Década ou Cilada? (SPCX, SPCX34)",2026-06-09,2026-04-04,7,spacex ipo vale a pena,12,73
6FxiU14JAVE,"IPO da SPACEX: A Maior Oportunidade da Década ou Cilada? (SPCX, SPCX34)",2026-06-09,2026-04-04,8,como investir na spacex,4,24
6FxiU14JAVE,"IPO da SPACEX: A Maior Oportunidade da Década ou Cilada? (SPCX, SPCX34)",2026-06-09,2026-04-04,9,bitcoin,3,19
6FxiU14JAVE,"IPO da SPACEX: A Maior Oportunidade da Década ou Cilada? (SPCX, SPCX34)",2026-06-09,2026-04-04,10,ipo spacex onde comprar,3,18
6FxiU14JAVE,"IPO da SPACEX: A Maior Oportunidade da Década ou Cilada? (SPCX, SPCX34)",2026-06-09,2026-04-04,11,spcx binance,3,3
6FxiU14JAVE,"IPO da SPACEX: A Maior Oportunidade da Década ou Cilada? (SPCX, SPCX34)",2026-06-09,2026-04-04,12,como participar do ipo da space x,2,27
6FxiU14JAVE,"IPO da SPACEX: A Maior Oportunidade da Década ou Cilada? (SPCX, SPCX34)",2026-06-09,2026-04-04,13,spacex,2,34
6FxiU14JAVE,"IPO da SPACEX: A Maior Oportunidade da Década ou Cilada? (SPCX, SPCX34)",2026-06-09,2026-04-04,14,spacex ipo,2,10
6FxiU14JAVE,"IPO da SPACEX: A Maior Oportunidade da Década ou Cilada? (SPCX, SPCX34)",2026-06-09,2026-04-04,15,bdr spacex,1,10
6FxiU14JAVE,"IPO da SPACEX: A Maior Oportunidade da Década ou Cilada? (SPCX, SPCX34)",2026-06-09,2026-04-04,16,como comprar ipo da spacex,1,0
6FxiU14JAVE,"IPO da SPACEX: A Maior Oportunidade da Década ou Cilada? (SPCX, SPCX34)",2026-06-09,2026-04-04,17,como investir 1 milhão de reais,1,11
6FxiU14JAVE,"IPO da SPACEX: A Maior Oportunidade da Década ou Cilada? (SPCX, SPCX34)",2026-06-09,2026-04-04,18,como investir no ipo da spacex,1,1
6FxiU14JAVE,"IPO da SPACEX: A Maior Oportunidade da Década ou Cilada? (SPCX, SPCX34)",2026-06-09,2026-04-04,19,otavio paranhos,1,4
6FxiU14JAVE,"IPO da SPACEX: A Maior Oportunidade da Década ou Cilada? (SPCX, SPCX34)",2026-06-09,2026-04-04,20,spacex bolsa de valores,1,15
6FxiU14JAVE,"IPO da SPACEX: A Maior Oportunidade da Década ou Cilada? (SPCX, SPCX34)",2026-06-09,2026-04-04,21,spacex ipo binance,1,0
6FxiU14JAVE,"IPO da SPACEX: A Maior Oportunidade da Década ou Cilada? (SPCX, SPCX34)",2026-06-09,2026-04-04,22,spacex queda,1,0
6FxiU14JAVE,"IPO da SPACEX: A Maior Oportunidade da Década ou Cilada? (SPCX, SPCX34)",2026-06-09,2026-04-04,23,spacex token,1,0
6FxiU14JAVE,"IPO da SPACEX: A Maior Oportunidade da Década ou Cilada? (SPCX, SPCX34)",2026-06-09,2026-04-04,24,spcx token,1,5
6FxiU14JAVE,"IPO da SPACEX: A Maior Oportunidade da Década ou Cilada? (SPCX, SPCX34)",2026-06-09,2026-04-04,25,starship,1,0
WkrukRDWtvY,FUGA GERAL! O BANCÃO AVISOU E O IBOVESPA ESTÁ DERRETENDO...,2026-06-02,2026-04-04,1,bolsa caindo,5,24
WkrukRDWtvY,FUGA GERAL! O BANCÃO AVISOU E O IBOVESPA ESTÁ DERRETENDO...,2026-06-02,2026-04-04,2,ibovespa hoje,5,13
WkrukRDWtvY,FUGA GERAL! O BANCÃO AVISOU E O IBOVESPA ESTÁ DERRETENDO...,2026-06-02,2026-04-04,3,bolsa hoje,4,8
WkrukRDWtvY,FUGA GERAL! O BANCÃO AVISOU E O IBOVESPA ESTÁ DERRETENDO...,2026-06-02,2026-04-04,4,bolsa caindo hoje,2,4
WkrukRDWtvY,FUGA GERAL! O BANCÃO AVISOU E O IBOVESPA ESTÁ DERRETENDO...,2026-06-02,2026-04-04,5,dinheiro com vc,2,11
WkrukRDWtvY,FUGA GERAL! O BANCÃO AVISOU E O IBOVESPA ESTÁ DERRETENDO...,2026-06-02,2026-04-04,6,queda da bolsa hoje,2,1
WkrukRDWtvY,FUGA GERAL! O BANCÃO AVISOU E O IBOVESPA ESTÁ DERRETENDO...,2026-06-02,2026-04-04,7,ações,1,0
WkrukRDWtvY,FUGA GERAL! O BANCÃO AVISOU E O IBOVESPA ESTÁ DERRETENDO...,2026-06-02,2026-04-04,8,b3 ao vivo,1,13
WkrukRDWtvY,FUGA GERAL! O BANCÃO AVISOU E O IBOVESPA ESTÁ DERRETENDO...,2026-06-02,2026-04-04,9,billions serie,1,13
WkrukRDWtvY,FUGA GERAL! O BANCÃO AVISOU E O IBOVESPA ESTÁ DERRETENDO...,2026-06-02,2026-04-04,10,bolsa derretendo,1,0
WkrukRDWtvY,FUGA GERAL! O BANCÃO AVISOU E O IBOVESPA ESTÁ DERRETENDO...,2026-06-02,2026-04-04,11,bolsa despencando,1,0
WkrukRDWtvY,FUGA GERAL! O BANCÃO AVISOU E O IBOVESPA ESTÁ DERRETENDO...,2026-06-02,2026-04-04,12,brasil,1,0
WkrukRDWtvY,FUGA GERAL! O BANCÃO AVISOU E O IBOVESPA ESTÁ DERRETENDO...,2026-06-02,2026-04-04,13,brkm5,1,8
WkrukRDWtvY,FUGA GERAL! O BANCÃO AVISOU E O IBOVESPA ESTÁ DERRETENDO...,2026-06-02,2026-04-04,14,ecor3,1,6
WkrukRDWtvY,FUGA GERAL! O BANCÃO AVISOU E O IBOVESPA ESTÁ DERRETENDO...,2026-06-02,2026-04-04,15,etf americano,1,13
WkrukRDWtvY,FUGA GERAL! O BANCÃO AVISOU E O IBOVESPA ESTÁ DERRETENDO...,2026-06-02,2026-04-04,16,ibovespa,1,0
WkrukRDWtvY,FUGA GERAL! O BANCÃO AVISOU E O IBOVESPA ESTÁ DERRETENDO...,2026-06-02,2026-04-04,17,jornal do investidor,1,0
6aN-W7cAakk,Primeira compra de BITCOIN ^^ #bitcoin,2026-05-06,2026-04-04,1,renda extra,5,0
6aN-W7cAakk,Primeira compra de BITCOIN ^^ #bitcoin,2026-05-06,2026-04-04,2,cazetv,4,0
6aN-W7cAakk,Primeira compra de BITCOIN ^^ #bitcoin,2026-05-06,2026-04-04,3,como ganhar dinheiro,4,0
6aN-W7cAakk,Primeira compra de BITCOIN ^^ #bitcoin,2026-05-06,2026-04-04,4,maquiagem,3,0
6aN-W7cAakk,Primeira compra de BITCOIN ^^ #bitcoin,2026-05-06,2026-04-04,5,samsung s23 ultra,3,0
6aN-W7cAakk,Primeira compra de BITCOIN ^^ #bitcoin,2026-05-06,2026-04-04,6,anime,2,0
6aN-W7cAakk,Primeira compra de BITCOIN ^^ #bitcoin,2026-05-06,2026-04-04,7,desenho hiper realista,2,0
6aN-W7cAakk,Primeira compra de BITCOIN ^^ #bitcoin,2026-05-06,2026-04-04,8,dinheiro rapido,2,0
6aN-W7cAakk,Primeira compra de BITCOIN ^^ #bitcoin,2026-05-06,2026-04-04,9,don't phunk my heart,2,0
6aN-W7cAakk,Primeira compra de BITCOIN ^^ #bitcoin,2026-05-06,2026-04-04,10,layra,2,0
6aN-W7cAakk,Primeira compra de BITCOIN ^^ #bitcoin,2026-05-06,2026-04-04,11,lula e trump,2,0
6aN-W7cAakk,Primeira compra de BITCOIN ^^ #bitcoin,2026-05-06,2026-04-04,12,problems civilização,2,0
6aN-W7cAakk,Primeira compra de BITCOIN ^^ #bitcoin,2026-05-06,2026-04-04,13,python,2,0
6aN-W7cAakk,Primeira compra de BITCOIN ^^ #bitcoin,2026-05-06,2026-04-04,14,sons para cachorro,2,0
6aN-W7cAakk,Primeira compra de BITCOIN ^^ #bitcoin,2026-05-06,2026-04-04,15,terra verde português,2,0
6aN-W7cAakk,Primeira compra de BITCOIN ^^ #bitcoin,2026-05-06,2026-04-04,16,botox japinha orgânico,1,0
6aN-W7cAakk,Primeira compra de BITCOIN ^^ #bitcoin,2026-05-06,2026-04-04,17,camarao,1,0
6aN-W7cAakk,Primeira compra de BITCOIN ^^ #bitcoin,2026-05-06,2026-04-04,18,como fica rico,1,0
6aN-W7cAakk,Primeira compra de BITCOIN ^^ #bitcoin,2026-05-06,2026-04-04,19,como ter cabelo grande,1,0
6aN-W7cAakk,Primeira compra de BITCOIN ^^ #bitcoin,2026-05-06,2026-04-04,20,financas,1,0
6aN-W7cAakk,Primeira compra de BITCOIN ^^ #bitcoin,2026-05-06,2026-04-04,21,liberos,1,0
6aN-W7cAakk,Primeira compra de BITCOIN ^^ #bitcoin,2026-05-06,2026-04-04,22,os maria e tudo trouxa,1,0
6aN-W7cAakk,Primeira compra de BITCOIN ^^ #bitcoin,2026-05-06,2026-04-04,23,pcx 2026,1,0
6aN-W7cAakk,Primeira compra de BITCOIN ^^ #bitcoin,2026-05-06,2026-04-04,24,sony reon pocket,1,0
6aN-W7cAakk,Primeira compra de BITCOIN ^^ #bitcoin,2026-05-06,2026-04-04,25,viagem para agartha,1,0
oMnXltEe4P8,Explicando imposto da melhor forma possível 🤨 #shorts,2026-09-30,2026-04-04,1,javali gigante,3,0
oMnXltEe4P8,Explicando imposto da melhor forma possível 🤨 #shorts,2026-09-30,2026-04-04,2,asmr,1,0
oMnXltEe4P8,Explicando imposto da melhor forma possível 🤨 #shorts,2026-09-30,2026-04-04,3,debate governo amazonas,1,0
oMnXltEe4P8,Explicando imposto da melhor forma possível 🤨 #shorts,2026-09-30,2026-04-04,4,educacao financeira,1,0
oMnXltEe4P8,Explicando imposto da melhor forma possível 🤨 #shorts,2026-09-30,2026-04-04,5,finanças,1,0
oMnXltEe4P8,Explicando imposto da melhor forma possível 🤨 #shorts,2026-09-30,2026-04-04,6,imposto,1,0
oMnXltEe4P8,Explicando imposto da melhor forma possível 🤨 #shorts,2026-09-30,2026-04-04,7,imposto do pecado,1,0
oMnXltEe4P8,Explicando imposto da melhor forma possível 🤨 #shorts,2026-09-30,2026-04-04,8,mochila maluca bob esponja,1,0
oMnXltEe4P8,Explicando imposto da melhor forma possível 🤨 #shorts,2026-09-30,2026-04-04,9,pajero full,1,0
oMnXltEe4P8,Explicando imposto da melhor forma possível 🤨 #shorts,2026-09-30,2026-04-04,10,v9 max,1,0
XQlBsjdzNDo,NUBANK liquidação extra judicial pelo Banco Central? #nubank,2026-06-12,2026-04-04,1,nubank,395,230
XQlBsjdzNDo,NUBANK liquidação extra judicial pelo Banco Central? #nubank,2026-06-12,2026-04-04,2,nubank vai fechar,124,65
XQlBsjdzNDo,NUBANK liquidação extra judicial pelo Banco Central? #nubank,2026-06-12,2026-04-04,3,nubank liquidado,24,15
XQlBsjdzNDo,NUBANK liquidação extra judicial pelo Banco Central? #nubank,2026-06-12,2026-04-04,4,nubank liquidado pelo banco central,22,13
XQlBsjdzNDo,NUBANK liquidação extra judicial pelo Banco Central? #nubank,2026-06-12,2026-04-04,5,liquidacao nubank,18,10
XQlBsjdzNDo,NUBANK liquidação extra judicial pelo Banco Central? #nubank,2026-06-12,2026-04-04,6,liquidação nubank,17,10
XQlBsjdzNDo,NUBANK liquidação extra judicial pelo Banco Central? #nubank,2026-06-12,2026-04-04,7,nubank liquidada,15,11
XQlBsjdzNDo,NUBANK liquidação extra judicial pelo Banco Central? #nubank,2026-06-12,2026-04-04,8,nubank liquidação,12,10
XQlBsjdzNDo,NUBANK liquidação extra judicial pelo Banco Central? #nubank,2026-06-12,2026-04-04,9,nu bank,8,3
XQlBsjdzNDo,NUBANK liquidação extra judicial pelo Banco Central? #nubank,2026-06-12,2026-04-04,10,nubank liquidacao,8,5
XQlBsjdzNDo,NUBANK liquidação extra judicial pelo Banco Central? #nubank,2026-06-12,2026-04-04,11,liquidação do banco nubank,7,5
XQlBsjdzNDo,NUBANK liquidação extra judicial pelo Banco Central? #nubank,2026-06-12,2026-04-04,12,liquidação do nubank,7,4
XQlBsjdzNDo,NUBANK liquidação extra judicial pelo Banco Central? #nubank,2026-06-12,2026-04-04,13,nubank faliu,6,2
XQlBsjdzNDo,NUBANK liquidação extra judicial pelo Banco Central? #nubank,2026-06-12,2026-04-04,14,nubank quebrou,6,3
XQlBsjdzNDo,NUBANK liquidação extra judicial pelo Banco Central? #nubank,2026-06-12,2026-04-04,15,nubank vai falir,6,4
XQlBsjdzNDo,NUBANK liquidação extra judicial pelo Banco Central? #nubank,2026-06-12,2026-04-04,16,liquidacao do nubank,5,2
XQlBsjdzNDo,NUBANK liquidação extra judicial pelo Banco Central? #nubank,2026-06-12,2026-04-04,17,nubank está falindo,5,3
XQlBsjdzNDo,NUBANK liquidação extra judicial pelo Banco Central? #nubank,2026-06-12,2026-04-04,18,nubank filmes,5,2
XQlBsjdzNDo,NUBANK liquidação extra judicial pelo Banco Central? #nubank,2026-06-12,2026-04-04,19,nubank foi liquidado,5,2
XQlBsjdzNDo,NUBANK liquidação extra judicial pelo Banco Central? #nubank,2026-06-12,2026-04-04,20,nubank hoje,5,2
XQlBsjdzNDo,NUBANK liquidação extra judicial pelo Banco Central? #nubank,2026-06-12,2026-04-04,21,caso nubank,4,2
XQlBsjdzNDo,NUBANK liquidação extra judicial pelo Banco Central? #nubank,2026-06-12,2026-04-04,22,nubank email,4,2
XQlBsjdzNDo,NUBANK liquidação extra judicial pelo Banco Central? #nubank,2026-06-12,2026-04-04,23,nubank esta falindo mesmo,4,3
XQlBsjdzNDo,NUBANK liquidação extra judicial pelo Banco Central? #nubank,2026-06-12,2026-04-04,24,banco nubank vai fechar,3,0
XQlBsjdzNDo,NUBANK liquidação extra judicial pelo Banco Central? #nubank,2026-06-12,2026-04-04,25,mensagem nubank,3,2
IunRW7GKjck,Método Barsi de Dividendos em 19 minutos (entenda isso e viva de renda passiva),2026-06-30,2026-04-04,1,barsi,1,0
IunRW7GKjck,Método Barsi de Dividendos em 19 minutos (entenda isso e viva de renda passiva),2026-06-30,2026-04-04,2,tesouro direto,1,0
-0qJhPGLN0E,A Maior Distorção da Bolsa em 20 Anos — e Por Que o Gringo Causou Isso,2026-04-20,2026-04-04,1,acoes,22,104
-0qJhPGLN0E,A Maior Distorção da Bolsa em 20 Anos — e Por Que o Gringo Causou Isso,2026-04-20,2026-04-04,2,bolsa de valores,14,63
-0qJhPGLN0E,A Maior Distorção da Bolsa em 20 Anos — e Por Que o Gringo Causou Isso,2026-04-20,2026-04-04,3,ibovespa,12,39
-0qJhPGLN0E,A Maior Distorção da Bolsa em 20 Anos — e Por Que o Gringo Causou Isso,2026-04-20,2026-04-04,4,ações,9,49
-0qJhPGLN0E,A Maior Distorção da Bolsa em 20 Anos — e Por Que o Gringo Causou Isso,2026-04-20,2026-04-04,5,irbr3,8,18
-0qJhPGLN0E,A Maior Distorção da Bolsa em 20 Anos — e Por Que o Gringo Causou Isso,2026-04-20,2026-04-04,6,dividendos,4,17
-0qJhPGLN0E,A Maior Distorção da Bolsa em 20 Anos — e Por Que o Gringo Causou Isso,2026-04-20,2026-04-04,7,ações baratas,3,18
-0qJhPGLN0E,A Maior Distorção da Bolsa em 20 Anos — e Por Que o Gringo Causou Isso,2026-04-20,2026-04-04,8,bolsa brasileira,3,12
-0qJhPGLN0E,A Maior Distorção da Bolsa em 20 Anos — e Por Que o Gringo Causou Isso,2026-04-20,2026-04-04,9,acoes baratas,2,14
-0qJhPGLN0E,A Maior Distorção da Bolsa em 20 Anos — e Por Que o Gringo Causou Isso,2026-04-20,2026-04-04,10,acoes para 2026,2,13
-0qJhPGLN0E,A Maior Distorção da Bolsa em 20 Anos — e Por Que o Gringo Causou Isso,2026-04-20,2026-04-04,11,ações hoje,2,14
-0qJhPGLN0E,A Maior Distorção da Bolsa em 20 Anos — e Por Que o Gringo Causou Isso,2026-04-20,2026-04-04,12,bombeiro investidor,2,10
-0qJhPGLN0E,A Maior Distorção da Bolsa em 20 Anos — e Por Que o Gringo Causou Isso,2026-04-20,2026-04-04,13,cosan ações,2,0
-0qJhPGLN0E,A Maior Distorção da Bolsa em 20 Anos — e Por Que o Gringo Causou Isso,2026-04-20,2026-04-04,14,fleury acoes,2,13
-0qJhPGLN0E,A Maior Distorção da Bolsa em 20 Anos — e Por Que o Gringo Causou Isso,2026-04-20,2026-04-04,15,melhores ações para 2026,2,0
-0qJhPGLN0E,A Maior Distorção da Bolsa em 20 Anos — e Por Que o Gringo Causou Isso,2026-04-20,2026-04-04,16,acoes baratas para comprar,1,0
-0qJhPGLN0E,A Maior Distorção da Bolsa em 20 Anos — e Por Que o Gringo Causou Isso,2026-04-20,2026-04-04,17,ações para 2026,1,13
-0qJhPGLN0E,A Maior Distorção da Bolsa em 20 Anos — e Por Que o Gringo Causou Isso,2026-04-20,2026-04-04,18,beef3,1,1
-0qJhPGLN0E,A Maior Distorção da Bolsa em 20 Anos — e Por Que o Gringo Causou Isso,2026-04-20,2026-04-04,19,bitcoin,1,0
-0qJhPGLN0E,A Maior Distorção da Bolsa em 20 Anos — e Por Que o Gringo Causou Isso,2026-04-20,2026-04-04,20,bolsa de valores hoje,1,0
-0qJhPGLN0E,A Maior Distorção da Bolsa em 20 Anos — e Por Que o Gringo Causou Isso,2026-04-20,2026-04-04,21,bolsa valores,1,0
-0qJhPGLN0E,A Maior Distorção da Bolsa em 20 Anos — e Por Que o Gringo Causou Isso,2026-04-20,2026-04-04,22,buraco do inferno filme,1,0
-0qJhPGLN0E,A Maior Distorção da Bolsa em 20 Anos — e Por Que o Gringo Causou Isso,2026-04-20,2026-04-04,23,cmig4,1,0
-0qJhPGLN0E,A Maior Distorção da Bolsa em 20 Anos — e Por Que o Gringo Causou Isso,2026-04-20,2026-04-04,24,como investir na bolsa de valores,1,13
-0qJhPGLN0E,A Maior Distorção da Bolsa em 20 Anos — e Por Que o Gringo Causou Isso,2026-04-20,2026-04-04,25,cosan,1,3
fQ4NvVFOLe0,O Perigo Oculto: Por que os ETFs estão derrubando o BTC?,2026-06-05,2026-04-04,1,btc hoje,6,38
fQ4NvVFOLe0,O Perigo Oculto: Por que os ETFs estão derrubando o BTC?,2026-06-05,2026-04-04,2,btc,5,26
fQ4NvVFOLe0,O Perigo Oculto: Por que os ETFs estão derrubando o BTC?,2026-06-05,2026-04-04,3,agf,2,1
fQ4NvVFOLe0,O Perigo Oculto: Por que os ETFs estão derrubando o BTC?,2026-06-05,2026-04-04,4,bitcoin,2,0
fQ4NvVFOLe0,O Perigo Oculto: Por que os ETFs estão derrubando o BTC?,2026-06-05,2026-04-04,5,ethereum,2,1
fQ4NvVFOLe0,O Perigo Oculto: Por que os ETFs estão derrubando o BTC?,2026-06-05,2026-04-04,6,lucas fii,2,1
fQ4NvVFOLe0,O Perigo Oculto: Por que os ETFs estão derrubando o BTC?,2026-06-05,2026-04-04,7,michael saylor,2,1
fQ4NvVFOLe0,O Perigo Oculto: Por que os ETFs estão derrubando o BTC?,2026-06-05,2026-04-04,8,ada cardano,1,9
fQ4NvVFOLe0,O Perigo Oculto: Por que os ETFs estão derrubando o BTC?,2026-06-05,2026-04-04,9,bitcoin ao vivo,1,0
fQ4NvVFOLe0,O Perigo Oculto: Por que os ETFs estão derrubando o BTC?,2026-06-05,2026-04-04,10,bitcoin michael saylor,1,0
fQ4NvVFOLe0,O Perigo Oculto: Por que os ETFs estão derrubando o BTC?,2026-06-05,2026-04-04,11,bitcoin queda,1,0
fQ4NvVFOLe0,O Perigo Oculto: Por que os ETFs estão derrubando o BTC?,2026-06-05,2026-04-04,12,bitcoin renato ulianov,1,1
fQ4NvVFOLe0,O Perigo Oculto: Por que os ETFs estão derrubando o BTC?,2026-06-05,2026-04-04,13,biticoin,1,0
fQ4NvVFOLe0,O Perigo Oculto: Por que os ETFs estão derrubando o BTC?,2026-06-05,2026-04-04,14,chainlink criptomoeda,1,9
fQ4NvVFOLe0,O Perigo Oculto: Por que os ETFs estão derrubando o BTC?,2026-06-05,2026-04-04,15,charlao,1,9
fQ4NvVFOLe0,O Perigo Oculto: Por que os ETFs estão derrubando o BTC?,2026-06-05,2026-04-04,16,charles economista sincero,1,0
fQ4NvVFOLe0,O Perigo Oculto: Por que os ETFs estão derrubando o BTC?,2026-06-05,2026-04-04,17,cmin3,1,9
fQ4NvVFOLe0,O Perigo Oculto: Por que os ETFs estão derrubando o BTC?,2026-06-05,2026-04-04,18,investindo com pouco,1,4
fQ4NvVFOLe0,O Perigo Oculto: Por que os ETFs estão derrubando o BTC?,2026-06-05,2026-04-04,19,jimmy carvalho,1,0
fQ4NvVFOLe0,O Perigo Oculto: Por que os ETFs estão derrubando o BTC?,2026-06-05,2026-04-04,20,kncr11,1,0
fQ4NvVFOLe0,O Perigo Oculto: Por que os ETFs estão derrubando o BTC?,2026-06-05,2026-04-04,21,leao investidor,1,6
fQ4NvVFOLe0,O Perigo Oculto: Por que os ETFs estão derrubando o BTC?,2026-06-05,2026-04-04,22,pablo spyer,1,7
fQ4NvVFOLe0,O Perigo Oculto: Por que os ETFs estão derrubando o BTC?,2026-06-05,2026-04-04,23,peter schiff bitcoin,1,0
fQ4NvVFOLe0,O Perigo Oculto: Por que os ETFs estão derrubando o BTC?,2026-06-05,2026-04-04,24,professor mira,1,0
fQ4NvVFOLe0,O Perigo Oculto: Por que os ETFs estão derrubando o BTC?,2026-06-05,2026-04-04,25,queda bitcoin,1,0
bMBiwos9KKE,Michael Burry 5 APOSTAS NOVAS CONTRA o MERCADO — e uma é perturbadora (BOLHA DA IA),2026-07-07,2026-04-04,1,burry,9,0
bMBiwos9KKE,Michael Burry 5 APOSTAS NOVAS CONTRA o MERCADO — e uma é perturbadora (BOLHA DA IA),2026-07-07,2026-04-04,2,bolha da ia,4,4
bMBiwos9KKE,Michael Burry 5 APOSTAS NOVAS CONTRA o MERCADO — e uma é perturbadora (BOLHA DA IA),2026-07-07,2026-04-04,3,michael burry,2,0
bMBiwos9KKE,Michael Burry 5 APOSTAS NOVAS CONTRA o MERCADO — e uma é perturbadora (BOLHA DA IA),2026-07-07,2026-04-04,4,a grande aposta,1,0
bMBiwos9KKE,Michael Burry 5 APOSTAS NOVAS CONTRA o MERCADO — e uma é perturbadora (BOLHA DA IA),2026-07-07,2026-04-04,5,bolha ia,1,9
bMBiwos9KKE,Michael Burry 5 APOSTAS NOVAS CONTRA o MERCADO — e uma é perturbadora (BOLHA DA IA),2026-07-07,2026-04-04,6,charles wicz,1,12
bMBiwos9KKE,Michael Burry 5 APOSTAS NOVAS CONTRA o MERCADO — e uma é perturbadora (BOLHA DA IA),2026-07-07,2026-04-04,7,finanças pra ti,1,3
bMBiwos9KKE,Michael Burry 5 APOSTAS NOVAS CONTRA o MERCADO — e uma é perturbadora (BOLHA DA IA),2026-07-07,2026-04-04,8,geracao dividendos,1,12
bMBiwos9KKE,Michael Burry 5 APOSTAS NOVAS CONTRA o MERCADO — e uma é perturbadora (BOLHA DA IA),2026-07-07,2026-04-04,9,luiz alves paes de barros,1,12
bMBiwos9KKE,Michael Burry 5 APOSTAS NOVAS CONTRA o MERCADO — e uma é perturbadora (BOLHA DA IA),2026-07-07,2026-04-04,10,michael burry a grande aposta,1,0
bMBiwos9KKE,Michael Burry 5 APOSTAS NOVAS CONTRA o MERCADO — e uma é perturbadora (BOLHA DA IA),2026-07-07,2026-04-04,11,o cara do mercado,1,0
bMBiwos9KKE,Michael Burry 5 APOSTAS NOVAS CONTRA o MERCADO — e uma é perturbadora (BOLHA DA IA),2026-07-07,2026-04-04,12,palantir,1,0
4HMqxGqjHpA,Banco do Brasil (BBAS3) ou Itaú (ITUB4): Qual a melhor ação para dividendos em 2026?,2026-06-23,2026-04-04,1,itub4,69,293
4HMqxGqjHpA,Banco do Brasil (BBAS3) ou Itaú (ITUB4): Qual a melhor ação para dividendos em 2026?,2026-06-23,2026-04-04,2,banco do brasil ações,4,19
4HMqxGqjHpA,Banco do Brasil (BBAS3) ou Itaú (ITUB4): Qual a melhor ação para dividendos em 2026?,2026-06-23,2026-04-04,3,bbas3,3,15
4HMqxGqjHpA,Banco do Brasil (BBAS3) ou Itaú (ITUB4): Qual a melhor ação para dividendos em 2026?,2026-06-23,2026-04-04,4,banco itaú,2,0
4HMqxGqjHpA,Banco do Brasil (BBAS3) ou Itaú (ITUB4): Qual a melhor ação para dividendos em 2026?,2026-06-23,2026-04-04,5,itub4 vale a pena,2,0
4HMqxGqjHpA,Banco do Brasil (BBAS3) ou Itaú (ITUB4): Qual a melhor ação para dividendos em 2026?,2026-06-23,2026-04-04,6,vasco,2,6
4HMqxGqjHpA,Banco do Brasil (BBAS3) ou Itaú (ITUB4): Qual a melhor ação para dividendos em 2026?,2026-06-23,2026-04-04,7,acoes para 2026,1,8
4HMqxGqjHpA,Banco do Brasil (BBAS3) ou Itaú (ITUB4): Qual a melhor ação para dividendos em 2026?,2026-06-23,2026-04-04,8,ações,1,5
4HMqxGqjHpA,Banco do Brasil (BBAS3) ou Itaú (ITUB4): Qual a melhor ação para dividendos em 2026?,2026-06-23,2026-04-04,9,ações banco do brasil,1,5
4HMqxGqjHpA,Banco do Brasil (BBAS3) ou Itaú (ITUB4): Qual a melhor ação para dividendos em 2026?,2026-06-23,2026-04-04,10,ações do itau,1,16
4HMqxGqjHpA,Banco do Brasil (BBAS3) ou Itaú (ITUB4): Qual a melhor ação para dividendos em 2026?,2026-06-23,2026-04-04,11,bajaj,1,0
4HMqxGqjHpA,Banco do Brasil (BBAS3) ou Itaú (ITUB4): Qual a melhor ação para dividendos em 2026?,2026-06-23,2026-04-04,12,banco do brasil,1,0
4HMqxGqjHpA,Banco do Brasil (BBAS3) ou Itaú (ITUB4): Qual a melhor ação para dividendos em 2026?,2026-06-23,2026-04-04,13,banco do brasil ou itau,1,16
4HMqxGqjHpA,Banco do Brasil (BBAS3) ou Itaú (ITUB4): Qual a melhor ação para dividendos em 2026?,2026-06-23,2026-04-04,14,bbas3 hoje,1,15
4HMqxGqjHpA,Banco do Brasil (BBAS3) ou Itaú (ITUB4): Qual a melhor ação para dividendos em 2026?,2026-06-23,2026-04-04,15,bbas3 vale a pena,1,8
4HMqxGqjHpA,Banco do Brasil (BBAS3) ou Itaú (ITUB4): Qual a melhor ação para dividendos em 2026?,2026-06-23,2026-04-04,16,bolsa de valores,1,18
4HMqxGqjHpA,Banco do Brasil (BBAS3) ou Itaú (ITUB4): Qual a melhor ação para dividendos em 2026?,2026-06-23,2026-04-04,17,bolsa valores,1,0
4HMqxGqjHpA,Banco do Brasil (BBAS3) ou Itaú (ITUB4): Qual a melhor ação para dividendos em 2026?,2026-06-23,2026-04-04,18,borda do campo ao vivo,1,16
4HMqxGqjHpA,Banco do Brasil (BBAS3) ou Itaú (ITUB4): Qual a melhor ação para dividendos em 2026?,2026-06-23,2026-04-04,19,brasil,1,0
4HMqxGqjHpA,Banco do Brasil (BBAS3) ou Itaú (ITUB4): Qual a melhor ação para dividendos em 2026?,2026-06-23,2026-04-04,20,campeonato brasileiro 2026,1,0
4HMqxGqjHpA,Banco do Brasil (BBAS3) ou Itaú (ITUB4): Qual a melhor ação para dividendos em 2026?,2026-06-23,2026-04-04,21,coin11 vale a pena,1,0
4HMqxGqjHpA,Banco do Brasil (BBAS3) ou Itaú (ITUB4): Qual a melhor ação para dividendos em 2026?,2026-06-23,2026-04-04,22,itau,1,0
4HMqxGqjHpA,Banco do Brasil (BBAS3) ou Itaú (ITUB4): Qual a melhor ação para dividendos em 2026?,2026-06-23,2026-04-04,23,itau ou banco do brasil,1,0
4HMqxGqjHpA,Banco do Brasil (BBAS3) ou Itaú (ITUB4): Qual a melhor ação para dividendos em 2026?,2026-06-23,2026-04-04,24,itaú,1,0
4HMqxGqjHpA,Banco do Brasil (BBAS3) ou Itaú (ITUB4): Qual a melhor ação para dividendos em 2026?,2026-06-23,2026-04-04,25,itsa4,1,1
TNWxP6GAlyE,Só quem arrisca…,2026-07-15,2026-04-04,1,faruei faruei,4,0
TNWxP6GAlyE,Só quem arrisca…,2026-07-15,2026-04-04,2,curso que da dinheiro,2,0
TNWxP6GAlyE,Só quem arrisca…,2026-07-15,2026-04-04,3,iphone 15 pro em 2026,2,0
TNWxP6GAlyE,Só quem arrisca…,2026-07-15,2026-04-04,4,quem arrisca ganha mais 2026,2,0
TNWxP6GAlyE,Só quem arrisca…,2026-07-15,2026-04-04,5,acorda cara,1,0
TNWxP6GAlyE,Só quem arrisca…,2026-07-15,2026-04-04,6,malvinas,1,0
nzxLnlP9nfs,OPA SANTANDER: OPORTUNIDADE ou ARMADILHA?,2026-08-02,2026-04-04,1,santander,165,606
nzxLnlP9nfs,OPA SANTANDER: OPORTUNIDADE ou ARMADILHA?,2026-08-02,2026-04-04,2,opa santander,64,366
nzxLnlP9nfs,OPA SANTANDER: OPORTUNIDADE ou ARMADILHA?,2026-08-02,2026-04-04,3,sanb11,19,76
nzxLnlP9nfs,OPA SANTANDER: OPORTUNIDADE ou ARMADILHA?,2026-08-02,2026-04-04,4,santander opa,16,119
nzxLnlP9nfs,OPA SANTANDER: OPORTUNIDADE ou ARMADILHA?,2026-08-02,2026-04-04,5,santander ações,14,91
nzxLnlP9nfs,OPA SANTANDER: OPORTUNIDADE ou ARMADILHA?,2026-08-02,2026-04-04,6,ações santander,9,31
nzxLnlP9nfs,OPA SANTANDER: OPORTUNIDADE ou ARMADILHA?,2026-08-02,2026-04-04,7,sanb4,5,7
nzxLnlP9nfs,OPA SANTANDER: OPORTUNIDADE ou ARMADILHA?,2026-08-02,2026-04-04,8,acoes santander,3,14
nzxLnlP9nfs,OPA SANTANDER: OPORTUNIDADE ou ARMADILHA?,2026-08-02,2026-04-04,9,sanb3,3,13
nzxLnlP9nfs,OPA SANTANDER: OPORTUNIDADE ou ARMADILHA?,2026-08-02,2026-04-04,10,banco bv é confiavel,2,0
nzxLnlP9nfs,OPA SANTANDER: OPORTUNIDADE ou ARMADILHA?,2026-08-02,2026-04-04,11,corretora santander,2,8
nzxLnlP9nfs,OPA SANTANDER: OPORTUNIDADE ou ARMADILHA?,2026-08-02,2026-04-04,12,sanb,2,9
nzxLnlP9nfs,OPA SANTANDER: OPORTUNIDADE ou ARMADILHA?,2026-08-02,2026-04-04,13,sanb11 opa,2,5
nzxLnlP9nfs,OPA SANTANDER: OPORTUNIDADE ou ARMADILHA?,2026-08-02,2026-04-04,14,sanepar ações,2,0
nzxLnlP9nfs,OPA SANTANDER: OPORTUNIDADE ou ARMADILHA?,2026-08-02,2026-04-04,15,santander corretora,2,0
nzxLnlP9nfs,OPA SANTANDER: OPORTUNIDADE ou ARMADILHA?,2026-08-02,2026-04-04,16,santander vai sair do brasil,2,9
nzxLnlP9nfs,OPA SANTANDER: OPORTUNIDADE ou ARMADILHA?,2026-08-02,2026-04-04,17,arq dolar,1,0
nzxLnlP9nfs,OPA SANTANDER: OPORTUNIDADE ou ARMADILHA?,2026-08-02,2026-04-04,18,ações,1,0
nzxLnlP9nfs,OPA SANTANDER: OPORTUNIDADE ou ARMADILHA?,2026-08-02,2026-04-04,19,banco santander,1,1
nzxLnlP9nfs,OPA SANTANDER: OPORTUNIDADE ou ARMADILHA?,2026-08-02,2026-04-04,20,guia un cupons de desconto,1,0
nzxLnlP9nfs,OPA SANTANDER: OPORTUNIDADE ou ARMADILHA?,2026-08-02,2026-04-04,21,minha historia contada,1,10
nzxLnlP9nfs,OPA SANTANDER: OPORTUNIDADE ou ARMADILHA?,2026-08-02,2026-04-04,22,opa,1,5
nzxLnlP9nfs,OPA SANTANDER: OPORTUNIDADE ou ARMADILHA?,2026-08-02,2026-04-04,23,santa catarina,1,0
nzxLnlP9nfs,OPA SANTANDER: OPORTUNIDADE ou ARMADILHA?,2026-08-02,2026-04-04,24,trxf11,1,0
KIegMrRFD-U,Ricos não fazem PIX #investimentos,2026-06-11,2026-04-04,1,finanças,6,0
KIegMrRFD-U,Ricos não fazem PIX #investimentos,2026-06-11,2026-04-04,2,timer de 30 minutos,5,1
KIegMrRFD-U,Ricos não fazem PIX #investimentos,2026-06-11,2026-04-04,3,como ter uma renda extra na internet,4,0
KIegMrRFD-U,Ricos não fazem PIX #investimentos,2026-06-11,2026-04-04,4,nossa mano tá apanhando feio hoje,3,0
KIegMrRFD-U,Ricos não fazem PIX #investimentos,2026-06-11,2026-04-04,5,melhores casas de aposta,2,0
KIegMrRFD-U,Ricos não fazem PIX #investimentos,2026-06-11,2026-04-04,6,mexico x africa do sul,2,0
KIegMrRFD-U,Ricos não fazem PIX #investimentos,2026-06-11,2026-04-04,7,seleção mexicana de futebol contra seleção sul-africana de futebol,2,0
KIegMrRFD-U,Ricos não fazem PIX #investimentos,2026-06-11,2026-04-04,8,abertura da copa 2026,1,0
KIegMrRFD-U,Ricos não fazem PIX #investimentos,2026-06-11,2026-04-04,9,barba,1,0
KIegMrRFD-U,Ricos não fazem PIX #investimentos,2026-06-11,2026-04-04,10,dana cicil tidak berlaku,1,0
KIegMrRFD-U,Ricos não fazem PIX #investimentos,2026-06-11,2026-04-04,11,gótica,1,0
KIegMrRFD-U,Ricos não fazem PIX #investimentos,2026-06-11,2026-04-04,12,investimentos,1,0
KIegMrRFD-U,Ricos não fazem PIX #investimentos,2026-06-11,2026-04-04,13,iphone 15,1,0
KIegMrRFD-U,Ricos não fazem PIX #investimentos,2026-06-11,2026-04-04,14,tank g,1,0
rstD0TGjwek,BBAS3:Barsi Vendeu Banco do Brasil? Entenda a Verdade e o Preço Justo,2026-07-22,2026-04-04,1,barsi,18,93
rstD0TGjwek,BBAS3:Barsi Vendeu Banco do Brasil? Entenda a Verdade e o Preço Justo,2026-07-22,2026-04-04,2,bbas3,8,12
rstD0TGjwek,BBAS3:Barsi Vendeu Banco do Brasil? Entenda a Verdade e o Preço Justo,2026-07-22,2026-04-04,3,ações do banco do brasil,4,43
rstD0TGjwek,BBAS3:Barsi Vendeu Banco do Brasil? Entenda a Verdade e o Preço Justo,2026-07-22,2026-04-04,4,banco do brasil,3,29
rstD0TGjwek,BBAS3:Barsi Vendeu Banco do Brasil? Entenda a Verdade e o Preço Justo,2026-07-22,2026-04-04,5,beef3,3,1
rstD0TGjwek,BBAS3:Barsi Vendeu Banco do Brasil? Entenda a Verdade e o Preço Justo,2026-07-22,2026-04-04,6,dividendos,2,0
rstD0TGjwek,BBAS3:Barsi Vendeu Banco do Brasil? Entenda a Verdade e o Preço Justo,2026-07-22,2026-04-04,7,9 av kotel,1,0
rstD0TGjwek,BBAS3:Barsi Vendeu Banco do Brasil? Entenda a Verdade e o Preço Justo,2026-07-22,2026-04-04,8,acoes baratas para comprar,1,0
rstD0TGjwek,BBAS3:Barsi Vendeu Banco do Brasil? Entenda a Verdade e o Preço Justo,2026-07-22,2026-04-04,9,bbas3 hoje,1,0
rstD0TGjwek,BBAS3:Barsi Vendeu Banco do Brasil? Entenda a Verdade e o Preço Justo,2026-07-22,2026-04-04,10,bbas3 vale a pena,1,2
rstD0TGjwek,BBAS3:Barsi Vendeu Banco do Brasil? Entenda a Verdade e o Preço Justo,2026-07-22,2026-04-04,11,cruzeiro,1,0
rstD0TGjwek,BBAS3:Barsi Vendeu Banco do Brasil? Entenda a Verdade e o Preço Justo,2026-07-22,2026-04-04,12,csan3,1,0
rstD0TGjwek,BBAS3:Barsi Vendeu Banco do Brasil? Entenda a Verdade e o Preço Justo,2026-07-22,2026-04-04,13,denza b5,1,16
rstD0TGjwek,BBAS3:Barsi Vendeu Banco do Brasil? Entenda a Verdade e o Preço Justo,2026-07-22,2026-04-04,14,leao investidor,1,0
rstD0TGjwek,BBAS3:Barsi Vendeu Banco do Brasil? Entenda a Verdade e o Preço Justo,2026-07-22,2026-04-04,15,luiz barsi,1,20
rstD0TGjwek,BBAS3:Barsi Vendeu Banco do Brasil? Entenda a Verdade e o Preço Justo,2026-07-22,2026-04-04,16,mdia3,1,21
rstD0TGjwek,BBAS3:Barsi Vendeu Banco do Brasil? Entenda a Verdade e o Preço Justo,2026-07-22,2026-04-04,17,motta,1,0
rstD0TGjwek,BBAS3:Barsi Vendeu Banco do Brasil? Entenda a Verdade e o Preço Justo,2026-07-22,2026-04-04,18,tims3,1,0
rstD0TGjwek,BBAS3:Barsi Vendeu Banco do Brasil? Entenda a Verdade e o Preço Justo,2026-07-22,2026-04-04,19,tratorito trabalhando,1,0
rstD0TGjwek,BBAS3:Barsi Vendeu Banco do Brasil? Entenda a Verdade e o Preço Justo,2026-07-22,2026-04-04,20,vingadores ultimato,1,22
JxAQlv9ZBJY,AÇÕES BARATAS para ficar de olho agora (TODO CUIDADO É POUCO),2026-07-28,2026-04-04,1,ações baratas,10,21
JxAQlv9ZBJY,AÇÕES BARATAS para ficar de olho agora (TODO CUIDADO É POUCO),2026-07-28,2026-04-04,2,dividendos,8,45
JxAQlv9ZBJY,AÇÕES BARATAS para ficar de olho agora (TODO CUIDADO É POUCO),2026-07-28,2026-04-04,3,acoes baratas para comprar,7,25
JxAQlv9ZBJY,AÇÕES BARATAS para ficar de olho agora (TODO CUIDADO É POUCO),2026-07-28,2026-04-04,4,ações,7,16
JxAQlv9ZBJY,AÇÕES BARATAS para ficar de olho agora (TODO CUIDADO É POUCO),2026-07-28,2026-04-04,5,acoes,6,25
JxAQlv9ZBJY,AÇÕES BARATAS para ficar de olho agora (TODO CUIDADO É POUCO),2026-07-28,2026-04-04,6,acoes baratas,5,12
JxAQlv9ZBJY,AÇÕES BARATAS para ficar de olho agora (TODO CUIDADO É POUCO),2026-07-28,2026-04-04,7,acoes para 2026,5,21
JxAQlv9ZBJY,AÇÕES BARATAS para ficar de olho agora (TODO CUIDADO É POUCO),2026-07-28,2026-04-04,8,bolsa de valores hoje,4,20
JxAQlv9ZBJY,AÇÕES BARATAS para ficar de olho agora (TODO CUIDADO É POUCO),2026-07-28,2026-04-04,9,bitcoin,3,7
JxAQlv9ZBJY,AÇÕES BARATAS para ficar de olho agora (TODO CUIDADO É POUCO),2026-07-28,2026-04-04,10,bolsa de valores,3,29
JxAQlv9ZBJY,AÇÕES BARATAS para ficar de olho agora (TODO CUIDADO É POUCO),2026-07-28,2026-04-04,11,ceab3,3,10
JxAQlv9ZBJY,AÇÕES BARATAS para ficar de olho agora (TODO CUIDADO É POUCO),2026-07-28,2026-04-04,12,melhores acoes para se investir em 2026,3,4
JxAQlv9ZBJY,AÇÕES BARATAS para ficar de olho agora (TODO CUIDADO É POUCO),2026-07-28,2026-04-04,13,b3 hoje,2,11
JxAQlv9ZBJY,AÇÕES BARATAS para ficar de olho agora (TODO CUIDADO É POUCO),2026-07-28,2026-04-04,14,mitre,2,14
JxAQlv9ZBJY,AÇÕES BARATAS para ficar de olho agora (TODO CUIDADO É POUCO),2026-07-28,2026-04-04,15,tour pela minha casa,2,16
JxAQlv9ZBJY,AÇÕES BARATAS para ficar de olho agora (TODO CUIDADO É POUCO),2026-07-28,2026-04-04,16,acoes descontadas hoje,1,0
JxAQlv9ZBJY,AÇÕES BARATAS para ficar de olho agora (TODO CUIDADO É POUCO),2026-07-28,2026-04-04,17,acoes hoje,1,4
JxAQlv9ZBJY,AÇÕES BARATAS para ficar de olho agora (TODO CUIDADO É POUCO),2026-07-28,2026-04-04,18,alos3,1,0
JxAQlv9ZBJY,AÇÕES BARATAS para ficar de olho agora (TODO CUIDADO É POUCO),2026-07-28,2026-04-04,19,any any,1,0
JxAQlv9ZBJY,AÇÕES BARATAS para ficar de olho agora (TODO CUIDADO É POUCO),2026-07-28,2026-04-04,20,ações descontadas,1,0
JxAQlv9ZBJY,AÇÕES BARATAS para ficar de olho agora (TODO CUIDADO É POUCO),2026-07-28,2026-04-04,21,beca alcantara,1,8
JxAQlv9ZBJY,AÇÕES BARATAS para ficar de olho agora (TODO CUIDADO É POUCO),2026-07-28,2026-04-04,22,brav3,1,17
JxAQlv9ZBJY,AÇÕES BARATAS para ficar de olho agora (TODO CUIDADO É POUCO),2026-07-28,2026-04-04,23,carteira de dividendos,1,0
JxAQlv9ZBJY,AÇÕES BARATAS para ficar de olho agora (TODO CUIDADO É POUCO),2026-07-28,2026-04-04,24,clube do valor,1,6
JxAQlv9ZBJY,AÇÕES BARATAS para ficar de olho agora (TODO CUIDADO É POUCO),2026-07-28,2026-04-04,25,geracao dividendos,1,9
BooCl9y-7Oc,Renda fixa ou Renda Variável?,2026-08-04,2026-04-04,1,renda fixa e renda variavel,4,0
BooCl9y-7Oc,Renda fixa ou Renda Variável?,2026-08-04,2026-04-04,2,mulheres de biquíni,3,0
BooCl9y-7Oc,Renda fixa ou Renda Variável?,2026-08-04,2026-04-04,3,renda fixa,3,0
BooCl9y-7Oc,Renda fixa ou Renda Variável?,2026-08-04,2026-04-04,4,renda variavel,3,0
BooCl9y-7Oc,Renda fixa ou Renda Variável?,2026-08-04,2026-04-04,5,calda de chocolate simples,2,0
BooCl9y-7Oc,Renda fixa ou Renda Variável?,2026-08-04,2026-04-04,6,como ficar rica,2,0
BooCl9y-7Oc,Renda fixa ou Renda Variável?,2026-08-04,2026-04-04,7,forno a lenha,2,0
BooCl9y-7Oc,Renda fixa ou Renda Variável?,2026-08-04,2026-04-04,8,gel balistico,2,0
BooCl9y-7Oc,Renda fixa ou Renda Variável?,2026-08-04,2026-04-04,9,renato garcia,1,0
DEgfZlK6FZM,"A BOLHA DA IA ESTOUROU? AÇÕES da Samsung DERRETEM, com LUCRO RECORDE (Michael Burry)",2026-07-14,2026-04-04,1,bolha da ia,43,192
DEgfZlK6FZM,"A BOLHA DA IA ESTOUROU? AÇÕES da Samsung DERRETEM, com LUCRO RECORDE (Michael Burry)",2026-07-14,2026-04-04,2,bolha ia,29,84
DEgfZlK6FZM,"A BOLHA DA IA ESTOUROU? AÇÕES da Samsung DERRETEM, com LUCRO RECORDE (Michael Burry)",2026-07-14,2026-04-04,3,ai bubble,4,7
DEgfZlK6FZM,"A BOLHA DA IA ESTOUROU? AÇÕES da Samsung DERRETEM, com LUCRO RECORDE (Michael Burry)",2026-07-14,2026-04-04,4,bolha de ia,4,21
DEgfZlK6FZM,"A BOLHA DA IA ESTOUROU? AÇÕES da Samsung DERRETEM, com LUCRO RECORDE (Michael Burry)",2026-07-14,2026-04-04,5,a bolha da ia,3,12
DEgfZlK6FZM,"A BOLHA DA IA ESTOUROU? AÇÕES da Samsung DERRETEM, com LUCRO RECORDE (Michael Burry)",2026-07-14,2026-04-04,6,ações,3,9
DEgfZlK6FZM,"A BOLHA DA IA ESTOUROU? AÇÕES da Samsung DERRETEM, com LUCRO RECORDE (Michael Burry)",2026-07-14,2026-04-04,7,ia,3,1
DEgfZlK6FZM,"A BOLHA DA IA ESTOUROU? AÇÕES da Samsung DERRETEM, com LUCRO RECORDE (Michael Burry)",2026-07-14,2026-04-04,8,bitcoin,2,13
DEgfZlK6FZM,"A BOLHA DA IA ESTOUROU? AÇÕES da Samsung DERRETEM, com LUCRO RECORDE (Michael Burry)",2026-07-14,2026-04-04,9,samsung,2,0
DEgfZlK6FZM,"A BOLHA DA IA ESTOUROU? AÇÕES da Samsung DERRETEM, com LUCRO RECORDE (Michael Burry)",2026-07-14,2026-04-04,10,acoes,1,10
DEgfZlK6FZM,"A BOLHA DA IA ESTOUROU? AÇÕES da Samsung DERRETEM, com LUCRO RECORDE (Michael Burry)",2026-07-14,2026-04-04,11,acoes hoje noticias,1,4
DEgfZlK6FZM,"A BOLHA DA IA ESTOUROU? AÇÕES da Samsung DERRETEM, com LUCRO RECORDE (Michael Burry)",2026-07-14,2026-04-04,12,acoes ibm,1,0
DEgfZlK6FZM,"A BOLHA DA IA ESTOUROU? AÇÕES da Samsung DERRETEM, com LUCRO RECORDE (Michael Burry)",2026-07-14,2026-04-04,13,alberto pompeu,1,0
DEgfZlK6FZM,"A BOLHA DA IA ESTOUROU? AÇÕES da Samsung DERRETEM, com LUCRO RECORDE (Michael Burry)",2026-07-14,2026-04-04,14,ações americanas,1,0
DEgfZlK6FZM,"A BOLHA DA IA ESTOUROU? AÇÕES da Samsung DERRETEM, com LUCRO RECORDE (Michael Burry)",2026-07-14,2026-04-04,15,bastter,1,12
DEgfZlK6FZM,"A BOLHA DA IA ESTOUROU? AÇÕES da Samsung DERRETEM, com LUCRO RECORDE (Michael Burry)",2026-07-14,2026-04-04,16,bolsa valores,1,0
DEgfZlK6FZM,"A BOLHA DA IA ESTOUROU? AÇÕES da Samsung DERRETEM, com LUCRO RECORDE (Michael Burry)",2026-07-14,2026-04-04,17,daniel goldberg,1,2
DEgfZlK6FZM,"A BOLHA DA IA ESTOUROU? AÇÕES da Samsung DERRETEM, com LUCRO RECORDE (Michael Burry)",2026-07-14,2026-04-04,18,economista sincero,1,8
DEgfZlK6FZM,"A BOLHA DA IA ESTOUROU? AÇÕES da Samsung DERRETEM, com LUCRO RECORDE (Michael Burry)",2026-07-14,2026-04-04,19,genial,1,0
DEgfZlK6FZM,"A BOLHA DA IA ESTOUROU? AÇÕES da Samsung DERRETEM, com LUCRO RECORDE (Michael Burry)",2026-07-14,2026-04-04,20,giba coelho,1,0
DEgfZlK6FZM,"A BOLHA DA IA ESTOUROU? AÇÕES da Samsung DERRETEM, com LUCRO RECORDE (Michael Burry)",2026-07-14,2026-04-04,21,igor mundstock,1,11
DEgfZlK6FZM,"A BOLHA DA IA ESTOUROU? AÇÕES da Samsung DERRETEM, com LUCRO RECORDE (Michael Burry)",2026-07-14,2026-04-04,22,investir e coçar é só começar,1,11
DEgfZlK6FZM,"A BOLHA DA IA ESTOUROU? AÇÕES da Samsung DERRETEM, com LUCRO RECORDE (Michael Burry)",2026-07-14,2026-04-04,23,jimmy carvalho,1,0
DEgfZlK6FZM,"A BOLHA DA IA ESTOUROU? AÇÕES da Samsung DERRETEM, com LUCRO RECORDE (Michael Burry)",2026-07-14,2026-04-04,24,mercado financeiro,1,1
DEgfZlK6FZM,"A BOLHA DA IA ESTOUROU? AÇÕES da Samsung DERRETEM, com LUCRO RECORDE (Michael Burry)",2026-07-14,2026-04-04,25,myke leao,1,0
YC2nYyNUGLY,Mícron (MU) ignora BOLHA de IA e dispara na bolsa de valores,2026-06-25,2026-04-04,1,mutc34,7,0
YC2nYyNUGLY,Mícron (MU) ignora BOLHA de IA e dispara na bolsa de valores,2026-06-25,2026-04-04,2,como ganhar dinheiro na internet,3,0
YC2nYyNUGLY,Mícron (MU) ignora BOLHA de IA e dispara na bolsa de valores,2026-06-25,2026-04-04,3,a bolha da ia,2,0
YC2nYyNUGLY,Mícron (MU) ignora BOLHA de IA e dispara na bolsa de valores,2026-06-25,2026-04-04,4,aqua man,2,0
YC2nYyNUGLY,Mícron (MU) ignora BOLHA de IA e dispara na bolsa de valores,2026-06-25,2026-04-04,5,bolha de ia,2,0
YC2nYyNUGLY,Mícron (MU) ignora BOLHA de IA e dispara na bolsa de valores,2026-06-25,2026-04-04,6,gta 6,2,0
YC2nYyNUGLY,Mícron (MU) ignora BOLHA de IA e dispara na bolsa de valores,2026-06-25,2026-04-04,7,micronação,2,0
YC2nYyNUGLY,Mícron (MU) ignora BOLHA de IA e dispara na bolsa de valores,2026-06-25,2026-04-04,8,terremoto na venezuela,2,0
YC2nYyNUGLY,Mícron (MU) ignora BOLHA de IA e dispara na bolsa de valores,2026-06-25,2026-04-04,9,a bola está na bolsa,1,0
YC2nYyNUGLY,Mícron (MU) ignora BOLHA de IA e dispara na bolsa de valores,2026-06-25,2026-04-04,10,anonimo 2,1,0
YC2nYyNUGLY,Mícron (MU) ignora BOLHA de IA e dispara na bolsa de valores,2026-06-25,2026-04-04,11,bolha da ia,1,0
YC2nYyNUGLY,Mícron (MU) ignora BOLHA de IA e dispara na bolsa de valores,2026-06-25,2026-04-04,12,como começar a ganhar dinheiro na internet,1,0
YC2nYyNUGLY,Mícron (MU) ignora BOLHA de IA e dispara na bolsa de valores,2026-06-25,2026-04-04,13,halland meme,1,0
YC2nYyNUGLY,Mícron (MU) ignora BOLHA de IA e dispara na bolsa de valores,2026-06-25,2026-04-04,14,jogos de hoje ao vivo,1,0
YC2nYyNUGLY,Mícron (MU) ignora BOLHA de IA e dispara na bolsa de valores,2026-06-25,2026-04-04,15,micron,1,0
YC2nYyNUGLY,Mícron (MU) ignora BOLHA de IA e dispara na bolsa de valores,2026-06-25,2026-04-04,16,micron technology,1,0
YC2nYyNUGLY,Mícron (MU) ignora BOLHA de IA e dispara na bolsa de valores,2026-06-25,2026-04-04,17,modern mba,1,0
YC2nYyNUGLY,Mícron (MU) ignora BOLHA de IA e dispara na bolsa de valores,2026-06-25,2026-04-04,18,protrek,1,0
FHEBmeSCVxI,Space X (SPCX) Chinesa 😱,2026-07-10,2026-04-04,1,casacor 2026,2,0
FHEBmeSCVxI,Space X (SPCX) Chinesa 😱,2026-07-10,2026-04-04,2,jeep wk,2,0
FHEBmeSCVxI,Space X (SPCX) Chinesa 😱,2026-07-10,2026-04-04,3,scooter,2,0
FHEBmeSCVxI,Space X (SPCX) Chinesa 😱,2026-07-10,2026-04-04,4,a luz do luar,1,0
FHEBmeSCVxI,Space X (SPCX) Chinesa 😱,2026-07-10,2026-04-04,5,aneis de saturno,1,0
FHEBmeSCVxI,Space X (SPCX) Chinesa 😱,2026-07-10,2026-04-04,6,avada kedavra,1,0
FHEBmeSCVxI,Space X (SPCX) Chinesa 😱,2026-07-10,2026-04-04,7,como fazer doce de banana,1,0
FHEBmeSCVxI,Space X (SPCX) Chinesa 😱,2026-07-10,2026-04-04,8,dropshipping,1,0
FHEBmeSCVxI,Space X (SPCX) Chinesa 😱,2026-07-10,2026-04-04,9,ferrari superfast,1,0
FHEBmeSCVxI,Space X (SPCX) Chinesa 😱,2026-07-10,2026-04-04,10,jesus in the trunk prank,1,0
FHEBmeSCVxI,Space X (SPCX) Chinesa 😱,2026-07-10,2026-04-04,11,martim pescador,1,0
FHEBmeSCVxI,Space X (SPCX) Chinesa 😱,2026-07-10,2026-04-04,12,ponte salvador itaparica,1,0
FHEBmeSCVxI,Space X (SPCX) Chinesa 😱,2026-07-10,2026-04-04,13,spcx,1,0
c9Obo6F5_NU,ETF DIVIDENDOS MENSAIS são um GOLPE? (Entenda antes que seja tarde),2026-04-08,2026-04-04,1,etfs,92,334
c9Obo6F5_NU,ETF DIVIDENDOS MENSAIS são um GOLPE? (Entenda antes que seja tarde),2026-04-08,2026-04-04,2,etf,78,348
c9Obo6F5_NU,ETF DIVIDENDOS MENSAIS são um GOLPE? (Entenda antes que seja tarde),2026-04-08,2026-04-04,3,etfs que pagam dividendos mensais,32,76
c9Obo6F5_NU,ETF DIVIDENDOS MENSAIS são um GOLPE? (Entenda antes que seja tarde),2026-04-08,2026-04-04,4,etf dividendos,30,149
c9Obo6F5_NU,ETF DIVIDENDOS MENSAIS são um GOLPE? (Entenda antes que seja tarde),2026-04-08,2026-04-04,5,xbci11 etf,28,147
c9Obo6F5_NU,ETF DIVIDENDOS MENSAIS são um GOLPE? (Entenda antes que seja tarde),2026-04-08,2026-04-04,6,dividendos,22,124
c9Obo6F5_NU,ETF DIVIDENDOS MENSAIS são um GOLPE? (Entenda antes que seja tarde),2026-04-08,2026-04-04,7,etf que pagam dividendos mensais,18,76
c9Obo6F5_NU,ETF DIVIDENDOS MENSAIS são um GOLPE? (Entenda antes que seja tarde),2026-04-08,2026-04-04,8,xbci11,13,78
c9Obo6F5_NU,ETF DIVIDENDOS MENSAIS são um GOLPE? (Entenda antes que seja tarde),2026-04-08,2026-04-04,9,etf dividendos mensais,12,61
c9Obo6F5_NU,ETF DIVIDENDOS MENSAIS são um GOLPE? (Entenda antes que seja tarde),2026-04-08,2026-04-04,10,etf de dividendos,8,50
c9Obo6F5_NU,ETF DIVIDENDOS MENSAIS são um GOLPE? (Entenda antes que seja tarde),2026-04-08,2026-04-04,11,dividendos mensais,2,7
c9Obo6F5_NU,ETF DIVIDENDOS MENSAIS são um GOLPE? (Entenda antes que seja tarde),2026-04-08,2026-04-04,12,etf renda fixa,2,13
c9Obo6F5_NU,ETF DIVIDENDOS MENSAIS são um GOLPE? (Entenda antes que seja tarde),2026-04-08,2026-04-04,13,azul3,1,7
c9Obo6F5_NU,ETF DIVIDENDOS MENSAIS são um GOLPE? (Entenda antes que seja tarde),2026-04-08,2026-04-04,14,bitcoin live,1,0
c9Obo6F5_NU,ETF DIVIDENDOS MENSAIS são um GOLPE? (Entenda antes que seja tarde),2026-04-08,2026-04-04,15,bolsa de valores,1,0
c9Obo6F5_NU,ETF DIVIDENDOS MENSAIS são um GOLPE? (Entenda antes que seja tarde),2026-04-08,2026-04-04,16,kepl3,1,13
c9Obo6F5_NU,ETF DIVIDENDOS MENSAIS são um GOLPE? (Entenda antes que seja tarde),2026-04-08,2026-04-04,17,melk3,1,2
c9Obo6F5_NU,ETF DIVIDENDOS MENSAIS são um GOLPE? (Entenda antes que seja tarde),2026-04-08,2026-04-04,18,mfii11,1,13
c9Obo6F5_NU,ETF DIVIDENDOS MENSAIS são um GOLPE? (Entenda antes que seja tarde),2026-04-08,2026-04-04,19,psec11,1,1
PEHR3h-r4DE,PASS3: O que os 6 bancos NÃO te contam | Conflito de interesses na Compass,2026-07-27,2026-04-04,1,pass3,283,1556
PEHR3h-r4DE,PASS3: O que os 6 bancos NÃO te contam | Conflito de interesses na Compass,2026-07-27,2026-04-04,2,compass,8,35
PEHR3h-r4DE,PASS3: O que os 6 bancos NÃO te contam | Conflito de interesses na Compass,2026-07-27,2026-04-04,3,dividendos,5,21
PEHR3h-r4DE,PASS3: O que os 6 bancos NÃO te contam | Conflito de interesses na Compass,2026-07-27,2026-04-04,4,bolsa de valores,2,0
PEHR3h-r4DE,PASS3: O que os 6 bancos NÃO te contam | Conflito de interesses na Compass,2026-07-27,2026-04-04,5,ações,1,0
PEHR3h-r4DE,PASS3: O que os 6 bancos NÃO te contam | Conflito de interesses na Compass,2026-07-27,2026-04-04,6,ações banco do brasil,1,0
PEHR3h-r4DE,PASS3: O que os 6 bancos NÃO te contam | Conflito de interesses na Compass,2026-07-27,2026-04-04,7,bbas3,1,0
PEHR3h-r4DE,PASS3: O que os 6 bancos NÃO te contam | Conflito de interesses na Compass,2026-07-27,2026-04-04,8,capitalizo,1,18
PEHR3h-r4DE,PASS3: O que os 6 bancos NÃO te contam | Conflito de interesses na Compass,2026-07-27,2026-04-04,9,compass pass3,1,0
PEHR3h-r4DE,PASS3: O que os 6 bancos NÃO te contam | Conflito de interesses na Compass,2026-07-27,2026-04-04,10,cosan vale a pena investir,1,4
PEHR3h-r4DE,PASS3: O que os 6 bancos NÃO te contam | Conflito de interesses na Compass,2026-07-27,2026-04-04,11,economirna,1,0
PEHR3h-r4DE,PASS3: O que os 6 bancos NÃO te contam | Conflito de interesses na Compass,2026-07-27,2026-04-04,12,fran vélez,1,6
PEHR3h-r4DE,PASS3: O que os 6 bancos NÃO te contam | Conflito de interesses na Compass,2026-07-27,2026-04-04,13,ifcm3,1,2
PEHR3h-r4DE,PASS3: O que os 6 bancos NÃO te contam | Conflito de interesses na Compass,2026-07-27,2026-04-04,14,intb3,1,0
PEHR3h-r4DE,PASS3: O que os 6 bancos NÃO te contam | Conflito de interesses na Compass,2026-07-27,2026-04-04,15,pass3 livre,1,13
PEHR3h-r4DE,PASS3: O que os 6 bancos NÃO te contam | Conflito de interesses na Compass,2026-07-27,2026-04-04,16,tims3,1,0
PEHR3h-r4DE,PASS3: O que os 6 bancos NÃO te contam | Conflito de interesses na Compass,2026-07-27,2026-04-04,17,vamo3,1,0
gATNSLGN8nM,Ações pagadoras de dividendos #dividendos,2026-06-01,2026-04-04,1,dividendos,9,0
gATNSLGN8nM,Ações pagadoras de dividendos #dividendos,2026-06-01,2026-04-04,2,dividentista,5,0
gATNSLGN8nM,Ações pagadoras de dividendos #dividendos,2026-06-01,2026-04-04,3,melhores ações para 2026,4,0
gATNSLGN8nM,Ações pagadoras de dividendos #dividendos,2026-06-01,2026-04-04,4,qual acao comprar agora,4,0
gATNSLGN8nM,Ações pagadoras de dividendos #dividendos,2026-06-01,2026-04-04,5,ações,3,0
gATNSLGN8nM,Ações pagadoras de dividendos #dividendos,2026-06-01,2026-04-04,6,carteira dividendos,3,0
gATNSLGN8nM,Ações pagadoras de dividendos #dividendos,2026-06-01,2026-04-04,7,dividendista,3,0
gATNSLGN8nM,Ações pagadoras de dividendos #dividendos,2026-06-01,2026-04-04,8,investimento,3,0
gATNSLGN8nM,Ações pagadoras de dividendos #dividendos,2026-06-01,2026-04-04,9,melhores ações para dividendos 2026,3,0
gATNSLGN8nM,Ações pagadoras de dividendos #dividendos,2026-06-01,2026-04-04,10,anta,2,0
gATNSLGN8nM,Ações pagadoras de dividendos #dividendos,2026-06-01,2026-04-04,11,açoes que pagam dividendos todo mes,2,0
gATNSLGN8nM,Ações pagadoras de dividendos #dividendos,2026-06-01,2026-04-04,12,cacr11,2,0
gATNSLGN8nM,Ações pagadoras de dividendos #dividendos,2026-06-01,2026-04-04,13,dani mengue,2,0
gATNSLGN8nM,Ações pagadoras de dividendos #dividendos,2026-06-01,2026-04-04,14,geração dividendos,2,0
gATNSLGN8nM,Ações pagadoras de dividendos #dividendos,2026-06-01,2026-04-04,15,raizen ações,2,0
gATNSLGN8nM,Ações pagadoras de dividendos #dividendos,2026-06-01,2026-04-04,16,tiggo 7 pro phev 2027,2,0
gATNSLGN8nM,Ações pagadoras de dividendos #dividendos,2026-06-01,2026-04-04,17,w trail,2,0
gATNSLGN8nM,Ações pagadoras de dividendos #dividendos,2026-06-01,2026-04-04,18,acoes,1,0
gATNSLGN8nM,Ações pagadoras de dividendos #dividendos,2026-06-01,2026-04-04,19,acoes banco do brasil,1,0
gATNSLGN8nM,Ações pagadoras de dividendos #dividendos,2026-06-01,2026-04-04,20,caminhonete gwm,1,0
gATNSLGN8nM,Ações pagadoras de dividendos #dividendos,2026-06-01,2026-04-04,21,como ser um homem atraente e conquistador,1,0
gATNSLGN8nM,Ações pagadoras de dividendos #dividendos,2026-06-01,2026-04-04,22,dividendos de ações,1,0
gATNSLGN8nM,Ações pagadoras de dividendos #dividendos,2026-06-01,2026-04-04,23,dorians gambit,1,0
gATNSLGN8nM,Ações pagadoras de dividendos #dividendos,2026-06-01,2026-04-04,24,katseye,1,0
UtAh0wPldkc,BITCOIN NÃO PARA DE CAIR #bitcoin,2026-06-05,2026-04-04,1,esp32 div,3,0
UtAh0wPldkc,BITCOIN NÃO PARA DE CAIR #bitcoin,2026-06-05,2026-04-04,2,bofuri,2,0
UtAh0wPldkc,BITCOIN NÃO PARA DE CAIR #bitcoin,2026-06-05,2026-04-04,3,como fazer beterraba,2,0
UtAh0wPldkc,BITCOIN NÃO PARA DE CAIR #bitcoin,2026-06-05,2026-04-04,4,doue costa do marfim,2,0
UtAh0wPldkc,BITCOIN NÃO PARA DE CAIR #bitcoin,2026-06-05,2026-04-04,5,bjork,1,0
UtAh0wPldkc,BITCOIN NÃO PARA DE CAIR #bitcoin,2026-06-05,2026-04-04,6,como sovar massa de pizza,1,0
UtAh0wPldkc,BITCOIN NÃO PARA DE CAIR #bitcoin,2026-06-05,2026-04-04,7,fendi2,1,0
UtAh0wPldkc,BITCOIN NÃO PARA DE CAIR #bitcoin,2026-06-05,2026-04-04,8,investimento,1,0
jP-2D__z0DI,Você não vai se aposentar #investimentos,2026-07-23,2026-04-04,1,quebra de asa,4,0
jP-2D__z0DI,Você não vai se aposentar #investimentos,2026-07-23,2026-04-04,2,muyhiran,2,0
jP-2D__z0DI,Você não vai se aposentar #investimentos,2026-07-23,2026-04-04,3,dança funk,1,0
jP-2D__z0DI,Você não vai se aposentar #investimentos,2026-07-23,2026-04-04,4,mc katrina,1,0
UpbPXeG2eGc,BBAS3: NÃO COMPRE BANCO do BRASIL SEM ENTENDER ISSO,2026-05-20,2026-04-04,1,bbas3,68,473
UpbPXeG2eGc,BBAS3: NÃO COMPRE BANCO do BRASIL SEM ENTENDER ISSO,2026-05-20,2026-04-04,2,bbas3 dividendos,3,20
UpbPXeG2eGc,BBAS3: NÃO COMPRE BANCO do BRASIL SEM ENTENDER ISSO,2026-05-20,2026-04-04,3,dividendos,3,4
UpbPXeG2eGc,BBAS3: NÃO COMPRE BANCO do BRASIL SEM ENTENDER ISSO,2026-05-20,2026-04-04,4,bbas3 hoje,2,1
UpbPXeG2eGc,BBAS3: NÃO COMPRE BANCO do BRASIL SEM ENTENDER ISSO,2026-05-20,2026-04-04,5,raizen,2,20
UpbPXeG2eGc,BBAS3: NÃO COMPRE BANCO do BRASIL SEM ENTENDER ISSO,2026-05-20,2026-04-04,6,a cara da riqueza,1,13
UpbPXeG2eGc,BBAS3: NÃO COMPRE BANCO do BRASIL SEM ENTENDER ISSO,2026-05-20,2026-04-04,7,banco do brasil,1,0
UpbPXeG2eGc,BBAS3: NÃO COMPRE BANCO do BRASIL SEM ENTENDER ISSO,2026-05-20,2026-04-04,8,banco do brasil ações,1,5
UpbPXeG2eGc,BBAS3: NÃO COMPRE BANCO do BRASIL SEM ENTENDER ISSO,2026-05-20,2026-04-04,9,camila,1,0
UpbPXeG2eGc,BBAS3: NÃO COMPRE BANCO do BRASIL SEM ENTENDER ISSO,2026-05-20,2026-04-04,10,cdb,1,0
UpbPXeG2eGc,BBAS3: NÃO COMPRE BANCO do BRASIL SEM ENTENDER ISSO,2026-05-20,2026-04-04,11,google jules,1,16
OH0J9RX1VXc,SUZB3 ficou BARATA demais ou é uma ARMADILHA disfarçada?,2026-04-30,2026-04-04,1,suzb3,433,2644
OH0J9RX1VXc,SUZB3 ficou BARATA demais ou é uma ARMADILHA disfarçada?,2026-04-30,2026-04-04,2,suzano ações,5,49
OH0J9RX1VXc,SUZB3 ficou BARATA demais ou é uma ARMADILHA disfarçada?,2026-04-30,2026-04-04,3,suzb3 analise,5,13
OH0J9RX1VXc,SUZB3 ficou BARATA demais ou é uma ARMADILHA disfarçada?,2026-04-30,2026-04-04,4,suzb3 vale a pena,5,13
OH0J9RX1VXc,SUZB3 ficou BARATA demais ou é uma ARMADILHA disfarçada?,2026-04-30,2026-04-04,5,suzano,4,15
OH0J9RX1VXc,SUZB3 ficou BARATA demais ou é uma ARMADILHA disfarçada?,2026-04-30,2026-04-04,6,dirr3,3,10
OH0J9RX1VXc,SUZB3 ficou BARATA demais ou é uma ARMADILHA disfarçada?,2026-04-30,2026-04-04,7,coin11 vale a pena,2,3
OH0J9RX1VXc,SUZB3 ficou BARATA demais ou é uma ARMADILHA disfarçada?,2026-04-30,2026-04-04,8,cosan ações,2,0
OH0J9RX1VXc,SUZB3 ficou BARATA demais ou é uma ARMADILHA disfarçada?,2026-04-30,2026-04-04,9,dividendos,2,16
OH0J9RX1VXc,SUZB3 ficou BARATA demais ou é uma ARMADILHA disfarçada?,2026-04-30,2026-04-04,10,geração dividendos adeus inss,2,16
OH0J9RX1VXc,SUZB3 ficou BARATA demais ou é uma ARMADILHA disfarçada?,2026-04-30,2026-04-04,11,jornal do investidor,2,0
OH0J9RX1VXc,SUZB3 ficou BARATA demais ou é uma ARMADILHA disfarçada?,2026-04-30,2026-04-04,12,acoes,1,0
OH0J9RX1VXc,SUZB3 ficou BARATA demais ou é uma ARMADILHA disfarçada?,2026-04-30,2026-04-04,13,cidadania italiana,1,13
OH0J9RX1VXc,SUZB3 ficou BARATA demais ou é uma ARMADILHA disfarçada?,2026-04-30,2026-04-04,14,dividendos de ações,1,0
OH0J9RX1VXc,SUZB3 ficou BARATA demais ou é uma ARMADILHA disfarçada?,2026-04-30,2026-04-04,15,dividendos em foco,1,12
OH0J9RX1VXc,SUZB3 ficou BARATA demais ou é uma ARMADILHA disfarçada?,2026-04-30,2026-04-04,16,do mato grosso para o mundo,1,0
OH0J9RX1VXc,SUZB3 ficou BARATA demais ou é uma ARMADILHA disfarçada?,2026-04-30,2026-04-04,17,grnd3,1,14
OH0J9RX1VXc,SUZB3 ficou BARATA demais ou é uma ARMADILHA disfarçada?,2026-04-30,2026-04-04,18,investimento,1,0
OH0J9RX1VXc,SUZB3 ficou BARATA demais ou é uma ARMADILHA disfarçada?,2026-04-30,2026-04-04,19,irbr3,1,10
OH0J9RX1VXc,SUZB3 ficou BARATA demais ou é uma ARMADILHA disfarçada?,2026-04-30,2026-04-04,20,luis barsi,1,12
OH0J9RX1VXc,SUZB3 ficou BARATA demais ou é uma ARMADILHA disfarçada?,2026-04-30,2026-04-04,21,papo renda,1,0
OH0J9RX1VXc,SUZB3 ficou BARATA demais ou é uma ARMADILHA disfarçada?,2026-04-30,2026-04-04,22,pes 2026 ps3,1,0
OH0J9RX1VXc,SUZB3 ficou BARATA demais ou é uma ARMADILHA disfarçada?,2026-04-30,2026-04-04,23,pierre alvetti,1,0
OH0J9RX1VXc,SUZB3 ficou BARATA demais ou é uma ARMADILHA disfarçada?,2026-04-30,2026-04-04,24,poker,1,0
OH0J9RX1VXc,SUZB3 ficou BARATA demais ou é uma ARMADILHA disfarçada?,2026-04-30,2026-04-04,25,suzano papel e celulose,1,0
LHV92db3NHs,IPO da COMPASS (PASS3): É Oportunidade ou Cilada? (ASSITA ANTES de INVESTIR),2026-04-28,2026-04-04,1,pass3,199,1035
LHV92db3NHs,IPO da COMPASS (PASS3): É Oportunidade ou Cilada? (ASSITA ANTES de INVESTIR),2026-04-28,2026-04-04,2,cosan,42,182
LHV92db3NHs,IPO da COMPASS (PASS3): É Oportunidade ou Cilada? (ASSITA ANTES de INVESTIR),2026-04-28,2026-04-04,3,ipo compass,38,258
LHV92db3NHs,IPO da COMPASS (PASS3): É Oportunidade ou Cilada? (ASSITA ANTES de INVESTIR),2026-04-28,2026-04-04,4,compass ipo,12,54
LHV92db3NHs,IPO da COMPASS (PASS3): É Oportunidade ou Cilada? (ASSITA ANTES de INVESTIR),2026-04-28,2026-04-04,5,compass,9,34
LHV92db3NHs,IPO da COMPASS (PASS3): É Oportunidade ou Cilada? (ASSITA ANTES de INVESTIR),2026-04-28,2026-04-04,6,cosan ações,4,11
LHV92db3NHs,IPO da COMPASS (PASS3): É Oportunidade ou Cilada? (ASSITA ANTES de INVESTIR),2026-04-28,2026-04-04,7,dividendos,4,28
LHV92db3NHs,IPO da COMPASS (PASS3): É Oportunidade ou Cilada? (ASSITA ANTES de INVESTIR),2026-04-28,2026-04-04,8,ipo da compass,3,10
LHV92db3NHs,IPO da COMPASS (PASS3): É Oportunidade ou Cilada? (ASSITA ANTES de INVESTIR),2026-04-28,2026-04-04,9,beef3,2,0
LHV92db3NHs,IPO da COMPASS (PASS3): É Oportunidade ou Cilada? (ASSITA ANTES de INVESTIR),2026-04-28,2026-04-04,10,compass gas,2,7
LHV92db3NHs,IPO da COMPASS (PASS3): É Oportunidade ou Cilada? (ASSITA ANTES de INVESTIR),2026-04-28,2026-04-04,11,aure3,1,0
LHV92db3NHs,IPO da COMPASS (PASS3): É Oportunidade ou Cilada? (ASSITA ANTES de INVESTIR),2026-04-28,2026-04-04,12,azza3,1,10
LHV92db3NHs,IPO da COMPASS (PASS3): É Oportunidade ou Cilada? (ASSITA ANTES de INVESTIR),2026-04-28,2026-04-04,13,bolsa de valores,1,0
LHV92db3NHs,IPO da COMPASS (PASS3): É Oportunidade ou Cilada? (ASSITA ANTES de INVESTIR),2026-04-28,2026-04-04,14,bsc500,1,0
LHV92db3NHs,IPO da COMPASS (PASS3): É Oportunidade ou Cilada? (ASSITA ANTES de INVESTIR),2026-04-28,2026-04-04,15,cemig,1,9
LHV92db3NHs,IPO da COMPASS (PASS3): É Oportunidade ou Cilada? (ASSITA ANTES de INVESTIR),2026-04-28,2026-04-04,16,cogn3,1,0
LHV92db3NHs,IPO da COMPASS (PASS3): É Oportunidade ou Cilada? (ASSITA ANTES de INVESTIR),2026-04-28,2026-04-04,17,filme antigo,1,0
LHV92db3NHs,IPO da COMPASS (PASS3): É Oportunidade ou Cilada? (ASSITA ANTES de INVESTIR),2026-04-28,2026-04-04,18,guto miguel,1,0
LHV92db3NHs,IPO da COMPASS (PASS3): É Oportunidade ou Cilada? (ASSITA ANTES de INVESTIR),2026-04-28,2026-04-04,19,home broker,1,0
LHV92db3NHs,IPO da COMPASS (PASS3): É Oportunidade ou Cilada? (ASSITA ANTES de INVESTIR),2026-04-28,2026-04-04,20,mtre3,1,0
LHV92db3NHs,IPO da COMPASS (PASS3): É Oportunidade ou Cilada? (ASSITA ANTES de INVESTIR),2026-04-28,2026-04-04,21,pass3 vale a pena,1,5
LHV92db3NHs,IPO da COMPASS (PASS3): É Oportunidade ou Cilada? (ASSITA ANTES de INVESTIR),2026-04-28,2026-04-04,22,top ações,1,0
LHV92db3NHs,IPO da COMPASS (PASS3): É Oportunidade ou Cilada? (ASSITA ANTES de INVESTIR),2026-04-28,2026-04-04,23,vale3,1,0
2TCAvZrl5nA,"ETF de GUERRA. É Horrível, Mas Isso Pode Multiplicar Seu Patrimônio Nos Próximos Anos",2026-04-09,2026-04-04,1,bitcoin,2,16
2TCAvZrl5nA,"ETF de GUERRA. É Horrível, Mas Isso Pode Multiplicar Seu Patrimônio Nos Próximos Anos",2026-04-09,2026-04-04,2,cosan,2,20
2TCAvZrl5nA,"ETF de GUERRA. É Horrível, Mas Isso Pode Multiplicar Seu Patrimônio Nos Próximos Anos",2026-04-09,2026-04-04,3,s&p 500 etf,1,9
2TCAvZrl5nA,"ETF de GUERRA. É Horrível, Mas Isso Pode Multiplicar Seu Patrimônio Nos Próximos Anos",2026-04-09,2026-04-04,4,trailer,1,0
UgRPCygEDG0,"Taxa de juros alta, vai matando o Brasil",2026-08-20,2026-04-04,1,taxa de juros,5,2
UgRPCygEDG0,"Taxa de juros alta, vai matando o Brasil",2026-08-20,2026-04-04,2,como fazer iogurte natural em casa,1,0
UgRPCygEDG0,"Taxa de juros alta, vai matando o Brasil",2026-08-20,2026-04-04,3,flavio prado corinthians,1,0
UgRPCygEDG0,"Taxa de juros alta, vai matando o Brasil",2026-08-20,2026-04-04,4,jeronimo rodrigues,1,0
UgRPCygEDG0,"Taxa de juros alta, vai matando o Brasil",2026-08-20,2026-04-04,5,juninho varao,1,0
UgRPCygEDG0,"Taxa de juros alta, vai matando o Brasil",2026-08-20,2026-04-04,6,juros simples,1,0
UgRPCygEDG0,"Taxa de juros alta, vai matando o Brasil",2026-08-20,2026-04-04,7,rosario central,1,0
YMqqujiQXjU,El Niño 2026: Quem GANHA e quem PERDE na BOLSA de VALORES?,2026-05-29,2026-04-04,1,elninho 2026,3,0
YMqqujiQXjU,El Niño 2026: Quem GANHA e quem PERDE na BOLSA de VALORES?,2026-05-29,2026-04-04,2,taxa selic,2,7
YMqqujiQXjU,El Niño 2026: Quem GANHA e quem PERDE na BOLSA de VALORES?,2026-05-29,2026-04-04,3,acoes,1,0
YMqqujiQXjU,El Niño 2026: Quem GANHA e quem PERDE na BOLSA de VALORES?,2026-05-29,2026-04-04,4,agro3,1,5
YMqqujiQXjU,El Niño 2026: Quem GANHA e quem PERDE na BOLSA de VALORES?,2026-05-29,2026-04-04,5,ações,1,0
YMqqujiQXjU,El Niño 2026: Quem GANHA e quem PERDE na BOLSA de VALORES?,2026-05-29,2026-04-04,6,ações hoje,1,9
YMqqujiQXjU,El Niño 2026: Quem GANHA e quem PERDE na BOLSA de VALORES?,2026-05-29,2026-04-04,7,bbdc3,1,0
YMqqujiQXjU,El Niño 2026: Quem GANHA e quem PERDE na BOLSA de VALORES?,2026-05-29,2026-04-04,8,beef3,1,0
YMqqujiQXjU,El Niño 2026: Quem GANHA e quem PERDE na BOLSA de VALORES?,2026-05-29,2026-04-04,9,bitcoin,1,0
YMqqujiQXjU,El Niño 2026: Quem GANHA e quem PERDE na BOLSA de VALORES?,2026-05-29,2026-04-04,10,bolsa de valores,1,6
YMqqujiQXjU,El Niño 2026: Quem GANHA e quem PERDE na BOLSA de VALORES?,2026-05-29,2026-04-04,11,caio vicentino,1,0
YMqqujiQXjU,El Niño 2026: Quem GANHA e quem PERDE na BOLSA de VALORES?,2026-05-29,2026-04-04,12,como se proteger do el nino,1,0
YMqqujiQXjU,El Niño 2026: Quem GANHA e quem PERDE na BOLSA de VALORES?,2026-05-29,2026-04-04,13,dividendos,1,9
YMqqujiQXjU,El Niño 2026: Quem GANHA e quem PERDE na BOLSA de VALORES?,2026-05-29,2026-04-04,14,erick sekiama,1,0
YMqqujiQXjU,El Niño 2026: Quem GANHA e quem PERDE na BOLSA de VALORES?,2026-05-29,2026-04-04,15,filme de ação,1,0
YMqqujiQXjU,El Niño 2026: Quem GANHA e quem PERDE na BOLSA de VALORES?,2026-05-29,2026-04-04,16,investimento,1,8
YMqqujiQXjU,El Niño 2026: Quem GANHA e quem PERDE na BOLSA de VALORES?,2026-05-29,2026-04-04,17,investimento 2026,1,0
YMqqujiQXjU,El Niño 2026: Quem GANHA e quem PERDE na BOLSA de VALORES?,2026-05-29,2026-04-04,18,mcci11,1,0
YMqqujiQXjU,El Niño 2026: Quem GANHA e quem PERDE na BOLSA de VALORES?,2026-05-29,2026-04-04,19,nicolas agnezi,1,4
YMqqujiQXjU,El Niño 2026: Quem GANHA e quem PERDE na BOLSA de VALORES?,2026-05-29,2026-04-04,20,primo rico el nino,1,0
YMqqujiQXjU,El Niño 2026: Quem GANHA e quem PERDE na BOLSA de VALORES?,2026-05-29,2026-04-04,21,viva israel,1,0
J_UAjVSbg-c,"PRUDENTIAL VENDIDA : se você tem SEGURO de VIDA ou VGBL, veja AGORA",2026-08-07,2026-04-04,1,prudential,128,568
J_UAjVSbg-c,"PRUDENTIAL VENDIDA : se você tem SEGURO de VIDA ou VGBL, veja AGORA",2026-08-07,2026-04-04,2,prudential vale a pena,40,118
J_UAjVSbg-c,"PRUDENTIAL VENDIDA : se você tem SEGURO de VIDA ou VGBL, veja AGORA",2026-08-07,2026-04-04,3,rana naidu,2,13
J_UAjVSbg-c,"PRUDENTIAL VENDIDA : se você tem SEGURO de VIDA ou VGBL, veja AGORA",2026-08-07,2026-04-04,4,seguro de vida,2,0
WnDsCpB4PzY,RARA11: o ETF que a mídia ignorou (mas não deveria),2026-07-03,2026-04-04,1,rara11,102,575
WnDsCpB4PzY,RARA11: o ETF que a mídia ignorou (mas não deveria),2026-07-03,2026-04-04,2,etf,48,219
WnDsCpB4PzY,RARA11: o ETF que a mídia ignorou (mas não deveria),2026-07-03,2026-04-04,3,bter11,7,16
WnDsCpB4PzY,RARA11: o ETF que a mídia ignorou (mas não deveria),2026-07-03,2026-04-04,4,etf rara11,6,52
WnDsCpB4PzY,RARA11: o ETF que a mídia ignorou (mas não deveria),2026-07-03,2026-04-04,5,augusto backes,3,13
WnDsCpB4PzY,RARA11: o ETF que a mídia ignorou (mas não deveria),2026-07-03,2026-04-04,6,etf terras raras,3,23
WnDsCpB4PzY,RARA11: o ETF que a mídia ignorou (mas não deveria),2026-07-03,2026-04-04,7,bolsa de valores,1,0
WnDsCpB4PzY,RARA11: o ETF que a mídia ignorou (mas não deveria),2026-07-03,2026-04-04,8,fiory,1,0
WnDsCpB4PzY,RARA11: o ETF que a mídia ignorou (mas não deveria),2026-07-03,2026-04-04,9,investimento,1,0
WnDsCpB4PzY,RARA11: o ETF que a mídia ignorou (mas não deveria),2026-07-03,2026-04-04,10,ivwo11,1,0
WnDsCpB4PzY,RARA11: o ETF que a mídia ignorou (mas não deveria),2026-07-03,2026-04-04,11,rara11 vale a pena,1,2
WnDsCpB4PzY,RARA11: o ETF que a mídia ignorou (mas não deveria),2026-07-03,2026-04-04,12,viver na noruega,1,0
u-ua0-iDnow,Um passo gigantesco para SPACE X (SPCX),2026-09-29,2026-04-04,1,x space,2,0
u-ua0-iDnow,Um passo gigantesco para SPACE X (SPCX),2026-09-29,2026-04-04,2,agf,1,0
u-ua0-iDnow,Um passo gigantesco para SPACE X (SPCX),2026-09-29,2026-04-04,3,rick e renner,1,0
u-ua0-iDnow,Um passo gigantesco para SPACE X (SPCX),2026-09-29,2026-04-04,4,vídeos la ele,1,0
NSyA7_vPcbw,A GERAÇÃO que NÃO VAI SE APOSENTAR (o que você deve fazer hoje),2026-06-19,2026-04-04,1,cazétv,1,3
NSyA7_vPcbw,A GERAÇÃO que NÃO VAI SE APOSENTAR (o que você deve fazer hoje),2026-06-19,2026-04-04,2,inter,1,0
NSyA7_vPcbw,A GERAÇÃO que NÃO VAI SE APOSENTAR (o que você deve fazer hoje),2026-06-19,2026-04-04,3,tv aberta sbt,1,12
fztzCXiHxq0,40% do PIB Global em Apenas 10% das Ações — Vale Apostar Nisso Agora?,2026-04-16,2026-04-04,1,ivwo11,52,209
fztzCXiHxq0,40% do PIB Global em Apenas 10% das Ações — Vale Apostar Nisso Agora?,2026-04-16,2026-04-04,2,gxus11,19,35
fztzCXiHxq0,40% do PIB Global em Apenas 10% das Ações — Vale Apostar Nisso Agora?,2026-04-16,2026-04-04,3,ivvb11 vale a pena,5,7
fztzCXiHxq0,40% do PIB Global em Apenas 10% das Ações — Vale Apostar Nisso Agora?,2026-04-16,2026-04-04,4,etfs americanos que pagam dividendos mensais,4,3
fztzCXiHxq0,40% do PIB Global em Apenas 10% das Ações — Vale Apostar Nisso Agora?,2026-04-16,2026-04-04,5,ge,3,3
fztzCXiHxq0,40% do PIB Global em Apenas 10% das Ações — Vale Apostar Nisso Agora?,2026-04-16,2026-04-04,6,ivv ou ivvb11,3,9
fztzCXiHxq0,40% do PIB Global em Apenas 10% das Ações — Vale Apostar Nisso Agora?,2026-04-16,2026-04-04,7,coin11,2,0
fztzCXiHxq0,40% do PIB Global em Apenas 10% das Ações — Vale Apostar Nisso Agora?,2026-04-16,2026-04-04,8,divo11 vale a pena,2,10
fztzCXiHxq0,40% do PIB Global em Apenas 10% das Ações — Vale Apostar Nisso Agora?,2026-04-16,2026-04-04,9,xbci11 etf,2,0
fztzCXiHxq0,40% do PIB Global em Apenas 10% das Ações — Vale Apostar Nisso Agora?,2026-04-16,2026-04-04,10,bdif11,1,0
fztzCXiHxq0,40% do PIB Global em Apenas 10% das Ações — Vale Apostar Nisso Agora?,2026-04-16,2026-04-04,11,bombeiro investidor,1,4
fztzCXiHxq0,40% do PIB Global em Apenas 10% das Ações — Vale Apostar Nisso Agora?,2026-04-16,2026-04-04,12,der kommandant,1,0
fztzCXiHxq0,40% do PIB Global em Apenas 10% das Ações — Vale Apostar Nisso Agora?,2026-04-16,2026-04-04,13,etf,1,0
fztzCXiHxq0,40% do PIB Global em Apenas 10% das Ações — Vale Apostar Nisso Agora?,2026-04-16,2026-04-04,14,etfs,1,0
fztzCXiHxq0,40% do PIB Global em Apenas 10% das Ações — Vale Apostar Nisso Agora?,2026-04-16,2026-04-04,15,etfs vale a pena,1,5
fztzCXiHxq0,40% do PIB Global em Apenas 10% das Ações — Vale Apostar Nisso Agora?,2026-04-16,2026-04-04,16,giełda papierów wartościowych,1,0
fztzCXiHxq0,40% do PIB Global em Apenas 10% das Ações — Vale Apostar Nisso Agora?,2026-04-16,2026-04-04,17,investidor smart,1,0
fztzCXiHxq0,40% do PIB Global em Apenas 10% das Ações — Vale Apostar Nisso Agora?,2026-04-16,2026-04-04,18,jepi etf,1,0
fztzCXiHxq0,40% do PIB Global em Apenas 10% das Ações — Vale Apostar Nisso Agora?,2026-04-16,2026-04-04,19,jepq etf,1,4
fztzCXiHxq0,40% do PIB Global em Apenas 10% das Ações — Vale Apostar Nisso Agora?,2026-04-16,2026-04-04,20,lunc,1,0
fztzCXiHxq0,40% do PIB Global em Apenas 10% das Ações — Vale Apostar Nisso Agora?,2026-04-16,2026-04-04,21,maik drones,1,9
fztzCXiHxq0,40% do PIB Global em Apenas 10% das Ações — Vale Apostar Nisso Agora?,2026-04-16,2026-04-04,22,ndiv11 vale a pena,1,0
fztzCXiHxq0,40% do PIB Global em Apenas 10% das Ações — Vale Apostar Nisso Agora?,2026-04-16,2026-04-04,23,novas regras minha casa minha vida,1,8
fztzCXiHxq0,40% do PIB Global em Apenas 10% das Ações — Vale Apostar Nisso Agora?,2026-04-16,2026-04-04,24,s&p 500 vanguard,1,0
fztzCXiHxq0,40% do PIB Global em Apenas 10% das Ações — Vale Apostar Nisso Agora?,2026-04-16,2026-04-04,25,vwo,1,4
aDRIvR2tAsg,9 ETFs de BITCOIN para INVESTIR NA B3 e APROVEITA a QUEDA do BTC,2026-06-12,2026-04-04,1,etf bitcoin,13,94
aDRIvR2tAsg,9 ETFs de BITCOIN para INVESTIR NA B3 e APROVEITA a QUEDA do BTC,2026-06-12,2026-04-04,2,b3,3,1
aDRIvR2tAsg,9 ETFs de BITCOIN para INVESTIR NA B3 e APROVEITA a QUEDA do BTC,2026-06-12,2026-04-04,3,bitcoin hoje,3,18
aDRIvR2tAsg,9 ETFs de BITCOIN para INVESTIR NA B3 e APROVEITA a QUEDA do BTC,2026-06-12,2026-04-04,4,bitcoin,2,1
aDRIvR2tAsg,9 ETFs de BITCOIN para INVESTIR NA B3 e APROVEITA a QUEDA do BTC,2026-06-12,2026-04-04,5,bith11,1,0
aDRIvR2tAsg,9 ETFs de BITCOIN para INVESTIR NA B3 e APROVEITA a QUEDA do BTC,2026-06-12,2026-04-04,6,btc hoje ao vivo,1,0
aDRIvR2tAsg,9 ETFs de BITCOIN para INVESTIR NA B3 e APROVEITA a QUEDA do BTC,2026-06-12,2026-04-04,7,como investir em criptomoedas,1,1
aDRIvR2tAsg,9 ETFs de BITCOIN para INVESTIR NA B3 e APROVEITA a QUEDA do BTC,2026-06-12,2026-04-04,8,etf,1,0
aDRIvR2tAsg,9 ETFs de BITCOIN para INVESTIR NA B3 e APROVEITA a QUEDA do BTC,2026-06-12,2026-04-04,9,etf de bitcoin,1,21
aDRIvR2tAsg,9 ETFs de BITCOIN para INVESTIR NA B3 e APROVEITA a QUEDA do BTC,2026-06-12,2026-04-04,10,hash11,1,10
aDRIvR2tAsg,9 ETFs de BITCOIN para INVESTIR NA B3 e APROVEITA a QUEDA do BTC,2026-06-12,2026-04-04,11,recv3,1,4
B9DjKHFa51Q,Pai do João Fonseca #investimentos,2026-06-03,2026-04-04,1,joão fonseca,4,2
B9DjKHFa51Q,Pai do João Fonseca #investimentos,2026-06-03,2026-04-04,2,tubarão-limão,2,0
B9DjKHFa51Q,Pai do João Fonseca #investimentos,2026-06-03,2026-04-04,3,文房具,2,0
B9DjKHFa51Q,Pai do João Fonseca #investimentos,2026-06-03,2026-04-04,4,aegon v,1,0
B9DjKHFa51Q,Pai do João Fonseca #investimentos,2026-06-03,2026-04-04,5,empina essa bunda,1,0
B9DjKHFa51Q,Pai do João Fonseca #investimentos,2026-06-03,2026-04-04,6,luta casa branca,1,0
B9DjKHFa51Q,Pai do João Fonseca #investimentos,2026-06-03,2026-04-04,7,you are the father,1,0
hUosb0HS0v8,19 de agosto de 2026,2026-08-19,2026-04-04,1,terremoto no peru,5,3
hUosb0HS0v8,19 de agosto de 2026,2026-08-19,2026-04-04,2,meregali,1,0
hUosb0HS0v8,19 de agosto de 2026,2026-08-19,2026-04-04,3,panceta,1,0
hUosb0HS0v8,19 de agosto de 2026,2026-08-19,2026-04-04,4,shape dos sonhos,1,0
hUosb0HS0v8,19 de agosto de 2026,2026-08-19,2026-04-04,5,tente não rir animais,1,0
hUosb0HS0v8,19 de agosto de 2026,2026-08-19,2026-04-04,6,terremoto,1,0
hUosb0HS0v8,19 de agosto de 2026,2026-08-19,2026-04-04,7,toyota harrier,1,0
d95fNXEOiHw,O maior investimento que existe,2026-06-15,2026-04-04,1,investimento,6,2
d95fNXEOiHw,O maior investimento que existe,2026-06-15,2026-04-04,2,ações,1,0
d95fNXEOiHw,O maior investimento que existe,2026-06-15,2026-04-04,3,bolsa de valores,1,0
d95fNXEOiHw,O maior investimento que existe,2026-06-15,2026-04-04,4,investing,1,0
d95fNXEOiHw,O maior investimento que existe,2026-06-15,2026-04-04,5,jean do fogo,1,0
d95fNXEOiHw,O maior investimento que existe,2026-06-15,2026-04-04,6,qual investimento rende mais,1,0
d95fNXEOiHw,O maior investimento que existe,2026-06-15,2026-04-04,7,ricardinho,1,0
d95fNXEOiHw,O maior investimento que existe,2026-06-15,2026-04-04,8,tiggo 8 pro 2027,1,0
TW7orjuI2us,Fim da “taxa das blusinhas” (BABA34) #bolsadevalores,2026-05-12,2026-04-04,1,fim da taxa das blusinhas,1,0
TW7orjuI2us,Fim da “taxa das blusinhas” (BABA34) #bolsadevalores,2026-05-12,2026-04-04,2,fim das taxas das blusinhas,1,0
TW7orjuI2us,Fim da “taxa das blusinhas” (BABA34) #bolsadevalores,2026-05-12,2026-04-04,3,guerra na ucrânia,1,0
TW7orjuI2us,Fim da “taxa das blusinhas” (BABA34) #bolsadevalores,2026-05-12,2026-04-04,4,renato 38,1,0
TW7orjuI2us,Fim da “taxa das blusinhas” (BABA34) #bolsadevalores,2026-05-12,2026-04-04,5,taxa das blusinhas,1,0
TW7orjuI2us,Fim da “taxa das blusinhas” (BABA34) #bolsadevalores,2026-05-12,2026-04-04,6,ypê,1,0
iQ0hnkj6YXY,Networking com Investidores e CEOs,2026-08-31,2026-04-04,1,renan santos,4,0
iQ0hnkj6YXY,Networking com Investidores e CEOs,2026-08-31,2026-04-04,2,russia x ucrania agora,2,1
iQ0hnkj6YXY,Networking com Investidores e CEOs,2026-08-31,2026-04-04,3,pressurizador de agua,1,0
R9DfUgYxLl8,Concentrar ou Diversificar? A estratégia para bater o S&P500A,2026-04-23,2026-04-04,1,fred caldeira,2,0
R9DfUgYxLl8,Concentrar ou Diversificar? A estratégia para bater o S&P500A,2026-04-23,2026-04-04,2,investimento,2,25
R9DfUgYxLl8,Concentrar ou Diversificar? A estratégia para bater o S&P500A,2026-04-23,2026-04-04,3,investimentos,2,11
R9DfUgYxLl8,Concentrar ou Diversificar? A estratégia para bater o S&P500A,2026-04-23,2026-04-04,4,claude outlook,1,0
R9DfUgYxLl8,Concentrar ou Diversificar? A estratégia para bater o S&P500A,2026-04-23,2026-04-04,5,crosser 150,1,0
R9DfUgYxLl8,Concentrar ou Diversificar? A estratégia para bater o S&P500A,2026-04-23,2026-04-04,6,der kommandant,1,0
R9DfUgYxLl8,Concentrar ou Diversificar? A estratégia para bater o S&P500A,2026-04-23,2026-04-04,7,diversificar carteira de investimentos,1,12
R9DfUgYxLl8,Concentrar ou Diversificar? A estratégia para bater o S&P500A,2026-04-23,2026-04-04,8,filme antigo,1,0
R9DfUgYxLl8,Concentrar ou Diversificar? A estratégia para bater o S&P500A,2026-04-23,2026-04-04,9,freddie mercury,1,0
F4y6q8U6uO4,Curando dor de adulto,2026-08-05,2026-04-04,1,2022,2,0
F4y6q8U6uO4,Curando dor de adulto,2026-08-05,2026-04-04,2,como nao se importar com oque os outros pensam,2,0
F4y6q8U6uO4,Curando dor de adulto,2026-08-05,2026-04-04,3,exercito brasileiro,2,0
F4y6q8U6uO4,Curando dor de adulto,2026-08-05,2026-04-04,4,palworld,1,0
sEndxjqI96k,"BBSE3, PSSA3 ou CXSE3: Qual a melhor para dividendos?",2026-05-27,2026-04-04,1,pssa3,17,121
sEndxjqI96k,"BBSE3, PSSA3 ou CXSE3: Qual a melhor para dividendos?",2026-05-27,2026-04-04,2,bbse3,13,76
sEndxjqI96k,"BBSE3, PSSA3 ou CXSE3: Qual a melhor para dividendos?",2026-05-27,2026-04-04,3,cxse3,6,5
sEndxjqI96k,"BBSE3, PSSA3 ou CXSE3: Qual a melhor para dividendos?",2026-05-27,2026-04-04,4,bb seguridade,3,17
sEndxjqI96k,"BBSE3, PSSA3 ou CXSE3: Qual a melhor para dividendos?",2026-05-27,2026-04-04,5,dividendos,3,37
sEndxjqI96k,"BBSE3, PSSA3 ou CXSE3: Qual a melhor para dividendos?",2026-05-27,2026-04-04,6,bbas3,1,0
sEndxjqI96k,"BBSE3, PSSA3 ou CXSE3: Qual a melhor para dividendos?",2026-05-27,2026-04-04,7,bbse,1,15
sEndxjqI96k,"BBSE3, PSSA3 ou CXSE3: Qual a melhor para dividendos?",2026-05-27,2026-04-04,8,bbse3 ou cxse3,1,0
sEndxjqI96k,"BBSE3, PSSA3 ou CXSE3: Qual a melhor para dividendos?",2026-05-27,2026-04-04,9,bolsa,1,0
sEndxjqI96k,"BBSE3, PSSA3 ou CXSE3: Qual a melhor para dividendos?",2026-05-27,2026-04-04,10,bolsa de valores,1,0
sEndxjqI96k,"BBSE3, PSSA3 ou CXSE3: Qual a melhor para dividendos?",2026-05-27,2026-04-04,11,caixa seguridade ou bb seguridade,1,6
sEndxjqI96k,"BBSE3, PSSA3 ou CXSE3: Qual a melhor para dividendos?",2026-05-27,2026-04-04,12,cosan,1,0
sEndxjqI96k,"BBSE3, PSSA3 ou CXSE3: Qual a melhor para dividendos?",2026-05-27,2026-04-04,13,cxse3 vale a pena,1,0
sEndxjqI96k,"BBSE3, PSSA3 ou CXSE3: Qual a melhor para dividendos?",2026-05-27,2026-04-04,14,investidor de verdade,1,14
sEndxjqI96k,"BBSE3, PSSA3 ou CXSE3: Qual a melhor para dividendos?",2026-05-27,2026-04-04,15,investidor mao de vaca,1,9
sEndxjqI96k,"BBSE3, PSSA3 ou CXSE3: Qual a melhor para dividendos?",2026-05-27,2026-04-04,16,investir e coçar é só começar,1,0
sEndxjqI96k,"BBSE3, PSSA3 ou CXSE3: Qual a melhor para dividendos?",2026-05-27,2026-04-04,17,olaguti,1,0
sEndxjqI96k,"BBSE3, PSSA3 ou CXSE3: Qual a melhor para dividendos?",2026-05-27,2026-04-04,18,porto seguro,1,0
sEndxjqI96k,"BBSE3, PSSA3 ou CXSE3: Qual a melhor para dividendos?",2026-05-27,2026-04-04,19,xexa,1,0
8J0IsdYynoo,Casais Inteligentes Enriquecem Juntos #investimentos,2026-06-24,2026-04-04,1,caze tv ao vivo,3,0
8J0IsdYynoo,Casais Inteligentes Enriquecem Juntos #investimentos,2026-06-24,2026-04-04,2,emilly vick,2,0
8J0IsdYynoo,Casais Inteligentes Enriquecem Juntos #investimentos,2026-06-24,2026-04-04,3,mc carretinha,2,0
8J0IsdYynoo,Casais Inteligentes Enriquecem Juntos #investimentos,2026-06-24,2026-04-04,4,maria gasolina,1,0
8J0IsdYynoo,Casais Inteligentes Enriquecem Juntos #investimentos,2026-06-24,2026-04-04,5,rafa e luiz,1,0
GbmXrqvUOkM,Fundos Imobiliários ou Imóveis: Qual rende mais no bolso?,2026-06-26,2026-04-04,1,fiis,13,63
GbmXrqvUOkM,Fundos Imobiliários ou Imóveis: Qual rende mais no bolso?,2026-06-26,2026-04-04,2,eitonilda fundos imobiliarios,1,0
5qbIfXTivZg,Fazendo as contas de quanto sobra para investir esse mês,2026-07-01,2026-04-04,1,iphone 18,2,0
5qbIfXTivZg,Fazendo as contas de quanto sobra para investir esse mês,2026-07-01,2026-04-04,2,torta amanteigada escocesa,2,0
5qbIfXTivZg,Fazendo as contas de quanto sobra para investir esse mês,2026-07-01,2026-04-04,3,244,1,0
5qbIfXTivZg,Fazendo as contas de quanto sobra para investir esse mês,2026-07-01,2026-04-04,4,ganhar dinheiro em casa,1,0
5qbIfXTivZg,Fazendo as contas de quanto sobra para investir esse mês,2026-07-01,2026-04-04,5,giuliana mafra,1,0
5qbIfXTivZg,Fazendo as contas de quanto sobra para investir esse mês,2026-07-01,2026-04-04,6,haaland,1,0
5qbIfXTivZg,Fazendo as contas de quanto sobra para investir esse mês,2026-07-01,2026-04-04,7,receitas faceis e rapidas,1,0
xU0gwLor4N8,BOLSA DE VALORES: A PRÓXIMA ONDA - Onde Investir Agora?,2026-05-05,2026-04-04,1,bolsa de valores,69,224
xU0gwLor4N8,BOLSA DE VALORES: A PRÓXIMA ONDA - Onde Investir Agora?,2026-05-05,2026-04-04,2,bolsa de valores hoje,6,17
xU0gwLor4N8,BOLSA DE VALORES: A PRÓXIMA ONDA - Onde Investir Agora?,2026-05-05,2026-04-04,3,bolsa valores,4,5
xU0gwLor4N8,BOLSA DE VALORES: A PRÓXIMA ONDA - Onde Investir Agora?,2026-05-05,2026-04-04,4,bolsa,3,12
xU0gwLor4N8,BOLSA DE VALORES: A PRÓXIMA ONDA - Onde Investir Agora?,2026-05-05,2026-04-04,5,bolsa hoje,3,6
xU0gwLor4N8,BOLSA DE VALORES: A PRÓXIMA ONDA - Onde Investir Agora?,2026-05-05,2026-04-04,6,bolsa de valores hoy,1,0
xU0gwLor4N8,BOLSA DE VALORES: A PRÓXIMA ONDA - Onde Investir Agora?,2026-05-05,2026-04-04,7,como investir em dolar,1,2
xU0gwLor4N8,BOLSA DE VALORES: A PRÓXIMA ONDA - Onde Investir Agora?,2026-05-05,2026-04-04,8,ibovespa hoje,1,11
xU0gwLor4N8,BOLSA DE VALORES: A PRÓXIMA ONDA - Onde Investir Agora?,2026-05-05,2026-04-04,9,inbr32,1,10
xU0gwLor4N8,BOLSA DE VALORES: A PRÓXIMA ONDA - Onde Investir Agora?,2026-05-05,2026-04-04,10,ipo compass,1,0
xU0gwLor4N8,BOLSA DE VALORES: A PRÓXIMA ONDA - Onde Investir Agora?,2026-05-05,2026-04-04,11,mxrf11 hoje,1,0
xU0gwLor4N8,BOLSA DE VALORES: A PRÓXIMA ONDA - Onde Investir Agora?,2026-05-05,2026-04-04,12,onde investir hoje,1,2
Lt9oIsHOB1k,Robô day trader perde tudo,2026-06-18,2026-04-04,1,cairo trader,2,0
Lt9oIsHOB1k,Robô day trader perde tudo,2026-06-18,2026-04-04,2,cucumber syrup,2,0
Lt9oIsHOB1k,Robô day trader perde tudo,2026-06-18,2026-04-04,3,origami,2,0
Lt9oIsHOB1k,Robô day trader perde tudo,2026-06-18,2026-04-04,4,adriel trader,1,0
Lt9oIsHOB1k,Robô day trader perde tudo,2026-06-18,2026-04-04,5,ariano suassuna,1,0
Lt9oIsHOB1k,Robô day trader perde tudo,2026-06-18,2026-04-04,6,como fazer leite condensado,1,0
Lt9oIsHOB1k,Robô day trader perde tudo,2026-06-18,2026-04-04,7,copa do mundo 2026,1,0
Lt9oIsHOB1k,Robô day trader perde tudo,2026-06-18,2026-04-04,8,doblo motorhome teto alto,1,0
Lt9oIsHOB1k,Robô day trader perde tudo,2026-06-18,2026-04-04,9,jacaré,1,0
Lt9oIsHOB1k,Robô day trader perde tudo,2026-06-18,2026-04-04,10,jaguar,1,0
Lt9oIsHOB1k,Robô day trader perde tudo,2026-06-18,2026-04-04,11,meteoro,1,0
Lt9oIsHOB1k,Robô day trader perde tudo,2026-06-18,2026-04-04,12,pão de frango,1,0
Lt9oIsHOB1k,Robô day trader perde tudo,2026-06-18,2026-04-04,13,up volkswagen,1,0
hry1B6zzUeM,Recuperações judiciais disparam no Brasil,2026-08-06,2026-04-04,1,camara fria,1,0
hry1B6zzUeM,Recuperações judiciais disparam no Brasil,2026-08-06,2026-04-04,2,como fazer batata frita na airfryer congelada,1,0
hry1B6zzUeM,Recuperações judiciais disparam no Brasil,2026-08-06,2026-04-04,3,concurso do banco do brasil 2026,1,0
hry1B6zzUeM,Recuperações judiciais disparam no Brasil,2026-08-06,2026-04-04,4,kawasaki ninja 650 2026,1,0
B7pTiwxsWaI,Mentalidade de escassez te impede de crescer,2026-09-02,2026-04-04,1,mentalidade de escassez,3,0
B7pTiwxsWaI,Mentalidade de escassez te impede de crescer,2026-09-02,2026-04-04,2,calopsita na natureza,1,0
B7pTiwxsWaI,Mentalidade de escassez te impede de crescer,2026-09-02,2026-04-04,3,como aprender a dividir,1,0
B7pTiwxsWaI,Mentalidade de escassez te impede de crescer,2026-09-02,2026-04-04,4,dlss5,1,0
B7pTiwxsWaI,Mentalidade de escassez te impede de crescer,2026-09-02,2026-04-04,5,mentalidade,1,0
B7pTiwxsWaI,Mentalidade de escassez te impede de crescer,2026-09-02,2026-04-04,6,prison break,1,0
Anljp-ug3eU,Arminio Fraga fecha fundo de investimentos,2026-08-05,2026-04-04,1,arminio fraga,5,3
Anljp-ug3eU,Arminio Fraga fecha fundo de investimentos,2026-08-05,2026-04-04,2,ford fusion 2016,2,0
Anljp-ug3eU,Arminio Fraga fecha fundo de investimentos,2026-08-05,2026-04-04,3,amv,1,0
Anljp-ug3eU,Arminio Fraga fecha fundo de investimentos,2026-08-05,2026-04-04,4,odnogo edit anime,1,0
o6-5clPkw7I,Cybercab da Tesla (TSLA) rodando sem volante #investimentos,2026-07-03,2026-04-04,1,tesla cybercab,6,0
o6-5clPkw7I,Cybercab da Tesla (TSLA) rodando sem volante #investimentos,2026-07-03,2026-04-04,2,cybercab,4,0
o6-5clPkw7I,Cybercab da Tesla (TSLA) rodando sem volante #investimentos,2026-07-03,2026-04-04,3,tesla,3,0
o6-5clPkw7I,Cybercab da Tesla (TSLA) rodando sem volante #investimentos,2026-07-03,2026-04-04,4,investimentos,2,0
o6-5clPkw7I,Cybercab da Tesla (TSLA) rodando sem volante #investimentos,2026-07-03,2026-04-04,5,caze tv,1,0
o6-5clPkw7I,Cybercab da Tesla (TSLA) rodando sem volante #investimentos,2026-07-03,2026-04-04,6,gol croacia portugal,1,0
4UEwZVSVoP8,Agora você se diverte ao perder dinheiro na bolsa de valores,2026-06-11,2026-04-04,1,bolsa de valores,1,0
4UEwZVSVoP8,Agora você se diverte ao perder dinheiro na bolsa de valores,2026-06-11,2026-04-04,2,comida de microondas,1,0
4UEwZVSVoP8,Agora você se diverte ao perder dinheiro na bolsa de valores,2026-06-11,2026-04-04,3,jorlan motivação,1,0
Z27KBNJcPDA,RANI3 PAGA 11% ao ano — mas o LUCRO caiu 70% (Armadilha?),2026-08-04,2026-04-04,1,rani3,182,480
Z27KBNJcPDA,RANI3 PAGA 11% ao ano — mas o LUCRO caiu 70% (Armadilha?),2026-08-04,2026-04-04,2,irani,3,17
Z27KBNJcPDA,RANI3 PAGA 11% ao ano — mas o LUCRO caiu 70% (Armadilha?),2026-08-04,2026-04-04,3,rani 3,2,12
Z27KBNJcPDA,RANI3 PAGA 11% ao ano — mas o LUCRO caiu 70% (Armadilha?),2026-08-04,2026-04-04,4,didi red pill,1,0
Z27KBNJcPDA,RANI3 PAGA 11% ao ano — mas o LUCRO caiu 70% (Armadilha?),2026-08-04,2026-04-04,5,grnd3 vale a pena,1,0
Z27KBNJcPDA,RANI3 PAGA 11% ao ano — mas o LUCRO caiu 70% (Armadilha?),2026-08-04,2026-04-04,6,romi3 vale a pena,1,1
GFHFMCaPn60,Michael Burry fez de novo — e dessa vez é a Nvidia (Risco de Calote Disparou),2026-07-31,2026-04-04,1,crise financeira,3,2
GFHFMCaPn60,Michael Burry fez de novo — e dessa vez é a Nvidia (Risco de Calote Disparou),2026-07-31,2026-04-04,2,michael burry nvidia,2,0
GFHFMCaPn60,Michael Burry fez de novo — e dessa vez é a Nvidia (Risco de Calote Disparou),2026-07-31,2026-04-04,3,ações americanas,1,0
GFHFMCaPn60,Michael Burry fez de novo — e dessa vez é a Nvidia (Risco de Calote Disparou),2026-07-31,2026-04-04,4,bernardo pascowitch,1,13
GFHFMCaPn60,Michael Burry fez de novo — e dessa vez é a Nvidia (Risco de Calote Disparou),2026-07-31,2026-04-04,5,bolha ia,1,14
GFHFMCaPn60,Michael Burry fez de novo — e dessa vez é a Nvidia (Risco de Calote Disparou),2026-07-31,2026-04-04,6,clube do valor,1,14
GFHFMCaPn60,Michael Burry fez de novo — e dessa vez é a Nvidia (Risco de Calote Disparou),2026-07-31,2026-04-04,7,michael burry,1,0
GFHFMCaPn60,Michael Burry fez de novo — e dessa vez é a Nvidia (Risco de Calote Disparou),2026-07-31,2026-04-04,8,poker face,1,13
uLVNra6EWc4,Alerta nos bancões: Quem sobrevive e quem perde dinheiro em 2026?,2026-05-26,2026-04-04,1,bradesco principal,2,10
uLVNra6EWc4,Alerta nos bancões: Quem sobrevive e quem perde dinheiro em 2026?,2026-05-26,2026-04-04,2,bbas3,1,0
uLVNra6EWc4,Alerta nos bancões: Quem sobrevive e quem perde dinheiro em 2026?,2026-05-26,2026-04-04,3,bbdc4 vale a pena,1,3
uLVNra6EWc4,Alerta nos bancões: Quem sobrevive e quem perde dinheiro em 2026?,2026-05-26,2026-04-04,4,bodb11,1,0
uLVNra6EWc4,Alerta nos bancões: Quem sobrevive e quem perde dinheiro em 2026?,2026-05-26,2026-04-04,5,bradesco,1,13
uLVNra6EWc4,Alerta nos bancões: Quem sobrevive e quem perde dinheiro em 2026?,2026-05-26,2026-04-04,6,lci e lca,1,4
uLVNra6EWc4,Alerta nos bancões: Quem sobrevive e quem perde dinheiro em 2026?,2026-05-26,2026-04-04,7,sanb11,1,1
uLVNra6EWc4,Alerta nos bancões: Quem sobrevive e quem perde dinheiro em 2026?,2026-05-26,2026-04-04,8,solana,1,0
t8P6-ZDyhfg,ELEIÇÕES 2026: Patrimônio dos presidenciáveis o que eles presidenciáveis escondem?,2026-08-21,2026-04-04,1,encoad 2026,2,0
t8P6-ZDyhfg,ELEIÇÕES 2026: Patrimônio dos presidenciáveis o que eles presidenciáveis escondem?,2026-08-21,2026-04-04,2,presidenciaveis,1,0
5i9cNa6uEc0,NOVA LEI DA HERANÇA: SUA FAMÍLIA VAI PAGAR MAIS?,2026-08-12,2026-04-04,1,acidente de moto,1,0
dc3o6w2vIvQ,Tem gente que bebe a Heineken e tem gente que recebe da Heineken 🍺 #shorts,2026-09-30,2026-04-04,1,heineken,2,0
dc3o6w2vIvQ,Tem gente que bebe a Heineken e tem gente que recebe da Heineken 🍺 #shorts,2026-09-30,2026-04-04,2,ado,1,0
dc3o6w2vIvQ,Tem gente que bebe a Heineken e tem gente que recebe da Heineken 🍺 #shorts,2026-09-30,2026-04-04,3,animes reagindo ao,1,0
dc3o6w2vIvQ,Tem gente que bebe a Heineken e tem gente que recebe da Heineken 🍺 #shorts,2026-09-30,2026-04-04,4,canlı mezat,1,0
dc3o6w2vIvQ,Tem gente que bebe a Heineken e tem gente que recebe da Heineken 🍺 #shorts,2026-09-30,2026-04-04,5,melhor filme,1,0
dc3o6w2vIvQ,Tem gente que bebe a Heineken e tem gente que recebe da Heineken 🍺 #shorts,2026-09-30,2026-04-04,6,tuning club online mod apk,1,0
dc3o6w2vIvQ,Tem gente que bebe a Heineken e tem gente que recebe da Heineken 🍺 #shorts,2026-09-30,2026-04-04,7,도쿄 스키야키,1,0
aDL4MMF6AnE,Pra ficar rico você só precisa de 1 centavo #investimentos,2023-10-30,2026-04-04,1,como ganhar dinheiro na internet,60542,12344
aDL4MMF6AnE,Pra ficar rico você só precisa de 1 centavo #investimentos,2023-10-30,2026-04-04,2,como ganhar dinheiro,35429,6939
aDL4MMF6AnE,Pra ficar rico você só precisa de 1 centavo #investimentos,2023-10-30,2026-04-04,3,como ficar rico,23392,5422
aDL4MMF6AnE,Pra ficar rico você só precisa de 1 centavo #investimentos,2023-10-30,2026-04-04,4,como investir dinheiro,12965,2797
aDL4MMF6AnE,Pra ficar rico você só precisa de 1 centavo #investimentos,2023-10-30,2026-04-04,5,como fazer dinheiro na internet,9827,2025
aDL4MMF6AnE,Pra ficar rico você só precisa de 1 centavo #investimentos,2023-10-30,2026-04-04,6,investimento,8497,1816
aDL4MMF6AnE,Pra ficar rico você só precisa de 1 centavo #investimentos,2023-10-30,2026-04-04,7,como fazer dinheiro,8013,1620
aDL4MMF6AnE,Pra ficar rico você só precisa de 1 centavo #investimentos,2023-10-30,2026-04-04,8,ganhar dinheiro na internet,7908,1633
aDL4MMF6AnE,Pra ficar rico você só precisa de 1 centavo #investimentos,2023-10-30,2026-04-04,9,como juntar dinheiro,7720,1539
aDL4MMF6AnE,Pra ficar rico você só precisa de 1 centavo #investimentos,2023-10-30,2026-04-04,10,como ganhar dinheiro em casa,7651,1553
aDL4MMF6AnE,Pra ficar rico você só precisa de 1 centavo #investimentos,2023-10-30,2026-04-04,11,renda extra,6463,1307
aDL4MMF6AnE,Pra ficar rico você só precisa de 1 centavo #investimentos,2023-10-30,2026-04-04,12,ganhar dinheiro,5031,1037
aDL4MMF6AnE,Pra ficar rico você só precisa de 1 centavo #investimentos,2023-10-30,2026-04-04,13,como investir,3946,774
aDL4MMF6AnE,Pra ficar rico você só precisa de 1 centavo #investimentos,2023-10-30,2026-04-04,14,como conseguir dinheiro,3833,646
aDL4MMF6AnE,Pra ficar rico você só precisa de 1 centavo #investimentos,2023-10-30,2026-04-04,15,como ganhar dinheiro fácil,3805,696
aDL4MMF6AnE,Pra ficar rico você só precisa de 1 centavo #investimentos,2023-10-30,2026-04-04,16,como ser rico,3793,808
aDL4MMF6AnE,Pra ficar rico você só precisa de 1 centavo #investimentos,2023-10-30,2026-04-04,17,como conseguir dinheiro rapido,3504,695
aDL4MMF6AnE,Pra ficar rico você só precisa de 1 centavo #investimentos,2023-10-30,2026-04-04,18,como fazer dinheiro em casa,3488,715
aDL4MMF6AnE,Pra ficar rico você só precisa de 1 centavo #investimentos,2023-10-30,2026-04-04,19,formas de ganhar dinheiro na internet,3441,711
aDL4MMF6AnE,Pra ficar rico você só precisa de 1 centavo #investimentos,2023-10-30,2026-04-04,20,como economizar dinheiro,3316,686
aDL4MMF6AnE,Pra ficar rico você só precisa de 1 centavo #investimentos,2023-10-30,2026-04-04,21,como ganhar dinheiro sendo de menor,2999,552
aDL4MMF6AnE,Pra ficar rico você só precisa de 1 centavo #investimentos,2023-10-30,2026-04-04,22,como guardar dinheiro,2765,597
aDL4MMF6AnE,Pra ficar rico você só precisa de 1 centavo #investimentos,2023-10-30,2026-04-04,23,como ganhar dinheiro com a internet,2755,561
aDL4MMF6AnE,Pra ficar rico você só precisa de 1 centavo #investimentos,2023-10-30,2026-04-04,24,rico,2539,412
aDL4MMF6AnE,Pra ficar rico você só precisa de 1 centavo #investimentos,2023-10-30,2026-04-04,25,como ganhar dinheiro pela internet,2410,455
_WHHib_xvJ4,Caixinha Turbo da Nubank melhorou #investimentos,2025-04-29,2026-04-04,1,caixinha turbo nubank,2415,709
_WHHib_xvJ4,Caixinha Turbo da Nubank melhorou #investimentos,2025-04-29,2026-04-04,2,caixinha turbo nubank como funciona,420,129
_WHHib_xvJ4,Caixinha Turbo da Nubank melhorou #investimentos,2025-04-29,2026-04-04,3,como funciona a caixinha turbo da nubank,346,99
_WHHib_xvJ4,Caixinha Turbo da Nubank melhorou #investimentos,2025-04-29,2026-04-04,4,como funciona caixinha turbo nubank,109,36
_WHHib_xvJ4,Caixinha Turbo da Nubank melhorou #investimentos,2025-04-29,2026-04-04,5,como funciona a caixinha turbo do nubank,107,32
_WHHib_xvJ4,Caixinha Turbo da Nubank melhorou #investimentos,2025-04-29,2026-04-04,6,caixinha turbo nubank vale a pena,92,23
_WHHib_xvJ4,Caixinha Turbo da Nubank melhorou #investimentos,2025-04-29,2026-04-04,7,nubank caixinha turbo,86,26
_WHHib_xvJ4,Caixinha Turbo da Nubank melhorou #investimentos,2025-04-29,2026-04-04,8,caixinha turbo,67,21
_WHHib_xvJ4,Caixinha Turbo da Nubank melhorou #investimentos,2025-04-29,2026-04-04,9,caixinha turbo nubank 115 do cdi,57,15
_WHHib_xvJ4,Caixinha Turbo da Nubank melhorou #investimentos,2025-04-29,2026-04-04,10,caixinha nubank,47,5
_WHHib_xvJ4,Caixinha Turbo da Nubank melhorou #investimentos,2025-04-29,2026-04-04,11,caixinha turbo do nubank,34,9
_WHHib_xvJ4,Caixinha Turbo da Nubank melhorou #investimentos,2025-04-29,2026-04-04,12,melhor caixinha para guardar dinheiro,31,7
_WHHib_xvJ4,Caixinha Turbo da Nubank melhorou #investimentos,2025-04-29,2026-04-04,13,caixa turbo nubank,23,4
_WHHib_xvJ4,Caixinha Turbo da Nubank melhorou #investimentos,2025-04-29,2026-04-04,14,qual melhor caixinha para guardar dinheiro,22,7
_WHHib_xvJ4,Caixinha Turbo da Nubank melhorou #investimentos,2025-04-29,2026-04-04,15,caixinha turbo da nubank,19,5
_WHHib_xvJ4,Caixinha Turbo da Nubank melhorou #investimentos,2025-04-29,2026-04-04,16,qual a melhor caixinha para guardar dinheiro,19,4
_WHHib_xvJ4,Caixinha Turbo da Nubank melhorou #investimentos,2025-04-29,2026-04-04,17,caixinha nubank vale a pena,17,2
_WHHib_xvJ4,Caixinha Turbo da Nubank melhorou #investimentos,2025-04-29,2026-04-04,18,caixinha nubank turbo,16,3
_WHHib_xvJ4,Caixinha Turbo da Nubank melhorou #investimentos,2025-04-29,2026-04-04,19,como investir na caixinha turbo nubank,12,3
_WHHib_xvJ4,Caixinha Turbo da Nubank melhorou #investimentos,2025-04-29,2026-04-04,20,nubank,11,1
_WHHib_xvJ4,Caixinha Turbo da Nubank melhorou #investimentos,2025-04-29,2026-04-04,21,caixinha do nubank,9,1
_WHHib_xvJ4,Caixinha Turbo da Nubank melhorou #investimentos,2025-04-29,2026-04-04,22,caixinhas nubank,9,2
_WHHib_xvJ4,Caixinha Turbo da Nubank melhorou #investimentos,2025-04-29,2026-04-04,23,como funciona a caixinha turbo da nubank 115 do cdi,9,2
_WHHib_xvJ4,Caixinha Turbo da Nubank melhorou #investimentos,2025-04-29,2026-04-04,24,dani mengue,9,2
_WHHib_xvJ4,Caixinha Turbo da Nubank melhorou #investimentos,2025-04-29,2026-04-04,25,investimento nubank,9,1
9tn6b8FaE24,NUBANK vs Mercado Pago? #investimentos,2025-05-15,2026-04-04,1,mercado pago,2455,1707
9tn6b8FaE24,NUBANK vs Mercado Pago? #investimentos,2025-05-15,2026-04-04,2,mercado pago é seguro,1036,694
9tn6b8FaE24,NUBANK vs Mercado Pago? #investimentos,2025-05-15,2026-04-04,3,mercado pago ou nubank,591,492
9tn6b8FaE24,NUBANK vs Mercado Pago? #investimentos,2025-05-15,2026-04-04,4,nubank ou mercado pago,386,322
9tn6b8FaE24,NUBANK vs Mercado Pago? #investimentos,2025-05-15,2026-04-04,5,cartão mercado pago,292,251
9tn6b8FaE24,NUBANK vs Mercado Pago? #investimentos,2025-05-15,2026-04-04,6,conta mercado pago vale a pena,249,188
9tn6b8FaE24,NUBANK vs Mercado Pago? #investimentos,2025-05-15,2026-04-04,7,como investir no mercado pago,178,100
9tn6b8FaE24,NUBANK vs Mercado Pago? #investimentos,2025-05-15,2026-04-04,8,cartão mercado pago vale a pena,148,96
9tn6b8FaE24,NUBANK vs Mercado Pago? #investimentos,2025-05-15,2026-04-04,9,conta mercado pago,139,81
9tn6b8FaE24,NUBANK vs Mercado Pago? #investimentos,2025-05-15,2026-04-04,10,banco mercado pago,138,122
9tn6b8FaE24,NUBANK vs Mercado Pago? #investimentos,2025-05-15,2026-04-04,11,qual rende mais nubank ou mercado pago,135,125
9tn6b8FaE24,NUBANK vs Mercado Pago? #investimentos,2025-05-15,2026-04-04,12,investimento mercado pago,132,77
9tn6b8FaE24,NUBANK vs Mercado Pago? #investimentos,2025-05-15,2026-04-04,13,investir no mercado pago vale a pena,105,79
9tn6b8FaE24,NUBANK vs Mercado Pago? #investimentos,2025-05-15,2026-04-04,14,conta pj mercado pago,95,54
9tn6b8FaE24,NUBANK vs Mercado Pago? #investimentos,2025-05-15,2026-04-04,15,mercado pago rendimento,95,56
9tn6b8FaE24,NUBANK vs Mercado Pago? #investimentos,2025-05-15,2026-04-04,16,cofrinho mercado pago,92,52
9tn6b8FaE24,NUBANK vs Mercado Pago? #investimentos,2025-05-15,2026-04-04,17,mercado pago como funciona,91,48
9tn6b8FaE24,NUBANK vs Mercado Pago? #investimentos,2025-05-15,2026-04-04,18,mercado pago vale a pena,91,75
9tn6b8FaE24,NUBANK vs Mercado Pago? #investimentos,2025-05-15,2026-04-04,19,mercado pago é bom,87,61
9tn6b8FaE24,NUBANK vs Mercado Pago? #investimentos,2025-05-15,2026-04-04,20,caixinha nubank ou mercado pago,83,67
9tn6b8FaE24,NUBANK vs Mercado Pago? #investimentos,2025-05-15,2026-04-04,21,caixinha mercado pago,73,54
9tn6b8FaE24,NUBANK vs Mercado Pago? #investimentos,2025-05-15,2026-04-04,22,cdb mercado pago,73,43
9tn6b8FaE24,NUBANK vs Mercado Pago? #investimentos,2025-05-15,2026-04-04,23,vale a pena investir no mercado pago,66,56
9tn6b8FaE24,NUBANK vs Mercado Pago? #investimentos,2025-05-15,2026-04-04,24,cofrinho do mercado pago vale a pena,51,39
9tn6b8FaE24,NUBANK vs Mercado Pago? #investimentos,2025-05-15,2026-04-04,25,investimento no mercado pago,50,31
bStv54OaC_8,BANCO NEXT BRADESCO NEXTJOY - CONTA DIGITAL NEXT PARA MENOR | NEXT BANCO PARA MENORES DE 18,2020-08-23,2026-04-04,1,next joy,1,0
Q1WMbZZn2Ik,O QUE RENDE MAIS CDB ou LCI/LCA? #investimentos,2025-04-28,2026-04-04,1,lci e lca,467,162
Q1WMbZZn2Ik,O QUE RENDE MAIS CDB ou LCI/LCA? #investimentos,2025-04-28,2026-04-04,2,lci,172,46
Q1WMbZZn2Ik,O QUE RENDE MAIS CDB ou LCI/LCA? #investimentos,2025-04-28,2026-04-04,3,lca,97,16
Q1WMbZZn2Ik,O QUE RENDE MAIS CDB ou LCI/LCA? #investimentos,2025-04-28,2026-04-04,4,lca e lci,92,23
Q1WMbZZn2Ik,O QUE RENDE MAIS CDB ou LCI/LCA? #investimentos,2025-04-28,2026-04-04,5,lci ou cdb,83,26
Q1WMbZZn2Ik,O QUE RENDE MAIS CDB ou LCI/LCA? #investimentos,2025-04-28,2026-04-04,6,investimento cdb,46,11
Q1WMbZZn2Ik,O QUE RENDE MAIS CDB ou LCI/LCA? #investimentos,2025-04-28,2026-04-04,7,lci lca,46,12
Q1WMbZZn2Ik,O QUE RENDE MAIS CDB ou LCI/LCA? #investimentos,2025-04-28,2026-04-04,8,qual investimento rende mais,42,12
Q1WMbZZn2Ik,O QUE RENDE MAIS CDB ou LCI/LCA? #investimentos,2025-04-28,2026-04-04,9,cdb ou lci,35,10
Q1WMbZZn2Ik,O QUE RENDE MAIS CDB ou LCI/LCA? #investimentos,2025-04-28,2026-04-04,10,melhores lci e lca hoje,33,7
Q1WMbZZn2Ik,O QUE RENDE MAIS CDB ou LCI/LCA? #investimentos,2025-04-28,2026-04-04,11,investimento lci e lca,25,6
Q1WMbZZn2Ik,O QUE RENDE MAIS CDB ou LCI/LCA? #investimentos,2025-04-28,2026-04-04,12,lci lca ou cdb,24,7
Q1WMbZZn2Ik,O QUE RENDE MAIS CDB ou LCI/LCA? #investimentos,2025-04-28,2026-04-04,13,o que é lci e lca,24,32
Q1WMbZZn2Ik,O QUE RENDE MAIS CDB ou LCI/LCA? #investimentos,2025-04-28,2026-04-04,14,como investir em lci e lca,23,7
Q1WMbZZn2Ik,O QUE RENDE MAIS CDB ou LCI/LCA? #investimentos,2025-04-28,2026-04-04,15,investimentos,21,6
Q1WMbZZn2Ik,O QUE RENDE MAIS CDB ou LCI/LCA? #investimentos,2025-04-28,2026-04-04,16,cdb,17,3
Q1WMbZZn2Ik,O QUE RENDE MAIS CDB ou LCI/LCA? #investimentos,2025-04-28,2026-04-04,17,melhores cdbs 2026,16,6
Q1WMbZZn2Ik,O QUE RENDE MAIS CDB ou LCI/LCA? #investimentos,2025-04-28,2026-04-04,18,qual melhor cdb para investir em 2026,16,5
Q1WMbZZn2Ik,O QUE RENDE MAIS CDB ou LCI/LCA? #investimentos,2025-04-28,2026-04-04,19,lci caixa economica,14,6
Q1WMbZZn2Ik,O QUE RENDE MAIS CDB ou LCI/LCA? #investimentos,2025-04-28,2026-04-04,20,cdb lci lca,12,3
Q1WMbZZn2Ik,O QUE RENDE MAIS CDB ou LCI/LCA? #investimentos,2025-04-28,2026-04-04,21,melhor lci lca hoje,12,4
Q1WMbZZn2Ik,O QUE RENDE MAIS CDB ou LCI/LCA? #investimentos,2025-04-28,2026-04-04,22,investir em lci e lca vale a pena,9,2
Q1WMbZZn2Ik,O QUE RENDE MAIS CDB ou LCI/LCA? #investimentos,2025-04-28,2026-04-04,23,lck,8,2
Q1WMbZZn2Ik,O QUE RENDE MAIS CDB ou LCI/LCA? #investimentos,2025-04-28,2026-04-04,24,melhor cdb,8,1
Q1WMbZZn2Ik,O QUE RENDE MAIS CDB ou LCI/LCA? #investimentos,2025-04-28,2026-04-04,25,investir em cdb,7,2
sZTGSV55keU,CLICK CONTA para MENORES de 18 anos - BRADESCO CLICK CONTA - Como abrir conta para MENOR DE IDADE?,2020-06-26,2026-04-04,1,banco para menor de 18 anos,3,2
sZTGSV55keU,CLICK CONTA para MENORES de 18 anos - BRADESCO CLICK CONTA - Como abrir conta para MENOR DE IDADE?,2020-06-26,2026-04-04,2,bancos para menor de 18 anos,1,2
sZTGSV55keU,CLICK CONTA para MENORES de 18 anos - BRADESCO CLICK CONTA - Como abrir conta para MENOR DE IDADE?,2020-06-26,2026-04-04,3,conta para menor idade,1,3
V68Hd157uac,NEXT JOY cartão - NÃO cometa esse ERRO com seu filho! NEXT JOY banco digital para menor de 18 anos,2021-07-23,2026-04-04,1,next joy,23,48
V68Hd157uac,NEXT JOY cartão - NÃO cometa esse ERRO com seu filho! NEXT JOY banco digital para menor de 18 anos,2021-07-23,2026-04-04,2,cartão para criança,1,1
V68Hd157uac,NEXT JOY cartão - NÃO cometa esse ERRO com seu filho! NEXT JOY banco digital para menor de 18 anos,2021-07-23,2026-04-04,3,nubank cartao virtual,1,0
flmY3ta0ClE,🚨CUIDADO NOVO GOLPE DO PIX (esse é profissional) #investimentos,2023-03-02,2026-04-04,1,golpe do pix,11,2
flmY3ta0ClE,🚨CUIDADO NOVO GOLPE DO PIX (esse é profissional) #investimentos,2023-03-02,2026-04-04,2,como editar comprovante de pix,1,0
flmY3ta0ClE,🚨CUIDADO NOVO GOLPE DO PIX (esse é profissional) #investimentos,2023-03-02,2026-04-04,3,nubank fake iphone,1,0
ADn4VZs6M1k,BANCO NEXT VANTAGENS E DESVANTAGENS! BANCO NEXT vale a pena?,2019-04-02,2026-04-04,1,banco next vale a pena,1,0
tbKsF2qyakU,Quanto tempo demora para juntar 1 milhão de reais?,2022-09-23,2026-04-04,1,1 milhão,25,2
tbKsF2qyakU,Quanto tempo demora para juntar 1 milhão de reais?,2022-09-23,2026-04-04,2,como fazer 1 milhão de reais,16,2
tbKsF2qyakU,Quanto tempo demora para juntar 1 milhão de reais?,2022-09-23,2026-04-04,3,1milhăo,6,1
tbKsF2qyakU,Quanto tempo demora para juntar 1 milhão de reais?,2022-09-23,2026-04-04,4,um milhão de reais,6,0
tbKsF2qyakU,Quanto tempo demora para juntar 1 milhão de reais?,2022-09-23,2026-04-04,5,1 milhão de reais,5,0
tbKsF2qyakU,Quanto tempo demora para juntar 1 milhão de reais?,2022-09-23,2026-04-04,6,como juntar 1 milhão de reais,4,0
tbKsF2qyakU,Quanto tempo demora para juntar 1 milhão de reais?,2022-09-23,2026-04-04,7,como chegar a 1 milhao,3,0
tbKsF2qyakU,Quanto tempo demora para juntar 1 milhão de reais?,2022-09-23,2026-04-04,8,1 em 1 milhao,1,0
tbKsF2qyakU,Quanto tempo demora para juntar 1 milhão de reais?,2022-09-23,2026-04-04,9,1 milhao é pouco,1,0
tbKsF2qyakU,Quanto tempo demora para juntar 1 milhão de reais?,2022-09-23,2026-04-04,10,como chegar a 1 milhao em 5 anos,1,0
tbKsF2qyakU,Quanto tempo demora para juntar 1 milhão de reais?,2022-09-23,2026-04-04,11,milhões,1,0
tbKsF2qyakU,Quanto tempo demora para juntar 1 milhão de reais?,2022-09-23,2026-04-04,12,um isqueiro uma pedra,1,0
4zHZprjxLu4,QUANTO RENDEU 1 REAL em BITCOIN NO MERCADO PAGO?,2022-09-29,2026-04-04,1,bitcoin mercado pago,7,24
4zHZprjxLu4,QUANTO RENDEU 1 REAL em BITCOIN NO MERCADO PAGO?,2022-09-29,2026-04-04,2,criptomonedas mercado pago,1,0
XBJqP2JTkkQ,BARSI ABRIU SUA CARTEIRA DE AÇÕES NA BOLSA DE VALORES #investimentos,2022-12-15,2026-04-04,1,barsi,698,112
XBJqP2JTkkQ,BARSI ABRIU SUA CARTEIRA DE AÇÕES NA BOLSA DE VALORES #investimentos,2022-12-15,2026-04-04,2,bolsa de valores,159,29
XBJqP2JTkkQ,BARSI ABRIU SUA CARTEIRA DE AÇÕES NA BOLSA DE VALORES #investimentos,2022-12-15,2026-04-04,3,barsi investidor,148,23
XBJqP2JTkkQ,BARSI ABRIU SUA CARTEIRA DE AÇÕES NA BOLSA DE VALORES #investimentos,2022-12-15,2026-04-04,4,carteira de ações,86,13
XBJqP2JTkkQ,BARSI ABRIU SUA CARTEIRA DE AÇÕES NA BOLSA DE VALORES #investimentos,2022-12-15,2026-04-04,5,carteira do barsi,74,13
XBJqP2JTkkQ,BARSI ABRIU SUA CARTEIRA DE AÇÕES NA BOLSA DE VALORES #investimentos,2022-12-15,2026-04-04,6,luiz barsi,62,13
XBJqP2JTkkQ,BARSI ABRIU SUA CARTEIRA DE AÇÕES NA BOLSA DE VALORES #investimentos,2022-12-15,2026-04-04,7,carteira de investimento,45,8
XBJqP2JTkkQ,BARSI ABRIU SUA CARTEIRA DE AÇÕES NA BOLSA DE VALORES #investimentos,2022-12-15,2026-04-04,8,luiz barsi dividendos,29,3
XBJqP2JTkkQ,BARSI ABRIU SUA CARTEIRA DE AÇÕES NA BOLSA DE VALORES #investimentos,2022-12-15,2026-04-04,9,ações,18,3
XBJqP2JTkkQ,BARSI ABRIU SUA CARTEIRA DE AÇÕES NA BOLSA DE VALORES #investimentos,2022-12-15,2026-04-04,10,analisando carteira dos inscritos,14,2
XBJqP2JTkkQ,BARSI ABRIU SUA CARTEIRA DE AÇÕES NA BOLSA DE VALORES #investimentos,2022-12-15,2026-04-04,11,carteira barsi,14,2
XBJqP2JTkkQ,BARSI ABRIU SUA CARTEIRA DE AÇÕES NA BOLSA DE VALORES #investimentos,2022-12-15,2026-04-04,12,luiz barsi tcar,11,1
XBJqP2JTkkQ,BARSI ABRIU SUA CARTEIRA DE AÇÕES NA BOLSA DE VALORES #investimentos,2022-12-15,2026-04-04,13,luiz barsi filho,10,1
XBJqP2JTkkQ,BARSI ABRIU SUA CARTEIRA DE AÇÕES NA BOLSA DE VALORES #investimentos,2022-12-15,2026-04-04,14,barsi ações,9,1
XBJqP2JTkkQ,BARSI ABRIU SUA CARTEIRA DE AÇÕES NA BOLSA DE VALORES #investimentos,2022-12-15,2026-04-04,15,metodo barsi de investir,9,1
XBJqP2JTkkQ,BARSI ABRIU SUA CARTEIRA DE AÇÕES NA BOLSA DE VALORES #investimentos,2022-12-15,2026-04-04,16,carteira barsi 2026,8,1
XBJqP2JTkkQ,BARSI ABRIU SUA CARTEIRA DE AÇÕES NA BOLSA DE VALORES #investimentos,2022-12-15,2026-04-04,17,carteira luiz barsi,8,1
XBJqP2JTkkQ,BARSI ABRIU SUA CARTEIRA DE AÇÕES NA BOLSA DE VALORES #investimentos,2022-12-15,2026-04-04,18,metodo barsi,7,1
XBJqP2JTkkQ,BARSI ABRIU SUA CARTEIRA DE AÇÕES NA BOLSA DE VALORES #investimentos,2022-12-15,2026-04-04,19,quem é barsi,7,1
XBJqP2JTkkQ,BARSI ABRIU SUA CARTEIRA DE AÇÕES NA BOLSA DE VALORES #investimentos,2022-12-15,2026-04-04,20,assalariado investidor,6,0
XBJqP2JTkkQ,BARSI ABRIU SUA CARTEIRA DE AÇÕES NA BOLSA DE VALORES #investimentos,2022-12-15,2026-04-04,21,bassi investimentos,6,1
XBJqP2JTkkQ,BARSI ABRIU SUA CARTEIRA DE AÇÕES NA BOLSA DE VALORES #investimentos,2022-12-15,2026-04-04,22,maior investidor do brasil,6,0
XBJqP2JTkkQ,BARSI ABRIU SUA CARTEIRA DE AÇÕES NA BOLSA DE VALORES #investimentos,2022-12-15,2026-04-04,23,analisando carteira,5,0
XBJqP2JTkkQ,BARSI ABRIU SUA CARTEIRA DE AÇÕES NA BOLSA DE VALORES #investimentos,2022-12-15,2026-04-04,24,barsi braskem,5,2
XBJqP2JTkkQ,BARSI ABRIU SUA CARTEIRA DE AÇÕES NA BOLSA DE VALORES #investimentos,2022-12-15,2026-04-04,25,barsi dividendos,5,0
wYb9_xSNFV8,QUANTO TEMPO para JUNTAR 1 MILHÃO de REAIS? #investimentos,2024-09-20,2026-04-04,1,como juntar 1 milhão de reais,73,16
wYb9_xSNFV8,QUANTO TEMPO para JUNTAR 1 MILHÃO de REAIS? #investimentos,2024-09-20,2026-04-04,2,1 milhão,29,3
wYb9_xSNFV8,QUANTO TEMPO para JUNTAR 1 MILHÃO de REAIS? #investimentos,2024-09-20,2026-04-04,3,como fazer 1 milhão de reais,25,4
wYb9_xSNFV8,QUANTO TEMPO para JUNTAR 1 MILHÃO de REAIS? #investimentos,2024-09-20,2026-04-04,4,primeiro milhão,22,4
wYb9_xSNFV8,QUANTO TEMPO para JUNTAR 1 MILHÃO de REAIS? #investimentos,2024-09-20,2026-04-04,5,um milhão,20,1
wYb9_xSNFV8,QUANTO TEMPO para JUNTAR 1 MILHÃO de REAIS? #investimentos,2024-09-20,2026-04-04,6,um milhão de reais,20,2
wYb9_xSNFV8,QUANTO TEMPO para JUNTAR 1 MILHÃO de REAIS? #investimentos,2024-09-20,2026-04-04,7,meu primeiro milhão,11,2
wYb9_xSNFV8,QUANTO TEMPO para JUNTAR 1 MILHÃO de REAIS? #investimentos,2024-09-20,2026-04-04,8,1 milhao,9,2
wYb9_xSNFV8,QUANTO TEMPO para JUNTAR 1 MILHÃO de REAIS? #investimentos,2024-09-20,2026-04-04,9,primeiro milhao,9,1
wYb9_xSNFV8,QUANTO TEMPO para JUNTAR 1 MILHÃO de REAIS? #investimentos,2024-09-20,2026-04-04,10,como chegar no primeiro milhão,6,0
wYb9_xSNFV8,QUANTO TEMPO para JUNTAR 1 MILHÃO de REAIS? #investimentos,2024-09-20,2026-04-04,11,como investir 1 milhão de reais,6,0
wYb9_xSNFV8,QUANTO TEMPO para JUNTAR 1 MILHÃO de REAIS? #investimentos,2024-09-20,2026-04-04,12,1 milhão de reais,5,0
wYb9_xSNFV8,QUANTO TEMPO para JUNTAR 1 MILHÃO de REAIS? #investimentos,2024-09-20,2026-04-04,13,como chegar a 1 milhao em 5 anos,5,1
wYb9_xSNFV8,QUANTO TEMPO para JUNTAR 1 MILHÃO de REAIS? #investimentos,2024-09-20,2026-04-04,14,como chegar a 1 milhao,4,0
wYb9_xSNFV8,QUANTO TEMPO para JUNTAR 1 MILHÃO de REAIS? #investimentos,2024-09-20,2026-04-04,15,1million dance studio,3,0
wYb9_xSNFV8,QUANTO TEMPO para JUNTAR 1 MILHÃO de REAIS? #investimentos,2024-09-20,2026-04-04,16,como juntar um milhão de reais,3,0
wYb9_xSNFV8,QUANTO TEMPO para JUNTAR 1 MILHÃO de REAIS? #investimentos,2024-09-20,2026-04-04,17,milhão,3,0
wYb9_xSNFV8,QUANTO TEMPO para JUNTAR 1 MILHÃO de REAIS? #investimentos,2024-09-20,2026-04-04,18,milhões,3,0
wYb9_xSNFV8,QUANTO TEMPO para JUNTAR 1 MILHÃO de REAIS? #investimentos,2024-09-20,2026-04-04,19,1 milhao de reais,2,0
wYb9_xSNFV8,QUANTO TEMPO para JUNTAR 1 MILHÃO de REAIS? #investimentos,2024-09-20,2026-04-04,20,50 cent,2,0
wYb9_xSNFV8,QUANTO TEMPO para JUNTAR 1 MILHÃO de REAIS? #investimentos,2024-09-20,2026-04-04,21,como,2,0
wYb9_xSNFV8,QUANTO TEMPO para JUNTAR 1 MILHÃO de REAIS? #investimentos,2024-09-20,2026-04-04,22,como chegar ao primeiro milhão,2,0
wYb9_xSNFV8,QUANTO TEMPO para JUNTAR 1 MILHÃO de REAIS? #investimentos,2024-09-20,2026-04-04,23,quanto tá o jogo do flamengo,2,0
wYb9_xSNFV8,QUANTO TEMPO para JUNTAR 1 MILHÃO de REAIS? #investimentos,2024-09-20,2026-04-04,24,um milhao,2,0
wYb9_xSNFV8,QUANTO TEMPO para JUNTAR 1 MILHÃO de REAIS? #investimentos,2024-09-20,2026-04-04,25,ajuliacosta,1,0
Aop8Cfw7W7k,BANCO NEXT ÁGORA INVESTIMENTOS - BANCO NEXT INVESTIMENTO NEXT VALE A PENA? ÁGORA É CONFIÁVEL?,2020-08-16,2026-04-04,1,banco next,2,0
Y4WHQiKcv1g,DIVIDENDOS MENSAIS: 4 ÚNICOS ETFs que PAGAM MENSALMENTE na B3! (tem ETF pagando 1% a.m.),2024-07-03,2026-04-04,1,etfs que pagam dividendos mensais,176,751
Y4WHQiKcv1g,DIVIDENDOS MENSAIS: 4 ÚNICOS ETFs que PAGAM MENSALMENTE na B3! (tem ETF pagando 1% a.m.),2024-07-03,2026-04-04,2,etf que pagam dividendos mensais,59,228
Y4WHQiKcv1g,DIVIDENDOS MENSAIS: 4 ÚNICOS ETFs que PAGAM MENSALMENTE na B3! (tem ETF pagando 1% a.m.),2024-07-03,2026-04-04,3,etf brasileiros que pagam dividendos,26,108
Y4WHQiKcv1g,DIVIDENDOS MENSAIS: 4 ÚNICOS ETFs que PAGAM MENSALMENTE na B3! (tem ETF pagando 1% a.m.),2024-07-03,2026-04-04,4,etfs americanos que pagam dividendos mensais,24,2
Y4WHQiKcv1g,DIVIDENDOS MENSAIS: 4 ÚNICOS ETFs que PAGAM MENSALMENTE na B3! (tem ETF pagando 1% a.m.),2024-07-03,2026-04-04,5,etf de dividendos,21,90
Y4WHQiKcv1g,DIVIDENDOS MENSAIS: 4 ÚNICOS ETFs que PAGAM MENSALMENTE na B3! (tem ETF pagando 1% a.m.),2024-07-03,2026-04-04,6,melhores etfs brasileiros,16,89
Y4WHQiKcv1g,DIVIDENDOS MENSAIS: 4 ÚNICOS ETFs que PAGAM MENSALMENTE na B3! (tem ETF pagando 1% a.m.),2024-07-03,2026-04-04,7,divd11,11,44
Y4WHQiKcv1g,DIVIDENDOS MENSAIS: 4 ÚNICOS ETFs que PAGAM MENSALMENTE na B3! (tem ETF pagando 1% a.m.),2024-07-03,2026-04-04,8,etfs brasileiros,8,25
Y4WHQiKcv1g,DIVIDENDOS MENSAIS: 4 ÚNICOS ETFs que PAGAM MENSALMENTE na B3! (tem ETF pagando 1% a.m.),2024-07-03,2026-04-04,9,spyi11,8,32
Y4WHQiKcv1g,DIVIDENDOS MENSAIS: 4 ÚNICOS ETFs que PAGAM MENSALMENTE na B3! (tem ETF pagando 1% a.m.),2024-07-03,2026-04-04,10,etf,5,1
Y4WHQiKcv1g,DIVIDENDOS MENSAIS: 4 ÚNICOS ETFs que PAGAM MENSALMENTE na B3! (tem ETF pagando 1% a.m.),2024-07-03,2026-04-04,11,etf dividendos,5,16
Y4WHQiKcv1g,DIVIDENDOS MENSAIS: 4 ÚNICOS ETFs que PAGAM MENSALMENTE na B3! (tem ETF pagando 1% a.m.),2024-07-03,2026-04-04,12,etf brasil,4,6
Y4WHQiKcv1g,DIVIDENDOS MENSAIS: 4 ÚNICOS ETFs que PAGAM MENSALMENTE na B3! (tem ETF pagando 1% a.m.),2024-07-03,2026-04-04,13,investimento,4,12
Y4WHQiKcv1g,DIVIDENDOS MENSAIS: 4 ÚNICOS ETFs que PAGAM MENSALMENTE na B3! (tem ETF pagando 1% a.m.),2024-07-03,2026-04-04,14,barsi,3,2
Y4WHQiKcv1g,DIVIDENDOS MENSAIS: 4 ÚNICOS ETFs que PAGAM MENSALMENTE na B3! (tem ETF pagando 1% a.m.),2024-07-03,2026-04-04,15,etfs vale a pena,3,7
Y4WHQiKcv1g,DIVIDENDOS MENSAIS: 4 ÚNICOS ETFs que PAGAM MENSALMENTE na B3! (tem ETF pagando 1% a.m.),2024-07-03,2026-04-04,16,melhor etf brasileiro,3,25
Y4WHQiKcv1g,DIVIDENDOS MENSAIS: 4 ÚNICOS ETFs que PAGAM MENSALMENTE na B3! (tem ETF pagando 1% a.m.),2024-07-03,2026-04-04,17,melhores etfs,3,11
Y4WHQiKcv1g,DIVIDENDOS MENSAIS: 4 ÚNICOS ETFs que PAGAM MENSALMENTE na B3! (tem ETF pagando 1% a.m.),2024-07-03,2026-04-04,18,best 11,2,0
Y4WHQiKcv1g,DIVIDENDOS MENSAIS: 4 ÚNICOS ETFs que PAGAM MENSALMENTE na B3! (tem ETF pagando 1% a.m.),2024-07-03,2026-04-04,19,best etf 2026,2,1
Y4WHQiKcv1g,DIVIDENDOS MENSAIS: 4 ÚNICOS ETFs que PAGAM MENSALMENTE na B3! (tem ETF pagando 1% a.m.),2024-07-03,2026-04-04,20,bova11,2,3
Y4WHQiKcv1g,DIVIDENDOS MENSAIS: 4 ÚNICOS ETFs que PAGAM MENSALMENTE na B3! (tem ETF pagando 1% a.m.),2024-07-03,2026-04-04,21,dividendos,2,0
Y4WHQiKcv1g,DIVIDENDOS MENSAIS: 4 ÚNICOS ETFs que PAGAM MENSALMENTE na B3! (tem ETF pagando 1% a.m.),2024-07-03,2026-04-04,22,etf dividendos mensais,2,0
Y4WHQiKcv1g,DIVIDENDOS MENSAIS: 4 ÚNICOS ETFs que PAGAM MENSALMENTE na B3! (tem ETF pagando 1% a.m.),2024-07-03,2026-04-04,23,melhor etf americano,2,16
Y4WHQiKcv1g,DIVIDENDOS MENSAIS: 4 ÚNICOS ETFs que PAGAM MENSALMENTE na B3! (tem ETF pagando 1% a.m.),2024-07-03,2026-04-04,24,o que é etf,2,7
Y4WHQiKcv1g,DIVIDENDOS MENSAIS: 4 ÚNICOS ETFs que PAGAM MENSALMENTE na B3! (tem ETF pagando 1% a.m.),2024-07-03,2026-04-04,25,reits que pagam dividendos mensais,2,2
QU0j2KCQWlk,QUAL A MELHOR CONTA EM BANCO PARA MENOR DE IDADE? [TUDO GRATUITO] #investimentos,2022-12-11,2026-04-04,1,banco para menor de 18 anos,144,54
QU0j2KCQWlk,QUAL A MELHOR CONTA EM BANCO PARA MENOR DE IDADE? [TUDO GRATUITO] #investimentos,2022-12-11,2026-04-04,2,conta para menor idade,125,90
QU0j2KCQWlk,QUAL A MELHOR CONTA EM BANCO PARA MENOR DE IDADE? [TUDO GRATUITO] #investimentos,2022-12-11,2026-04-04,3,bancos para menor de 18 anos,119,37
QU0j2KCQWlk,QUAL A MELHOR CONTA EM BANCO PARA MENOR DE IDADE? [TUDO GRATUITO] #investimentos,2022-12-11,2026-04-04,4,melhores bancos para menor de 18 anos,74,25
QU0j2KCQWlk,QUAL A MELHOR CONTA EM BANCO PARA MENOR DE IDADE? [TUDO GRATUITO] #investimentos,2022-12-11,2026-04-04,5,contas para menores de idade,32,13
QU0j2KCQWlk,QUAL A MELHOR CONTA EM BANCO PARA MENOR DE IDADE? [TUDO GRATUITO] #investimentos,2022-12-11,2026-04-04,6,banco para menor de 18 anos sem autorização dos pais,23,8
QU0j2KCQWlk,QUAL A MELHOR CONTA EM BANCO PARA MENOR DE IDADE? [TUDO GRATUITO] #investimentos,2022-12-11,2026-04-04,7,conta para menor de 18 anos,20,9
QU0j2KCQWlk,QUAL A MELHOR CONTA EM BANCO PARA MENOR DE IDADE? [TUDO GRATUITO] #investimentos,2022-12-11,2026-04-04,8,pix para menor de 18 anos,13,2
QU0j2KCQWlk,QUAL A MELHOR CONTA EM BANCO PARA MENOR DE IDADE? [TUDO GRATUITO] #investimentos,2022-12-11,2026-04-04,9,melhor banco digital,12,2
QU0j2KCQWlk,QUAL A MELHOR CONTA EM BANCO PARA MENOR DE IDADE? [TUDO GRATUITO] #investimentos,2022-12-11,2026-04-04,10,conta bancaria para menor de 18 anos,11,4
QU0j2KCQWlk,QUAL A MELHOR CONTA EM BANCO PARA MENOR DE IDADE? [TUDO GRATUITO] #investimentos,2022-12-11,2026-04-04,11,cartão para negativado,5,10
QU0j2KCQWlk,QUAL A MELHOR CONTA EM BANCO PARA MENOR DE IDADE? [TUDO GRATUITO] #investimentos,2022-12-11,2026-04-04,12,melhores bancos para investir,5,0
QU0j2KCQWlk,QUAL A MELHOR CONTA EM BANCO PARA MENOR DE IDADE? [TUDO GRATUITO] #investimentos,2022-12-11,2026-04-04,13,banco para de menor,4,0
QU0j2KCQWlk,QUAL A MELHOR CONTA EM BANCO PARA MENOR DE IDADE? [TUDO GRATUITO] #investimentos,2022-12-11,2026-04-04,14,bancos para menor de 18 anos sem autorização dos pais,3,0
QU0j2KCQWlk,QUAL A MELHOR CONTA EM BANCO PARA MENOR DE IDADE? [TUDO GRATUITO] #investimentos,2022-12-11,2026-04-04,15,conta de banco para menor de 18,3,0
QU0j2KCQWlk,QUAL A MELHOR CONTA EM BANCO PARA MENOR DE IDADE? [TUDO GRATUITO] #investimentos,2022-12-11,2026-04-04,16,conta digital para menor de 18 anos,3,0
QU0j2KCQWlk,QUAL A MELHOR CONTA EM BANCO PARA MENOR DE IDADE? [TUDO GRATUITO] #investimentos,2022-12-11,2026-04-04,17,conta para menores de 18 anos,3,1
QU0j2KCQWlk,QUAL A MELHOR CONTA EM BANCO PARA MENOR DE IDADE? [TUDO GRATUITO] #investimentos,2022-12-11,2026-04-04,18,melhor banco digital 2026,3,0
QU0j2KCQWlk,QUAL A MELHOR CONTA EM BANCO PARA MENOR DE IDADE? [TUDO GRATUITO] #investimentos,2022-12-11,2026-04-04,19,melhores contas digitais,3,0
QU0j2KCQWlk,QUAL A MELHOR CONTA EM BANCO PARA MENOR DE IDADE? [TUDO GRATUITO] #investimentos,2022-12-11,2026-04-04,20,qual melhor banco digital,3,0
QU0j2KCQWlk,QUAL A MELHOR CONTA EM BANCO PARA MENOR DE IDADE? [TUDO GRATUITO] #investimentos,2022-12-11,2026-04-04,21,bancos para menores de 18 anos,2,0
QU0j2KCQWlk,QUAL A MELHOR CONTA EM BANCO PARA MENOR DE IDADE? [TUDO GRATUITO] #investimentos,2022-12-11,2026-04-04,22,cartão para criança,2,0
QU0j2KCQWlk,QUAL A MELHOR CONTA EM BANCO PARA MENOR DE IDADE? [TUDO GRATUITO] #investimentos,2022-12-11,2026-04-04,23,investimentos para menor de 18 anos,2,0
QU0j2KCQWlk,QUAL A MELHOR CONTA EM BANCO PARA MENOR DE IDADE? [TUDO GRATUITO] #investimentos,2022-12-11,2026-04-04,24,melhor banco para menor de 18,2,0
QU0j2KCQWlk,QUAL A MELHOR CONTA EM BANCO PARA MENOR DE IDADE? [TUDO GRATUITO] #investimentos,2022-12-11,2026-04-04,25,banco do carona,1,0
SRAL8DZOMbM,C6 vai te cobrar TAXA! #C6 #C6BANK #INVESTIMENTOS,2023-02-28,2026-04-04,1,c6 bank,42,16
SRAL8DZOMbM,C6 vai te cobrar TAXA! #C6 #C6BANK #INVESTIMENTOS,2023-02-28,2026-04-04,2,tarifa manutenção cp c6 bank,19,8
SRAL8DZOMbM,C6 vai te cobrar TAXA! #C6 #C6BANK #INVESTIMENTOS,2023-02-28,2026-04-04,3,c6 bank vale a pena,11,3
SRAL8DZOMbM,C6 vai te cobrar TAXA! #C6 #C6BANK #INVESTIMENTOS,2023-02-28,2026-04-04,4,banco c6 bank,5,2
SRAL8DZOMbM,C6 vai te cobrar TAXA! #C6 #C6BANK #INVESTIMENTOS,2023-02-28,2026-04-04,5,c6 bank cartao de credito,4,1
SRAL8DZOMbM,C6 vai te cobrar TAXA! #C6 #C6BANK #INVESTIMENTOS,2023-02-28,2026-04-04,6,c6 bank investimento,3,1
SRAL8DZOMbM,C6 vai te cobrar TAXA! #C6 #C6BANK #INVESTIMENTOS,2023-02-28,2026-04-04,7,tag c6 bank,3,0
SRAL8DZOMbM,C6 vai te cobrar TAXA! #C6 #C6BANK #INVESTIMENTOS,2023-02-28,2026-04-04,8,taxas,2,0
SRAL8DZOMbM,C6 vai te cobrar TAXA! #C6 #C6BANK #INVESTIMENTOS,2023-02-28,2026-04-04,9,banco c6 bank é bom,1,0
SRAL8DZOMbM,C6 vai te cobrar TAXA! #C6 #C6BANK #INVESTIMENTOS,2023-02-28,2026-04-04,10,c 6,1,0
SRAL8DZOMbM,C6 vai te cobrar TAXA! #C6 #C6BANK #INVESTIMENTOS,2023-02-28,2026-04-04,11,c6 atomos,1,0
SRAL8DZOMbM,C6 vai te cobrar TAXA! #C6 #C6BANK #INVESTIMENTOS,2023-02-28,2026-04-04,12,c6bank,1,0
SRAL8DZOMbM,C6 vai te cobrar TAXA! #C6 #C6BANK #INVESTIMENTOS,2023-02-28,2026-04-04,13,cheri cheri lady,1,0
SRAL8DZOMbM,C6 vai te cobrar TAXA! #C6 #C6BANK #INVESTIMENTOS,2023-02-28,2026-04-04,14,como desativar tarifa do c6 bank,1,0
SRAL8DZOMbM,C6 vai te cobrar TAXA! #C6 #C6BANK #INVESTIMENTOS,2023-02-28,2026-04-04,15,conta c6 bank vale a pena,1,0
SRAL8DZOMbM,C6 vai te cobrar TAXA! #C6 #C6BANK #INVESTIMENTOS,2023-02-28,2026-04-04,16,tarifa de manutenção c6,1,0
_TLq_UyTZTI,PIX POR APROXIMAÇÃO NÃO FUNCIONA no IPHONE #pix,2025-02-28,2026-04-04,1,pix por aproximação,368,52
_TLq_UyTZTI,PIX POR APROXIMAÇÃO NÃO FUNCIONA no IPHONE #pix,2025-02-28,2026-04-04,2,pix aproximação,25,3
_TLq_UyTZTI,PIX POR APROXIMAÇÃO NÃO FUNCIONA no IPHONE #pix,2025-02-28,2026-04-04,3,nfc do iphone nao funciona,18,2
_TLq_UyTZTI,PIX POR APROXIMAÇÃO NÃO FUNCIONA no IPHONE #pix,2025-02-28,2026-04-04,4,pix no samsung wallet,13,3
_TLq_UyTZTI,PIX POR APROXIMAÇÃO NÃO FUNCIONA no IPHONE #pix,2025-02-28,2026-04-04,5,pix por aproximação como fazer,13,2
_TLq_UyTZTI,PIX POR APROXIMAÇÃO NÃO FUNCIONA no IPHONE #pix,2025-02-28,2026-04-04,6,apple pay nao funciona,10,0
_TLq_UyTZTI,PIX POR APROXIMAÇÃO NÃO FUNCIONA no IPHONE #pix,2025-02-28,2026-04-04,7,como pagar com pix na apple store,9,0
_TLq_UyTZTI,PIX POR APROXIMAÇÃO NÃO FUNCIONA no IPHONE #pix,2025-02-28,2026-04-04,8,pix por aproximação iphone,7,1
_TLq_UyTZTI,PIX POR APROXIMAÇÃO NÃO FUNCIONA no IPHONE #pix,2025-02-28,2026-04-04,9,samsung wallet pix,7,0
_TLq_UyTZTI,PIX POR APROXIMAÇÃO NÃO FUNCIONA no IPHONE #pix,2025-02-28,2026-04-04,10,como pagar por aproximação do celular iphone,6,0
_TLq_UyTZTI,PIX POR APROXIMAÇÃO NÃO FUNCIONA no IPHONE #pix,2025-02-28,2026-04-04,11,pix ou presente 2,6,1
_TLq_UyTZTI,PIX POR APROXIMAÇÃO NÃO FUNCIONA no IPHONE #pix,2025-02-28,2026-04-04,12,pix por aproximação samsung wallet,6,1
_TLq_UyTZTI,PIX POR APROXIMAÇÃO NÃO FUNCIONA no IPHONE #pix,2025-02-28,2026-04-04,13,como pagar no pix apple store,5,0
_TLq_UyTZTI,PIX POR APROXIMAÇÃO NÃO FUNCIONA no IPHONE #pix,2025-02-28,2026-04-04,14,pix pix,5,0
_TLq_UyTZTI,PIX POR APROXIMAÇÃO NÃO FUNCIONA no IPHONE #pix,2025-02-28,2026-04-04,15,aproximacao iphone nao funciona,4,0
_TLq_UyTZTI,PIX POR APROXIMAÇÃO NÃO FUNCIONA no IPHONE #pix,2025-02-28,2026-04-04,16,como comprar na apple store com pix,4,0
_TLq_UyTZTI,PIX POR APROXIMAÇÃO NÃO FUNCIONA no IPHONE #pix,2025-02-28,2026-04-04,17,como colocar metodo de pagamento pix no iphone,3,0
_TLq_UyTZTI,PIX POR APROXIMAÇÃO NÃO FUNCIONA no IPHONE #pix,2025-02-28,2026-04-04,18,como funciona o pix por aproximação,3,0
_TLq_UyTZTI,PIX POR APROXIMAÇÃO NÃO FUNCIONA no IPHONE #pix,2025-02-28,2026-04-04,19,como pagar com pix no iphone,3,0
_TLq_UyTZTI,PIX POR APROXIMAÇÃO NÃO FUNCIONA no IPHONE #pix,2025-02-28,2026-04-04,20,paga o pix pix pix,3,0
_TLq_UyTZTI,PIX POR APROXIMAÇÃO NÃO FUNCIONA no IPHONE #pix,2025-02-28,2026-04-04,21,pagando por aproximação com celular,3,0
_TLq_UyTZTI,PIX POR APROXIMAÇÃO NÃO FUNCIONA no IPHONE #pix,2025-02-28,2026-04-04,22,apple watch ultra 3,2,0
_TLq_UyTZTI,PIX POR APROXIMAÇÃO NÃO FUNCIONA no IPHONE #pix,2025-02-28,2026-04-04,23,aproximação,2,0
_TLq_UyTZTI,PIX POR APROXIMAÇÃO NÃO FUNCIONA no IPHONE #pix,2025-02-28,2026-04-04,24,celular do pix,2,0
_TLq_UyTZTI,PIX POR APROXIMAÇÃO NÃO FUNCIONA no IPHONE #pix,2025-02-28,2026-04-04,25,de pix,2,0
9Jt4U0uhd_U,SOUSMILE FUNCIONA? APARELHO INVISÍVEL VALE A PENA?No meio do TRATAMENTO O QUE MUDOU?(ANTES E DEPOIS),2021-12-19,2026-04-04,1,sousmile,14,24
9Jt4U0uhd_U,SOUSMILE FUNCIONA? APARELHO INVISÍVEL VALE A PENA?No meio do TRATAMENTO O QUE MUDOU?(ANTES E DEPOIS),2021-12-19,2026-04-04,2,sousmile antes e depois,6,15
ce854DDtEaw,BANCO NEXT VS. BANCO INTER: INTER ou NEXT? NEXT é bom? Banco INTER vale a pena? Melhor conta digital,2019-12-24,2026-04-04,1,banco next,5,7
oy4WKglYcjc,COMO CALCULAR O PREÇO MÉDIO? O QUE É PREÇO MÉDIO DE UMA AÇÃO NA BOLSA DE VALORES?,2020-07-04,2026-04-04,1,como calcular o preço medio das ações,1,0
nSQELM25nU8,IRBR3 LOUISE BARSI REVELA SE VAI SUBSCREVER FOLLOW ON IBR BRASIL (IRBR3)?,2022-09-01,2026-04-04,1,follow on,2,0
QKOeeYXAHWo,PIX VAI MUDAR! Entenda,2024-10-16,2026-04-04,1,nova pagamentos,44,7
QKOeeYXAHWo,PIX VAI MUDAR! Entenda,2024-10-16,2026-04-04,2,mudança no pix,5,1
QKOeeYXAHWo,PIX VAI MUDAR! Entenda,2024-10-16,2026-04-04,3,o que aconteceu com o pix,4,0
QKOeeYXAHWo,PIX VAI MUDAR! Entenda,2024-10-16,2026-04-04,4,pix,4,0
QKOeeYXAHWo,PIX VAI MUDAR! Entenda,2024-10-16,2026-04-04,5,pix pix pix,4,0
QKOeeYXAHWo,PIX VAI MUDAR! Entenda,2024-10-16,2026-04-04,6,pix vai acabar,4,0
QKOeeYXAHWo,PIX VAI MUDAR! Entenda,2024-10-16,2026-04-04,7,o que esta acontecendo com o pix,3,0
QKOeeYXAHWo,PIX VAI MUDAR! Entenda,2024-10-16,2026-04-04,8,vai ter que mudar,2,0
QKOeeYXAHWo,PIX VAI MUDAR! Entenda,2024-10-16,2026-04-04,9,bolsa família 2026,1,0
QKOeeYXAHWo,PIX VAI MUDAR! Entenda,2024-10-16,2026-04-04,10,como trocar dinheiro por pix,1,0
QKOeeYXAHWo,PIX VAI MUDAR! Entenda,2024-10-16,2026-04-04,11,o pix vai acabar,1,0
QKOeeYXAHWo,PIX VAI MUDAR! Entenda,2024-10-16,2026-04-04,12,o que é oscilação no pix,1,0
QKOeeYXAHWo,PIX VAI MUDAR! Entenda,2024-10-16,2026-04-04,13,pix ou presente 2,1,0
QKOeeYXAHWo,PIX VAI MUDAR! Entenda,2024-10-16,2026-04-04,14,pix pix,1,0
QKOeeYXAHWo,PIX VAI MUDAR! Entenda,2024-10-16,2026-04-04,15,pixote,1,0
QKOeeYXAHWo,PIX VAI MUDAR! Entenda,2024-10-16,2026-04-04,16,primeiro o pix,1,0
QKOeeYXAHWo,PIX VAI MUDAR! Entenda,2024-10-16,2026-04-04,17,vai mudar,1,0
QKOeeYXAHWo,PIX VAI MUDAR! Entenda,2024-10-16,2026-04-04,18,what is pix,1,0
Zb1EZCtsuQw,BANCO NEXT PERGUNTAS E RESPOSTAS ll - BANCO NEXT VALE A PENA? NEXT É BOM? BANCO NEXT COMO FUNCIONA?,2020-05-24,2026-04-04,1,banco next vale a pena,1,0
xzS0TQlEu2E,SOUSMILE FUNCIONA? QUANTO CUSTA APARELHO INVISÍVEL? |  APARELHO SOUSMILE O MELHOR INVESTIMENTO,2021-03-18,2026-04-04,1,sousmile,3,11
9B7jEAm-96g,DIVIDENDOS SINTÉTICOS com OPÇÕES| Tecnica SECRETA dos BARSI,2022-03-21,2026-04-04,1,dividendos sinteticos,7,19
9B7jEAm-96g,DIVIDENDOS SINTÉTICOS com OPÇÕES| Tecnica SECRETA dos BARSI,2022-03-21,2026-04-04,2,dividendos sinteticos com opções,1,0
