video_id,origem,origem_pt,views,minutos
aDL4MMF6AnE,SHORTS,Feed do Shorts,4446890,940980
aDL4MMF6AnE,YT_SEARCH,Pesquisa do YouTube,3476633,733568
aDL4MMF6AnE,YT_OTHER_PAGE,Outras páginas do YouTube,43862,10256
aDL4MMF6AnE,SUBSCRIBER,Inscritos (feed/sino),28402,8232
aDL4MMF6AnE,EXT_URL,Externo,9762,2984
aDL4MMF6AnE,HASHTAGS,Hashtags,2228,738
aDL4MMF6AnE,YT_CHANNEL,Página do canal,1741,448
aDL4MMF6AnE,RELATED_VIDEO,Vídeos sugeridos (Recomendados),1282,512
aDL4MMF6AnE,PLAYLIST,Playlists,826,188
aDL4MMF6AnE,NO_LINK_OTHER,Direto ou desconhecido,644,180
aDL4MMF6AnE,SOUND_PAGE,Página de áudio,282,100
aDL4MMF6AnE,NOTIFICATION,Notificações,220,149
aDL4MMF6AnE,VIDEO_REMIXES,Remixes,85,16
aDL4MMF6AnE,SHORTS_CONTENT_LINKS,SHORTS_CONTENT_LINKS,21,11
aDL4MMF6AnE,IMMERSIVE_LIVE,Live imersiva,6,0
T956DmDdPDU,YT_SEARCH,Pesquisa do YouTube,388926,1274439
T956DmDdPDU,RELATED_VIDEO,Vídeos sugeridos (Recomendados),37969,107040
T956DmDdPDU,EXT_URL,Externo,24600,86063
T956DmDdPDU,SUBSCRIBER,Inscritos (feed/sino),23400,57756
T956DmDdPDU,YT_OTHER_PAGE,Outras páginas do YouTube,5191,17930
T956DmDdPDU,YT_CHANNEL,Página do canal,4227,9506
T956DmDdPDU,NO_LINK_OTHER,Direto ou desconhecido,3558,9844
T956DmDdPDU,END_SCREEN,Tela final,1843,5301
T956DmDdPDU,ANNOTATION,Cards/anotações,964,2696
T956DmDdPDU,PLAYLIST,Playlists,796,1989
T956DmDdPDU,NOTIFICATION,Notificações,788,702
T956DmDdPDU,HASHTAGS,Hashtags,25,20
T956DmDdPDU,ADVERTISING,Anúncios,2,0
PoY4WqA1k5Q,SUBSCRIBER,Inscritos (feed/sino),178334,568474
PoY4WqA1k5Q,RELATED_VIDEO,Vídeos sugeridos (Recomendados),20540,104260
PoY4WqA1k5Q,YT_SEARCH,Pesquisa do YouTube,15796,66269
PoY4WqA1k5Q,EXT_URL,Externo,3412,11699
PoY4WqA1k5Q,YT_OTHER_PAGE,Outras páginas do YouTube,2385,17066
PoY4WqA1k5Q,NO_LINK_OTHER,Direto ou desconhecido,1669,6034
PoY4WqA1k5Q,YT_CHANNEL,Página do canal,680,3861
PoY4WqA1k5Q,NOTIFICATION,Notificações,585,4409
PoY4WqA1k5Q,END_SCREEN,Tela final,510,3586
PoY4WqA1k5Q,PLAYLIST,Playlists,273,2102
PoY4WqA1k5Q,ADVERTISING,Anúncios,23,109
PoY4WqA1k5Q,HASHTAGS,Hashtags,2,1
_WHHib_xvJ4,YT_SEARCH,Pesquisa do YouTube,169638,58020
_WHHib_xvJ4,SHORTS,Feed do Shorts,14137,2489
_WHHib_xvJ4,SUBSCRIBER,Inscritos (feed/sino),8395,3107
_WHHib_xvJ4,YT_CHANNEL,Página do canal,1245,354
_WHHib_xvJ4,EXT_URL,Externo,705,290
_WHHib_xvJ4,YT_OTHER_PAGE,Outras páginas do YouTube,556,226
_WHHib_xvJ4,NOTIFICATION,Notificações,396,141
_WHHib_xvJ4,RELATED_VIDEO,Vídeos sugeridos (Recomendados),62,28
_WHHib_xvJ4,HASHTAGS,Hashtags,56,16
_WHHib_xvJ4,PLAYLIST,Playlists,15,6
_WHHib_xvJ4,NO_LINK_OTHER,Direto ou desconhecido,11,7
_WHHib_xvJ4,SOUND_PAGE,Página de áudio,1,0
_I5dFQ6mvK0,EXT_URL,Externo,69373,129174
_I5dFQ6mvK0,YT_SEARCH,Pesquisa do YouTube,48649,216206
_I5dFQ6mvK0,SUBSCRIBER,Inscritos (feed/sino),15702,64653
_I5dFQ6mvK0,RELATED_VIDEO,Vídeos sugeridos (Recomendados),8146,42705
_I5dFQ6mvK0,YT_OTHER_PAGE,Outras páginas do YouTube,1536,10176
_I5dFQ6mvK0,NOTIFICATION,Notificações,1333,7683
_I5dFQ6mvK0,YT_CHANNEL,Página do canal,824,3944
_I5dFQ6mvK0,NO_LINK_OTHER,Direto ou desconhecido,726,2802
_I5dFQ6mvK0,PLAYLIST,Playlists,202,993
_I5dFQ6mvK0,ANNOTATION,Cards/anotações,49,224
_I5dFQ6mvK0,END_SCREEN,Tela final,38,224
_I5dFQ6mvK0,HASHTAGS,Hashtags,14,69
vZ_8A1FYxgo,SHORTS,Feed do Shorts,133905,11383
vZ_8A1FYxgo,YT_SEARCH,Pesquisa do YouTube,5288,462
vZ_8A1FYxgo,YT_CHANNEL,Página do canal,2390,236
vZ_8A1FYxgo,NOTIFICATION,Notificações,691,84
vZ_8A1FYxgo,SUBSCRIBER,Inscritos (feed/sino),622,72
vZ_8A1FYxgo,HASHTAGS,Hashtags,265,22
vZ_8A1FYxgo,YT_OTHER_PAGE,Outras páginas do YouTube,246,25
vZ_8A1FYxgo,EXT_URL,Externo,187,22
vZ_8A1FYxgo,SOUND_PAGE,Página de áudio,25,3
vZ_8A1FYxgo,PLAYLIST,Playlists,9,0
vZ_8A1FYxgo,RELATED_VIDEO,Vídeos sugeridos (Recomendados),3,0
vZ_8A1FYxgo,NO_LINK_OTHER,Direto ou desconhecido,2,0
1EGx_IxWSbo,YT_SEARCH,Pesquisa do YouTube,122547,333780
1EGx_IxWSbo,EXT_URL,Externo,9961,36396
1EGx_IxWSbo,SUBSCRIBER,Inscritos (feed/sino),2730,8293
1EGx_IxWSbo,YT_OTHER_PAGE,Outras páginas do YouTube,1384,6136
1EGx_IxWSbo,RELATED_VIDEO,Vídeos sugeridos (Recomendados),979,3865
1EGx_IxWSbo,NO_LINK_OTHER,Direto ou desconhecido,840,2174
1EGx_IxWSbo,END_SCREEN,Tela final,677,2518
1EGx_IxWSbo,YT_CHANNEL,Página do canal,579,2071
1EGx_IxWSbo,NOTIFICATION,Notificações,302,1272
1EGx_IxWSbo,PLAYLIST,Playlists,166,600
1EGx_IxWSbo,ADVERTISING,Anúncios,11,33
-b6Jdl4zFKg,SHORTS,Feed do Shorts,107586,12023
-b6Jdl4zFKg,SUBSCRIBER,Inscritos (feed/sino),6893,1075
-b6Jdl4zFKg,YT_SEARCH,Pesquisa do YouTube,3210,372
-b6Jdl4zFKg,EXT_URL,Externo,1666,309
-b6Jdl4zFKg,NOTIFICATION,Notificações,662,112
-b6Jdl4zFKg,YT_CHANNEL,Página do canal,481,76
-b6Jdl4zFKg,YT_OTHER_PAGE,Outras páginas do YouTube,441,56
-b6Jdl4zFKg,RELATED_VIDEO,Vídeos sugeridos (Recomendados),54,9
-b6Jdl4zFKg,HASHTAGS,Hashtags,47,6
-b6Jdl4zFKg,PLAYLIST,Playlists,22,4
-b6Jdl4zFKg,SOUND_PAGE,Página de áudio,16,1
-b6Jdl4zFKg,NO_LINK_OTHER,Direto ou desconhecido,4,0
_TLq_UyTZTI,SHORTS,Feed do Shorts,96526,29771
_TLq_UyTZTI,YT_SEARCH,Pesquisa do YouTube,20793,3506
_TLq_UyTZTI,YT_OTHER_PAGE,Outras páginas do YouTube,908,275
_TLq_UyTZTI,YT_CHANNEL,Página do canal,684,115
_TLq_UyTZTI,SUBSCRIBER,Inscritos (feed/sino),362,105
_TLq_UyTZTI,NOTIFICATION,Notificações,111,50
_TLq_UyTZTI,EXT_URL,Externo,65,21
_TLq_UyTZTI,HASHTAGS,Hashtags,47,7
_TLq_UyTZTI,NO_LINK_OTHER,Direto ou desconhecido,12,2
_TLq_UyTZTI,RELATED_VIDEO,Vídeos sugeridos (Recomendados),10,2
_TLq_UyTZTI,PLAYLIST,Playlists,6,1
ADn4VZs6M1k,YT_SEARCH,Pesquisa do YouTube,46572,257121
ADn4VZs6M1k,RELATED_VIDEO,Vídeos sugeridos (Recomendados),42500,200677
ADn4VZs6M1k,SUBSCRIBER,Inscritos (feed/sino),6462,26519
ADn4VZs6M1k,EXT_URL,Externo,3353,17911
ADn4VZs6M1k,YT_OTHER_PAGE,Outras páginas do YouTube,2008,11020
ADn4VZs6M1k,YT_CHANNEL,Página do canal,1577,7063
ADn4VZs6M1k,NO_LINK_OTHER,Direto ou desconhecido,1051,4443
ADn4VZs6M1k,PLAYLIST,Playlists,888,4410
ADn4VZs6M1k,ANNOTATION,Cards/anotações,882,4097
ADn4VZs6M1k,NOTIFICATION,Notificações,64,119
ADn4VZs6M1k,END_SCREEN,Tela final,49,240
ADn4VZs6M1k,HASHTAGS,Hashtags,2,0
9tn6b8FaE24,YT_SEARCH,Pesquisa do YouTube,70492,54605
9tn6b8FaE24,SHORTS,Feed do Shorts,6053,2165
9tn6b8FaE24,SUBSCRIBER,Inscritos (feed/sino),5196,4022
9tn6b8FaE24,YT_CHANNEL,Página do canal,1195,730
9tn6b8FaE24,YT_OTHER_PAGE,Outras páginas do YouTube,297,191
9tn6b8FaE24,NOTIFICATION,Notificações,256,208
9tn6b8FaE24,EXT_URL,Externo,241,244
9tn6b8FaE24,NO_LINK_OTHER,Direto ou desconhecido,4,1
9tn6b8FaE24,RELATED_VIDEO,Vídeos sugeridos (Recomendados),3,2
9tn6b8FaE24,PLAYLIST,Playlists,3,1
9tn6b8FaE24,SOUND_PAGE,Página de áudio,2,1
Dx48rShFJr8,SUBSCRIBER,Inscritos (feed/sino),54925,302826
Dx48rShFJr8,RELATED_VIDEO,Vídeos sugeridos (Recomendados),18856,135664
Dx48rShFJr8,YT_SEARCH,Pesquisa do YouTube,4480,26220
Dx48rShFJr8,YT_OTHER_PAGE,Outras páginas do YouTube,1627,13125
Dx48rShFJr8,NO_LINK_OTHER,Direto ou desconhecido,1267,5290
Dx48rShFJr8,YT_CHANNEL,Página do canal,552,4518
Dx48rShFJr8,EXT_URL,Externo,526,2741
Dx48rShFJr8,SHORTS_CONTENT_LINKS,SHORTS_CONTENT_LINKS,409,392
Dx48rShFJr8,PLAYLIST,Playlists,295,2744
Dx48rShFJr8,NOTIFICATION,Notificações,287,2204
Dx48rShFJr8,END_SCREEN,Tela final,185,1761
Dx48rShFJr8,SHORTS,Feed do Shorts,0,0
QjiF99_cINk,SUBSCRIBER,Inscritos (feed/sino),43534,244062
QjiF99_cINk,RELATED_VIDEO,Vídeos sugeridos (Recomendados),15614,139590
QjiF99_cINk,YT_SEARCH,Pesquisa do YouTube,11812,74818
QjiF99_cINk,END_SCREEN,Tela final,5001,51443
QjiF99_cINk,NO_LINK_OTHER,Direto ou desconhecido,2282,13780
QjiF99_cINk,YT_OTHER_PAGE,Outras páginas do YouTube,1973,17704
QjiF99_cINk,EXT_URL,Externo,856,5532
QjiF99_cINk,YT_CHANNEL,Página do canal,574,4941
QjiF99_cINk,PLAYLIST,Playlists,425,3726
QjiF99_cINk,NOTIFICATION,Notificações,128,861
QjiF99_cINk,SHORTS_CONTENT_LINKS,SHORTS_CONTENT_LINKS,59,237
QjiF99_cINk,ANNOTATION,Cards/anotações,1,17
QjiF99_cINk,HASHTAGS,Hashtags,1,0
SsZAITSAR6s,YT_SEARCH,Pesquisa do YouTube,59382,135658
SsZAITSAR6s,EXT_URL,Externo,16383,42508
SsZAITSAR6s,NO_LINK_OTHER,Direto ou desconhecido,1226,2539
SsZAITSAR6s,YT_OTHER_PAGE,Outras páginas do YouTube,1089,3482
SsZAITSAR6s,SUBSCRIBER,Inscritos (feed/sino),938,2398
SsZAITSAR6s,YT_CHANNEL,Página do canal,725,2559
SsZAITSAR6s,ANNOTATION,Cards/anotações,605,1769
SsZAITSAR6s,RELATED_VIDEO,Vídeos sugeridos (Recomendados),318,793
SsZAITSAR6s,PLAYLIST,Playlists,182,602
SsZAITSAR6s,NOTIFICATION,Notificações,47,71
SsZAITSAR6s,HASHTAGS,Hashtags,4,5
Q1WMbZZn2Ik,YT_SEARCH,Pesquisa do YouTube,57527,18288
Q1WMbZZn2Ik,SHORTS,Feed do Shorts,11504,1972
Q1WMbZZn2Ik,SUBSCRIBER,Inscritos (feed/sino),3596,1351
Q1WMbZZn2Ik,YT_CHANNEL,Página do canal,1169,293
Q1WMbZZn2Ik,YT_OTHER_PAGE,Outras páginas do YouTube,296,85
Q1WMbZZn2Ik,EXT_URL,Externo,228,113
Q1WMbZZn2Ik,NOTIFICATION,Notificações,150,50
Q1WMbZZn2Ik,HASHTAGS,Hashtags,62,16
Q1WMbZZn2Ik,SOUND_PAGE,Página de áudio,7,0
Q1WMbZZn2Ik,RELATED_VIDEO,Vídeos sugeridos (Recomendados),6,2
Q1WMbZZn2Ik,PLAYLIST,Playlists,6,1
Q1WMbZZn2Ik,NO_LINK_OTHER,Direto ou desconhecido,2,0
flmY3ta0ClE,YT_SEARCH,Pesquisa do YouTube,54169,38672
flmY3ta0ClE,SHORTS,Feed do Shorts,16228,11208
flmY3ta0ClE,EXT_URL,Externo,2518,2152
flmY3ta0ClE,SUBSCRIBER,Inscritos (feed/sino),541,417
flmY3ta0ClE,YT_OTHER_PAGE,Outras páginas do YouTube,327,234
flmY3ta0ClE,NOTIFICATION,Notificações,237,299
flmY3ta0ClE,YT_CHANNEL,Página do canal,199,143
flmY3ta0ClE,RELATED_VIDEO,Vídeos sugeridos (Recomendados),122,118
flmY3ta0ClE,SOUND_PAGE,Página de áudio,42,22
flmY3ta0ClE,PLAYLIST,Playlists,36,27
flmY3ta0ClE,NO_LINK_OTHER,Direto ou desconhecido,23,17
flmY3ta0ClE,HASHTAGS,Hashtags,10,3
bStv54OaC_8,YT_SEARCH,Pesquisa do YouTube,60700,134072
bStv54OaC_8,EXT_URL,Externo,5016,14629
bStv54OaC_8,RELATED_VIDEO,Vídeos sugeridos (Recomendados),3576,10159
bStv54OaC_8,SUBSCRIBER,Inscritos (feed/sino),1682,4041
bStv54OaC_8,YT_OTHER_PAGE,Outras páginas do YouTube,1283,3810
bStv54OaC_8,NO_LINK_OTHER,Direto ou desconhecido,355,709
bStv54OaC_8,NOTIFICATION,Notificações,345,1051
bStv54OaC_8,YT_CHANNEL,Página do canal,338,1003
bStv54OaC_8,PLAYLIST,Playlists,170,492
bStv54OaC_8,ANNOTATION,Cards/anotações,119,307
bStv54OaC_8,END_SCREEN,Tela final,11,32
bStv54OaC_8,HASHTAGS,Hashtags,8,15
XBJqP2JTkkQ,YT_SEARCH,Pesquisa do YouTube,39958,13776
XBJqP2JTkkQ,SHORTS,Feed do Shorts,19462,7881
XBJqP2JTkkQ,SUBSCRIBER,Inscritos (feed/sino),5337,2303
XBJqP2JTkkQ,NOTIFICATION,Notificações,554,479
XBJqP2JTkkQ,RELATED_VIDEO,Vídeos sugeridos (Recomendados),482,250
XBJqP2JTkkQ,YT_OTHER_PAGE,Outras páginas do YouTube,345,103
XBJqP2JTkkQ,YT_CHANNEL,Página do canal,227,80
XBJqP2JTkkQ,EXT_URL,Externo,219,80
XBJqP2JTkkQ,PLAYLIST,Playlists,88,19
XBJqP2JTkkQ,HASHTAGS,Hashtags,58,25
XBJqP2JTkkQ,SOUND_PAGE,Página de áudio,30,6
XBJqP2JTkkQ,NO_LINK_OTHER,Direto ou desconhecido,11,2
V68Hd157uac,YT_SEARCH,Pesquisa do YouTube,54547,111740
V68Hd157uac,EXT_URL,Externo,6813,21137
V68Hd157uac,RELATED_VIDEO,Vídeos sugeridos (Recomendados),2383,6155
V68Hd157uac,SUBSCRIBER,Inscritos (feed/sino),1094,2891
V68Hd157uac,YT_OTHER_PAGE,Outras páginas do YouTube,670,2100
V68Hd157uac,NOTIFICATION,Notificações,356,1305
V68Hd157uac,NO_LINK_OTHER,Direto ou desconhecido,318,781
V68Hd157uac,YT_CHANNEL,Página do canal,129,424
V68Hd157uac,PLAYLIST,Playlists,67,203
V68Hd157uac,HASHTAGS,Hashtags,18,45
V68Hd157uac,END_SCREEN,Tela final,2,5
sZTGSV55keU,YT_SEARCH,Pesquisa do YouTube,56565,97151
sZTGSV55keU,EXT_URL,Externo,4913,13444
sZTGSV55keU,RELATED_VIDEO,Vídeos sugeridos (Recomendados),1414,3566
sZTGSV55keU,SUBSCRIBER,Inscritos (feed/sino),1023,2637
sZTGSV55keU,YT_OTHER_PAGE,Outras páginas do YouTube,835,1953
sZTGSV55keU,NOTIFICATION,Notificações,523,1482
sZTGSV55keU,NO_LINK_OTHER,Direto ou desconhecido,452,987
sZTGSV55keU,YT_CHANNEL,Página do canal,188,545
sZTGSV55keU,PLAYLIST,Playlists,60,150
sZTGSV55keU,ANNOTATION,Cards/anotações,50,95
sZTGSV55keU,HASHTAGS,Hashtags,11,14
sZTGSV55keU,ADVERTISING,Anúncios,2,4
sZTGSV55keU,END_SCREEN,Tela final,1,0
tbKsF2qyakU,YT_SEARCH,Pesquisa do YouTube,46026,18231
tbKsF2qyakU,SHORTS,Feed do Shorts,14803,5234
tbKsF2qyakU,SUBSCRIBER,Inscritos (feed/sino),3771,1697
tbKsF2qyakU,YT_CHANNEL,Página do canal,258,94
tbKsF2qyakU,NOTIFICATION,Notificações,213,112
tbKsF2qyakU,EXT_URL,Externo,212,86
tbKsF2qyakU,YT_OTHER_PAGE,Outras páginas do YouTube,162,63
tbKsF2qyakU,RELATED_VIDEO,Vídeos sugeridos (Recomendados),159,64
tbKsF2qyakU,PLAYLIST,Playlists,45,11
tbKsF2qyakU,SOUND_PAGE,Página de áudio,41,10
tbKsF2qyakU,NO_LINK_OTHER,Direto ou desconhecido,17,3
tbKsF2qyakU,END_SCREEN,Tela final,1,0
tbKsF2qyakU,IMMERSIVE_LIVE,Live imersiva,0,0
Y4WHQiKcv1g,YT_SEARCH,Pesquisa do YouTube,26783,141633
Y4WHQiKcv1g,SUBSCRIBER,Inscritos (feed/sino),22823,106965
Y4WHQiKcv1g,RELATED_VIDEO,Vídeos sugeridos (Recomendados),6384,45693
Y4WHQiKcv1g,YT_OTHER_PAGE,Outras páginas do YouTube,1403,10502
Y4WHQiKcv1g,END_SCREEN,Tela final,1367,12449
Y4WHQiKcv1g,NO_LINK_OTHER,Direto ou desconhecido,1119,4407
Y4WHQiKcv1g,EXT_URL,Externo,803,4972
Y4WHQiKcv1g,YT_CHANNEL,Página do canal,392,3041
Y4WHQiKcv1g,PLAYLIST,Playlists,271,1915
Y4WHQiKcv1g,NOTIFICATION,Notificações,163,1137
Y4WHQiKcv1g,SHORTS_CONTENT_LINKS,SHORTS_CONTENT_LINKS,38,64
Y4WHQiKcv1g,HASHTAGS,Hashtags,24,113
HJRqnCA4ra0,YT_SEARCH,Pesquisa do YouTube,51019,185666
HJRqnCA4ra0,SUBSCRIBER,Inscritos (feed/sino),2997,10131
HJRqnCA4ra0,RELATED_VIDEO,Vídeos sugeridos (Recomendados),2081,7603
HJRqnCA4ra0,EXT_URL,Externo,1178,4231
HJRqnCA4ra0,YT_OTHER_PAGE,Outras páginas do YouTube,758,3327
HJRqnCA4ra0,NO_LINK_OTHER,Direto ou desconhecido,595,1330
HJRqnCA4ra0,NOTIFICATION,Notificações,479,1888
HJRqnCA4ra0,PLAYLIST,Playlists,259,853
HJRqnCA4ra0,YT_CHANNEL,Página do canal,251,881
HJRqnCA4ra0,HASHTAGS,Hashtags,11,23
HJRqnCA4ra0,ADVERTISING,Anúncios,2,0
HJRqnCA4ra0,END_SCREEN,Tela final,1,6
0kD4_42HV24,SUBSCRIBER,Inscritos (feed/sino),21070,124525
0kD4_42HV24,RELATED_VIDEO,Vídeos sugeridos (Recomendados),18357,113756
0kD4_42HV24,EXT_URL,Externo,4071,18480
0kD4_42HV24,NOTIFICATION,Notificações,3658,25414
0kD4_42HV24,YT_SEARCH,Pesquisa do YouTube,2926,17569
0kD4_42HV24,ADVERTISING,Anúncios,2086,10470
0kD4_42HV24,YT_CHANNEL,Página do canal,1465,8095
0kD4_42HV24,YT_OTHER_PAGE,Outras páginas do YouTube,1217,9005
0kD4_42HV24,NO_LINK_OTHER,Direto ou desconhecido,554,2207
0kD4_42HV24,PLAYLIST,Playlists,247,1427
0kD4_42HV24,END_SCREEN,Tela final,175,1126
0kD4_42HV24,ANNOTATION,Cards/anotações,153,751
AGg907HZ8bs,SHORTS,Feed do Shorts,51095,3570
AGg907HZ8bs,NOTIFICATION,Notificações,1129,116
AGg907HZ8bs,YT_SEARCH,Pesquisa do YouTube,955,73
AGg907HZ8bs,YT_OTHER_PAGE,Outras páginas do YouTube,585,46
AGg907HZ8bs,YT_CHANNEL,Página do canal,262,19
AGg907HZ8bs,SUBSCRIBER,Inscritos (feed/sino),95,11
AGg907HZ8bs,EXT_URL,Externo,23,1
AGg907HZ8bs,PLAYLIST,Playlists,4,0
AGg907HZ8bs,SOUND_PAGE,Página de áudio,2,0
AGg907HZ8bs,NO_LINK_OTHER,Direto ou desconhecido,1,0
uUY9Jh_qnII,YT_SEARCH,Pesquisa do YouTube,34288,175277
uUY9Jh_qnII,EXT_URL,Externo,12151,62671
uUY9Jh_qnII,RELATED_VIDEO,Vídeos sugeridos (Recomendados),3129,12861
uUY9Jh_qnII,SUBSCRIBER,Inscritos (feed/sino),1524,5643
uUY9Jh_qnII,YT_OTHER_PAGE,Outras páginas do YouTube,899,4988
uUY9Jh_qnII,YT_CHANNEL,Página do canal,876,4545
uUY9Jh_qnII,NO_LINK_OTHER,Direto ou desconhecido,828,3643
uUY9Jh_qnII,PLAYLIST,Playlists,240,1039
uUY9Jh_qnII,NOTIFICATION,Notificações,53,241
uUY9Jh_qnII,ANNOTATION,Cards/anotações,43,180
uUY9Jh_qnII,END_SCREEN,Tela final,7,16
CaOGCAsOLvE,YT_SEARCH,Pesquisa do YouTube,42647,168943
CaOGCAsOLvE,SUBSCRIBER,Inscritos (feed/sino),3902,14694
CaOGCAsOLvE,EXT_URL,Externo,3072,12051
CaOGCAsOLvE,RELATED_VIDEO,Vídeos sugeridos (Recomendados),1472,5819
CaOGCAsOLvE,YT_CHANNEL,Página do canal,716,3077
CaOGCAsOLvE,NO_LINK_OTHER,Direto ou desconhecido,710,2445
CaOGCAsOLvE,YT_OTHER_PAGE,Outras páginas do YouTube,674,4046
CaOGCAsOLvE,PLAYLIST,Playlists,124,611
CaOGCAsOLvE,NOTIFICATION,Notificações,114,335
CaOGCAsOLvE,ANNOTATION,Cards/anotações,109,489
4zHZprjxLu4,YT_SEARCH,Pesquisa do YouTube,41904,135610
4zHZprjxLu4,EXT_URL,Externo,4035,14973
4zHZprjxLu4,RELATED_VIDEO,Vídeos sugeridos (Recomendados),3051,11678
4zHZprjxLu4,SUBSCRIBER,Inscritos (feed/sino),2529,7666
4zHZprjxLu4,YT_OTHER_PAGE,Outras páginas do YouTube,640,3079
4zHZprjxLu4,NO_LINK_OTHER,Direto ou desconhecido,442,975
4zHZprjxLu4,NOTIFICATION,Notificações,257,1139
4zHZprjxLu4,YT_CHANNEL,Página do canal,222,675
4zHZprjxLu4,PLAYLIST,Playlists,69,313
4zHZprjxLu4,HASHTAGS,Hashtags,24,30
4zHZprjxLu4,ADVERTISING,Anúncios,1,8
fDUsjBJQmC4,SUBSCRIBER,Inscritos (feed/sino),38572,224976
fDUsjBJQmC4,RELATED_VIDEO,Vídeos sugeridos (Recomendados),9279,70121
fDUsjBJQmC4,NO_LINK_OTHER,Direto ou desconhecido,1183,5286
fDUsjBJQmC4,YT_OTHER_PAGE,Outras páginas do YouTube,1065,7173
fDUsjBJQmC4,EXT_URL,Externo,1020,5807
fDUsjBJQmC4,YT_SEARCH,Pesquisa do YouTube,768,4261
fDUsjBJQmC4,YT_CHANNEL,Página do canal,391,2822
fDUsjBJQmC4,NOTIFICATION,Notificações,335,2593
fDUsjBJQmC4,PLAYLIST,Playlists,227,1997
fDUsjBJQmC4,END_SCREEN,Tela final,87,729
fDUsjBJQmC4,HASHTAGS,Hashtags,1,10
VWXBzC6-_L0,SUBSCRIBER,Inscritos (feed/sino),24667,74483
VWXBzC6-_L0,YT_SEARCH,Pesquisa do YouTube,16451,62212
VWXBzC6-_L0,EXT_URL,Externo,3566,4958
VWXBzC6-_L0,RELATED_VIDEO,Vídeos sugeridos (Recomendados),3467,15082
VWXBzC6-_L0,YT_CHANNEL,Página do canal,894,2012
VWXBzC6-_L0,YT_OTHER_PAGE,Outras páginas do YouTube,884,4229
VWXBzC6-_L0,NO_LINK_OTHER,Direto ou desconhecido,666,2273
VWXBzC6-_L0,NOTIFICATION,Notificações,594,2780
VWXBzC6-_L0,PLAYLIST,Playlists,117,550
VWXBzC6-_L0,END_SCREEN,Tela final,9,42
vpvA5jH766g,SUBSCRIBER,Inscritos (feed/sino),41942,227412
vpvA5jH766g,RELATED_VIDEO,Vídeos sugeridos (Recomendados),3140,26768
vpvA5jH766g,YT_SEARCH,Pesquisa do YouTube,1399,6438
vpvA5jH766g,YT_OTHER_PAGE,Outras páginas do YouTube,763,6786
vpvA5jH766g,NO_LINK_OTHER,Direto ou desconhecido,604,3415
vpvA5jH766g,NOTIFICATION,Notificações,560,4583
vpvA5jH766g,YT_CHANNEL,Página do canal,437,2786
vpvA5jH766g,EXT_URL,Externo,322,1632
vpvA5jH766g,END_SCREEN,Tela final,305,2477
vpvA5jH766g,PLAYLIST,Playlists,145,1334
vpvA5jH766g,HASHTAGS,Hashtags,3,13
6pnS6s-nEck,SHORTS,Feed do Shorts,45211,7750
6pnS6s-nEck,YT_OTHER_PAGE,Outras páginas do YouTube,1218,201
6pnS6s-nEck,YT_SEARCH,Pesquisa do YouTube,960,150
6pnS6s-nEck,EXT_URL,Externo,596,119
6pnS6s-nEck,NOTIFICATION,Notificações,434,106
6pnS6s-nEck,SUBSCRIBER,Inscritos (feed/sino),316,63
6pnS6s-nEck,YT_CHANNEL,Página do canal,311,41
6pnS6s-nEck,PLAYLIST,Playlists,21,3
6pnS6s-nEck,HASHTAGS,Hashtags,12,1
6pnS6s-nEck,SOUND_PAGE,Página de áudio,11,1
6pnS6s-nEck,NO_LINK_OTHER,Direto ou desconhecido,9,0
6pnS6s-nEck,RELATED_VIDEO,Vídeos sugeridos (Recomendados),9,3
p9wkMT4RV40,SUBSCRIBER,Inscritos (feed/sino),46411,45091
p9wkMT4RV40,RELATED_VIDEO,Vídeos sugeridos (Recomendados),1027,6861
p9wkMT4RV40,YT_SEARCH,Pesquisa do YouTube,325,713
p9wkMT4RV40,NO_LINK_OTHER,Direto ou desconhecido,215,1096
p9wkMT4RV40,YT_OTHER_PAGE,Outras páginas do YouTube,188,1306
p9wkMT4RV40,NOTIFICATION,Notificações,110,614
p9wkMT4RV40,PLAYLIST,Playlists,88,799
p9wkMT4RV40,YT_CHANNEL,Página do canal,71,321
p9wkMT4RV40,EXT_URL,Externo,30,104
OSNXkhCSDb0,SUBSCRIBER,Inscritos (feed/sino),20115,127596
OSNXkhCSDb0,YT_SEARCH,Pesquisa do YouTube,9859,62296
OSNXkhCSDb0,RELATED_VIDEO,Vídeos sugeridos (Recomendados),7045,66967
OSNXkhCSDb0,END_SCREEN,Tela final,2479,28951
OSNXkhCSDb0,YT_OTHER_PAGE,Outras páginas do YouTube,952,8784
OSNXkhCSDb0,NO_LINK_OTHER,Direto ou desconhecido,911,4838
OSNXkhCSDb0,YT_CHANNEL,Página do canal,536,5402
OSNXkhCSDb0,EXT_URL,Externo,500,3487
OSNXkhCSDb0,PLAYLIST,Playlists,251,2538
OSNXkhCSDb0,NOTIFICATION,Notificações,135,1149
OSNXkhCSDb0,SHORTS_CONTENT_LINKS,SHORTS_CONTENT_LINKS,48,122
wYb9_xSNFV8,YT_SEARCH,Pesquisa do YouTube,34237,9962
wYb9_xSNFV8,SHORTS,Feed do Shorts,5628,1144
wYb9_xSNFV8,SUBSCRIBER,Inscritos (feed/sino),1567,620
wYb9_xSNFV8,EXT_URL,Externo,366,137
wYb9_xSNFV8,YT_CHANNEL,Página do canal,298,103
wYb9_xSNFV8,YT_OTHER_PAGE,Outras páginas do YouTube,164,40
wYb9_xSNFV8,NOTIFICATION,Notificações,129,66
wYb9_xSNFV8,HASHTAGS,Hashtags,48,10
wYb9_xSNFV8,SOUND_PAGE,Página de áudio,17,5
wYb9_xSNFV8,NO_LINK_OTHER,Direto ou desconhecido,15,4
wYb9_xSNFV8,RELATED_VIDEO,Vídeos sugeridos (Recomendados),11,3
wYb9_xSNFV8,PLAYLIST,Playlists,7,1
6O3WAZjKAKY,YT_SEARCH,Pesquisa do YouTube,19132,54823
6O3WAZjKAKY,SUBSCRIBER,Inscritos (feed/sino),12725,64038
6O3WAZjKAKY,RELATED_VIDEO,Vídeos sugeridos (Recomendados),6663,29036
6O3WAZjKAKY,NOTIFICATION,Notificações,1289,8046
6O3WAZjKAKY,YT_OTHER_PAGE,Outras páginas do YouTube,677,4032
6O3WAZjKAKY,NO_LINK_OTHER,Direto ou desconhecido,403,1105
6O3WAZjKAKY,YT_CHANNEL,Página do canal,359,1873
6O3WAZjKAKY,EXT_URL,Externo,240,499
6O3WAZjKAKY,END_SCREEN,Tela final,117,757
6O3WAZjKAKY,PLAYLIST,Playlists,93,581
6O3WAZjKAKY,ADVERTISING,Anúncios,8,14
uT2tgrjUvOA,YT_SEARCH,Pesquisa do YouTube,26564,64142
uT2tgrjUvOA,SUBSCRIBER,Inscritos (feed/sino),6651,19360
uT2tgrjUvOA,EXT_URL,Externo,2968,7880
uT2tgrjUvOA,RELATED_VIDEO,Vídeos sugeridos (Recomendados),2316,7637
uT2tgrjUvOA,NOTIFICATION,Notificações,921,3058
uT2tgrjUvOA,YT_OTHER_PAGE,Outras páginas do YouTube,624,1847
uT2tgrjUvOA,NO_LINK_OTHER,Direto ou desconhecido,550,1510
uT2tgrjUvOA,YT_CHANNEL,Página do canal,294,1001
uT2tgrjUvOA,END_SCREEN,Tela final,204,840
uT2tgrjUvOA,PLAYLIST,Playlists,108,332
uT2tgrjUvOA,HASHTAGS,Hashtags,42,93
uT2tgrjUvOA,ADVERTISING,Anúncios,1,4
aYQbBXHy0Y0,YT_SEARCH,Pesquisa do YouTube,33586,202102
aYQbBXHy0Y0,SUBSCRIBER,Inscritos (feed/sino),1722,9795
aYQbBXHy0Y0,RELATED_VIDEO,Vídeos sugeridos (Recomendados),1565,9275
aYQbBXHy0Y0,YT_OTHER_PAGE,Outras páginas do YouTube,1491,10846
aYQbBXHy0Y0,EXT_URL,Externo,859,5155
aYQbBXHy0Y0,NOTIFICATION,Notificações,568,3395
aYQbBXHy0Y0,NO_LINK_OTHER,Direto ou desconhecido,473,2294
aYQbBXHy0Y0,YT_CHANNEL,Página do canal,271,1643
aYQbBXHy0Y0,PLAYLIST,Playlists,182,998
aYQbBXHy0Y0,HASHTAGS,Hashtags,25,62
aYQbBXHy0Y0,ANNOTATION,Cards/anotações,1,0
xkpdVMxhp3M,YT_SEARCH,Pesquisa do YouTube,18252,60474
xkpdVMxhp3M,EXT_URL,Externo,13141,39031
xkpdVMxhp3M,RELATED_VIDEO,Vídeos sugeridos (Recomendados),2957,12069
xkpdVMxhp3M,SUBSCRIBER,Inscritos (feed/sino),2153,9390
xkpdVMxhp3M,NO_LINK_OTHER,Direto ou desconhecido,959,2878
xkpdVMxhp3M,YT_CHANNEL,Página do canal,550,2328
xkpdVMxhp3M,YT_OTHER_PAGE,Outras páginas do YouTube,468,2159
xkpdVMxhp3M,PLAYLIST,Playlists,343,1501
xkpdVMxhp3M,NOTIFICATION,Notificações,142,547
xkpdVMxhp3M,ANNOTATION,Cards/anotações,24,65
xkpdVMxhp3M,HASHTAGS,Hashtags,2,0
F2Lq95npHew,SHORTS,Feed do Shorts,34315,3193
F2Lq95npHew,YT_SEARCH,Pesquisa do YouTube,1113,104
F2Lq95npHew,YT_CHANNEL,Página do canal,1104,101
F2Lq95npHew,SUBSCRIBER,Inscritos (feed/sino),313,32
F2Lq95npHew,NOTIFICATION,Notificações,293,31
F2Lq95npHew,EXT_URL,Externo,81,10
F2Lq95npHew,YT_OTHER_PAGE,Outras páginas do YouTube,47,4
F2Lq95npHew,HASHTAGS,Hashtags,17,1
F2Lq95npHew,PLAYLIST,Playlists,2,0
F2Lq95npHew,NO_LINK_OTHER,Direto ou desconhecido,0,0
ViYvYbRE45c,SUBSCRIBER,Inscritos (feed/sino),34569,43268
ViYvYbRE45c,RELATED_VIDEO,Vídeos sugeridos (Recomendados),1163,8735
ViYvYbRE45c,NO_LINK_OTHER,Direto ou desconhecido,195,935
ViYvYbRE45c,NOTIFICATION,Notificações,188,1239
ViYvYbRE45c,YT_OTHER_PAGE,Outras páginas do YouTube,167,1033
ViYvYbRE45c,YT_SEARCH,Pesquisa do YouTube,124,425
ViYvYbRE45c,PLAYLIST,Playlists,77,705
ViYvYbRE45c,YT_CHANNEL,Página do canal,53,202
ViYvYbRE45c,EXT_URL,Externo,31,126
Sxrkd7jG2gk,YT_SEARCH,Pesquisa do YouTube,30260,135371
Sxrkd7jG2gk,RELATED_VIDEO,Vídeos sugeridos (Recomendados),1750,8184
Sxrkd7jG2gk,SUBSCRIBER,Inscritos (feed/sino),1572,7919
Sxrkd7jG2gk,EXT_URL,Externo,1324,2925
Sxrkd7jG2gk,YT_OTHER_PAGE,Outras páginas do YouTube,609,4182
Sxrkd7jG2gk,NO_LINK_OTHER,Direto ou desconhecido,413,1526
Sxrkd7jG2gk,NOTIFICATION,Notificações,319,1391
Sxrkd7jG2gk,YT_CHANNEL,Página do canal,230,1182
Sxrkd7jG2gk,PLAYLIST,Playlists,94,553
Sxrkd7jG2gk,ANNOTATION,Cards/anotações,6,39
Sxrkd7jG2gk,HASHTAGS,Hashtags,4,2
ce854DDtEaw,YT_SEARCH,Pesquisa do YouTube,18592,86521
ce854DDtEaw,RELATED_VIDEO,Vídeos sugeridos (Recomendados),6109,26756
ce854DDtEaw,SUBSCRIBER,Inscritos (feed/sino),4597,19558
ce854DDtEaw,EXT_URL,Externo,3621,16557
ce854DDtEaw,NOTIFICATION,Notificações,998,4933
ce854DDtEaw,YT_OTHER_PAGE,Outras páginas do YouTube,786,3880
ce854DDtEaw,YT_CHANNEL,Página do canal,528,2742
ce854DDtEaw,NO_LINK_OTHER,Direto ou desconhecido,489,1995
ce854DDtEaw,PLAYLIST,Playlists,294,1218
ce854DDtEaw,ANNOTATION,Cards/anotações,69,199
ce854DDtEaw,END_SCREEN,Tela final,17,57
Aop8Cfw7W7k,YT_SEARCH,Pesquisa do YouTube,28132,171766
Aop8Cfw7W7k,RELATED_VIDEO,Vídeos sugeridos (Recomendados),2235,15711
Aop8Cfw7W7k,SUBSCRIBER,Inscritos (feed/sino),1979,10121
Aop8Cfw7W7k,EXT_URL,Externo,929,6066
Aop8Cfw7W7k,YT_OTHER_PAGE,Outras páginas do YouTube,726,5907
Aop8Cfw7W7k,NOTIFICATION,Notificações,582,3336
Aop8Cfw7W7k,YT_CHANNEL,Página do canal,316,2383
Aop8Cfw7W7k,NO_LINK_OTHER,Direto ou desconhecido,170,872
Aop8Cfw7W7k,PLAYLIST,Playlists,91,568
Aop8Cfw7W7k,ANNOTATION,Cards/anotações,47,178
Aop8Cfw7W7k,END_SCREEN,Tela final,1,14
imv9myxsReU,SHORTS,Feed do Shorts,31657,8178
imv9myxsReU,YT_OTHER_PAGE,Outras páginas do YouTube,733,204
imv9myxsReU,YT_SEARCH,Pesquisa do YouTube,277,68
imv9myxsReU,SUBSCRIBER,Inscritos (feed/sino),262,83
imv9myxsReU,NOTIFICATION,Notificações,251,93
imv9myxsReU,YT_CHANNEL,Página do canal,156,39
imv9myxsReU,EXT_URL,Externo,73,28
imv9myxsReU,SOUND_PAGE,Página de áudio,6,1
imv9myxsReU,NO_LINK_OTHER,Direto ou desconhecido,1,0
tpobf1e1OtM,SUBSCRIBER,Inscritos (feed/sino),23622,93589
tpobf1e1OtM,RELATED_VIDEO,Vídeos sugeridos (Recomendados),6783,36022
tpobf1e1OtM,YT_SEARCH,Pesquisa do YouTube,624,2124
tpobf1e1OtM,YT_OTHER_PAGE,Outras páginas do YouTube,502,2870
tpobf1e1OtM,NO_LINK_OTHER,Direto ou desconhecido,476,1603
tpobf1e1OtM,END_SCREEN,Tela final,255,1522
tpobf1e1OtM,EXT_URL,Externo,248,1135
tpobf1e1OtM,YT_CHANNEL,Página do canal,223,1073
tpobf1e1OtM,PLAYLIST,Playlists,208,1165
tpobf1e1OtM,NOTIFICATION,Notificações,206,1181
Yh69A0lg0Y4,SHORTS,Feed do Shorts,30537,4958
Yh69A0lg0Y4,YT_SEARCH,Pesquisa do YouTube,1130,178
Yh69A0lg0Y4,YT_CHANNEL,Página do canal,537,93
Yh69A0lg0Y4,YT_OTHER_PAGE,Outras páginas do YouTube,358,88
Yh69A0lg0Y4,NOTIFICATION,Notificações,285,56
Yh69A0lg0Y4,SUBSCRIBER,Inscritos (feed/sino),144,31
Yh69A0lg0Y4,EXT_URL,Externo,45,13
Yh69A0lg0Y4,SHORTS_CONTENT_LINKS,SHORTS_CONTENT_LINKS,12,1
Yh69A0lg0Y4,HASHTAGS,Hashtags,9,1
Yh69A0lg0Y4,NO_LINK_OTHER,Direto ou desconhecido,1,1
Yh69A0lg0Y4,PLAYLIST,Playlists,1,0
Yh69A0lg0Y4,SOUND_PAGE,Página de áudio,1,0
GxfFM28dK3Q,SHORTS,Feed do Shorts,30936,2644
GxfFM28dK3Q,YT_SEARCH,Pesquisa do YouTube,737,65
GxfFM28dK3Q,YT_OTHER_PAGE,Outras páginas do YouTube,543,47
GxfFM28dK3Q,YT_CHANNEL,Página do canal,270,25
GxfFM28dK3Q,NOTIFICATION,Notificações,164,19
GxfFM28dK3Q,SUBSCRIBER,Inscritos (feed/sino),109,11
GxfFM28dK3Q,EXT_URL,Externo,27,3
GxfFM28dK3Q,HASHTAGS,Hashtags,15,0
GxfFM28dK3Q,SOUND_PAGE,Página de áudio,2,0
GxfFM28dK3Q,NO_LINK_OTHER,Direto ou desconhecido,0,0
4iU_GVA9skk,SUBSCRIBER,Inscritos (feed/sino),16208,68145
4iU_GVA9skk,YT_SEARCH,Pesquisa do YouTube,9000,43135
4iU_GVA9skk,RELATED_VIDEO,Vídeos sugeridos (Recomendados),3856,24103
4iU_GVA9skk,EXT_URL,Externo,1343,5697
4iU_GVA9skk,YT_OTHER_PAGE,Outras páginas do YouTube,781,4844
4iU_GVA9skk,NO_LINK_OTHER,Direto ou desconhecido,633,2135
4iU_GVA9skk,YT_CHANNEL,Página do canal,309,1702
4iU_GVA9skk,NOTIFICATION,Notificações,306,1992
4iU_GVA9skk,PLAYLIST,Playlists,181,1090
4iU_GVA9skk,END_SCREEN,Tela final,45,377
Fb0l4KEq27o,SUBSCRIBER,Inscritos (feed/sino),18530,87970
Fb0l4KEq27o,RELATED_VIDEO,Vídeos sugeridos (Recomendados),5516,42738
Fb0l4KEq27o,YT_SEARCH,Pesquisa do YouTube,3033,16019
Fb0l4KEq27o,END_SCREEN,Tela final,2294,21005
Fb0l4KEq27o,EXT_URL,Externo,917,4672
Fb0l4KEq27o,YT_OTHER_PAGE,Outras páginas do YouTube,762,5177
Fb0l4KEq27o,NO_LINK_OTHER,Direto ou desconhecido,704,3095
Fb0l4KEq27o,YT_CHANNEL,Página do canal,407,2989
Fb0l4KEq27o,NOTIFICATION,Notificações,191,1071
Fb0l4KEq27o,PLAYLIST,Playlists,160,1159
Fb0l4KEq27o,SHORTS_CONTENT_LINKS,SHORTS_CONTENT_LINKS,17,43
Fb0l4KEq27o,HASHTAGS,Hashtags,3,23
hvVbyLEA_Uk,YT_SEARCH,Pesquisa do YouTube,14025,73257
hvVbyLEA_Uk,RELATED_VIDEO,Vídeos sugeridos (Recomendados),8586,46409
hvVbyLEA_Uk,EXT_URL,Externo,5825,30844
hvVbyLEA_Uk,SUBSCRIBER,Inscritos (feed/sino),2076,8330
hvVbyLEA_Uk,YT_OTHER_PAGE,Outras páginas do YouTube,687,4312
hvVbyLEA_Uk,NO_LINK_OTHER,Direto ou desconhecido,595,2562
hvVbyLEA_Uk,NOTIFICATION,Notificações,348,1766
hvVbyLEA_Uk,YT_CHANNEL,Página do canal,177,960
hvVbyLEA_Uk,PLAYLIST,Playlists,99,301
hvVbyLEA_Uk,ANNOTATION,Cards/anotações,12,25
JDtxzQthFlk,SUBSCRIBER,Inscritos (feed/sino),19467,95658
JDtxzQthFlk,RELATED_VIDEO,Vídeos sugeridos (Recomendados),10247,66623
JDtxzQthFlk,YT_SEARCH,Pesquisa do YouTube,753,3394
JDtxzQthFlk,NO_LINK_OTHER,Direto ou desconhecido,527,2006
JDtxzQthFlk,YT_OTHER_PAGE,Outras páginas do YouTube,444,2878
JDtxzQthFlk,NOTIFICATION,Notificações,362,2215
JDtxzQthFlk,EXT_URL,Externo,201,856
JDtxzQthFlk,YT_CHANNEL,Página do canal,181,973
JDtxzQthFlk,PLAYLIST,Playlists,158,1331
UBRkjhD3KsY,SUBSCRIBER,Inscritos (feed/sino),26350,158055
UBRkjhD3KsY,YT_SEARCH,Pesquisa do YouTube,2130,12785
UBRkjhD3KsY,RELATED_VIDEO,Vídeos sugeridos (Recomendados),1375,10850
UBRkjhD3KsY,YT_OTHER_PAGE,Outras páginas do YouTube,641,5593
UBRkjhD3KsY,NO_LINK_OTHER,Direto ou desconhecido,480,2112
UBRkjhD3KsY,NOTIFICATION,Notificações,318,2529
UBRkjhD3KsY,EXT_URL,Externo,276,1429
UBRkjhD3KsY,YT_CHANNEL,Página do canal,190,1462
UBRkjhD3KsY,PLAYLIST,Playlists,143,1399
UBRkjhD3KsY,END_SCREEN,Tela final,79,775
UBRkjhD3KsY,HASHTAGS,Hashtags,6,12
UBRkjhD3KsY,SHORTS_CONTENT_LINKS,SHORTS_CONTENT_LINKS,4,35
jdnxy6RUkqM,SHORTS,Feed do Shorts,29529,3128
jdnxy6RUkqM,NOTIFICATION,Notificações,784,96
jdnxy6RUkqM,YT_SEARCH,Pesquisa do YouTube,502,50
jdnxy6RUkqM,YT_CHANNEL,Página do canal,415,45
jdnxy6RUkqM,YT_OTHER_PAGE,Outras páginas do YouTube,352,35
jdnxy6RUkqM,SUBSCRIBER,Inscritos (feed/sino),245,30
jdnxy6RUkqM,EXT_URL,Externo,74,11
jdnxy6RUkqM,HASHTAGS,Hashtags,5,0
jdnxy6RUkqM,SOUND_PAGE,Página de áudio,5,0
jdnxy6RUkqM,NO_LINK_OTHER,Direto ou desconhecido,1,0
dHYQtxnMSrw,SUBSCRIBER,Inscritos (feed/sino),18317,91671
dHYQtxnMSrw,RELATED_VIDEO,Vídeos sugeridos (Recomendados),8853,59344
dHYQtxnMSrw,YT_SEARCH,Pesquisa do YouTube,2072,10993
dHYQtxnMSrw,NO_LINK_OTHER,Direto ou desconhecido,594,2281
dHYQtxnMSrw,YT_OTHER_PAGE,Outras páginas do YouTube,535,3665
dHYQtxnMSrw,YT_CHANNEL,Página do canal,289,1599
dHYQtxnMSrw,NOTIFICATION,Notificações,240,1370
dHYQtxnMSrw,END_SCREEN,Tela final,231,1737
dHYQtxnMSrw,EXT_URL,Externo,220,899
dHYQtxnMSrw,PLAYLIST,Playlists,148,1168
VkssK47yteE,EXT_URL,Externo,9512,18621
VkssK47yteE,SUBSCRIBER,Inscritos (feed/sino),8997,46472
VkssK47yteE,YT_SEARCH,Pesquisa do YouTube,6325,33580
VkssK47yteE,RELATED_VIDEO,Vídeos sugeridos (Recomendados),5050,30781
VkssK47yteE,NOTIFICATION,Notificações,468,3028
VkssK47yteE,YT_OTHER_PAGE,Outras páginas do YouTube,352,2596
VkssK47yteE,YT_CHANNEL,Página do canal,246,1583
VkssK47yteE,NO_LINK_OTHER,Direto ou desconhecido,201,947
VkssK47yteE,PLAYLIST,Playlists,67,516
VkssK47yteE,END_SCREEN,Tela final,50,401
VkssK47yteE,HASHTAGS,Hashtags,16,72
qCl00c8pw-c,SHORTS,Feed do Shorts,27088,7658
qCl00c8pw-c,YT_SEARCH,Pesquisa do YouTube,2248,714
qCl00c8pw-c,NOTIFICATION,Notificações,492,173
qCl00c8pw-c,SUBSCRIBER,Inscritos (feed/sino),285,99
qCl00c8pw-c,YT_CHANNEL,Página do canal,241,68
qCl00c8pw-c,YT_OTHER_PAGE,Outras páginas do YouTube,204,61
qCl00c8pw-c,EXT_URL,Externo,83,36
qCl00c8pw-c,SOUND_PAGE,Página de áudio,5,1
qCl00c8pw-c,RELATED_VIDEO,Vídeos sugeridos (Recomendados),3,1
qCl00c8pw-c,PLAYLIST,Playlists,1,0
qCl00c8pw-c,NO_LINK_OTHER,Direto ou desconhecido,0,0
tvC9uoxYP9k,YT_SEARCH,Pesquisa do YouTube,19507,78583
tvC9uoxYP9k,SUBSCRIBER,Inscritos (feed/sino),4059,15490
tvC9uoxYP9k,RELATED_VIDEO,Vídeos sugeridos (Recomendados),2038,8337
tvC9uoxYP9k,EXT_URL,Externo,912,2610
tvC9uoxYP9k,ANNOTATION,Cards/anotações,702,2521
tvC9uoxYP9k,YT_OTHER_PAGE,Outras páginas do YouTube,538,2593
tvC9uoxYP9k,NOTIFICATION,Notificações,471,1935
tvC9uoxYP9k,YT_CHANNEL,Página do canal,430,1937
tvC9uoxYP9k,NO_LINK_OTHER,Direto ou desconhecido,340,1129
tvC9uoxYP9k,PLAYLIST,Playlists,273,1171
tvC9uoxYP9k,HASHTAGS,Hashtags,2,1
tvC9uoxYP9k,END_SCREEN,Tela final,1,0
6Oq3Mxz4_CY,YT_SEARCH,Pesquisa do YouTube,23071,90948
6Oq3Mxz4_CY,EXT_URL,Externo,2543,9739
6Oq3Mxz4_CY,RELATED_VIDEO,Vídeos sugeridos (Recomendados),1381,5082
6Oq3Mxz4_CY,SUBSCRIBER,Inscritos (feed/sino),977,3811
6Oq3Mxz4_CY,NO_LINK_OTHER,Direto ou desconhecido,446,1476
6Oq3Mxz4_CY,YT_OTHER_PAGE,Outras páginas do YouTube,337,1589
6Oq3Mxz4_CY,YT_CHANNEL,Página do canal,269,1095
6Oq3Mxz4_CY,PLAYLIST,Playlists,124,486
6Oq3Mxz4_CY,NOTIFICATION,Notificações,40,103
6Oq3Mxz4_CY,HASHTAGS,Hashtags,7,14
6Oq3Mxz4_CY,END_SCREEN,Tela final,1,9
IcN3m7whpl8,SUBSCRIBER,Inscritos (feed/sino),19825,102445
IcN3m7whpl8,RELATED_VIDEO,Vídeos sugeridos (Recomendados),4626,31773
IcN3m7whpl8,YT_SEARCH,Pesquisa do YouTube,1161,4239
IcN3m7whpl8,YT_CHANNEL,Página do canal,895,3478
IcN3m7whpl8,NO_LINK_OTHER,Direto ou desconhecido,628,2341
IcN3m7whpl8,YT_OTHER_PAGE,Outras páginas do YouTube,579,3722
IcN3m7whpl8,EXT_URL,Externo,522,1930
IcN3m7whpl8,NOTIFICATION,Notificações,263,1799
IcN3m7whpl8,PLAYLIST,Playlists,189,1448
IcN3m7whpl8,END_SCREEN,Tela final,146,1170
IcN3m7whpl8,SHORTS_CONTENT_LINKS,SHORTS_CONTENT_LINKS,41,67
IcN3m7whpl8,HASHTAGS,Hashtags,1,2
9Jt4U0uhd_U,YT_SEARCH,Pesquisa do YouTube,19041,60851
9Jt4U0uhd_U,EXT_URL,Externo,6946,20427
9Jt4U0uhd_U,SUBSCRIBER,Inscritos (feed/sino),1206,4016
9Jt4U0uhd_U,NO_LINK_OTHER,Direto ou desconhecido,326,918
9Jt4U0uhd_U,YT_OTHER_PAGE,Outras páginas do YouTube,313,1969
9Jt4U0uhd_U,NOTIFICATION,Notificações,293,896
9Jt4U0uhd_U,RELATED_VIDEO,Vídeos sugeridos (Recomendados),291,1133
9Jt4U0uhd_U,YT_CHANNEL,Página do canal,193,835
9Jt4U0uhd_U,PLAYLIST,Playlists,35,247
9Jt4U0uhd_U,HASHTAGS,Hashtags,8,12
kmfL2dX_paU,SUBSCRIBER,Inscritos (feed/sino),7681,44172
kmfL2dX_paU,EXT_URL,Externo,6251,36424
kmfL2dX_paU,YT_SEARCH,Pesquisa do YouTube,5063,30480
kmfL2dX_paU,RELATED_VIDEO,Vídeos sugeridos (Recomendados),3534,21906
kmfL2dX_paU,NOTIFICATION,Notificações,3011,19266
kmfL2dX_paU,YT_CHANNEL,Página do canal,1505,8164
kmfL2dX_paU,YT_OTHER_PAGE,Outras páginas do YouTube,658,4651
kmfL2dX_paU,NO_LINK_OTHER,Direto ou desconhecido,496,3153
kmfL2dX_paU,PLAYLIST,Playlists,216,1230
kmfL2dX_paU,END_SCREEN,Tela final,167,276
kmfL2dX_paU,ANNOTATION,Cards/anotações,17,53
fJLCvMcWpS4,YT_SEARCH,Pesquisa do YouTube,14311,70603
fJLCvMcWpS4,RELATED_VIDEO,Vídeos sugeridos (Recomendados),7807,44805
fJLCvMcWpS4,SUBSCRIBER,Inscritos (feed/sino),3096,15399
fJLCvMcWpS4,EXT_URL,Externo,1580,7287
fJLCvMcWpS4,YT_OTHER_PAGE,Outras páginas do YouTube,475,3327
fJLCvMcWpS4,NO_LINK_OTHER,Direto ou desconhecido,400,1973
fJLCvMcWpS4,YT_CHANNEL,Página do canal,382,2493
fJLCvMcWpS4,NOTIFICATION,Notificações,292,1322
fJLCvMcWpS4,PLAYLIST,Playlists,142,835
fJLCvMcWpS4,ANNOTATION,Cards/anotações,60,207
fJLCvMcWpS4,END_SCREEN,Tela final,1,0
G0-vTHNtGwE,SHORTS,Feed do Shorts,25442,2654
G0-vTHNtGwE,YT_OTHER_PAGE,Outras páginas do YouTube,586,58
G0-vTHNtGwE,EXT_URL,Externo,555,72
G0-vTHNtGwE,NOTIFICATION,Notificações,524,63
G0-vTHNtGwE,YT_CHANNEL,Página do canal,443,45
G0-vTHNtGwE,YT_SEARCH,Pesquisa do YouTube,314,31
G0-vTHNtGwE,SUBSCRIBER,Inscritos (feed/sino),226,28
G0-vTHNtGwE,PLAYLIST,Playlists,17,2
G0-vTHNtGwE,SOUND_PAGE,Página de áudio,5,0
G0-vTHNtGwE,NO_LINK_OTHER,Direto ou desconhecido,2,0
G0-vTHNtGwE,HASHTAGS,Hashtags,2,0
G0-vTHNtGwE,RELATED_VIDEO,Vídeos sugeridos (Recomendados),1,0
yN0kKJf2D1c,YT_SEARCH,Pesquisa do YouTube,19089,70425
yN0kKJf2D1c,EXT_URL,Externo,5125,14747
yN0kKJf2D1c,SUBSCRIBER,Inscritos (feed/sino),1330,5651
yN0kKJf2D1c,YT_CHANNEL,Página do canal,934,4245
yN0kKJf2D1c,YT_OTHER_PAGE,Outras páginas do YouTube,418,2445
yN0kKJf2D1c,NO_LINK_OTHER,Direto ou desconhecido,355,1263
yN0kKJf2D1c,PLAYLIST,Playlists,192,1116
yN0kKJf2D1c,RELATED_VIDEO,Vídeos sugeridos (Recomendados),186,696
yN0kKJf2D1c,END_SCREEN,Tela final,46,215
yN0kKJf2D1c,NOTIFICATION,Notificações,23,89
QU0j2KCQWlk,YT_SEARCH,Pesquisa do YouTube,25066,10738
QU0j2KCQWlk,SHORTS,Feed do Shorts,2000,672
QU0j2KCQWlk,YT_OTHER_PAGE,Outras páginas do YouTube,152,65
QU0j2KCQWlk,SUBSCRIBER,Inscritos (feed/sino),146,93
QU0j2KCQWlk,NOTIFICATION,Notificações,98,86
QU0j2KCQWlk,YT_CHANNEL,Página do canal,81,41
QU0j2KCQWlk,EXT_URL,Externo,55,32
QU0j2KCQWlk,PLAYLIST,Playlists,15,9
QU0j2KCQWlk,NO_LINK_OTHER,Direto ou desconhecido,9,1
QU0j2KCQWlk,RELATED_VIDEO,Vídeos sugeridos (Recomendados),3,1
QU0j2KCQWlk,SOUND_PAGE,Página de áudio,3,2
QU0j2KCQWlk,END_SCREEN,Tela final,1,0
INWFUW9J-nI,SUBSCRIBER,Inscritos (feed/sino),19194,92498
INWFUW9J-nI,RELATED_VIDEO,Vídeos sugeridos (Recomendados),3456,18585
INWFUW9J-nI,NOTIFICATION,Notificações,2029,11422
INWFUW9J-nI,YT_CHANNEL,Página do canal,1140,5025
INWFUW9J-nI,YT_SEARCH,Pesquisa do YouTube,666,3263
INWFUW9J-nI,YT_OTHER_PAGE,Outras páginas do YouTube,533,3251
INWFUW9J-nI,NO_LINK_OTHER,Direto ou desconhecido,189,756
INWFUW9J-nI,EXT_URL,Externo,101,391
INWFUW9J-nI,PLAYLIST,Playlists,78,458
INWFUW9J-nI,END_SCREEN,Tela final,42,192
INWFUW9J-nI,ANNOTATION,Cards/anotações,5,23
TlV__t9YncA,SHORTS,Feed do Shorts,25068,2368
TlV__t9YncA,NOTIFICATION,Notificações,753,82
TlV__t9YncA,YT_SEARCH,Pesquisa do YouTube,631,61
TlV__t9YncA,YT_CHANNEL,Página do canal,412,36
TlV__t9YncA,YT_OTHER_PAGE,Outras páginas do YouTube,404,36
TlV__t9YncA,SUBSCRIBER,Inscritos (feed/sino),112,12
TlV__t9YncA,EXT_URL,Externo,14,1
TlV__t9YncA,SOUND_PAGE,Página de áudio,12,1
TlV__t9YncA,HASHTAGS,Hashtags,1,0
TlV__t9YncA,NO_LINK_OTHER,Direto ou desconhecido,0,0
tU5hfeII8Gk,SUBSCRIBER,Inscritos (feed/sino),11903,49436
tU5hfeII8Gk,YT_SEARCH,Pesquisa do YouTube,9314,42675
tU5hfeII8Gk,RELATED_VIDEO,Vídeos sugeridos (Recomendados),2909,17970
tU5hfeII8Gk,END_SCREEN,Tela final,1512,11764
tU5hfeII8Gk,YT_OTHER_PAGE,Outras páginas do YouTube,531,3081
tU5hfeII8Gk,NO_LINK_OTHER,Direto ou desconhecido,428,1338
tU5hfeII8Gk,YT_CHANNEL,Página do canal,254,1519
tU5hfeII8Gk,EXT_URL,Externo,229,948
tU5hfeII8Gk,NOTIFICATION,Notificações,176,884
tU5hfeII8Gk,PLAYLIST,Playlists,107,691
tU5hfeII8Gk,HASHTAGS,Hashtags,26,153
tU5hfeII8Gk,SHORTS_CONTENT_LINKS,SHORTS_CONTENT_LINKS,16,33
9oZ3lait4tw,SUBSCRIBER,Inscritos (feed/sino),15479,36503
9oZ3lait4tw,NOTIFICATION,Notificações,5294,14852
9oZ3lait4tw,YT_SEARCH,Pesquisa do YouTube,1587,3841
9oZ3lait4tw,RELATED_VIDEO,Vídeos sugeridos (Recomendados),1216,3484
9oZ3lait4tw,EXT_URL,Externo,1144,2648
9oZ3lait4tw,NO_LINK_OTHER,Direto ou desconhecido,1005,2624
9oZ3lait4tw,YT_CHANNEL,Página do canal,810,2162
9oZ3lait4tw,YT_OTHER_PAGE,Outras páginas do YouTube,491,1514
9oZ3lait4tw,END_SCREEN,Tela final,150,425
9oZ3lait4tw,ANNOTATION,Cards/anotações,76,178
9oZ3lait4tw,PLAYLIST,Playlists,67,170
FMkraPWpexQ,SHORTS,Feed do Shorts,25074,8921
FMkraPWpexQ,YT_SEARCH,Pesquisa do YouTube,846,274
FMkraPWpexQ,SUBSCRIBER,Inscritos (feed/sino),398,177
FMkraPWpexQ,YT_OTHER_PAGE,Outras páginas do YouTube,331,129
FMkraPWpexQ,NOTIFICATION,Notificações,316,164
FMkraPWpexQ,YT_CHANNEL,Página do canal,200,66
FMkraPWpexQ,EXT_URL,Externo,115,55
FMkraPWpexQ,HASHTAGS,Hashtags,10,3
FMkraPWpexQ,RELATED_VIDEO,Vídeos sugeridos (Recomendados),4,1
FMkraPWpexQ,NO_LINK_OTHER,Direto ou desconhecido,3,0
FMkraPWpexQ,PLAYLIST,Playlists,3,0
FMkraPWpexQ,SOUND_PAGE,Página de áudio,1,0
Q_jaMdPDVmw,SHORTS,Feed do Shorts,24564,2705
Q_jaMdPDVmw,YT_SEARCH,Pesquisa do YouTube,1077,121
Q_jaMdPDVmw,YT_CHANNEL,Página do canal,795,87
Q_jaMdPDVmw,NOTIFICATION,Notificações,328,42
Q_jaMdPDVmw,SUBSCRIBER,Inscritos (feed/sino),254,31
Q_jaMdPDVmw,EXT_URL,Externo,101,16
Q_jaMdPDVmw,YT_OTHER_PAGE,Outras páginas do YouTube,100,11
Q_jaMdPDVmw,PLAYLIST,Playlists,1,0
Q_jaMdPDVmw,HASHTAGS,Hashtags,1,0
Q_jaMdPDVmw,NO_LINK_OTHER,Direto ou desconhecido,0,0
OtDiCVzyRVs,SUBSCRIBER,Inscritos (feed/sino),9581,65430
OtDiCVzyRVs,YT_SEARCH,Pesquisa do YouTube,9575,57772
OtDiCVzyRVs,EXT_URL,Externo,3334,9031
OtDiCVzyRVs,RELATED_VIDEO,Vídeos sugeridos (Recomendados),2556,19731
OtDiCVzyRVs,NOTIFICATION,Notificações,831,6869
OtDiCVzyRVs,YT_OTHER_PAGE,Outras páginas do YouTube,394,3543
OtDiCVzyRVs,NO_LINK_OTHER,Direto ou desconhecido,255,1355
OtDiCVzyRVs,YT_CHANNEL,Página do canal,170,1265
OtDiCVzyRVs,HASHTAGS,Hashtags,43,211
OtDiCVzyRVs,PLAYLIST,Playlists,42,413
OtDiCVzyRVs,ADVERTISING,Anúncios,4,33
OtDiCVzyRVs,END_SCREEN,Tela final,1,0
7ROq8DvhJOE,SHORTS,Feed do Shorts,25007,8965
7ROq8DvhJOE,YT_SEARCH,Pesquisa do YouTube,1045,361
7ROq8DvhJOE,SUBSCRIBER,Inscritos (feed/sino),183,92
7ROq8DvhJOE,YT_CHANNEL,Página do canal,156,52
7ROq8DvhJOE,NOTIFICATION,Notificações,153,101
7ROq8DvhJOE,EXT_URL,Externo,37,14
7ROq8DvhJOE,RELATED_VIDEO,Vídeos sugeridos (Recomendados),36,15
7ROq8DvhJOE,YT_OTHER_PAGE,Outras páginas do YouTube,33,12
7ROq8DvhJOE,NO_LINK_OTHER,Direto ou desconhecido,10,2
7ROq8DvhJOE,PLAYLIST,Playlists,7,1
7ROq8DvhJOE,HASHTAGS,Hashtags,3,0
7ROq8DvhJOE,SOUND_PAGE,Página de áudio,2,0
xzS0TQlEu2E,YT_SEARCH,Pesquisa do YouTube,12995,50223
xzS0TQlEu2E,EXT_URL,Externo,9330,29470
xzS0TQlEu2E,SUBSCRIBER,Inscritos (feed/sino),1951,5582
xzS0TQlEu2E,NOTIFICATION,Notificações,598,1626
xzS0TQlEu2E,NO_LINK_OTHER,Direto ou desconhecido,485,1468
xzS0TQlEu2E,YT_OTHER_PAGE,Outras páginas do YouTube,396,1994
xzS0TQlEu2E,RELATED_VIDEO,Vídeos sugeridos (Recomendados),392,1590
xzS0TQlEu2E,YT_CHANNEL,Página do canal,346,922
xzS0TQlEu2E,PLAYLIST,Playlists,38,140
xzS0TQlEu2E,ANNOTATION,Cards/anotações,11,33
xzS0TQlEu2E,END_SCREEN,Tela final,1,5
1VKgdEqrZnY,SHORTS,Feed do Shorts,25160,2865
1VKgdEqrZnY,YT_SEARCH,Pesquisa do YouTube,366,39
1VKgdEqrZnY,NOTIFICATION,Notificações,343,46
1VKgdEqrZnY,YT_CHANNEL,Página do canal,241,26
1VKgdEqrZnY,SUBSCRIBER,Inscritos (feed/sino),67,9
1VKgdEqrZnY,EXT_URL,Externo,56,8
1VKgdEqrZnY,YT_OTHER_PAGE,Outras páginas do YouTube,37,4
1VKgdEqrZnY,HASHTAGS,Hashtags,13,0
1VKgdEqrZnY,SOUND_PAGE,Página de áudio,10,1
1VKgdEqrZnY,PLAYLIST,Playlists,1,0
1VKgdEqrZnY,NO_LINK_OTHER,Direto ou desconhecido,0,0
OGH0zXwBhdc,SUBSCRIBER,Inscritos (feed/sino),14411,74119
OGH0zXwBhdc,RELATED_VIDEO,Vídeos sugeridos (Recomendados),3910,21748
OGH0zXwBhdc,ADVERTISING,Anúncios,3480,4995
OGH0zXwBhdc,NOTIFICATION,Notificações,1686,9445
OGH0zXwBhdc,YT_CHANNEL,Página do canal,1108,5285
OGH0zXwBhdc,YT_SEARCH,Pesquisa do YouTube,609,3094
OGH0zXwBhdc,YT_OTHER_PAGE,Outras páginas do YouTube,572,3417
OGH0zXwBhdc,NO_LINK_OTHER,Direto ou desconhecido,189,691
OGH0zXwBhdc,EXT_URL,Externo,137,601
OGH0zXwBhdc,PLAYLIST,Playlists,65,400
OGH0zXwBhdc,END_SCREEN,Tela final,26,138
OGH0zXwBhdc,ANNOTATION,Cards/anotações,19,109
KipoLyz63nQ,SUBSCRIBER,Inscritos (feed/sino),19928,110876
KipoLyz63nQ,EXT_URL,Externo,3797,4891
KipoLyz63nQ,RELATED_VIDEO,Vídeos sugeridos (Recomendados),788,6485
KipoLyz63nQ,YT_SEARCH,Pesquisa do YouTube,439,2551
KipoLyz63nQ,NOTIFICATION,Notificações,329,2580
KipoLyz63nQ,YT_OTHER_PAGE,Outras páginas do YouTube,304,2840
KipoLyz63nQ,YT_CHANNEL,Página do canal,259,1359
KipoLyz63nQ,NO_LINK_OTHER,Direto ou desconhecido,242,1319
KipoLyz63nQ,PLAYLIST,Playlists,52,488
KipoLyz63nQ,END_SCREEN,Tela final,1,0
PD1RWSRnB2w,SUBSCRIBER,Inscritos (feed/sino),14321,67130
PD1RWSRnB2w,YT_SEARCH,Pesquisa do YouTube,7028,29063
PD1RWSRnB2w,RELATED_VIDEO,Vídeos sugeridos (Recomendados),2687,16101
PD1RWSRnB2w,NOTIFICATION,Notificações,630,3913
PD1RWSRnB2w,YT_OTHER_PAGE,Outras páginas do YouTube,542,3627
PD1RWSRnB2w,NO_LINK_OTHER,Direto ou desconhecido,374,1374
PD1RWSRnB2w,EXT_URL,Externo,249,1009
PD1RWSRnB2w,YT_CHANNEL,Página do canal,173,1099
PD1RWSRnB2w,PLAYLIST,Playlists,101,732
PD1RWSRnB2w,END_SCREEN,Tela final,2,2
PD1RWSRnB2w,HASHTAGS,Hashtags,1,1
oEP2vCtksfw,SUBSCRIBER,Inscritos (feed/sino),13557,52632
oEP2vCtksfw,YT_SEARCH,Pesquisa do YouTube,5082,22476
oEP2vCtksfw,EXT_URL,Externo,2862,6945
oEP2vCtksfw,YT_CHANNEL,Página do canal,1643,6070
oEP2vCtksfw,RELATED_VIDEO,Vídeos sugeridos (Recomendados),1349,6726
oEP2vCtksfw,NOTIFICATION,Notificações,916,4578
oEP2vCtksfw,YT_OTHER_PAGE,Outras páginas do YouTube,330,1895
oEP2vCtksfw,NO_LINK_OTHER,Direto ou desconhecido,244,800
oEP2vCtksfw,PLAYLIST,Playlists,50,266
oEP2vCtksfw,HASHTAGS,Hashtags,9,27
oEP2vCtksfw,ADVERTISING,Anúncios,3,8
oEP2vCtksfw,END_SCREEN,Tela final,1,5
ZqwCmFXjL8A,ADVERTISING,Anúncios,14594,21309
ZqwCmFXjL8A,YT_CHANNEL,Página do canal,8434,21059
ZqwCmFXjL8A,SUBSCRIBER,Inscritos (feed/sino),691,3511
ZqwCmFXjL8A,EXT_URL,Externo,689,2485
ZqwCmFXjL8A,END_SCREEN,Tela final,298,1556
ZqwCmFXjL8A,NOTIFICATION,Notificações,261,1749
ZqwCmFXjL8A,YT_OTHER_PAGE,Outras páginas do YouTube,216,1278
ZqwCmFXjL8A,NO_LINK_OTHER,Direto ou desconhecido,189,711
ZqwCmFXjL8A,YT_SEARCH,Pesquisa do YouTube,126,407
ZqwCmFXjL8A,RELATED_VIDEO,Vídeos sugeridos (Recomendados),125,745
ZqwCmFXjL8A,PLAYLIST,Playlists,64,416
Z-5VgjzigKg,SUBSCRIBER,Inscritos (feed/sino),11678,61276
Z-5VgjzigKg,RELATED_VIDEO,Vídeos sugeridos (Recomendados),6321,50414
Z-5VgjzigKg,YT_SEARCH,Pesquisa do YouTube,2996,15392
Z-5VgjzigKg,END_SCREEN,Tela final,2116,18851
Z-5VgjzigKg,YT_OTHER_PAGE,Outras páginas do YouTube,621,4994
Z-5VgjzigKg,NO_LINK_OTHER,Direto ou desconhecido,596,2710
Z-5VgjzigKg,EXT_URL,Externo,481,3185
Z-5VgjzigKg,YT_CHANNEL,Página do canal,470,3349
Z-5VgjzigKg,NOTIFICATION,Notificações,206,1469
Z-5VgjzigKg,PLAYLIST,Playlists,168,1563
Z-5VgjzigKg,SHORTS_CONTENT_LINKS,SHORTS_CONTENT_LINKS,10,20
Z-5VgjzigKg,HASHTAGS,Hashtags,3,29
SRAL8DZOMbM,YT_SEARCH,Pesquisa do YouTube,20906,12443
SRAL8DZOMbM,SHORTS,Feed do Shorts,2380,1284
SRAL8DZOMbM,SUBSCRIBER,Inscritos (feed/sino),685,544
SRAL8DZOMbM,NOTIFICATION,Notificações,275,271
SRAL8DZOMbM,RELATED_VIDEO,Vídeos sugeridos (Recomendados),132,99
SRAL8DZOMbM,YT_CHANNEL,Página do canal,88,57
SRAL8DZOMbM,YT_OTHER_PAGE,Outras páginas do YouTube,86,44
SRAL8DZOMbM,EXT_URL,Externo,57,42
SRAL8DZOMbM,HASHTAGS,Hashtags,14,7
SRAL8DZOMbM,NO_LINK_OTHER,Direto ou desconhecido,9,6
SRAL8DZOMbM,PLAYLIST,Playlists,7,5
SRAL8DZOMbM,SOUND_PAGE,Página de áudio,7,7
OaorU5U0g5I,SHORTS,Feed do Shorts,22794,2107
OaorU5U0g5I,YT_OTHER_PAGE,Outras páginas do YouTube,500,49
OaorU5U0g5I,NOTIFICATION,Notificações,430,67
OaorU5U0g5I,YT_SEARCH,Pesquisa do YouTube,325,27
OaorU5U0g5I,YT_CHANNEL,Página do canal,169,14
OaorU5U0g5I,SUBSCRIBER,Inscritos (feed/sino),126,13
OaorU5U0g5I,EXT_URL,Externo,109,13
OaorU5U0g5I,SOUND_PAGE,Página de áudio,4,0
OaorU5U0g5I,PLAYLIST,Playlists,3,0
OaorU5U0g5I,HASHTAGS,Hashtags,1,0
OaorU5U0g5I,NO_LINK_OTHER,Direto ou desconhecido,0,0
3sfCQWv2kIQ,SUBSCRIBER,Inscritos (feed/sino),13959,74326
3sfCQWv2kIQ,EXT_URL,Externo,6028,5967
3sfCQWv2kIQ,RELATED_VIDEO,Vídeos sugeridos (Recomendados),1308,9974
3sfCQWv2kIQ,YT_SEARCH,Pesquisa do YouTube,962,5800
3sfCQWv2kIQ,END_SCREEN,Tela final,497,4830
3sfCQWv2kIQ,NOTIFICATION,Notificações,491,3574
3sfCQWv2kIQ,YT_CHANNEL,Página do canal,287,1915
3sfCQWv2kIQ,YT_OTHER_PAGE,Outras páginas do YouTube,258,2246
3sfCQWv2kIQ,NO_LINK_OTHER,Direto ou desconhecido,223,940
3sfCQWv2kIQ,PLAYLIST,Playlists,80,725
3sfCQWv2kIQ,HASHTAGS,Hashtags,3,1
n9GU8dwzSxI,SUBSCRIBER,Inscritos (feed/sino),16147,93991
n9GU8dwzSxI,RELATED_VIDEO,Vídeos sugeridos (Recomendados),4519,29938
n9GU8dwzSxI,YT_SEARCH,Pesquisa do YouTube,1573,10696
n9GU8dwzSxI,NOTIFICATION,Notificações,700,5141
n9GU8dwzSxI,YT_OTHER_PAGE,Outras páginas do YouTube,386,3117
n9GU8dwzSxI,NO_LINK_OTHER,Direto ou desconhecido,304,1552
n9GU8dwzSxI,EXT_URL,Externo,184,622
n9GU8dwzSxI,YT_CHANNEL,Página do canal,134,1009
n9GU8dwzSxI,PLAYLIST,Playlists,59,466
n9GU8dwzSxI,END_SCREEN,Tela final,2,14
n9GU8dwzSxI,ADVERTISING,Anúncios,1,14
n9GU8dwzSxI,HASHTAGS,Hashtags,1,14
YbB8QAKvZbo,SHORTS,Feed do Shorts,21242,6509
YbB8QAKvZbo,YT_SEARCH,Pesquisa do YouTube,1058,353
YbB8QAKvZbo,SUBSCRIBER,Inscritos (feed/sino),610,233
YbB8QAKvZbo,YT_CHANNEL,Página do canal,309,97
YbB8QAKvZbo,YT_OTHER_PAGE,Outras páginas do YouTube,266,87
YbB8QAKvZbo,NOTIFICATION,Notificações,238,102
YbB8QAKvZbo,EXT_URL,Externo,106,50
YbB8QAKvZbo,RELATED_VIDEO,Vídeos sugeridos (Recomendados),13,6
YbB8QAKvZbo,HASHTAGS,Hashtags,6,2
YbB8QAKvZbo,PLAYLIST,Playlists,3,1
YbB8QAKvZbo,SOUND_PAGE,Página de áudio,1,0
YbB8QAKvZbo,NO_LINK_OTHER,Direto ou desconhecido,0,0
bX1-CfUnKO0,SHORTS,Feed do Shorts,20171,6057
bX1-CfUnKO0,YT_SEARCH,Pesquisa do YouTube,2542,704
bX1-CfUnKO0,SUBSCRIBER,Inscritos (feed/sino),314,107
bX1-CfUnKO0,RELATED_VIDEO,Vídeos sugeridos (Recomendados),244,78
bX1-CfUnKO0,YT_CHANNEL,Página do canal,192,55
bX1-CfUnKO0,NOTIFICATION,Notificações,113,51
bX1-CfUnKO0,EXT_URL,Externo,88,28
bX1-CfUnKO0,YT_OTHER_PAGE,Outras páginas do YouTube,23,7
bX1-CfUnKO0,PLAYLIST,Playlists,7,1
bX1-CfUnKO0,HASHTAGS,Hashtags,3,0
bX1-CfUnKO0,NO_LINK_OTHER,Direto ou desconhecido,1,0
nSQELM25nU8,YT_SEARCH,Pesquisa do YouTube,15205,4054
nSQELM25nU8,SHORTS,Feed do Shorts,5349,1309
nSQELM25nU8,SUBSCRIBER,Inscritos (feed/sino),1853,481
nSQELM25nU8,RELATED_VIDEO,Vídeos sugeridos (Recomendados),532,139
nSQELM25nU8,NOTIFICATION,Notificações,306,101
nSQELM25nU8,YT_CHANNEL,Página do canal,269,59
nSQELM25nU8,EXT_URL,Externo,62,8
nSQELM25nU8,YT_OTHER_PAGE,Outras páginas do YouTube,40,6
nSQELM25nU8,END_SCREEN,Tela final,17,1
nSQELM25nU8,PLAYLIST,Playlists,7,0
nSQELM25nU8,NO_LINK_OTHER,Direto ou desconhecido,4,0
nSQELM25nU8,SOUND_PAGE,Página de áudio,1,0
MQDA3dLjo_U,YT_SEARCH,Pesquisa do YouTube,10113,49204
MQDA3dLjo_U,SUBSCRIBER,Inscritos (feed/sino),8326,39389
MQDA3dLjo_U,EXT_URL,Externo,1500,6385
MQDA3dLjo_U,YT_CHANNEL,Página do canal,771,3465
MQDA3dLjo_U,NOTIFICATION,Notificações,715,4294
MQDA3dLjo_U,RELATED_VIDEO,Vídeos sugeridos (Recomendados),631,3676
MQDA3dLjo_U,YT_OTHER_PAGE,Outras páginas do YouTube,374,2414
MQDA3dLjo_U,NO_LINK_OTHER,Direto ou desconhecido,305,970
MQDA3dLjo_U,PLAYLIST,Playlists,56,367
MQDA3dLjo_U,HASHTAGS,Hashtags,16,47
MQDA3dLjo_U,END_SCREEN,Tela final,5,28
BkGq1gqMczc,SUBSCRIBER,Inscritos (feed/sino),8585,66586
BkGq1gqMczc,RELATED_VIDEO,Vídeos sugeridos (Recomendados),7203,60786
BkGq1gqMczc,NOTIFICATION,Notificações,2202,18947
BkGq1gqMczc,ADVERTISING,Anúncios,1167,718
BkGq1gqMczc,YT_SEARCH,Pesquisa do YouTube,1070,8381
BkGq1gqMczc,EXT_URL,Externo,828,6085
BkGq1gqMczc,YT_OTHER_PAGE,Outras páginas do YouTube,498,5157
BkGq1gqMczc,YT_CHANNEL,Página do canal,409,3561
BkGq1gqMczc,NO_LINK_OTHER,Direto ou desconhecido,183,932
BkGq1gqMczc,END_SCREEN,Tela final,93,889
BkGq1gqMczc,PLAYLIST,Playlists,69,571
BkGq1gqMczc,ANNOTATION,Cards/anotações,40,350
Eo90F10xNJI,SHORTS,Feed do Shorts,9881,1931
Eo90F10xNJI,YT_SEARCH,Pesquisa do YouTube,8115,1926
Eo90F10xNJI,SUBSCRIBER,Inscritos (feed/sino),2694,744
Eo90F10xNJI,NOTIFICATION,Notificações,716,267
Eo90F10xNJI,RELATED_VIDEO,Vídeos sugeridos (Recomendados),427,116
Eo90F10xNJI,YT_CHANNEL,Página do canal,198,47
Eo90F10xNJI,YT_OTHER_PAGE,Outras páginas do YouTube,25,6
Eo90F10xNJI,EXT_URL,Externo,22,4
Eo90F10xNJI,SOUND_PAGE,Página de áudio,14,1
Eo90F10xNJI,PLAYLIST,Playlists,5,0
Eo90F10xNJI,NO_LINK_OTHER,Direto ou desconhecido,4,0
PUMWmQq-7rQ,SHORTS,Feed do Shorts,20456,3436
PUMWmQq-7rQ,NOTIFICATION,Notificações,463,98
PUMWmQq-7rQ,YT_SEARCH,Pesquisa do YouTube,375,59
PUMWmQq-7rQ,YT_OTHER_PAGE,Outras páginas do YouTube,274,50
PUMWmQq-7rQ,YT_CHANNEL,Página do canal,262,48
PUMWmQq-7rQ,SUBSCRIBER,Inscritos (feed/sino),149,32
PUMWmQq-7rQ,EXT_URL,Externo,80,18
PUMWmQq-7rQ,PLAYLIST,Playlists,2,0
PUMWmQq-7rQ,NO_LINK_OTHER,Direto ou desconhecido,1,0
PUMWmQq-7rQ,SOUND_PAGE,Página de áudio,1,0
oy4WKglYcjc,YT_SEARCH,Pesquisa do YouTube,15858,20259
oy4WKglYcjc,EXT_URL,Externo,2838,3989
oy4WKglYcjc,SUBSCRIBER,Inscritos (feed/sino),1257,1386
oy4WKglYcjc,NOTIFICATION,Notificações,821,1112
oy4WKglYcjc,YT_OTHER_PAGE,Outras páginas do YouTube,343,437
oy4WKglYcjc,NO_LINK_OTHER,Direto ou desconhecido,326,321
oy4WKglYcjc,YT_CHANNEL,Página do canal,220,295
oy4WKglYcjc,RELATED_VIDEO,Vídeos sugeridos (Recomendados),172,195
oy4WKglYcjc,ANNOTATION,Cards/anotações,108,160
oy4WKglYcjc,PLAYLIST,Playlists,49,60
oy4WKglYcjc,HASHTAGS,Hashtags,11,7
oy4WKglYcjc,END_SCREEN,Tela final,2,1
Kb1r8mi0kIE,SUBSCRIBER,Inscritos (feed/sino),15007,74096
Kb1r8mi0kIE,YT_SEARCH,Pesquisa do YouTube,1834,9031
Kb1r8mi0kIE,YT_CHANNEL,Página do canal,1772,8111
Kb1r8mi0kIE,RELATED_VIDEO,Vídeos sugeridos (Recomendados),1095,6346
Kb1r8mi0kIE,NOTIFICATION,Notificações,923,5513
Kb1r8mi0kIE,EXT_URL,Externo,438,1729
Kb1r8mi0kIE,YT_OTHER_PAGE,Outras páginas do YouTube,335,2149
Kb1r8mi0kIE,NO_LINK_OTHER,Direto ou desconhecido,334,1381
Kb1r8mi0kIE,PLAYLIST,Playlists,68,446
Kb1r8mi0kIE,END_SCREEN,Tela final,15,94
Kb1r8mi0kIE,HASHTAGS,Hashtags,1,0
cOOzce6juqc,ADVERTISING,Anúncios,12870,69783
cOOzce6juqc,EXT_URL,Externo,4296,6163
cOOzce6juqc,YT_SEARCH,Pesquisa do YouTube,2801,11487
cOOzce6juqc,SUBSCRIBER,Inscritos (feed/sino),918,4229
cOOzce6juqc,NOTIFICATION,Notificações,372,2093
cOOzce6juqc,YT_CHANNEL,Página do canal,133,675
cOOzce6juqc,YT_OTHER_PAGE,Outras páginas do YouTube,128,814
cOOzce6juqc,RELATED_VIDEO,Vídeos sugeridos (Recomendados),98,466
cOOzce6juqc,NO_LINK_OTHER,Direto ou desconhecido,60,225
cOOzce6juqc,PLAYLIST,Playlists,29,173
cOOzce6juqc,HASHTAGS,Hashtags,6,6
5tWGjeYE1Ys,YT_SEARCH,Pesquisa do YouTube,17554,56901
5tWGjeYE1Ys,SUBSCRIBER,Inscritos (feed/sino),2089,7615
5tWGjeYE1Ys,NOTIFICATION,Notificações,524,2143
5tWGjeYE1Ys,RELATED_VIDEO,Vídeos sugeridos (Recomendados),395,1438
5tWGjeYE1Ys,YT_OTHER_PAGE,Outras páginas do YouTube,322,1515
5tWGjeYE1Ys,EXT_URL,Externo,163,481
5tWGjeYE1Ys,NO_LINK_OTHER,Direto ou desconhecido,149,517
5tWGjeYE1Ys,YT_CHANNEL,Página do canal,113,457
5tWGjeYE1Ys,PLAYLIST,Playlists,67,261
5tWGjeYE1Ys,HASHTAGS,Hashtags,15,6
LCIoCf7h_oo,SHORTS,Feed do Shorts,12279,8997
LCIoCf7h_oo,YT_SEARCH,Pesquisa do YouTube,5366,3892
LCIoCf7h_oo,SUBSCRIBER,Inscritos (feed/sino),1841,1252
LCIoCf7h_oo,RELATED_VIDEO,Vídeos sugeridos (Recomendados),708,702
LCIoCf7h_oo,NOTIFICATION,Notificações,449,634
LCIoCf7h_oo,YT_CHANNEL,Página do canal,144,105
LCIoCf7h_oo,EXT_URL,Externo,96,92
LCIoCf7h_oo,YT_OTHER_PAGE,Outras páginas do YouTube,31,21
LCIoCf7h_oo,SOUND_PAGE,Página de áudio,11,9
LCIoCf7h_oo,PLAYLIST,Playlists,9,8
LCIoCf7h_oo,END_SCREEN,Tela final,5,4
LCIoCf7h_oo,NO_LINK_OTHER,Direto ou desconhecido,3,0
mEPaACyjI24,SUBSCRIBER,Inscritos (feed/sino),17847,52003
mEPaACyjI24,RELATED_VIDEO,Vídeos sugeridos (Recomendados),1533,9188
mEPaACyjI24,YT_CHANNEL,Página do canal,255,1283
mEPaACyjI24,NO_LINK_OTHER,Direto ou desconhecido,230,682
mEPaACyjI24,YT_SEARCH,Pesquisa do YouTube,225,770
mEPaACyjI24,YT_OTHER_PAGE,Outras páginas do YouTube,190,1122
mEPaACyjI24,EXT_URL,Externo,151,674
mEPaACyjI24,NOTIFICATION,Notificações,139,721
mEPaACyjI24,END_SCREEN,Tela final,114,819
mEPaACyjI24,PLAYLIST,Playlists,45,279
mEPaACyjI24,SHORTS_CONTENT_LINKS,SHORTS_CONTENT_LINKS,20,17
IB1mBcF00jc,SUBSCRIBER,Inscritos (feed/sino),16939,69504
IB1mBcF00jc,YT_SEARCH,Pesquisa do YouTube,1126,4987
IB1mBcF00jc,RELATED_VIDEO,Vídeos sugeridos (Recomendados),1115,8912
IB1mBcF00jc,NO_LINK_OTHER,Direto ou desconhecido,322,1454
IB1mBcF00jc,YT_OTHER_PAGE,Outras páginas do YouTube,260,2020
IB1mBcF00jc,EXT_URL,Externo,201,1057
IB1mBcF00jc,YT_CHANNEL,Página do canal,190,1014
IB1mBcF00jc,NOTIFICATION,Notificações,186,1257
IB1mBcF00jc,PLAYLIST,Playlists,76,708
KMIsVEOcaLM,SUBSCRIBER,Inscritos (feed/sino),11687,54442
KMIsVEOcaLM,RELATED_VIDEO,Vídeos sugeridos (Recomendados),5239,38990
KMIsVEOcaLM,YT_SEARCH,Pesquisa do YouTube,1791,11512
KMIsVEOcaLM,NO_LINK_OTHER,Direto ou desconhecido,418,1728
KMIsVEOcaLM,YT_OTHER_PAGE,Outras páginas do YouTube,366,2691
KMIsVEOcaLM,END_SCREEN,Tela final,235,2007
KMIsVEOcaLM,NOTIFICATION,Notificações,193,1469
KMIsVEOcaLM,YT_CHANNEL,Página do canal,163,1044
KMIsVEOcaLM,EXT_URL,Externo,158,979
KMIsVEOcaLM,PLAYLIST,Playlists,101,827
KMIsVEOcaLM,HASHTAGS,Hashtags,1,13
9B7jEAm-96g,YT_SEARCH,Pesquisa do YouTube,12434,68929
9B7jEAm-96g,SUBSCRIBER,Inscritos (feed/sino),3909,16964
9B7jEAm-96g,RELATED_VIDEO,Vídeos sugeridos (Recomendados),1033,6048
9B7jEAm-96g,EXT_URL,Externo,701,3625
9B7jEAm-96g,YT_OTHER_PAGE,Outras páginas do YouTube,555,3631
9B7jEAm-96g,NO_LINK_OTHER,Direto ou desconhecido,539,2602
9B7jEAm-96g,NOTIFICATION,Notificações,502,2911
9B7jEAm-96g,END_SCREEN,Tela final,201,1512
9B7jEAm-96g,YT_CHANNEL,Página do canal,170,1045
9B7jEAm-96g,PLAYLIST,Playlists,107,699
9B7jEAm-96g,ADVERTISING,Anúncios,1,5
YxLzaSN2a1M,YT_SEARCH,Pesquisa do YouTube,15318,79709
YxLzaSN2a1M,SUBSCRIBER,Inscritos (feed/sino),2054,9385
YxLzaSN2a1M,RELATED_VIDEO,Vídeos sugeridos (Recomendados),1068,6296
YxLzaSN2a1M,YT_OTHER_PAGE,Outras páginas do YouTube,543,3643
YxLzaSN2a1M,EXT_URL,Externo,365,1676
YxLzaSN2a1M,NO_LINK_OTHER,Direto ou desconhecido,287,950
YxLzaSN2a1M,NOTIFICATION,Notificações,140,720
YxLzaSN2a1M,YT_CHANNEL,Página do canal,127,859
YxLzaSN2a1M,PLAYLIST,Playlists,79,578
YxLzaSN2a1M,END_SCREEN,Tela final,8,48
YxLzaSN2a1M,HASHTAGS,Hashtags,5,5
YxLzaSN2a1M,SHORTS_CONTENT_LINKS,SHORTS_CONTENT_LINKS,2,12
pYkfwk1c9ms,SUBSCRIBER,Inscritos (feed/sino),11125,61816
pYkfwk1c9ms,YT_SEARCH,Pesquisa do YouTube,4888,25952
pYkfwk1c9ms,RELATED_VIDEO,Vídeos sugeridos (Recomendados),2246,16311
pYkfwk1c9ms,YT_OTHER_PAGE,Outras páginas do YouTube,421,3283
pYkfwk1c9ms,NOTIFICATION,Notificações,331,2489
pYkfwk1c9ms,END_SCREEN,Tela final,239,2004
pYkfwk1c9ms,NO_LINK_OTHER,Direto ou desconhecido,226,1106
pYkfwk1c9ms,YT_CHANNEL,Página do canal,128,929
pYkfwk1c9ms,EXT_URL,Externo,102,643
pYkfwk1c9ms,SHORTS_CONTENT_LINKS,SHORTS_CONTENT_LINKS,74,187
pYkfwk1c9ms,PLAYLIST,Playlists,69,535
pYkfwk1c9ms,HASHTAGS,Hashtags,7,41
ALMY397cmkg,SUBSCRIBER,Inscritos (feed/sino),10343,57577
ALMY397cmkg,YT_SEARCH,Pesquisa do YouTube,5122,31586
ALMY397cmkg,RELATED_VIDEO,Vídeos sugeridos (Recomendados),2572,18977
ALMY397cmkg,YT_OTHER_PAGE,Outras páginas do YouTube,429,3357
ALMY397cmkg,NOTIFICATION,Notificações,337,2412
ALMY397cmkg,NO_LINK_OTHER,Direto ou desconhecido,321,1612
ALMY397cmkg,EXT_URL,Externo,201,1104
ALMY397cmkg,YT_CHANNEL,Página do canal,187,1537
ALMY397cmkg,PLAYLIST,Playlists,129,1148
ALMY397cmkg,END_SCREEN,Tela final,44,361
ALMY397cmkg,SHORTS_CONTENT_LINKS,SHORTS_CONTENT_LINKS,35,42
ALMY397cmkg,ANNOTATION,Cards/anotações,11,59
ALMY397cmkg,HASHTAGS,Hashtags,6,16
_10GFQDTE1o,SUBSCRIBER,Inscritos (feed/sino),15904,90968
_10GFQDTE1o,RELATED_VIDEO,Vídeos sugeridos (Recomendados),1146,9362
_10GFQDTE1o,YT_SEARCH,Pesquisa do YouTube,921,4374
_10GFQDTE1o,NOTIFICATION,Notificações,771,5506
_10GFQDTE1o,YT_OTHER_PAGE,Outras páginas do YouTube,322,2460
_10GFQDTE1o,NO_LINK_OTHER,Direto ou desconhecido,265,1548
_10GFQDTE1o,EXT_URL,Externo,179,1047
_10GFQDTE1o,YT_CHANNEL,Página do canal,146,1121
_10GFQDTE1o,PLAYLIST,Playlists,56,523
_10GFQDTE1o,END_SCREEN,Tela final,18,85
3UPWzmICZMI,SUBSCRIBER,Inscritos (feed/sino),15794,92603
3UPWzmICZMI,RELATED_VIDEO,Vídeos sugeridos (Recomendados),1882,15103
3UPWzmICZMI,NOTIFICATION,Notificações,359,2648
3UPWzmICZMI,YT_OTHER_PAGE,Outras páginas do YouTube,335,2896
3UPWzmICZMI,YT_SEARCH,Pesquisa do YouTube,334,1875
3UPWzmICZMI,NO_LINK_OTHER,Direto ou desconhecido,311,1674
3UPWzmICZMI,EXT_URL,Externo,148,711
3UPWzmICZMI,YT_CHANNEL,Página do canal,126,1052
3UPWzmICZMI,END_SCREEN,Tela final,118,1147
3UPWzmICZMI,PLAYLIST,Playlists,87,889
3UPWzmICZMI,HASHTAGS,Hashtags,1,2
Nhei5jXY_PE,YT_SEARCH,Pesquisa do YouTube,11059,51277
Nhei5jXY_PE,SUBSCRIBER,Inscritos (feed/sino),2196,9645
Nhei5jXY_PE,RELATED_VIDEO,Vídeos sugeridos (Recomendados),1456,7226
Nhei5jXY_PE,NOTIFICATION,Notificações,1164,5750
Nhei5jXY_PE,EXT_URL,Externo,1014,4542
Nhei5jXY_PE,ADVERTISING,Anúncios,930,1042
Nhei5jXY_PE,YT_OTHER_PAGE,Outras páginas do YouTube,521,2992
Nhei5jXY_PE,YT_CHANNEL,Página do canal,335,1609
Nhei5jXY_PE,NO_LINK_OTHER,Direto ou desconhecido,199,595
Nhei5jXY_PE,PLAYLIST,Playlists,94,390
Nhei5jXY_PE,END_SCREEN,Tela final,17,87
Nhei5jXY_PE,ANNOTATION,Cards/anotações,5,25
Nhei5jXY_PE,HASHTAGS,Hashtags,5,18
YY9oIHk-atw,YT_SEARCH,Pesquisa do YouTube,8224,3808
YY9oIHk-atw,SHORTS,Feed do Shorts,3942,1615
YY9oIHk-atw,SUBSCRIBER,Inscritos (feed/sino),3449,1883
YY9oIHk-atw,RELATED_VIDEO,Vídeos sugeridos (Recomendados),2516,1251
YY9oIHk-atw,NOTIFICATION,Notificações,655,428
YY9oIHk-atw,YT_CHANNEL,Página do canal,119,52
YY9oIHk-atw,YT_OTHER_PAGE,Outras páginas do YouTube,34,16
YY9oIHk-atw,EXT_URL,Externo,31,18
YY9oIHk-atw,SOUND_PAGE,Página de áudio,9,3
YY9oIHk-atw,PLAYLIST,Playlists,6,2
YY9oIHk-atw,NO_LINK_OTHER,Direto ou desconhecido,3,0
KqN4gy-yYiU,SUBSCRIBER,Inscritos (feed/sino),10895,52001
KqN4gy-yYiU,RELATED_VIDEO,Vídeos sugeridos (Recomendados),3759,20121
KqN4gy-yYiU,YT_SEARCH,Pesquisa do YouTube,1636,7717
KqN4gy-yYiU,NOTIFICATION,Notificações,1464,8430
KqN4gy-yYiU,YT_OTHER_PAGE,Outras páginas do YouTube,382,2371
KqN4gy-yYiU,EXT_URL,Externo,266,1099
KqN4gy-yYiU,YT_CHANNEL,Página do canal,197,1135
KqN4gy-yYiU,NO_LINK_OTHER,Direto ou desconhecido,98,387
KqN4gy-yYiU,PLAYLIST,Playlists,67,340
KqN4gy-yYiU,END_SCREEN,Tela final,9,53
KqN4gy-yYiU,ANNOTATION,Cards/anotações,5,16
KqN4gy-yYiU,HASHTAGS,Hashtags,2,7
QKOeeYXAHWo,YT_SEARCH,Pesquisa do YouTube,14676,3450
QKOeeYXAHWo,SHORTS,Feed do Shorts,1931,718
QKOeeYXAHWo,SUBSCRIBER,Inscritos (feed/sino),1136,487
QKOeeYXAHWo,NOTIFICATION,Notificações,412,222
QKOeeYXAHWo,YT_CHANNEL,Página do canal,366,90
QKOeeYXAHWo,EXT_URL,Externo,139,44
QKOeeYXAHWo,YT_OTHER_PAGE,Outras páginas do YouTube,48,14
QKOeeYXAHWo,HASHTAGS,Hashtags,37,8
QKOeeYXAHWo,RELATED_VIDEO,Vídeos sugeridos (Recomendados),3,1
QKOeeYXAHWo,NO_LINK_OTHER,Direto ou desconhecido,2,0
QKOeeYXAHWo,PLAYLIST,Playlists,2,0
Bw__caNTvCo,EXT_URL,Externo,5292,21036
Bw__caNTvCo,YT_CHANNEL,Página do canal,4241,7994
Bw__caNTvCo,NOTIFICATION,Notificações,3272,14580
Bw__caNTvCo,YT_SEARCH,Pesquisa do YouTube,2608,11256
Bw__caNTvCo,SUBSCRIBER,Inscritos (feed/sino),1496,6175
Bw__caNTvCo,RELATED_VIDEO,Vídeos sugeridos (Recomendados),747,3208
Bw__caNTvCo,NO_LINK_OTHER,Direto ou desconhecido,554,1666
Bw__caNTvCo,YT_OTHER_PAGE,Outras páginas do YouTube,289,1280
Bw__caNTvCo,PLAYLIST,Playlists,190,813
Bw__caNTvCo,ANNOTATION,Cards/anotações,63,226
TY8oLvUt2Qg,YT_SEARCH,Pesquisa do YouTube,9095,44306
TY8oLvUt2Qg,SUBSCRIBER,Inscritos (feed/sino),6357,29381
TY8oLvUt2Qg,RELATED_VIDEO,Vídeos sugeridos (Recomendados),1703,11706
TY8oLvUt2Qg,YT_OTHER_PAGE,Outras páginas do YouTube,403,2475
TY8oLvUt2Qg,NO_LINK_OTHER,Direto ou desconhecido,351,1265
TY8oLvUt2Qg,YT_CHANNEL,Página do canal,246,1398
TY8oLvUt2Qg,NOTIFICATION,Notificações,175,976
TY8oLvUt2Qg,EXT_URL,Externo,103,359
TY8oLvUt2Qg,PLAYLIST,Playlists,68,498
TY8oLvUt2Qg,SHORTS_CONTENT_LINKS,SHORTS_CONTENT_LINKS,47,118
TY8oLvUt2Qg,HASHTAGS,Hashtags,17,107
TY8oLvUt2Qg,ANNOTATION,Cards/anotações,1,0
bgkCS6-fHSg,SHORTS,Feed do Shorts,16790,3891
bgkCS6-fHSg,YT_SEARCH,Pesquisa do YouTube,593,110
bgkCS6-fHSg,NOTIFICATION,Notificações,341,100
bgkCS6-fHSg,YT_OTHER_PAGE,Outras páginas do YouTube,287,74
bgkCS6-fHSg,YT_CHANNEL,Página do canal,158,32
bgkCS6-fHSg,SUBSCRIBER,Inscritos (feed/sino),153,39
bgkCS6-fHSg,EXT_URL,Externo,62,18
bgkCS6-fHSg,SOUND_PAGE,Página de áudio,4,0
bgkCS6-fHSg,RELATED_VIDEO,Vídeos sugeridos (Recomendados),3,0
bgkCS6-fHSg,PLAYLIST,Playlists,2,0
bgkCS6-fHSg,NO_LINK_OTHER,Direto ou desconhecido,0,0
mp321wOrmi0,YT_SEARCH,Pesquisa do YouTube,10785,57247
mp321wOrmi0,EXT_URL,Externo,2792,15031
mp321wOrmi0,RELATED_VIDEO,Vídeos sugeridos (Recomendados),2412,11868
mp321wOrmi0,SUBSCRIBER,Inscritos (feed/sino),1004,4571
mp321wOrmi0,YT_CHANNEL,Página do canal,413,2555
mp321wOrmi0,YT_OTHER_PAGE,Outras páginas do YouTube,382,2203
mp321wOrmi0,NO_LINK_OTHER,Direto ou desconhecido,297,1399
mp321wOrmi0,PLAYLIST,Playlists,149,761
mp321wOrmi0,ANNOTATION,Cards/anotações,98,549
mp321wOrmi0,NOTIFICATION,Notificações,36,188
Zb1EZCtsuQw,YT_SEARCH,Pesquisa do YouTube,13696,61534
Zb1EZCtsuQw,RELATED_VIDEO,Vídeos sugeridos (Recomendados),1857,8951
Zb1EZCtsuQw,SUBSCRIBER,Inscritos (feed/sino),961,3979
Zb1EZCtsuQw,YT_CHANNEL,Página do canal,461,2397
Zb1EZCtsuQw,NOTIFICATION,Notificações,409,1779
Zb1EZCtsuQw,YT_OTHER_PAGE,Outras páginas do YouTube,375,2171
Zb1EZCtsuQw,ANNOTATION,Cards/anotações,233,491
Zb1EZCtsuQw,NO_LINK_OTHER,Direto ou desconhecido,120,491
Zb1EZCtsuQw,EXT_URL,Externo,87,367
Zb1EZCtsuQw,PLAYLIST,Playlists,71,358
Zb1EZCtsuQw,END_SCREEN,Tela final,9,11
A5M-b88lkiw,YT_SEARCH,Pesquisa do YouTube,8646,29560
A5M-b88lkiw,RELATED_VIDEO,Vídeos sugeridos (Recomendados),5308,25647
A5M-b88lkiw,SUBSCRIBER,Inscritos (feed/sino),1807,7209
A5M-b88lkiw,EXT_URL,Externo,1388,5502
A5M-b88lkiw,NOTIFICATION,Notificações,287,1413
A5M-b88lkiw,YT_CHANNEL,Página do canal,225,999
A5M-b88lkiw,YT_OTHER_PAGE,Outras páginas do YouTube,225,1318
A5M-b88lkiw,NO_LINK_OTHER,Direto ou desconhecido,195,529
A5M-b88lkiw,PLAYLIST,Playlists,62,362
A5M-b88lkiw,HASHTAGS,Hashtags,41,162
A5M-b88lkiw,END_SCREEN,Tela final,3,13
1W3p811sGoA,SUBSCRIBER,Inscritos (feed/sino),7088,27142
1W3p811sGoA,YT_SEARCH,Pesquisa do YouTube,5228,21741
1W3p811sGoA,RELATED_VIDEO,Vídeos sugeridos (Recomendados),2142,10290
1W3p811sGoA,EXT_URL,Externo,1923,4884
1W3p811sGoA,NOTIFICATION,Notificações,736,4190
1W3p811sGoA,YT_OTHER_PAGE,Outras páginas do YouTube,280,1266
1W3p811sGoA,YT_CHANNEL,Página do canal,267,1325
1W3p811sGoA,NO_LINK_OTHER,Direto ou desconhecido,208,650
1W3p811sGoA,END_SCREEN,Tela final,155,842
1W3p811sGoA,PLAYLIST,Playlists,102,361
1W3p811sGoA,HASHTAGS,Hashtags,28,97
1W3p811sGoA,ANNOTATION,Cards/anotações,7,27
tb0nwpl9mFw,SUBSCRIBER,Inscritos (feed/sino),11152,68434
tb0nwpl9mFw,RELATED_VIDEO,Vídeos sugeridos (Recomendados),4222,38015
tb0nwpl9mFw,YT_SEARCH,Pesquisa do YouTube,692,3872
tb0nwpl9mFw,END_SCREEN,Tela final,361,2421
tb0nwpl9mFw,YT_CHANNEL,Página do canal,354,1781
tb0nwpl9mFw,YT_OTHER_PAGE,Outras páginas do YouTube,332,3037
tb0nwpl9mFw,NO_LINK_OTHER,Direto ou desconhecido,278,1464
tb0nwpl9mFw,NOTIFICATION,Notificações,213,1711
tb0nwpl9mFw,EXT_URL,Externo,143,767
tb0nwpl9mFw,PLAYLIST,Playlists,104,1233
-i92WlceaNU,YT_SEARCH,Pesquisa do YouTube,10698,3022
-i92WlceaNU,SHORTS,Feed do Shorts,5328,903
-i92WlceaNU,YT_CHANNEL,Página do canal,952,193
-i92WlceaNU,SUBSCRIBER,Inscritos (feed/sino),261,79
-i92WlceaNU,NOTIFICATION,Notificações,186,52
-i92WlceaNU,HASHTAGS,Hashtags,170,47
-i92WlceaNU,EXT_URL,Externo,139,49
-i92WlceaNU,YT_OTHER_PAGE,Outras páginas do YouTube,68,15
-i92WlceaNU,RELATED_VIDEO,Vídeos sugeridos (Recomendados),5,2
-i92WlceaNU,PLAYLIST,Playlists,3,1
-i92WlceaNU,NO_LINK_OTHER,Direto ou desconhecido,2,0
-i92WlceaNU,SOUND_PAGE,Página de áudio,2,1
M0sYiLwvUNk,SHORTS,Feed do Shorts,13588,5865
M0sYiLwvUNk,YT_SEARCH,Pesquisa do YouTube,2385,1156
M0sYiLwvUNk,SUBSCRIBER,Inscritos (feed/sino),804,488
M0sYiLwvUNk,RELATED_VIDEO,Vídeos sugeridos (Recomendados),395,271
M0sYiLwvUNk,NOTIFICATION,Notificações,250,182
M0sYiLwvUNk,YT_CHANNEL,Página do canal,136,68
M0sYiLwvUNk,EXT_URL,Externo,104,48
M0sYiLwvUNk,YT_OTHER_PAGE,Outras páginas do YouTube,37,20
M0sYiLwvUNk,PLAYLIST,Playlists,10,4
M0sYiLwvUNk,HASHTAGS,Hashtags,4,7
M0sYiLwvUNk,NO_LINK_OTHER,Direto ou desconhecido,2,0
0IPodyMj0q8,SUBSCRIBER,Inscritos (feed/sino),9416,34023
0IPodyMj0q8,YT_SEARCH,Pesquisa do YouTube,5391,23191
0IPodyMj0q8,RELATED_VIDEO,Vídeos sugeridos (Recomendados),1270,6791
0IPodyMj0q8,EXT_URL,Externo,390,2119
0IPodyMj0q8,YT_OTHER_PAGE,Outras páginas do YouTube,330,1885
0IPodyMj0q8,NOTIFICATION,Notificações,247,1122
0IPodyMj0q8,NO_LINK_OTHER,Direto ou desconhecido,238,730
0IPodyMj0q8,PLAYLIST,Playlists,147,536
0IPodyMj0q8,YT_CHANNEL,Página do canal,131,582
0IPodyMj0q8,SHORTS_CONTENT_LINKS,SHORTS_CONTENT_LINKS,37,56
0IPodyMj0q8,END_SCREEN,Tela final,1,0
0IPodyMj0q8,HASHTAGS,Hashtags,1,2
H6uTn-HXTTQ,YT_SEARCH,Pesquisa do YouTube,14938,79642
H6uTn-HXTTQ,EXT_URL,Externo,840,5083
H6uTn-HXTTQ,NO_LINK_OTHER,Direto ou desconhecido,423,1853
H6uTn-HXTTQ,RELATED_VIDEO,Vídeos sugeridos (Recomendados),359,1885
H6uTn-HXTTQ,YT_OTHER_PAGE,Outras páginas do YouTube,320,2667
H6uTn-HXTTQ,SUBSCRIBER,Inscritos (feed/sino),268,1278
H6uTn-HXTTQ,YT_CHANNEL,Página do canal,213,1540
H6uTn-HXTTQ,PLAYLIST,Playlists,173,1380
H6uTn-HXTTQ,NOTIFICATION,Notificações,22,121
H6uTn-HXTTQ,ANNOTATION,Cards/anotações,4,39
Kwf4IvhOb9s,EXT_URL,Externo,9012,17565
Kwf4IvhOb9s,SUBSCRIBER,Inscritos (feed/sino),3913,19879
Kwf4IvhOb9s,YT_SEARCH,Pesquisa do YouTube,2748,14375
Kwf4IvhOb9s,NOTIFICATION,Notificações,806,5172
Kwf4IvhOb9s,RELATED_VIDEO,Vídeos sugeridos (Recomendados),534,3322
Kwf4IvhOb9s,YT_OTHER_PAGE,Outras páginas do YouTube,205,1308
Kwf4IvhOb9s,YT_CHANNEL,Página do canal,164,969
Kwf4IvhOb9s,NO_LINK_OTHER,Direto ou desconhecido,75,373
Kwf4IvhOb9s,PLAYLIST,Playlists,27,161
Kwf4IvhOb9s,END_SCREEN,Tela final,14,92
Kwf4IvhOb9s,HASHTAGS,Hashtags,11,60
kipRQb0ksus,YT_SEARCH,Pesquisa do YouTube,14202,12227
kipRQb0ksus,SHORTS,Feed do Shorts,2581,1834
kipRQb0ksus,SUBSCRIBER,Inscritos (feed/sino),180,176
kipRQb0ksus,NOTIFICATION,Notificações,155,172
kipRQb0ksus,YT_CHANNEL,Página do canal,135,138
kipRQb0ksus,YT_OTHER_PAGE,Outras páginas do YouTube,91,71
kipRQb0ksus,EXT_URL,Externo,34,34
kipRQb0ksus,PLAYLIST,Playlists,14,8
kipRQb0ksus,RELATED_VIDEO,Vídeos sugeridos (Recomendados),9,7
kipRQb0ksus,SOUND_PAGE,Página de áudio,6,4
kipRQb0ksus,HASHTAGS,Hashtags,4,3
kipRQb0ksus,NO_LINK_OTHER,Direto ou desconhecido,1,0
wEZS_2h3Uec,SHORTS,Feed do Shorts,15393,5627
wEZS_2h3Uec,YT_CHANNEL,Página do canal,834,417
wEZS_2h3Uec,YT_SEARCH,Pesquisa do YouTube,519,213
wEZS_2h3Uec,NOTIFICATION,Notificações,242,125
wEZS_2h3Uec,SUBSCRIBER,Inscritos (feed/sino),188,97
wEZS_2h3Uec,YT_OTHER_PAGE,Outras páginas do YouTube,120,50
wEZS_2h3Uec,EXT_URL,Externo,41,33
wEZS_2h3Uec,SHORTS_CONTENT_LINKS,SHORTS_CONTENT_LINKS,10,3
wEZS_2h3Uec,RELATED_VIDEO,Vídeos sugeridos (Recomendados),4,2
wEZS_2h3Uec,SOUND_PAGE,Página de áudio,3,2
wEZS_2h3Uec,NO_LINK_OTHER,Direto ou desconhecido,1,0
wEZS_2h3Uec,PLAYLIST,Playlists,1,0
HpAzu1tUBqI,SUBSCRIBER,Inscritos (feed/sino),11860,51867
HpAzu1tUBqI,YT_SEARCH,Pesquisa do YouTube,3205,16434
HpAzu1tUBqI,RELATED_VIDEO,Vídeos sugeridos (Recomendados),737,4853
HpAzu1tUBqI,YT_OTHER_PAGE,Outras páginas do YouTube,337,2364
HpAzu1tUBqI,NOTIFICATION,Notificações,306,1726
HpAzu1tUBqI,NO_LINK_OTHER,Direto ou desconhecido,294,1056
HpAzu1tUBqI,YT_CHANNEL,Página do canal,205,1422
HpAzu1tUBqI,PLAYLIST,Playlists,107,779
HpAzu1tUBqI,EXT_URL,Externo,72,316
HpAzu1tUBqI,END_SCREEN,Tela final,1,4
q1wmui1gyhc,SUBSCRIBER,Inscritos (feed/sino),9303,26390
q1wmui1gyhc,NOTIFICATION,Notificações,2526,8059
q1wmui1gyhc,RELATED_VIDEO,Vídeos sugeridos (Recomendados),2468,7670
q1wmui1gyhc,YT_SEARCH,Pesquisa do YouTube,1362,3775
q1wmui1gyhc,YT_CHANNEL,Página do canal,432,1294
q1wmui1gyhc,YT_OTHER_PAGE,Outras páginas do YouTube,353,1113
q1wmui1gyhc,EXT_URL,Externo,313,803
q1wmui1gyhc,NO_LINK_OTHER,Direto ou desconhecido,131,347
q1wmui1gyhc,END_SCREEN,Tela final,107,328
q1wmui1gyhc,PLAYLIST,Playlists,50,133
q1wmui1gyhc,ANNOTATION,Cards/anotações,46,128
q1wmui1gyhc,HASHTAGS,Hashtags,3,1
tRzZue7R400,SUBSCRIBER,Inscritos (feed/sino),13335,78776
tRzZue7R400,RELATED_VIDEO,Vídeos sugeridos (Recomendados),1862,14819
tRzZue7R400,NOTIFICATION,Notificações,405,2873
tRzZue7R400,YT_SEARCH,Pesquisa do YouTube,395,2202
tRzZue7R400,YT_OTHER_PAGE,Outras páginas do YouTube,295,2968
tRzZue7R400,EXT_URL,Externo,254,941
tRzZue7R400,NO_LINK_OTHER,Direto ou desconhecido,240,1167
tRzZue7R400,YT_CHANNEL,Página do canal,170,1529
tRzZue7R400,PLAYLIST,Playlists,53,635
tRzZue7R400,SHORTS_CONTENT_LINKS,SHORTS_CONTENT_LINKS,13,47
tQVr54vTGSg,YT_SEARCH,Pesquisa do YouTube,7213,13077
tQVr54vTGSg,EXT_URL,Externo,5251,12013
tQVr54vTGSg,SUBSCRIBER,Inscritos (feed/sino),2585,5013
tQVr54vTGSg,NOTIFICATION,Notificações,600,1464
tQVr54vTGSg,RELATED_VIDEO,Vídeos sugeridos (Recomendados),545,1084
tQVr54vTGSg,YT_CHANNEL,Página do canal,252,542
tQVr54vTGSg,YT_OTHER_PAGE,Outras páginas do YouTube,245,522
tQVr54vTGSg,NO_LINK_OTHER,Direto ou desconhecido,192,374
tQVr54vTGSg,PLAYLIST,Playlists,34,63
tQVr54vTGSg,ANNOTATION,Cards/anotações,1,2
-UOFWJPilQ4,SUBSCRIBER,Inscritos (feed/sino),13201,87732
-UOFWJPilQ4,RELATED_VIDEO,Vídeos sugeridos (Recomendados),1583,15122
-UOFWJPilQ4,YT_SEARCH,Pesquisa do YouTube,783,5305
-UOFWJPilQ4,YT_OTHER_PAGE,Outras páginas do YouTube,350,3387
-UOFWJPilQ4,NO_LINK_OTHER,Direto ou desconhecido,283,1821
-UOFWJPilQ4,NOTIFICATION,Notificações,265,2141
-UOFWJPilQ4,EXT_URL,Externo,165,1120
-UOFWJPilQ4,YT_CHANNEL,Página do canal,110,1009
-UOFWJPilQ4,PLAYLIST,Playlists,85,911
-UOFWJPilQ4,ANNOTATION,Cards/anotações,6,65
-UOFWJPilQ4,HASHTAGS,Hashtags,1,0
RIUR0DVndeo,ADVERTISING,Anúncios,10695,49556
RIUR0DVndeo,SUBSCRIBER,Inscritos (feed/sino),2691,14094
RIUR0DVndeo,YT_CHANNEL,Página do canal,815,3552
RIUR0DVndeo,YT_SEARCH,Pesquisa do YouTube,772,3659
RIUR0DVndeo,RELATED_VIDEO,Vídeos sugeridos (Recomendados),646,4457
RIUR0DVndeo,NOTIFICATION,Notificações,452,2855
RIUR0DVndeo,EXT_URL,Externo,224,1060
RIUR0DVndeo,YT_OTHER_PAGE,Outras páginas do YouTube,152,946
RIUR0DVndeo,PLAYLIST,Playlists,145,859
RIUR0DVndeo,NO_LINK_OTHER,Direto ou desconhecido,132,551
RIUR0DVndeo,END_SCREEN,Tela final,9,48
RIUR0DVndeo,ANNOTATION,Cards/anotações,6,27
7CdwOTT7U3o,YT_SEARCH,Pesquisa do YouTube,13411,42889
7CdwOTT7U3o,EXT_URL,Externo,2062,7156
7CdwOTT7U3o,YT_OTHER_PAGE,Outras páginas do YouTube,305,1060
7CdwOTT7U3o,RELATED_VIDEO,Vídeos sugeridos (Recomendados),251,633
7CdwOTT7U3o,YT_CHANNEL,Página do canal,232,621
7CdwOTT7U3o,NO_LINK_OTHER,Direto ou desconhecido,147,343
7CdwOTT7U3o,SUBSCRIBER,Inscritos (feed/sino),113,377
7CdwOTT7U3o,PLAYLIST,Playlists,47,156
7CdwOTT7U3o,NOTIFICATION,Notificações,17,12
7CdwOTT7U3o,ANNOTATION,Cards/anotações,10,38
wML4L-y-4bI,SUBSCRIBER,Inscritos (feed/sino),9040,49857
wML4L-y-4bI,RELATED_VIDEO,Vídeos sugeridos (Recomendados),2646,16181
wML4L-y-4bI,YT_SEARCH,Pesquisa do YouTube,2548,14261
wML4L-y-4bI,NOTIFICATION,Notificações,1346,9083
wML4L-y-4bI,YT_OTHER_PAGE,Outras páginas do YouTube,313,2153
wML4L-y-4bI,YT_CHANNEL,Página do canal,188,1175
wML4L-y-4bI,NO_LINK_OTHER,Direto ou desconhecido,124,477
wML4L-y-4bI,EXT_URL,Externo,104,583
wML4L-y-4bI,PLAYLIST,Playlists,42,228
wML4L-y-4bI,ANNOTATION,Cards/anotações,14,97
wML4L-y-4bI,END_SCREEN,Tela final,11,64
wML4L-y-4bI,HASHTAGS,Hashtags,11,30
GXRoC612i9Y,SHORTS,Feed do Shorts,14923,9039
GXRoC612i9Y,YT_SEARCH,Pesquisa do YouTube,586,338
GXRoC612i9Y,SUBSCRIBER,Inscritos (feed/sino),430,381
GXRoC612i9Y,YT_CHANNEL,Página do canal,142,79
GXRoC612i9Y,NOTIFICATION,Notificações,112,120
GXRoC612i9Y,EXT_URL,Externo,98,80
GXRoC612i9Y,YT_OTHER_PAGE,Outras páginas do YouTube,18,12
GXRoC612i9Y,RELATED_VIDEO,Vídeos sugeridos (Recomendados),7,4
GXRoC612i9Y,HASHTAGS,Hashtags,7,2
GXRoC612i9Y,PLAYLIST,Playlists,4,2
GXRoC612i9Y,NO_LINK_OTHER,Direto ou desconhecido,0,0
8wQSB5fNGd0,SHORTS,Feed do Shorts,15191,1820
8wQSB5fNGd0,YT_OTHER_PAGE,Outras páginas do YouTube,383,49
8wQSB5fNGd0,YT_SEARCH,Pesquisa do YouTube,296,37
8wQSB5fNGd0,NOTIFICATION,Notificações,247,35
8wQSB5fNGd0,YT_CHANNEL,Página do canal,87,5
8wQSB5fNGd0,SUBSCRIBER,Inscritos (feed/sino),60,7
8wQSB5fNGd0,EXT_URL,Externo,14,3
8wQSB5fNGd0,NO_LINK_OTHER,Direto ou desconhecido,3,0
8wQSB5fNGd0,SOUND_PAGE,Página de áudio,2,0
8wQSB5fNGd0,PLAYLIST,Playlists,1,0
I0yUB-N6YUY,ADVERTISING,Anúncios,9800,14453
I0yUB-N6YUY,YT_SEARCH,Pesquisa do YouTube,2944,10510
I0yUB-N6YUY,SUBSCRIBER,Inscritos (feed/sino),2138,6890
I0yUB-N6YUY,NOTIFICATION,Notificações,435,1924
I0yUB-N6YUY,RELATED_VIDEO,Vídeos sugeridos (Recomendados),215,880
I0yUB-N6YUY,EXT_URL,Externo,199,528
I0yUB-N6YUY,YT_CHANNEL,Página do canal,198,827
I0yUB-N6YUY,YT_OTHER_PAGE,Outras páginas do YouTube,147,738
I0yUB-N6YUY,NO_LINK_OTHER,Direto ou desconhecido,64,215
I0yUB-N6YUY,PLAYLIST,Playlists,32,127
I0yUB-N6YUY,HASHTAGS,Hashtags,1,0
GpdXuQipVaQ,SUBSCRIBER,Inscritos (feed/sino),12188,55180
GpdXuQipVaQ,RELATED_VIDEO,Vídeos sugeridos (Recomendados),2781,21943
GpdXuQipVaQ,YT_SEARCH,Pesquisa do YouTube,364,1654
GpdXuQipVaQ,YT_OTHER_PAGE,Outras páginas do YouTube,240,1875
GpdXuQipVaQ,NO_LINK_OTHER,Direto ou desconhecido,206,1135
GpdXuQipVaQ,NOTIFICATION,Notificações,110,810
GpdXuQipVaQ,YT_CHANNEL,Página do canal,88,587
GpdXuQipVaQ,PLAYLIST,Playlists,69,618
GpdXuQipVaQ,EXT_URL,Externo,50,266
gA-R4Iu3_I4,SUBSCRIBER,Inscritos (feed/sino),8750,43283
gA-R4Iu3_I4,YT_SEARCH,Pesquisa do YouTube,3332,21093
gA-R4Iu3_I4,EXT_URL,Externo,1526,3398
gA-R4Iu3_I4,RELATED_VIDEO,Vídeos sugeridos (Recomendados),1302,9507
gA-R4Iu3_I4,NOTIFICATION,Notificações,581,3807
gA-R4Iu3_I4,YT_OTHER_PAGE,Outras páginas do YouTube,197,1826
gA-R4Iu3_I4,NO_LINK_OTHER,Direto ou desconhecido,148,487
gA-R4Iu3_I4,YT_CHANNEL,Página do canal,124,870
gA-R4Iu3_I4,PLAYLIST,Playlists,30,304
gA-R4Iu3_I4,HASHTAGS,Hashtags,4,22
gA-R4Iu3_I4,ADVERTISING,Anúncios,2,17
mKRWNOPGjr8,SUBSCRIBER,Inscritos (feed/sino),7635,51389
mKRWNOPGjr8,YT_SEARCH,Pesquisa do YouTube,3877,24593
mKRWNOPGjr8,RELATED_VIDEO,Vídeos sugeridos (Recomendados),2012,17098
mKRWNOPGjr8,END_SCREEN,Tela final,1015,10747
mKRWNOPGjr8,YT_OTHER_PAGE,Outras páginas do YouTube,386,3621
mKRWNOPGjr8,YT_CHANNEL,Página do canal,296,2523
mKRWNOPGjr8,NOTIFICATION,Notificações,243,2082
mKRWNOPGjr8,NO_LINK_OTHER,Direto ou desconhecido,231,1435
mKRWNOPGjr8,EXT_URL,Externo,75,446
mKRWNOPGjr8,PLAYLIST,Playlists,72,789
mKRWNOPGjr8,SHORTS_CONTENT_LINKS,SHORTS_CONTENT_LINKS,51,154
mKRWNOPGjr8,HASHTAGS,Hashtags,6,35
KJJc8S3ibpk,YT_SEARCH,Pesquisa do YouTube,10321,5871
KJJc8S3ibpk,SHORTS,Feed do Shorts,2909,1471
KJJc8S3ibpk,SUBSCRIBER,Inscritos (feed/sino),1667,1108
KJJc8S3ibpk,NOTIFICATION,Notificações,410,348
KJJc8S3ibpk,RELATED_VIDEO,Vídeos sugeridos (Recomendados),222,141
KJJc8S3ibpk,EXT_URL,Externo,146,86
KJJc8S3ibpk,YT_CHANNEL,Página do canal,129,83
KJJc8S3ibpk,YT_OTHER_PAGE,Outras páginas do YouTube,59,33
KJJc8S3ibpk,END_SCREEN,Tela final,13,7
KJJc8S3ibpk,PLAYLIST,Playlists,11,6
KJJc8S3ibpk,NO_LINK_OTHER,Direto ou desconhecido,5,2
KJJc8S3ibpk,SOUND_PAGE,Página de áudio,4,1
QAsqgHgxGzc,SHORTS,Feed do Shorts,13627,6609
QAsqgHgxGzc,YT_SEARCH,Pesquisa do YouTube,654,323
QAsqgHgxGzc,SUBSCRIBER,Inscritos (feed/sino),631,489
QAsqgHgxGzc,NOTIFICATION,Notificações,404,348
QAsqgHgxGzc,YT_OTHER_PAGE,Outras páginas do YouTube,236,124
QAsqgHgxGzc,YT_CHANNEL,Página do canal,121,72
QAsqgHgxGzc,EXT_URL,Externo,88,67
QAsqgHgxGzc,RELATED_VIDEO,Vídeos sugeridos (Recomendados),23,15
QAsqgHgxGzc,HASHTAGS,Hashtags,18,7
QAsqgHgxGzc,PLAYLIST,Playlists,6,2
QAsqgHgxGzc,NO_LINK_OTHER,Direto ou desconhecido,3,1
QAsqgHgxGzc,SOUND_PAGE,Página de áudio,1,0
kmLvxBoALa0,SUBSCRIBER,Inscritos (feed/sino),7383,38355
kmLvxBoALa0,YT_SEARCH,Pesquisa do YouTube,4223,23867
kmLvxBoALa0,RELATED_VIDEO,Vídeos sugeridos (Recomendados),2198,17529
kmLvxBoALa0,NO_LINK_OTHER,Direto ou desconhecido,486,1755
kmLvxBoALa0,YT_OTHER_PAGE,Outras páginas do YouTube,401,3007
kmLvxBoALa0,EXT_URL,Externo,305,1787
kmLvxBoALa0,YT_CHANNEL,Página do canal,297,1937
kmLvxBoALa0,NOTIFICATION,Notificações,173,1194
kmLvxBoALa0,PLAYLIST,Playlists,132,870
kmLvxBoALa0,END_SCREEN,Tela final,88,789
kmLvxBoALa0,SHORTS_CONTENT_LINKS,SHORTS_CONTENT_LINKS,9,53
Mmo9K5oCJdk,YT_SEARCH,Pesquisa do YouTube,10553,22760
Mmo9K5oCJdk,EXT_URL,Externo,2828,5782
Mmo9K5oCJdk,SUBSCRIBER,Inscritos (feed/sino),1016,2158
Mmo9K5oCJdk,NOTIFICATION,Notificações,354,782
Mmo9K5oCJdk,YT_OTHER_PAGE,Outras páginas do YouTube,321,827
Mmo9K5oCJdk,NO_LINK_OTHER,Direto ou desconhecido,221,397
Mmo9K5oCJdk,RELATED_VIDEO,Vídeos sugeridos (Recomendados),148,331
Mmo9K5oCJdk,YT_CHANNEL,Página do canal,107,230
Mmo9K5oCJdk,PLAYLIST,Playlists,51,122
Mmo9K5oCJdk,ANNOTATION,Cards/anotações,28,56
Mmo9K5oCJdk,END_SCREEN,Tela final,5,9
Mmo9K5oCJdk,HASHTAGS,Hashtags,3,7
0KQmeehso4Y,SUBSCRIBER,Inscritos (feed/sino),6455,30124
0KQmeehso4Y,YT_SEARCH,Pesquisa do YouTube,3685,18994
0KQmeehso4Y,RELATED_VIDEO,Vídeos sugeridos (Recomendados),2558,15425
0KQmeehso4Y,EXT_URL,Externo,1050,5593
0KQmeehso4Y,NOTIFICATION,Notificações,949,5597
0KQmeehso4Y,YT_OTHER_PAGE,Outras páginas do YouTube,322,2312
0KQmeehso4Y,YT_CHANNEL,Página do canal,233,1542
0KQmeehso4Y,NO_LINK_OTHER,Direto ou desconhecido,220,1005
0KQmeehso4Y,END_SCREEN,Tela final,59,405
0KQmeehso4Y,PLAYLIST,Playlists,46,347
0KQmeehso4Y,ANNOTATION,Cards/anotações,45,325
0KQmeehso4Y,HASHTAGS,Hashtags,4,16
baVSgDPw2Iw,SHORTS,Feed do Shorts,14723,1753
baVSgDPw2Iw,YT_OTHER_PAGE,Outras páginas do YouTube,292,36
baVSgDPw2Iw,YT_SEARCH,Pesquisa do YouTube,165,18
baVSgDPw2Iw,NOTIFICATION,Notificações,164,23
baVSgDPw2Iw,YT_CHANNEL,Página do canal,103,12
baVSgDPw2Iw,EXT_URL,Externo,81,14
baVSgDPw2Iw,SUBSCRIBER,Inscritos (feed/sino),56,7
baVSgDPw2Iw,NO_LINK_OTHER,Direto ou desconhecido,2,0
baVSgDPw2Iw,HASHTAGS,Hashtags,2,0
baVSgDPw2Iw,SOUND_PAGE,Página de áudio,1,0
d8ii2Y4DRxo,EXT_URL,Externo,6318,37185
d8ii2Y4DRxo,YT_SEARCH,Pesquisa do YouTube,3651,22511
d8ii2Y4DRxo,SUBSCRIBER,Inscritos (feed/sino),1891,9396
d8ii2Y4DRxo,NOTIFICATION,Notificações,1533,7227
d8ii2Y4DRxo,RELATED_VIDEO,Vídeos sugeridos (Recomendados),627,3792
d8ii2Y4DRxo,YT_CHANNEL,Página do canal,534,2320
d8ii2Y4DRxo,NO_LINK_OTHER,Direto ou desconhecido,304,1666
d8ii2Y4DRxo,YT_OTHER_PAGE,Outras páginas do YouTube,295,2229
d8ii2Y4DRxo,END_SCREEN,Tela final,262,898
d8ii2Y4DRxo,PLAYLIST,Playlists,113,641
d8ii2Y4DRxo,ANNOTATION,Cards/anotações,19,98
lt2LWbwu3mc,SUBSCRIBER,Inscritos (feed/sino),8314,40791
lt2LWbwu3mc,RELATED_VIDEO,Vídeos sugeridos (Recomendados),3473,29486
lt2LWbwu3mc,YT_SEARCH,Pesquisa do YouTube,2346,13442
lt2LWbwu3mc,EXT_URL,Externo,367,1824
lt2LWbwu3mc,YT_OTHER_PAGE,Outras páginas do YouTube,324,2424
lt2LWbwu3mc,NO_LINK_OTHER,Direto ou desconhecido,256,1121
lt2LWbwu3mc,YT_CHANNEL,Página do canal,159,1020
lt2LWbwu3mc,NOTIFICATION,Notificações,146,1028
lt2LWbwu3mc,PLAYLIST,Playlists,95,822
lt2LWbwu3mc,END_SCREEN,Tela final,63,631
2YO2sa_Hheg,SUBSCRIBER,Inscritos (feed/sino),7466,36657
2YO2sa_Hheg,YT_SEARCH,Pesquisa do YouTube,4602,24753
2YO2sa_Hheg,RELATED_VIDEO,Vídeos sugeridos (Recomendados),1649,10703
2YO2sa_Hheg,EXT_URL,Externo,401,2368
2YO2sa_Hheg,YT_OTHER_PAGE,Outras páginas do YouTube,339,2498
2YO2sa_Hheg,NO_LINK_OTHER,Direto ou desconhecido,295,1181
2YO2sa_Hheg,NOTIFICATION,Notificações,221,1250
2YO2sa_Hheg,YT_CHANNEL,Página do canal,176,1083
2YO2sa_Hheg,END_SCREEN,Tela final,147,1278
2YO2sa_Hheg,PLAYLIST,Playlists,101,748
2YO2sa_Hheg,HASHTAGS,Hashtags,5,23
KTdqPfN3kl4,SUBSCRIBER,Inscritos (feed/sino),11936,48303
KTdqPfN3kl4,RELATED_VIDEO,Vídeos sugeridos (Recomendados),1656,10152
KTdqPfN3kl4,YT_SEARCH,Pesquisa do YouTube,506,1953
KTdqPfN3kl4,NOTIFICATION,Notificações,352,1867
KTdqPfN3kl4,YT_OTHER_PAGE,Outras páginas do YouTube,262,1525
KTdqPfN3kl4,NO_LINK_OTHER,Direto ou desconhecido,220,870
KTdqPfN3kl4,YT_CHANNEL,Página do canal,218,922
KTdqPfN3kl4,END_SCREEN,Tela final,118,737
KTdqPfN3kl4,EXT_URL,Externo,66,286
KTdqPfN3kl4,PLAYLIST,Playlists,59,359
sgIBA6cTAKE,SUBSCRIBER,Inscritos (feed/sino),9419,33542
sgIBA6cTAKE,YT_SEARCH,Pesquisa do YouTube,2635,9809
sgIBA6cTAKE,NOTIFICATION,Notificações,1547,6967
sgIBA6cTAKE,RELATED_VIDEO,Vídeos sugeridos (Recomendados),1082,4618
sgIBA6cTAKE,YT_OTHER_PAGE,Outras páginas do YouTube,228,1080
sgIBA6cTAKE,YT_CHANNEL,Página do canal,195,826
sgIBA6cTAKE,EXT_URL,Externo,124,467
sgIBA6cTAKE,NO_LINK_OTHER,Direto ou desconhecido,94,326
sgIBA6cTAKE,PLAYLIST,Playlists,34,125
sgIBA6cTAKE,ANNOTATION,Cards/anotações,7,9
sgIBA6cTAKE,END_SCREEN,Tela final,5,12
sgIBA6cTAKE,HASHTAGS,Hashtags,2,6
nnZXXW86o2M,SUBSCRIBER,Inscritos (feed/sino),9084,30120
nnZXXW86o2M,NOTIFICATION,Notificações,1864,6460
nnZXXW86o2M,YT_CHANNEL,Página do canal,1654,5067
nnZXXW86o2M,RELATED_VIDEO,Vídeos sugeridos (Recomendados),1161,4314
nnZXXW86o2M,YT_SEARCH,Pesquisa do YouTube,1005,3301
nnZXXW86o2M,YT_OTHER_PAGE,Outras páginas do YouTube,256,1005
nnZXXW86o2M,NO_LINK_OTHER,Direto ou desconhecido,131,400
nnZXXW86o2M,EXT_URL,Externo,123,352
nnZXXW86o2M,PLAYLIST,Playlists,50,180
nnZXXW86o2M,END_SCREEN,Tela final,22,99
nnZXXW86o2M,HASHTAGS,Hashtags,11,30
nnZXXW86o2M,ANNOTATION,Cards/anotações,5,11
kkcvwc-Pb3s,EXT_URL,Externo,6051,13747
kkcvwc-Pb3s,YT_SEARCH,Pesquisa do YouTube,2867,6890
kkcvwc-Pb3s,SUBSCRIBER,Inscritos (feed/sino),2497,5904
kkcvwc-Pb3s,NOTIFICATION,Notificações,2396,5786
kkcvwc-Pb3s,YT_CHANNEL,Página do canal,349,828
kkcvwc-Pb3s,YT_OTHER_PAGE,Outras páginas do YouTube,229,522
kkcvwc-Pb3s,NO_LINK_OTHER,Direto ou desconhecido,187,390
kkcvwc-Pb3s,RELATED_VIDEO,Vídeos sugeridos (Recomendados),184,384
kkcvwc-Pb3s,END_SCREEN,Tela final,68,103
kkcvwc-Pb3s,PLAYLIST,Playlists,65,143
kkcvwc-Pb3s,ANNOTATION,Cards/anotações,42,66
P_RT6E8QUJg,YT_SEARCH,Pesquisa do YouTube,10263,27362
P_RT6E8QUJg,EXT_URL,Externo,2574,8461
P_RT6E8QUJg,SUBSCRIBER,Inscritos (feed/sino),748,2285
P_RT6E8QUJg,NOTIFICATION,Notificações,335,1061
P_RT6E8QUJg,RELATED_VIDEO,Vídeos sugeridos (Recomendados),317,1066
P_RT6E8QUJg,YT_OTHER_PAGE,Outras páginas do YouTube,166,663
P_RT6E8QUJg,YT_CHANNEL,Página do canal,127,471
P_RT6E8QUJg,NO_LINK_OTHER,Direto ou desconhecido,96,206
P_RT6E8QUJg,PLAYLIST,Playlists,25,92
P_RT6E8QUJg,END_SCREEN,Tela final,2,7
P_RT6E8QUJg,ADVERTISING,Anúncios,1,7
mE2A50FTBg4,SUBSCRIBER,Inscritos (feed/sino),11941,91261
mE2A50FTBg4,RELATED_VIDEO,Vídeos sugeridos (Recomendados),1257,15221
mE2A50FTBg4,NOTIFICATION,Notificações,300,3024
mE2A50FTBg4,NO_LINK_OTHER,Direto ou desconhecido,292,1745
mE2A50FTBg4,YT_OTHER_PAGE,Outras páginas do YouTube,281,3382
mE2A50FTBg4,YT_CHANNEL,Página do canal,185,2128
mE2A50FTBg4,YT_SEARCH,Pesquisa do YouTube,145,1016
mE2A50FTBg4,PLAYLIST,Playlists,88,1239
mE2A50FTBg4,EXT_URL,Externo,76,623
mE2A50FTBg4,END_SCREEN,Tela final,74,933
mE2A50FTBg4,HASHTAGS,Hashtags,1,6
uOK-nw2g0hc,SUBSCRIBER,Inscritos (feed/sino),9819,43263
uOK-nw2g0hc,EXT_URL,Externo,1983,4390
uOK-nw2g0hc,YT_SEARCH,Pesquisa do YouTube,924,4109
uOK-nw2g0hc,RELATED_VIDEO,Vídeos sugeridos (Recomendados),788,5416
uOK-nw2g0hc,NOTIFICATION,Notificações,409,2429
uOK-nw2g0hc,YT_CHANNEL,Página do canal,193,1117
uOK-nw2g0hc,YT_OTHER_PAGE,Outras páginas do YouTube,172,1318
uOK-nw2g0hc,NO_LINK_OTHER,Direto ou desconhecido,142,440
uOK-nw2g0hc,PLAYLIST,Playlists,64,493
uOK-nw2g0hc,HASHTAGS,Hashtags,3,1
uOK-nw2g0hc,END_SCREEN,Tela final,1,0
lsxHdQiPhLw,YT_SEARCH,Pesquisa do YouTube,6357,24894
lsxHdQiPhLw,ANNOTATION,Cards/anotações,3688,17296
lsxHdQiPhLw,RELATED_VIDEO,Vídeos sugeridos (Recomendados),1770,7824
lsxHdQiPhLw,YT_CHANNEL,Página do canal,861,3985
lsxHdQiPhLw,EXT_URL,Externo,474,1835
lsxHdQiPhLw,SUBSCRIBER,Inscritos (feed/sino),472,1770
lsxHdQiPhLw,YT_OTHER_PAGE,Outras páginas do YouTube,284,1152
lsxHdQiPhLw,NO_LINK_OTHER,Direto ou desconhecido,226,725
lsxHdQiPhLw,PLAYLIST,Playlists,208,825
lsxHdQiPhLw,NOTIFICATION,Notificações,50,38
lsxHdQiPhLw,END_SCREEN,Tela final,32,108
lsxHdQiPhLw,HASHTAGS,Hashtags,1,0
kKtZkRX7q7s,SUBSCRIBER,Inscritos (feed/sino),8793,42545
kKtZkRX7q7s,YT_SEARCH,Pesquisa do YouTube,2130,10999
kKtZkRX7q7s,RELATED_VIDEO,Vídeos sugeridos (Recomendados),1835,9730
kKtZkRX7q7s,NOTIFICATION,Notificações,741,4013
kKtZkRX7q7s,EXT_URL,Externo,337,1262
kKtZkRX7q7s,YT_OTHER_PAGE,Outras páginas do YouTube,225,1391
kKtZkRX7q7s,YT_CHANNEL,Página do canal,160,666
kKtZkRX7q7s,NO_LINK_OTHER,Direto ou desconhecido,150,514
kKtZkRX7q7s,PLAYLIST,Playlists,41,215
kKtZkRX7q7s,ADVERTISING,Anúncios,1,8
LI023P6jVMo,SUBSCRIBER,Inscritos (feed/sino),7306,60138
LI023P6jVMo,RELATED_VIDEO,Vídeos sugeridos (Recomendados),3139,24573
LI023P6jVMo,YT_SEARCH,Pesquisa do YouTube,1372,9129
LI023P6jVMo,NOTIFICATION,Notificações,1198,10695
LI023P6jVMo,EXT_URL,Externo,389,846
LI023P6jVMo,YT_OTHER_PAGE,Outras páginas do YouTube,345,3064
LI023P6jVMo,YT_CHANNEL,Página do canal,272,2345
LI023P6jVMo,NO_LINK_OTHER,Direto ou desconhecido,73,402
LI023P6jVMo,PLAYLIST,Playlists,43,325
LI023P6jVMo,END_SCREEN,Tela final,34,206
LI023P6jVMo,HASHTAGS,Hashtags,19,69
MYBOjH3oHmo,SUBSCRIBER,Inscritos (feed/sino),7081,32974
MYBOjH3oHmo,YT_SEARCH,Pesquisa do YouTube,4628,24885
MYBOjH3oHmo,RELATED_VIDEO,Vídeos sugeridos (Recomendados),856,4943
MYBOjH3oHmo,EXT_URL,Externo,618,4765
MYBOjH3oHmo,NOTIFICATION,Notificações,329,1932
MYBOjH3oHmo,YT_CHANNEL,Página do canal,230,1245
MYBOjH3oHmo,YT_OTHER_PAGE,Outras páginas do YouTube,198,1508
MYBOjH3oHmo,NO_LINK_OTHER,Direto ou desconhecido,179,696
MYBOjH3oHmo,PLAYLIST,Playlists,33,243
MYBOjH3oHmo,HASHTAGS,Hashtags,3,2
8W2RRyomFeM,SUBSCRIBER,Inscritos (feed/sino),6146,73592
8W2RRyomFeM,RELATED_VIDEO,Vídeos sugeridos (Recomendados),3942,56344
8W2RRyomFeM,NOTIFICATION,Notificações,1193,15577
8W2RRyomFeM,YT_SEARCH,Pesquisa do YouTube,1184,19346
8W2RRyomFeM,EXT_URL,Externo,642,7103
8W2RRyomFeM,YT_OTHER_PAGE,Outras páginas do YouTube,353,7370
8W2RRyomFeM,YT_CHANNEL,Página do canal,335,6837
8W2RRyomFeM,NO_LINK_OTHER,Direto ou desconhecido,215,3549
8W2RRyomFeM,PLAYLIST,Playlists,22,292
8W2RRyomFeM,ANNOTATION,Cards/anotações,15,146
r5RKuxQyQ7o,SUBSCRIBER,Inscritos (feed/sino),11402,58627
r5RKuxQyQ7o,RELATED_VIDEO,Vídeos sugeridos (Recomendados),926,6560
r5RKuxQyQ7o,YT_CHANNEL,Página do canal,414,2232
r5RKuxQyQ7o,NOTIFICATION,Notificações,265,1727
r5RKuxQyQ7o,YT_OTHER_PAGE,Outras páginas do YouTube,256,1992
r5RKuxQyQ7o,EXT_URL,Externo,221,1245
r5RKuxQyQ7o,NO_LINK_OTHER,Direto ou desconhecido,184,867
r5RKuxQyQ7o,SHORTS_CONTENT_LINKS,SHORTS_CONTENT_LINKS,80,122
r5RKuxQyQ7o,YT_SEARCH,Pesquisa do YouTube,76,320
r5RKuxQyQ7o,PLAYLIST,Playlists,66,514
r5RKuxQyQ7o,END_SCREEN,Tela final,32,331
r5RKuxQyQ7o,HASHTAGS,Hashtags,5,18
5Nqd3fbrqfA,SUBSCRIBER,Inscritos (feed/sino),11073,64784
5Nqd3fbrqfA,RELATED_VIDEO,Vídeos sugeridos (Recomendados),1353,12896
5Nqd3fbrqfA,YT_SEARCH,Pesquisa do YouTube,432,2738
5Nqd3fbrqfA,YT_OTHER_PAGE,Outras páginas do YouTube,283,2679
5Nqd3fbrqfA,NOTIFICATION,Notificações,223,1533
5Nqd3fbrqfA,NO_LINK_OTHER,Direto ou desconhecido,219,1334
5Nqd3fbrqfA,EXT_URL,Externo,121,797
5Nqd3fbrqfA,YT_CHANNEL,Página do canal,102,826
5Nqd3fbrqfA,PLAYLIST,Playlists,79,895
2EpDcEwW1rU,SUBSCRIBER,Inscritos (feed/sino),9744,64703
2EpDcEwW1rU,RELATED_VIDEO,Vídeos sugeridos (Recomendados),2977,31690
2EpDcEwW1rU,YT_OTHER_PAGE,Outras páginas do YouTube,220,2428
2EpDcEwW1rU,NO_LINK_OTHER,Direto ou desconhecido,206,1214
2EpDcEwW1rU,NOTIFICATION,Notificações,182,1719
2EpDcEwW1rU,YT_CHANNEL,Página do canal,180,1452
2EpDcEwW1rU,EXT_URL,Externo,80,434
2EpDcEwW1rU,YT_SEARCH,Pesquisa do YouTube,79,635
2EpDcEwW1rU,PLAYLIST,Playlists,67,790
2EpDcEwW1rU,END_SCREEN,Tela final,1,0
rbgGC6nE4yc,SUBSCRIBER,Inscritos (feed/sino),11467,12976
rbgGC6nE4yc,RELATED_VIDEO,Vídeos sugeridos (Recomendados),1568,11925
rbgGC6nE4yc,YT_SEARCH,Pesquisa do YouTube,163,344
rbgGC6nE4yc,NO_LINK_OTHER,Direto ou desconhecido,102,533
rbgGC6nE4yc,YT_CHANNEL,Página do canal,96,356
rbgGC6nE4yc,YT_OTHER_PAGE,Outras páginas do YouTube,92,660
rbgGC6nE4yc,END_SCREEN,Tela final,81,649
rbgGC6nE4yc,NOTIFICATION,Notificações,76,481
rbgGC6nE4yc,PLAYLIST,Playlists,40,383
rbgGC6nE4yc,EXT_URL,Externo,9,42
rbgGC6nE4yc,ANNOTATION,Cards/anotações,2,0
sfnHwquGusQ,YT_SEARCH,Pesquisa do YouTube,8885,18028
sfnHwquGusQ,EXT_URL,Externo,3885,9609
sfnHwquGusQ,NO_LINK_OTHER,Direto ou desconhecido,234,639
sfnHwquGusQ,YT_CHANNEL,Página do canal,213,775
sfnHwquGusQ,SUBSCRIBER,Inscritos (feed/sino),179,547
sfnHwquGusQ,YT_OTHER_PAGE,Outras páginas do YouTube,101,289
sfnHwquGusQ,RELATED_VIDEO,Vídeos sugeridos (Recomendados),90,263
sfnHwquGusQ,NOTIFICATION,Notificações,36,99
sfnHwquGusQ,PLAYLIST,Playlists,23,66
sfnHwquGusQ,END_SCREEN,Tela final,2,8
qs-yW0Wd4B8,SHORTS_CONTENT_LINKS,SHORTS_CONTENT_LINKS,7688,12820
qs-yW0Wd4B8,SUBSCRIBER,Inscritos (feed/sino),4163,32669
qs-yW0Wd4B8,RELATED_VIDEO,Vídeos sugeridos (Recomendados),672,7845
qs-yW0Wd4B8,NO_LINK_OTHER,Direto ou desconhecido,332,1253
qs-yW0Wd4B8,YT_OTHER_PAGE,Outras páginas do YouTube,262,2151
qs-yW0Wd4B8,NOTIFICATION,Notificações,157,1431
qs-yW0Wd4B8,YT_CHANNEL,Página do canal,147,1499
qs-yW0Wd4B8,EXT_URL,Externo,91,554
qs-yW0Wd4B8,YT_SEARCH,Pesquisa do YouTube,75,448
qs-yW0Wd4B8,PLAYLIST,Playlists,49,556
qs-yW0Wd4B8,HASHTAGS,Hashtags,1,1
1ruMsoLb-Bw,YT_SEARCH,Pesquisa do YouTube,10770,23621
1ruMsoLb-Bw,EXT_URL,Externo,1563,3467
1ruMsoLb-Bw,RELATED_VIDEO,Vídeos sugeridos (Recomendados),420,1480
1ruMsoLb-Bw,YT_OTHER_PAGE,Outras páginas do YouTube,226,659
1ruMsoLb-Bw,NO_LINK_OTHER,Direto ou desconhecido,166,310
1ruMsoLb-Bw,YT_CHANNEL,Página do canal,160,347
1ruMsoLb-Bw,SUBSCRIBER,Inscritos (feed/sino),110,244
1ruMsoLb-Bw,PLAYLIST,Playlists,59,172
1ruMsoLb-Bw,END_SCREEN,Tela final,59,109
1ruMsoLb-Bw,ANNOTATION,Cards/anotações,37,35
1ruMsoLb-Bw,NOTIFICATION,Notificações,14,48
XL8OKui3njE,SHORTS,Feed do Shorts,12670,4569
XL8OKui3njE,YT_SEARCH,Pesquisa do YouTube,294,97
XL8OKui3njE,SUBSCRIBER,Inscritos (feed/sino),230,89
XL8OKui3njE,NOTIFICATION,Notificações,201,105
XL8OKui3njE,YT_CHANNEL,Página do canal,100,31
XL8OKui3njE,HASHTAGS,Hashtags,39,26
XL8OKui3njE,YT_OTHER_PAGE,Outras páginas do YouTube,11,3
XL8OKui3njE,EXT_URL,Externo,8,2
XL8OKui3njE,SOUND_PAGE,Página de áudio,5,9
XL8OKui3njE,PLAYLIST,Playlists,4,1
XL8OKui3njE,NO_LINK_OTHER,Direto ou desconhecido,1,0
XL8OKui3njE,RELATED_VIDEO,Vídeos sugeridos (Recomendados),1,0
xE6Adgy9sTY,YT_SEARCH,Pesquisa do YouTube,11684,5846
xE6Adgy9sTY,SHORTS,Feed do Shorts,1110,391
xE6Adgy9sTY,SUBSCRIBER,Inscritos (feed/sino),162,84
xE6Adgy9sTY,YT_CHANNEL,Página do canal,151,86
xE6Adgy9sTY,HASHTAGS,Hashtags,114,59
xE6Adgy9sTY,NOTIFICATION,Notificações,83,62
xE6Adgy9sTY,YT_OTHER_PAGE,Outras páginas do YouTube,53,17
xE6Adgy9sTY,EXT_URL,Externo,47,21
xE6Adgy9sTY,PLAYLIST,Playlists,14,8
xE6Adgy9sTY,RELATED_VIDEO,Vídeos sugeridos (Recomendados),9,6
xE6Adgy9sTY,SOUND_PAGE,Página de áudio,7,1
xE6Adgy9sTY,NO_LINK_OTHER,Direto ou desconhecido,4,2
EbyQWs4bnwg,YT_SEARCH,Pesquisa do YouTube,5379,22663
EbyQWs4bnwg,SUBSCRIBER,Inscritos (feed/sino),4283,25667
EbyQWs4bnwg,RELATED_VIDEO,Vídeos sugeridos (Recomendados),2385,14879
EbyQWs4bnwg,NOTIFICATION,Notificações,368,2592
EbyQWs4bnwg,EXT_URL,Externo,259,702
EbyQWs4bnwg,YT_OTHER_PAGE,Outras páginas do YouTube,253,2190
EbyQWs4bnwg,NO_LINK_OTHER,Direto ou desconhecido,164,687
EbyQWs4bnwg,YT_CHANNEL,Página do canal,148,1056
EbyQWs4bnwg,PLAYLIST,Playlists,80,696
EbyQWs4bnwg,ADVERTISING,Anúncios,16,71
EbyQWs4bnwg,HASHTAGS,Hashtags,14,31
EbyQWs4bnwg,END_SCREEN,Tela final,1,0
djSdW-BmI9c,SHORTS,Feed do Shorts,12223,605
djSdW-BmI9c,NOTIFICATION,Notificações,385,25
djSdW-BmI9c,YT_CHANNEL,Página do canal,249,13
djSdW-BmI9c,SUBSCRIBER,Inscritos (feed/sino),177,10
djSdW-BmI9c,YT_SEARCH,Pesquisa do YouTube,138,7
djSdW-BmI9c,YT_OTHER_PAGE,Outras páginas do YouTube,138,7
djSdW-BmI9c,NO_LINK_OTHER,Direto ou desconhecido,1,0
djSdW-BmI9c,EXT_URL,Externo,1,0
na0p9c2TS6o,YT_SEARCH,Pesquisa do YouTube,9635,38437
na0p9c2TS6o,EXT_URL,Externo,2017,7758
na0p9c2TS6o,SUBSCRIBER,Inscritos (feed/sino),337,1488
na0p9c2TS6o,YT_CHANNEL,Página do canal,329,1568
na0p9c2TS6o,YT_OTHER_PAGE,Outras páginas do YouTube,301,1695
na0p9c2TS6o,NO_LINK_OTHER,Direto ou desconhecido,216,837
na0p9c2TS6o,RELATED_VIDEO,Vídeos sugeridos (Recomendados),176,759
na0p9c2TS6o,PLAYLIST,Playlists,167,737
na0p9c2TS6o,ANNOTATION,Cards/anotações,100,506
na0p9c2TS6o,NOTIFICATION,Notificações,26,100
XOqLAz3dkV4,SUBSCRIBER,Inscritos (feed/sino),11306,25693
XOqLAz3dkV4,YT_SEARCH,Pesquisa do YouTube,907,1797
XOqLAz3dkV4,RELATED_VIDEO,Vídeos sugeridos (Recomendados),622,6326
XOqLAz3dkV4,NO_LINK_OTHER,Direto ou desconhecido,110,740
XOqLAz3dkV4,YT_OTHER_PAGE,Outras páginas do YouTube,101,994
XOqLAz3dkV4,NOTIFICATION,Notificações,81,741
XOqLAz3dkV4,YT_CHANNEL,Página do canal,46,312
XOqLAz3dkV4,EXT_URL,Externo,46,344
XOqLAz3dkV4,PLAYLIST,Playlists,43,430
XOqLAz3dkV4,END_SCREEN,Tela final,24,213
XOqLAz3dkV4,HASHTAGS,Hashtags,1,0
fJj367I1MnQ,SUBSCRIBER,Inscritos (feed/sino),12470,20417
fJj367I1MnQ,RELATED_VIDEO,Vídeos sugeridos (Recomendados),283,2576
fJj367I1MnQ,NOTIFICATION,Notificações,143,997
fJj367I1MnQ,YT_OTHER_PAGE,Outras páginas do YouTube,74,550
fJj367I1MnQ,NO_LINK_OTHER,Direto ou desconhecido,63,345
fJj367I1MnQ,YT_CHANNEL,Página do canal,62,336
fJj367I1MnQ,YT_SEARCH,Pesquisa do YouTube,52,149
fJj367I1MnQ,PLAYLIST,Playlists,43,363
fJj367I1MnQ,EXT_URL,Externo,14,72
8oRyNptbnfI,YT_SEARCH,Pesquisa do YouTube,4796,27597
8oRyNptbnfI,SUBSCRIBER,Inscritos (feed/sino),2730,13472
8oRyNptbnfI,RELATED_VIDEO,Vídeos sugeridos (Recomendados),2353,13777
8oRyNptbnfI,EXT_URL,Externo,1572,8338
8oRyNptbnfI,NOTIFICATION,Notificações,697,3381
8oRyNptbnfI,YT_OTHER_PAGE,Outras páginas do YouTube,353,2332
8oRyNptbnfI,NO_LINK_OTHER,Direto ou desconhecido,245,979
8oRyNptbnfI,YT_CHANNEL,Página do canal,208,1163
8oRyNptbnfI,PLAYLIST,Playlists,97,560
8oRyNptbnfI,ANNOTATION,Cards/anotações,44,253
8oRyNptbnfI,END_SCREEN,Tela final,30,203
8oRyNptbnfI,HASHTAGS,Hashtags,2,15
kqb-qa8Mp94,SUBSCRIBER,Inscritos (feed/sino),9026,56642
kqb-qa8Mp94,RELATED_VIDEO,Vídeos sugeridos (Recomendados),2185,17218
kqb-qa8Mp94,YT_SEARCH,Pesquisa do YouTube,437,2446
kqb-qa8Mp94,NOTIFICATION,Notificações,336,2185
kqb-qa8Mp94,YT_CHANNEL,Página do canal,299,2004
kqb-qa8Mp94,YT_OTHER_PAGE,Outras páginas do YouTube,284,2387
kqb-qa8Mp94,NO_LINK_OTHER,Direto ou desconhecido,151,613
kqb-qa8Mp94,SHORTS_CONTENT_LINKS,SHORTS_CONTENT_LINKS,107,226
kqb-qa8Mp94,EXT_URL,Externo,85,233
kqb-qa8Mp94,PLAYLIST,Playlists,75,548
kqb-qa8Mp94,HASHTAGS,Hashtags,1,0
hFs_ahnNlkY,YT_SEARCH,Pesquisa do YouTube,7662,32945
hFs_ahnNlkY,EXT_URL,Externo,2659,11914
hFs_ahnNlkY,SUBSCRIBER,Inscritos (feed/sino),1381,5740
hFs_ahnNlkY,NOTIFICATION,Notificações,412,1975
hFs_ahnNlkY,NO_LINK_OTHER,Direto ou desconhecido,243,915
hFs_ahnNlkY,RELATED_VIDEO,Vídeos sugeridos (Recomendados),217,984
hFs_ahnNlkY,YT_OTHER_PAGE,Outras páginas do YouTube,173,1000
hFs_ahnNlkY,YT_CHANNEL,Página do canal,129,657
hFs_ahnNlkY,PLAYLIST,Playlists,43,287
hFs_ahnNlkY,HASHTAGS,Hashtags,13,27
hFs_ahnNlkY,END_SCREEN,Tela final,3,18
wKzYLeTYUrs,SUBSCRIBER,Inscritos (feed/sino),8073,34092
wKzYLeTYUrs,NOTIFICATION,Notificações,1406,6727
wKzYLeTYUrs,RELATED_VIDEO,Vídeos sugeridos (Recomendados),1404,6600
wKzYLeTYUrs,YT_SEARCH,Pesquisa do YouTube,1311,5538
wKzYLeTYUrs,YT_OTHER_PAGE,Outras páginas do YouTube,312,1660
wKzYLeTYUrs,EXT_URL,Externo,157,621
wKzYLeTYUrs,YT_CHANNEL,Página do canal,152,818
wKzYLeTYUrs,NO_LINK_OTHER,Direto ou desconhecido,67,232
wKzYLeTYUrs,PLAYLIST,Playlists,33,165
wKzYLeTYUrs,HASHTAGS,Hashtags,4,17
wKzYLeTYUrs,ANNOTATION,Cards/anotações,3,16
wKzYLeTYUrs,END_SCREEN,Tela final,3,14
ZWXqZO_-KB4,SHORTS,Feed do Shorts,11582,5322
ZWXqZO_-KB4,YT_SEARCH,Pesquisa do YouTube,559,270
ZWXqZO_-KB4,SUBSCRIBER,Inscritos (feed/sino),337,215
ZWXqZO_-KB4,YT_CHANNEL,Página do canal,164,83
ZWXqZO_-KB4,NOTIFICATION,Notificações,143,138
ZWXqZO_-KB4,RELATED_VIDEO,Vídeos sugeridos (Recomendados),33,25
ZWXqZO_-KB4,YT_OTHER_PAGE,Outras páginas do YouTube,33,19
ZWXqZO_-KB4,EXT_URL,Externo,8,4
ZWXqZO_-KB4,SOUND_PAGE,Página de áudio,8,3
ZWXqZO_-KB4,PLAYLIST,Playlists,7,3
ZWXqZO_-KB4,HASHTAGS,Hashtags,3,1
ZWXqZO_-KB4,NO_LINK_OTHER,Direto ou desconhecido,0,0
wsM1HW-fRaM,YT_SEARCH,Pesquisa do YouTube,6197,14923
wsM1HW-fRaM,ADVERTISING,Anúncios,3592,1028
wsM1HW-fRaM,SUBSCRIBER,Inscritos (feed/sino),1090,2739
wsM1HW-fRaM,NOTIFICATION,Notificações,793,2055
wsM1HW-fRaM,YT_OTHER_PAGE,Outras páginas do YouTube,317,832
wsM1HW-fRaM,EXT_URL,Externo,266,644
wsM1HW-fRaM,RELATED_VIDEO,Vídeos sugeridos (Recomendados),257,596
wsM1HW-fRaM,YT_CHANNEL,Página do canal,224,544
wsM1HW-fRaM,NO_LINK_OTHER,Direto ou desconhecido,67,133
wsM1HW-fRaM,PLAYLIST,Playlists,31,66
wsM1HW-fRaM,HASHTAGS,Hashtags,7,7
wsM1HW-fRaM,ANNOTATION,Cards/anotações,6,10
wsM1HW-fRaM,END_SCREEN,Tela final,1,1
UjsP_6An9TE,YT_SEARCH,Pesquisa do YouTube,4079,33631
UjsP_6An9TE,EXT_URL,Externo,2662,19109
UjsP_6An9TE,RELATED_VIDEO,Vídeos sugeridos (Recomendados),2130,19237
UjsP_6An9TE,SUBSCRIBER,Inscritos (feed/sino),1889,13543
UjsP_6An9TE,YT_CHANNEL,Página do canal,861,5647
UjsP_6An9TE,NO_LINK_OTHER,Direto ou desconhecido,371,1578
UjsP_6An9TE,YT_OTHER_PAGE,Outras páginas do YouTube,347,3028
UjsP_6An9TE,NOTIFICATION,Notificações,176,1265
UjsP_6An9TE,PLAYLIST,Playlists,129,944
UjsP_6An9TE,ANNOTATION,Cards/anotações,36,277
UjsP_6An9TE,END_SCREEN,Tela final,1,19
VB3xlZ1JDZA,YT_SEARCH,Pesquisa do YouTube,7247,5603
VB3xlZ1JDZA,SHORTS,Feed do Shorts,4247,2666
VB3xlZ1JDZA,SUBSCRIBER,Inscritos (feed/sino),500,386
VB3xlZ1JDZA,NOTIFICATION,Notificações,295,289
VB3xlZ1JDZA,RELATED_VIDEO,Vídeos sugeridos (Recomendados),170,148
VB3xlZ1JDZA,YT_CHANNEL,Página do canal,106,75
VB3xlZ1JDZA,EXT_URL,Externo,66,49
VB3xlZ1JDZA,YT_OTHER_PAGE,Outras páginas do YouTube,26,9
VB3xlZ1JDZA,PLAYLIST,Playlists,9,6
VB3xlZ1JDZA,NO_LINK_OTHER,Direto ou desconhecido,7,3
VB3xlZ1JDZA,HASHTAGS,Hashtags,6,5
VB3xlZ1JDZA,SOUND_PAGE,Página de áudio,2,1
mPoZ4vYr7lg,SUBSCRIBER,Inscritos (feed/sino),7584,61912
mPoZ4vYr7lg,RELATED_VIDEO,Vídeos sugeridos (Recomendados),1828,19548
mPoZ4vYr7lg,YT_SEARCH,Pesquisa do YouTube,1529,12997
mPoZ4vYr7lg,NOTIFICATION,Notificações,885,8310
mPoZ4vYr7lg,YT_OTHER_PAGE,Outras páginas do YouTube,284,3943
mPoZ4vYr7lg,YT_CHANNEL,Página do canal,211,2207
mPoZ4vYr7lg,NO_LINK_OTHER,Direto ou desconhecido,89,603
mPoZ4vYr7lg,EXT_URL,Externo,39,298
mPoZ4vYr7lg,PLAYLIST,Playlists,33,378
mPoZ4vYr7lg,END_SCREEN,Tela final,21,145
mPoZ4vYr7lg,ANNOTATION,Cards/anotações,8,105
6Lszsp7ha7s,SUBSCRIBER,Inscritos (feed/sino),5485,28042
6Lszsp7ha7s,YT_SEARCH,Pesquisa do YouTube,3156,15562
6Lszsp7ha7s,RELATED_VIDEO,Vídeos sugeridos (Recomendados),1696,8895
6Lszsp7ha7s,NOTIFICATION,Notificações,1476,7948
6Lszsp7ha7s,YT_OTHER_PAGE,Outras páginas do YouTube,228,1468
6Lszsp7ha7s,YT_CHANNEL,Página do canal,165,885
6Lszsp7ha7s,EXT_URL,Externo,117,413
6Lszsp7ha7s,NO_LINK_OTHER,Direto ou desconhecido,109,406
6Lszsp7ha7s,PLAYLIST,Playlists,33,172
6Lszsp7ha7s,HASHTAGS,Hashtags,10,28
6Lszsp7ha7s,END_SCREEN,Tela final,3,19
6Lszsp7ha7s,ANNOTATION,Cards/anotações,2,7
nhNUgNW0l0o,SHORTS,Feed do Shorts,11592,2051
nhNUgNW0l0o,YT_SEARCH,Pesquisa do YouTube,241,41
nhNUgNW0l0o,YT_CHANNEL,Página do canal,216,36
nhNUgNW0l0o,YT_OTHER_PAGE,Outras páginas do YouTube,161,31
nhNUgNW0l0o,NOTIFICATION,Notificações,144,33
nhNUgNW0l0o,SUBSCRIBER,Inscritos (feed/sino),68,15
nhNUgNW0l0o,EXT_URL,Externo,38,11
nhNUgNW0l0o,PLAYLIST,Playlists,2,0
nhNUgNW0l0o,SOUND_PAGE,Página de áudio,1,0
nhNUgNW0l0o,NO_LINK_OTHER,Direto ou desconhecido,0,0
9nY3sxUOxjQ,YT_SEARCH,Pesquisa do YouTube,5005,15994
9nY3sxUOxjQ,SUBSCRIBER,Inscritos (feed/sino),4298,12900
9nY3sxUOxjQ,EXT_URL,Externo,1124,4111
9nY3sxUOxjQ,RELATED_VIDEO,Vídeos sugeridos (Recomendados),845,3178
9nY3sxUOxjQ,NOTIFICATION,Notificações,417,1473
9nY3sxUOxjQ,YT_CHANNEL,Página do canal,316,1184
9nY3sxUOxjQ,YT_OTHER_PAGE,Outras páginas do YouTube,180,692
9nY3sxUOxjQ,NO_LINK_OTHER,Direto ou desconhecido,126,300
9nY3sxUOxjQ,PLAYLIST,Playlists,89,291
9nY3sxUOxjQ,HASHTAGS,Hashtags,7,7
9nY3sxUOxjQ,ADVERTISING,Anúncios,1,0
9nY3sxUOxjQ,END_SCREEN,Tela final,1,3
C_Q-arzcYJc,SHORTS,Feed do Shorts,11152,1304
C_Q-arzcYJc,NOTIFICATION,Notificações,292,47
C_Q-arzcYJc,EXT_URL,Externo,197,32
C_Q-arzcYJc,YT_SEARCH,Pesquisa do YouTube,180,30
C_Q-arzcYJc,YT_OTHER_PAGE,Outras páginas do YouTube,180,22
C_Q-arzcYJc,SUBSCRIBER,Inscritos (feed/sino),179,25
C_Q-arzcYJc,YT_CHANNEL,Página do canal,141,16
C_Q-arzcYJc,HASHTAGS,Hashtags,7,0
C_Q-arzcYJc,NO_LINK_OTHER,Direto ou desconhecido,5,0
C_Q-arzcYJc,SOUND_PAGE,Página de áudio,2,0
C_Q-arzcYJc,PLAYLIST,Playlists,1,0
Gjw4crGh6Xg,SUBSCRIBER,Inscritos (feed/sino),8964,48976
Gjw4crGh6Xg,RELATED_VIDEO,Vídeos sugeridos (Recomendados),2139,15212
Gjw4crGh6Xg,YT_OTHER_PAGE,Outras páginas do YouTube,258,1676
Gjw4crGh6Xg,YT_SEARCH,Pesquisa do YouTube,255,1249
Gjw4crGh6Xg,YT_CHANNEL,Página do canal,184,1124
Gjw4crGh6Xg,NOTIFICATION,Notificações,170,1140
Gjw4crGh6Xg,NO_LINK_OTHER,Direto ou desconhecido,153,665
Gjw4crGh6Xg,EXT_URL,Externo,73,292
Gjw4crGh6Xg,PLAYLIST,Playlists,71,595
h79ndWtYKro,SUBSCRIBER,Inscritos (feed/sino),7250,50240
h79ndWtYKro,RELATED_VIDEO,Vídeos sugeridos (Recomendados),3531,30759
h79ndWtYKro,YT_SEARCH,Pesquisa do YouTube,401,2600
h79ndWtYKro,NOTIFICATION,Notificações,249,2011
h79ndWtYKro,YT_OTHER_PAGE,Outras páginas do YouTube,228,1918
h79ndWtYKro,NO_LINK_OTHER,Direto ou desconhecido,218,827
h79ndWtYKro,YT_CHANNEL,Página do canal,132,966
h79ndWtYKro,PLAYLIST,Playlists,87,877
h79ndWtYKro,EXT_URL,Externo,58,191
h79ndWtYKro,HASHTAGS,Hashtags,3,9
Rg0nzvJU_sQ,SUBSCRIBER,Inscritos (feed/sino),3982,15330
Rg0nzvJU_sQ,YT_SEARCH,Pesquisa do YouTube,3936,16804
Rg0nzvJU_sQ,RELATED_VIDEO,Vídeos sugeridos (Recomendados),1342,6659
Rg0nzvJU_sQ,NOTIFICATION,Notificações,1218,6063
Rg0nzvJU_sQ,YT_CHANNEL,Página do canal,999,2592
Rg0nzvJU_sQ,EXT_URL,Externo,206,837
Rg0nzvJU_sQ,YT_OTHER_PAGE,Outras páginas do YouTube,174,940
Rg0nzvJU_sQ,NO_LINK_OTHER,Direto ou desconhecido,102,373
Rg0nzvJU_sQ,END_SCREEN,Tela final,39,191
Rg0nzvJU_sQ,PLAYLIST,Playlists,34,207
Rg0nzvJU_sQ,ANNOTATION,Cards/anotações,10,41
Rg0nzvJU_sQ,HASHTAGS,Hashtags,3,11
GZqyp3YflhQ,SUBSCRIBER,Inscritos (feed/sino),6625,29329
GZqyp3YflhQ,YT_SEARCH,Pesquisa do YouTube,3989,21483
GZqyp3YflhQ,RELATED_VIDEO,Vídeos sugeridos (Recomendados),594,3563
GZqyp3YflhQ,YT_OTHER_PAGE,Outras páginas do YouTube,210,1260
GZqyp3YflhQ,NOTIFICATION,Notificações,194,1024
GZqyp3YflhQ,NO_LINK_OTHER,Direto ou desconhecido,161,632
GZqyp3YflhQ,YT_CHANNEL,Página do canal,118,697
GZqyp3YflhQ,EXT_URL,Externo,78,390
GZqyp3YflhQ,PLAYLIST,Playlists,59,377
GZqyp3YflhQ,HASHTAGS,Hashtags,1,0
UwHfK_4REAQ,NOTIFICATION,Notificações,3194,8900
UwHfK_4REAQ,YT_SEARCH,Pesquisa do YouTube,3017,8233
UwHfK_4REAQ,EXT_URL,Externo,2414,7198
UwHfK_4REAQ,SUBSCRIBER,Inscritos (feed/sino),1730,5076
UwHfK_4REAQ,RELATED_VIDEO,Vídeos sugeridos (Recomendados),801,2370
UwHfK_4REAQ,YT_CHANNEL,Página do canal,349,862
UwHfK_4REAQ,NO_LINK_OTHER,Direto ou desconhecido,214,560
UwHfK_4REAQ,YT_OTHER_PAGE,Outras páginas do YouTube,209,641
UwHfK_4REAQ,PLAYLIST,Playlists,58,134
UwHfK_4REAQ,ANNOTATION,Cards/anotações,5,3
otJyLJxSm0k,SHORTS,Feed do Shorts,10970,1341
otJyLJxSm0k,NOTIFICATION,Notificações,325,55
otJyLJxSm0k,YT_OTHER_PAGE,Outras páginas do YouTube,253,36
otJyLJxSm0k,YT_CHANNEL,Página do canal,137,16
otJyLJxSm0k,YT_SEARCH,Pesquisa do YouTube,115,12
otJyLJxSm0k,SUBSCRIBER,Inscritos (feed/sino),111,15
otJyLJxSm0k,EXT_URL,Externo,29,4
otJyLJxSm0k,HASHTAGS,Hashtags,16,2
otJyLJxSm0k,SOUND_PAGE,Página de áudio,6,0
otJyLJxSm0k,PLAYLIST,Playlists,2,0
otJyLJxSm0k,NO_LINK_OTHER,Direto ou desconhecido,0,0
OkPxd7LMLNI,SHORTS,Feed do Shorts,9009,1108
OkPxd7LMLNI,YT_CHANNEL,Página do canal,1433,226
OkPxd7LMLNI,YT_SEARCH,Pesquisa do YouTube,472,127
OkPxd7LMLNI,SUBSCRIBER,Inscritos (feed/sino),463,88
OkPxd7LMLNI,NOTIFICATION,Notificações,455,85
OkPxd7LMLNI,YT_OTHER_PAGE,Outras páginas do YouTube,110,15
OkPxd7LMLNI,EXT_URL,Externo,11,2
OkPxd7LMLNI,HASHTAGS,Hashtags,5,0
OkPxd7LMLNI,NO_LINK_OTHER,Direto ou desconhecido,0,0
KHLH9dd6PN4,SHORTS,Feed do Shorts,4408,2971
KHLH9dd6PN4,SUBSCRIBER,Inscritos (feed/sino),4093,3604
KHLH9dd6PN4,YT_SEARCH,Pesquisa do YouTube,1410,992
KHLH9dd6PN4,RELATED_VIDEO,Vídeos sugeridos (Recomendados),1397,1370
KHLH9dd6PN4,YT_CHANNEL,Página do canal,217,148
KHLH9dd6PN4,NOTIFICATION,Notificações,171,186
KHLH9dd6PN4,EXT_URL,Externo,121,86
KHLH9dd6PN4,YT_OTHER_PAGE,Outras páginas do YouTube,35,17
KHLH9dd6PN4,NO_LINK_OTHER,Direto ou desconhecido,18,8
KHLH9dd6PN4,PLAYLIST,Playlists,14,9
KHLH9dd6PN4,SOUND_PAGE,Página de áudio,7,2
KHLH9dd6PN4,HASHTAGS,Hashtags,2,1
VRNk0bHD8Rk,YT_SEARCH,Pesquisa do YouTube,8483,21634
VRNk0bHD8Rk,SUBSCRIBER,Inscritos (feed/sino),2315,4637
VRNk0bHD8Rk,NOTIFICATION,Notificações,377,957
VRNk0bHD8Rk,RELATED_VIDEO,Vídeos sugeridos (Recomendados),186,415
VRNk0bHD8Rk,YT_OTHER_PAGE,Outras páginas do YouTube,147,451
VRNk0bHD8Rk,NO_LINK_OTHER,Direto ou desconhecido,115,148
VRNk0bHD8Rk,YT_CHANNEL,Página do canal,101,256
VRNk0bHD8Rk,EXT_URL,Externo,58,133
VRNk0bHD8Rk,PLAYLIST,Playlists,40,117
VRNk0bHD8Rk,END_SCREEN,Tela final,20,49
VRNk0bHD8Rk,HASHTAGS,Hashtags,1,4
eOHjUFjZMmM,SUBSCRIBER,Inscritos (feed/sino),4952,28670
eOHjUFjZMmM,RELATED_VIDEO,Vídeos sugeridos (Recomendados),3315,19919
eOHjUFjZMmM,YT_SEARCH,Pesquisa do YouTube,2087,10451
eOHjUFjZMmM,NOTIFICATION,Notificações,366,2713
eOHjUFjZMmM,EXT_URL,Externo,197,876
eOHjUFjZMmM,YT_OTHER_PAGE,Outras páginas do YouTube,191,1584
eOHjUFjZMmM,END_SCREEN,Tela final,137,1158
eOHjUFjZMmM,NO_LINK_OTHER,Direto ou desconhecido,126,525
eOHjUFjZMmM,YT_CHANNEL,Página do canal,124,1075
eOHjUFjZMmM,PLAYLIST,Playlists,36,383
eOHjUFjZMmM,ADVERTISING,Anúncios,1,12
eOHjUFjZMmM,HASHTAGS,Hashtags,1,3
eOHjUFjZMmM,VIDEO_REMIXES,Remixes,1,0
rSQKtz8l3jA,SHORTS,Feed do Shorts,9186,570
rSQKtz8l3jA,YT_CHANNEL,Página do canal,1132,61
rSQKtz8l3jA,YT_SEARCH,Pesquisa do YouTube,538,33
rSQKtz8l3jA,NOTIFICATION,Notificações,398,26
rSQKtz8l3jA,SUBSCRIBER,Inscritos (feed/sino),210,12
rSQKtz8l3jA,EXT_URL,Externo,39,3
rSQKtz8l3jA,YT_OTHER_PAGE,Outras páginas do YouTube,20,50
rSQKtz8l3jA,HASHTAGS,Hashtags,6,0
rSQKtz8l3jA,NO_LINK_OTHER,Direto ou desconhecido,0,0
NcpTTfkwITc,SUBSCRIBER,Inscritos (feed/sino),7945,39545
NcpTTfkwITc,YT_SEARCH,Pesquisa do YouTube,1502,8289
NcpTTfkwITc,NOTIFICATION,Notificações,590,3518
NcpTTfkwITc,RELATED_VIDEO,Vídeos sugeridos (Recomendados),584,3779
NcpTTfkwITc,YT_CHANNEL,Página do canal,243,1362
NcpTTfkwITc,EXT_URL,Externo,211,721
NcpTTfkwITc,YT_OTHER_PAGE,Outras páginas do YouTube,164,1315
NcpTTfkwITc,NO_LINK_OTHER,Direto ou desconhecido,106,468
NcpTTfkwITc,PLAYLIST,Playlists,33,295
NcpTTfkwITc,END_SCREEN,Tela final,2,8
NcpTTfkwITc,HASHTAGS,Hashtags,1,13
-IF34CxvL38,EXT_URL,Externo,4802,19909
-IF34CxvL38,YT_SEARCH,Pesquisa do YouTube,3484,15460
-IF34CxvL38,END_SCREEN,Tela final,1268,5040
-IF34CxvL38,YT_CHANNEL,Página do canal,640,2688
-IF34CxvL38,SUBSCRIBER,Inscritos (feed/sino),226,982
-IF34CxvL38,PLAYLIST,Playlists,219,1117
-IF34CxvL38,RELATED_VIDEO,Vídeos sugeridos (Recomendados),191,898
-IF34CxvL38,NO_LINK_OTHER,Direto ou desconhecido,149,526
-IF34CxvL38,ANNOTATION,Cards/anotações,148,940
-IF34CxvL38,YT_OTHER_PAGE,Outras páginas do YouTube,142,1032
-IF34CxvL38,NOTIFICATION,Notificações,89,135
A2LToPzQWHs,SUBSCRIBER,Inscritos (feed/sino),8279,52954
A2LToPzQWHs,RELATED_VIDEO,Vídeos sugeridos (Recomendados),1869,16842
A2LToPzQWHs,END_SCREEN,Tela final,237,2647
A2LToPzQWHs,YT_OTHER_PAGE,Outras páginas do YouTube,197,1892
A2LToPzQWHs,NOTIFICATION,Notificações,171,1218
A2LToPzQWHs,NO_LINK_OTHER,Direto ou desconhecido,152,954
A2LToPzQWHs,YT_SEARCH,Pesquisa do YouTube,129,771
A2LToPzQWHs,YT_CHANNEL,Página do canal,115,933
A2LToPzQWHs,EXT_URL,Externo,99,398
A2LToPzQWHs,PLAYLIST,Playlists,72,804
nfxpTOb5iPA,YT_SEARCH,Pesquisa do YouTube,4345,36947
nfxpTOb5iPA,EXT_URL,Externo,2938,12940
nfxpTOb5iPA,RELATED_VIDEO,Vídeos sugeridos (Recomendados),1388,11160
nfxpTOb5iPA,SUBSCRIBER,Inscritos (feed/sino),1210,9319
nfxpTOb5iPA,NOTIFICATION,Notificações,584,4353
nfxpTOb5iPA,YT_OTHER_PAGE,Outras páginas do YouTube,250,2622
nfxpTOb5iPA,YT_CHANNEL,Página do canal,211,1742
nfxpTOb5iPA,NO_LINK_OTHER,Direto ou desconhecido,148,1151
nfxpTOb5iPA,END_SCREEN,Tela final,53,435
nfxpTOb5iPA,PLAYLIST,Playlists,49,404
nfxpTOb5iPA,ANNOTATION,Cards/anotações,15,113
vh_0UisqoLA,EXT_URL,Externo,4108,10109
vh_0UisqoLA,YT_SEARCH,Pesquisa do YouTube,3038,14512
vh_0UisqoLA,SUBSCRIBER,Inscritos (feed/sino),2577,12272
vh_0UisqoLA,RELATED_VIDEO,Vídeos sugeridos (Recomendados),433,2269
vh_0UisqoLA,NOTIFICATION,Notificações,413,2312
vh_0UisqoLA,YT_OTHER_PAGE,Outras páginas do YouTube,176,1054
vh_0UisqoLA,YT_CHANNEL,Página do canal,155,838
vh_0UisqoLA,NO_LINK_OTHER,Direto ou desconhecido,125,401
vh_0UisqoLA,PLAYLIST,Playlists,51,337
vh_0UisqoLA,HASHTAGS,Hashtags,5,22
vh_0UisqoLA,END_SCREEN,Tela final,4,16
xs8whk_VZ2s,SUBSCRIBER,Inscritos (feed/sino),5785,43635
xs8whk_VZ2s,RELATED_VIDEO,Vídeos sugeridos (Recomendados),2164,13034
xs8whk_VZ2s,NOTIFICATION,Notificações,1783,10736
xs8whk_VZ2s,YT_SEARCH,Pesquisa do YouTube,529,3806
xs8whk_VZ2s,YT_CHANNEL,Página do canal,260,2616
xs8whk_VZ2s,YT_OTHER_PAGE,Outras páginas do YouTube,223,3002
xs8whk_VZ2s,NO_LINK_OTHER,Direto ou desconhecido,115,930
xs8whk_VZ2s,EXT_URL,Externo,68,602
xs8whk_VZ2s,PLAYLIST,Playlists,36,526
xs8whk_VZ2s,ANNOTATION,Cards/anotações,7,16
xs8whk_VZ2s,END_SCREEN,Tela final,3,1
P3ry7_5aqJQ,SUBSCRIBER,Inscritos (feed/sino),5817,32335
P3ry7_5aqJQ,YT_CHANNEL,Página do canal,1537,9005
P3ry7_5aqJQ,RELATED_VIDEO,Vídeos sugeridos (Recomendados),996,6889
P3ry7_5aqJQ,YT_SEARCH,Pesquisa do YouTube,854,4518
P3ry7_5aqJQ,EXT_URL,Externo,572,1307
P3ry7_5aqJQ,NOTIFICATION,Notificações,438,2921
P3ry7_5aqJQ,END_SCREEN,Tela final,334,2566
P3ry7_5aqJQ,YT_OTHER_PAGE,Outras páginas do YouTube,208,1486
P3ry7_5aqJQ,NO_LINK_OTHER,Direto ou desconhecido,145,705
P3ry7_5aqJQ,PLAYLIST,Playlists,65,470
P3ry7_5aqJQ,HASHTAGS,Hashtags,6,21
P3ry7_5aqJQ,SOUND_PAGE,Página de áudio,1,11
_jMeRDGONpo,SUBSCRIBER,Inscritos (feed/sino),6056,23244
_jMeRDGONpo,RELATED_VIDEO,Vídeos sugeridos (Recomendados),2538,12890
_jMeRDGONpo,YT_SEARCH,Pesquisa do YouTube,931,3770
_jMeRDGONpo,YT_CHANNEL,Página do canal,326,1341
_jMeRDGONpo,NOTIFICATION,Notificações,322,1807
_jMeRDGONpo,EXT_URL,Externo,221,747
_jMeRDGONpo,YT_OTHER_PAGE,Outras páginas do YouTube,219,1186
_jMeRDGONpo,NO_LINK_OTHER,Direto ou desconhecido,170,475
_jMeRDGONpo,SHORTS_CONTENT_LINKS,SHORTS_CONTENT_LINKS,75,108
_jMeRDGONpo,PLAYLIST,Playlists,58,384
_jMeRDGONpo,HASHTAGS,Hashtags,2,10
_jMeRDGONpo,END_SCREEN,Tela final,1,0
AGTUmr8372A,SHORTS,Feed do Shorts,10037,2205
AGTUmr8372A,YT_SEARCH,Pesquisa do YouTube,320,90
AGTUmr8372A,YT_CHANNEL,Página do canal,258,79
AGTUmr8372A,SUBSCRIBER,Inscritos (feed/sino),101,41
AGTUmr8372A,NOTIFICATION,Notificações,92,38
AGTUmr8372A,YT_OTHER_PAGE,Outras páginas do YouTube,48,14
AGTUmr8372A,EXT_URL,Externo,25,11
AGTUmr8372A,HASHTAGS,Hashtags,2,0
AGTUmr8372A,SOUND_PAGE,Página de áudio,2,0
AGTUmr8372A,IMMERSIVE_LIVE,Live imersiva,1,0
AGTUmr8372A,NO_LINK_OTHER,Direto ou desconhecido,0,0
etxk7jxesuw,SUBSCRIBER,Inscritos (feed/sino),6072,32900
etxk7jxesuw,RELATED_VIDEO,Vídeos sugeridos (Recomendados),2589,17353
etxk7jxesuw,YT_SEARCH,Pesquisa do YouTube,1236,7091
etxk7jxesuw,NOTIFICATION,Notificações,396,2926
etxk7jxesuw,YT_OTHER_PAGE,Outras páginas do YouTube,198,1714
etxk7jxesuw,YT_CHANNEL,Página do canal,144,828
etxk7jxesuw,EXT_URL,Externo,122,378
etxk7jxesuw,NO_LINK_OTHER,Direto ou desconhecido,94,455
etxk7jxesuw,PLAYLIST,Playlists,29,284
etxk7jxesuw,ADVERTISING,Anúncios,2,13
etxk7jxesuw,END_SCREEN,Tela final,1,14
nzUG17EtEz0,SHORTS,Feed do Shorts,7672,4005
nzUG17EtEz0,YT_SEARCH,Pesquisa do YouTube,1579,703
nzUG17EtEz0,YT_CHANNEL,Página do canal,555,244
nzUG17EtEz0,EXT_URL,Externo,423,228
nzUG17EtEz0,SUBSCRIBER,Inscritos (feed/sino),265,177
nzUG17EtEz0,YT_OTHER_PAGE,Outras páginas do YouTube,221,118
nzUG17EtEz0,NOTIFICATION,Notificações,142,108
nzUG17EtEz0,RELATED_VIDEO,Vídeos sugeridos (Recomendados),10,3
nzUG17EtEz0,NO_LINK_OTHER,Direto ou desconhecido,1,0
nzUG17EtEz0,PLAYLIST,Playlists,1,0
nzUG17EtEz0,SOUND_PAGE,Página de áudio,1,0
nzUG17EtEz0,IMMERSIVE_LIVE,Live imersiva,1,0
JlYnjiG5m2o,YT_SEARCH,Pesquisa do YouTube,6897,22387
JlYnjiG5m2o,SUBSCRIBER,Inscritos (feed/sino),1415,5633
JlYnjiG5m2o,EXT_URL,Externo,965,2997
JlYnjiG5m2o,RELATED_VIDEO,Vídeos sugeridos (Recomendados),393,1615
JlYnjiG5m2o,YT_CHANNEL,Página do canal,297,1295
JlYnjiG5m2o,NOTIFICATION,Notificações,251,1139
JlYnjiG5m2o,NO_LINK_OTHER,Direto ou desconhecido,245,599
JlYnjiG5m2o,YT_OTHER_PAGE,Outras páginas do YouTube,176,871
JlYnjiG5m2o,END_SCREEN,Tela final,150,673
JlYnjiG5m2o,PLAYLIST,Playlists,49,335
JlYnjiG5m2o,ANNOTATION,Cards/anotações,4,42
PWotyrtMXBs,SUBSCRIBER,Inscritos (feed/sino),5980,35213
PWotyrtMXBs,RELATED_VIDEO,Vídeos sugeridos (Recomendados),3805,27089
PWotyrtMXBs,YT_OTHER_PAGE,Outras páginas do YouTube,199,1439
PWotyrtMXBs,NO_LINK_OTHER,Direto ou desconhecido,183,903
PWotyrtMXBs,NOTIFICATION,Notificações,183,1197
PWotyrtMXBs,YT_SEARCH,Pesquisa do YouTube,144,788
PWotyrtMXBs,YT_CHANNEL,Página do canal,112,918
PWotyrtMXBs,PLAYLIST,Playlists,107,914
PWotyrtMXBs,EXT_URL,Externo,79,217
XhOUKkh9afk,SHORTS,Feed do Shorts,6591,3027
XhOUKkh9afk,YT_SEARCH,Pesquisa do YouTube,2699,1911
XhOUKkh9afk,SUBSCRIBER,Inscritos (feed/sino),1029,878
XhOUKkh9afk,NOTIFICATION,Notificações,248,275
XhOUKkh9afk,YT_CHANNEL,Página do canal,67,38
XhOUKkh9afk,YT_OTHER_PAGE,Outras páginas do YouTube,55,41
XhOUKkh9afk,EXT_URL,Externo,33,22
XhOUKkh9afk,RELATED_VIDEO,Vídeos sugeridos (Recomendados),7,4
XhOUKkh9afk,PLAYLIST,Playlists,2,1
XhOUKkh9afk,HASHTAGS,Hashtags,1,0
XhOUKkh9afk,NO_LINK_OTHER,Direto ou desconhecido,0,0
IZKixPqYnxY,SHORTS,Feed do Shorts,9946,860
IZKixPqYnxY,NOTIFICATION,Notificações,188,21
IZKixPqYnxY,YT_SEARCH,Pesquisa do YouTube,135,10
IZKixPqYnxY,YT_OTHER_PAGE,Outras páginas do YouTube,122,11
IZKixPqYnxY,YT_CHANNEL,Página do canal,108,9
IZKixPqYnxY,SUBSCRIBER,Inscritos (feed/sino),65,7
IZKixPqYnxY,EXT_URL,Externo,15,1
IZKixPqYnxY,SOUND_PAGE,Página de áudio,2,0
IZKixPqYnxY,PLAYLIST,Playlists,1,0
IZKixPqYnxY,NO_LINK_OTHER,Direto ou desconhecido,0,0
gOph6uGgzCA,SHORTS,Feed do Shorts,9329,4424
gOph6uGgzCA,YT_SEARCH,Pesquisa do YouTube,544,301
gOph6uGgzCA,SUBSCRIBER,Inscritos (feed/sino),209,131
gOph6uGgzCA,NOTIFICATION,Notificações,203,135
gOph6uGgzCA,YT_CHANNEL,Página do canal,116,47
gOph6uGgzCA,YT_OTHER_PAGE,Outras páginas do YouTube,89,45
gOph6uGgzCA,EXT_URL,Externo,87,59
gOph6uGgzCA,PLAYLIST,Playlists,2,0
gOph6uGgzCA,NO_LINK_OTHER,Direto ou desconhecido,1,0
qnWje5V23Ps,SUBSCRIBER,Inscritos (feed/sino),7327,43889
qnWje5V23Ps,RELATED_VIDEO,Vídeos sugeridos (Recomendados),2032,18594
qnWje5V23Ps,YT_SEARCH,Pesquisa do YouTube,521,2736
qnWje5V23Ps,NOTIFICATION,Notificações,210,1845
qnWje5V23Ps,YT_OTHER_PAGE,Outras páginas do YouTube,140,1301
qnWje5V23Ps,NO_LINK_OTHER,Direto ou desconhecido,101,596
qnWje5V23Ps,YT_CHANNEL,Página do canal,93,656
qnWje5V23Ps,EXT_URL,Externo,87,400
qnWje5V23Ps,PLAYLIST,Playlists,60,640
qnWje5V23Ps,ANNOTATION,Cards/anotações,5,61
qnWje5V23Ps,END_SCREEN,Tela final,1,0
qnWje5V23Ps,HASHTAGS,Hashtags,1,0
gPasBF3j7eU,SHORTS,Feed do Shorts,4667,1760
gPasBF3j7eU,YT_SEARCH,Pesquisa do YouTube,2998,962
gPasBF3j7eU,SUBSCRIBER,Inscritos (feed/sino),2509,1117
gPasBF3j7eU,NOTIFICATION,Notificações,168,193
gPasBF3j7eU,YT_CHANNEL,Página do canal,106,56
gPasBF3j7eU,YT_OTHER_PAGE,Outras páginas do YouTube,51,18
gPasBF3j7eU,EXT_URL,Externo,26,14
gPasBF3j7eU,RELATED_VIDEO,Vídeos sugeridos (Recomendados),25,9
gPasBF3j7eU,NO_LINK_OTHER,Direto ou desconhecido,2,0
GzycBc4czA0,SUBSCRIBER,Inscritos (feed/sino),5651,41163
GzycBc4czA0,RELATED_VIDEO,Vídeos sugeridos (Recomendados),2689,24844
GzycBc4czA0,NOTIFICATION,Notificações,947,6954
GzycBc4czA0,YT_SEARCH,Pesquisa do YouTube,474,4005
GzycBc4czA0,YT_OTHER_PAGE,Outras páginas do YouTube,250,2799
GzycBc4czA0,YT_CHANNEL,Página do canal,174,1327
GzycBc4czA0,EXT_URL,Externo,152,1071
GzycBc4czA0,NO_LINK_OTHER,Direto ou desconhecido,100,664
GzycBc4czA0,PLAYLIST,Playlists,35,471
GzycBc4czA0,END_SCREEN,Tela final,33,265
ia9KjVD3LO4,SHORTS,Feed do Shorts,9476,610
ia9KjVD3LO4,NOTIFICATION,Notificações,490,41
ia9KjVD3LO4,YT_CHANNEL,Página do canal,163,12
ia9KjVD3LO4,YT_OTHER_PAGE,Outras páginas do YouTube,129,7
ia9KjVD3LO4,YT_SEARCH,Pesquisa do YouTube,118,7
ia9KjVD3LO4,SUBSCRIBER,Inscritos (feed/sino),98,6
ia9KjVD3LO4,EXT_URL,Externo,28,2
ia9KjVD3LO4,SOUND_PAGE,Página de áudio,1,0
ia9KjVD3LO4,NO_LINK_OTHER,Direto ou desconhecido,0,0
Nbw4bBlFyKc,SHORTS,Feed do Shorts,9601,6973
Nbw4bBlFyKc,YT_SEARCH,Pesquisa do YouTube,465,304
Nbw4bBlFyKc,NOTIFICATION,Notificações,143,151
Nbw4bBlFyKc,SUBSCRIBER,Inscritos (feed/sino),96,80
Nbw4bBlFyKc,YT_CHANNEL,Página do canal,95,71
Nbw4bBlFyKc,YT_OTHER_PAGE,Outras páginas do YouTube,16,40
Nbw4bBlFyKc,EXT_URL,Externo,13,11
Nbw4bBlFyKc,SOUND_PAGE,Página de áudio,9,0
Nbw4bBlFyKc,PLAYLIST,Playlists,7,6
Nbw4bBlFyKc,HASHTAGS,Hashtags,4,2
Nbw4bBlFyKc,RELATED_VIDEO,Vídeos sugeridos (Recomendados),1,0
Nbw4bBlFyKc,NO_LINK_OTHER,Direto ou desconhecido,0,0
GQbZFJwkIHc,SUBSCRIBER,Inscritos (feed/sino),9655,10878
GQbZFJwkIHc,RELATED_VIDEO,Vídeos sugeridos (Recomendados),405,3097
GQbZFJwkIHc,YT_SEARCH,Pesquisa do YouTube,115,363
GQbZFJwkIHc,YT_OTHER_PAGE,Outras páginas do YouTube,70,484
GQbZFJwkIHc,YT_CHANNEL,Página do canal,62,356
GQbZFJwkIHc,NOTIFICATION,Notificações,58,421
GQbZFJwkIHc,NO_LINK_OTHER,Direto ou desconhecido,56,266
GQbZFJwkIHc,PLAYLIST,Playlists,18,157
GQbZFJwkIHc,EXT_URL,Externo,6,36
cwiyiDFWUHQ,SUBSCRIBER,Inscritos (feed/sino),7788,67307
cwiyiDFWUHQ,RELATED_VIDEO,Vídeos sugeridos (Recomendados),1005,12600
cwiyiDFWUHQ,YT_CHANNEL,Página do canal,373,5097
cwiyiDFWUHQ,YT_OTHER_PAGE,Outras páginas do YouTube,276,3090
cwiyiDFWUHQ,NOTIFICATION,Notificações,254,2941
cwiyiDFWUHQ,YT_SEARCH,Pesquisa do YouTube,242,2026
cwiyiDFWUHQ,EXT_URL,Externo,180,1315
cwiyiDFWUHQ,END_SCREEN,Tela final,136,1594
cwiyiDFWUHQ,NO_LINK_OTHER,Direto ou desconhecido,129,1019
cwiyiDFWUHQ,PLAYLIST,Playlists,53,638
geVmik82NiY,SUBSCRIBER,Inscritos (feed/sino),5704,34424
geVmik82NiY,YT_SEARCH,Pesquisa do YouTube,2043,10553
geVmik82NiY,RELATED_VIDEO,Vídeos sugeridos (Recomendados),1317,9990
geVmik82NiY,NOTIFICATION,Notificações,381,3461
geVmik82NiY,EXT_URL,Externo,358,1624
geVmik82NiY,YT_OTHER_PAGE,Outras páginas do YouTube,225,2203
geVmik82NiY,YT_CHANNEL,Página do canal,203,1564
geVmik82NiY,NO_LINK_OTHER,Direto ou desconhecido,117,674
geVmik82NiY,PLAYLIST,Playlists,42,367
geVmik82NiY,END_SCREEN,Tela final,41,385
geVmik82NiY,HASHTAGS,Hashtags,2,0
IK3zhglmbqg,SHORTS,Feed do Shorts,9487,3144
IK3zhglmbqg,YT_SEARCH,Pesquisa do YouTube,444,150
IK3zhglmbqg,NOTIFICATION,Notificações,210,98
IK3zhglmbqg,SUBSCRIBER,Inscritos (feed/sino),117,52
IK3zhglmbqg,YT_CHANNEL,Página do canal,94,36
IK3zhglmbqg,HASHTAGS,Hashtags,20,4
IK3zhglmbqg,YT_OTHER_PAGE,Outras páginas do YouTube,14,5
IK3zhglmbqg,EXT_URL,Externo,12,4
IK3zhglmbqg,PLAYLIST,Playlists,7,1
IK3zhglmbqg,SOUND_PAGE,Página de áudio,1,0
IK3zhglmbqg,NO_LINK_OTHER,Direto ou desconhecido,0,0
AGni7jJZaBU,YT_SEARCH,Pesquisa do YouTube,5589,23232
AGni7jJZaBU,SUBSCRIBER,Inscritos (feed/sino),2236,12941
AGni7jJZaBU,RELATED_VIDEO,Vídeos sugeridos (Recomendados),872,5738
AGni7jJZaBU,NOTIFICATION,Notificações,560,3712
AGni7jJZaBU,EXT_URL,Externo,547,2753
AGni7jJZaBU,YT_OTHER_PAGE,Outras páginas do YouTube,281,1901
AGni7jJZaBU,YT_CHANNEL,Página do canal,159,1050
AGni7jJZaBU,NO_LINK_OTHER,Direto ou desconhecido,72,283
AGni7jJZaBU,PLAYLIST,Playlists,47,265
AGni7jJZaBU,ANNOTATION,Cards/anotações,5,36
AGni7jJZaBU,END_SCREEN,Tela final,2,0
QbUQvMKx_xU,SUBSCRIBER,Inscritos (feed/sino),6995,39325
QbUQvMKx_xU,YT_SEARCH,Pesquisa do YouTube,1711,9387
QbUQvMKx_xU,RELATED_VIDEO,Vídeos sugeridos (Recomendados),509,3587
QbUQvMKx_xU,NOTIFICATION,Notificações,278,2128
QbUQvMKx_xU,YT_OTHER_PAGE,Outras páginas do YouTube,213,1625
QbUQvMKx_xU,NO_LINK_OTHER,Direto ou desconhecido,172,676
QbUQvMKx_xU,YT_CHANNEL,Página do canal,170,1237
QbUQvMKx_xU,END_SCREEN,Tela final,159,1318
QbUQvMKx_xU,EXT_URL,Externo,51,240
QbUQvMKx_xU,PLAYLIST,Playlists,46,392
QbUQvMKx_xU,ANNOTATION,Cards/anotações,41,296
QbUQvMKx_xU,HASHTAGS,Hashtags,4,24
vRL4COvcnB8,YT_SEARCH,Pesquisa do YouTube,5681,19498
vRL4COvcnB8,EXT_URL,Externo,2768,9214
vRL4COvcnB8,SUBSCRIBER,Inscritos (feed/sino),634,2071
vRL4COvcnB8,RELATED_VIDEO,Vídeos sugeridos (Recomendados),506,1940
vRL4COvcnB8,YT_CHANNEL,Página do canal,232,973
vRL4COvcnB8,NO_LINK_OTHER,Direto ou desconhecido,157,461
vRL4COvcnB8,YT_OTHER_PAGE,Outras páginas do YouTube,145,687
vRL4COvcnB8,PLAYLIST,Playlists,90,408
vRL4COvcnB8,NOTIFICATION,Notificações,39,109
vRL4COvcnB8,ANNOTATION,Cards/anotações,30,123
Q1U7jZlNccI,SUBSCRIBER,Inscritos (feed/sino),6012,32012
Q1U7jZlNccI,RELATED_VIDEO,Vídeos sugeridos (Recomendados),1727,11621
Q1U7jZlNccI,EXT_URL,Externo,969,5341
Q1U7jZlNccI,YT_SEARCH,Pesquisa do YouTube,721,3590
Q1U7jZlNccI,NOTIFICATION,Notificações,269,1756
Q1U7jZlNccI,YT_OTHER_PAGE,Outras páginas do YouTube,161,1178
Q1U7jZlNccI,NO_LINK_OTHER,Direto ou desconhecido,139,479
Q1U7jZlNccI,YT_CHANNEL,Página do canal,132,801
Q1U7jZlNccI,PLAYLIST,Playlists,52,425
Q1U7jZlNccI,HASHTAGS,Hashtags,2,10
V0LCzury2aU,YT_SEARCH,Pesquisa do YouTube,3865,15032
V0LCzury2aU,RELATED_VIDEO,Vídeos sugeridos (Recomendados),2769,13599
V0LCzury2aU,EXT_URL,Externo,1088,4693
V0LCzury2aU,YT_CHANNEL,Página do canal,976,6105
V0LCzury2aU,SUBSCRIBER,Inscritos (feed/sino),832,4058
V0LCzury2aU,YT_OTHER_PAGE,Outras páginas do YouTube,208,1195
V0LCzury2aU,PLAYLIST,Playlists,190,1309
V0LCzury2aU,NO_LINK_OTHER,Direto ou desconhecido,163,713
V0LCzury2aU,NOTIFICATION,Notificações,31,242
V0LCzury2aU,HASHTAGS,Hashtags,3,2
TFhx-qQDxyI,SUBSCRIBER,Inscritos (feed/sino),6330,29954
TFhx-qQDxyI,YT_SEARCH,Pesquisa do YouTube,1969,9954
TFhx-qQDxyI,RELATED_VIDEO,Vídeos sugeridos (Recomendados),726,5223
TFhx-qQDxyI,NOTIFICATION,Notificações,321,2184
TFhx-qQDxyI,EXT_URL,Externo,290,1345
TFhx-qQDxyI,YT_OTHER_PAGE,Outras páginas do YouTube,165,1325
TFhx-qQDxyI,NO_LINK_OTHER,Direto ou desconhecido,139,594
TFhx-qQDxyI,YT_CHANNEL,Página do canal,118,758
TFhx-qQDxyI,PLAYLIST,Playlists,42,394
TFhx-qQDxyI,HASHTAGS,Hashtags,5,37
TFhx-qQDxyI,END_SCREEN,Tela final,1,0
TFhx-qQDxyI,SHORTS,Feed do Shorts,1,11
Ap5P6Qz0zj4,SUBSCRIBER,Inscritos (feed/sino),6693,38253
Ap5P6Qz0zj4,NOTIFICATION,Notificações,1266,7954
Ap5P6Qz0zj4,RELATED_VIDEO,Vídeos sugeridos (Recomendados),1074,6200
Ap5P6Qz0zj4,YT_SEARCH,Pesquisa do YouTube,414,2187
Ap5P6Qz0zj4,YT_OTHER_PAGE,Outras páginas do YouTube,218,1329
Ap5P6Qz0zj4,YT_CHANNEL,Página do canal,154,884
Ap5P6Qz0zj4,EXT_URL,Externo,143,712
Ap5P6Qz0zj4,NO_LINK_OTHER,Direto ou desconhecido,100,507
Ap5P6Qz0zj4,PLAYLIST,Playlists,36,203
Ap5P6Qz0zj4,END_SCREEN,Tela final,5,24
Ap5P6Qz0zj4,HASHTAGS,Hashtags,1,0
7tAEOQw0Jo0,SUBSCRIBER,Inscritos (feed/sino),8339,74883
7tAEOQw0Jo0,RELATED_VIDEO,Vídeos sugeridos (Recomendados),575,7259
7tAEOQw0Jo0,NOTIFICATION,Notificações,228,2390
7tAEOQw0Jo0,YT_OTHER_PAGE,Outras páginas do YouTube,226,2499
7tAEOQw0Jo0,NO_LINK_OTHER,Direto ou desconhecido,171,1346
7tAEOQw0Jo0,YT_CHANNEL,Página do canal,126,1245
7tAEOQw0Jo0,YT_SEARCH,Pesquisa do YouTube,125,1044
7tAEOQw0Jo0,END_SCREEN,Tela final,125,1641
7tAEOQw0Jo0,EXT_URL,Externo,95,792
7tAEOQw0Jo0,PLAYLIST,Playlists,55,736
VFGw-NymMxw,SUBSCRIBER,Inscritos (feed/sino),8544,11905
VFGw-NymMxw,RELATED_VIDEO,Vídeos sugeridos (Recomendados),765,6194
VFGw-NymMxw,YT_SEARCH,Pesquisa do YouTube,385,777
VFGw-NymMxw,NOTIFICATION,Notificações,101,769
VFGw-NymMxw,NO_LINK_OTHER,Direto ou desconhecido,73,559
VFGw-NymMxw,YT_OTHER_PAGE,Outras páginas do YouTube,54,360
VFGw-NymMxw,YT_CHANNEL,Página do canal,49,245
VFGw-NymMxw,PLAYLIST,Playlists,39,462
VFGw-NymMxw,EXT_URL,Externo,12,78
cyfMCAIuLcg,SHORTS,Feed do Shorts,9217,1899
cyfMCAIuLcg,YT_SEARCH,Pesquisa do YouTube,324,51
cyfMCAIuLcg,NOTIFICATION,Notificações,180,48
cyfMCAIuLcg,SUBSCRIBER,Inscritos (feed/sino),128,27
cyfMCAIuLcg,YT_CHANNEL,Página do canal,77,11
cyfMCAIuLcg,YT_OTHER_PAGE,Outras páginas do YouTube,55,15
cyfMCAIuLcg,EXT_URL,Externo,20,3
cyfMCAIuLcg,HASHTAGS,Hashtags,7,1
cyfMCAIuLcg,SOUND_PAGE,Página de áudio,4,0
cyfMCAIuLcg,RELATED_VIDEO,Vídeos sugeridos (Recomendados),1,0
cyfMCAIuLcg,PLAYLIST,Playlists,1,0
cyfMCAIuLcg,NO_LINK_OTHER,Direto ou desconhecido,0,0
eZE1d_CHlPU,SUBSCRIBER,Inscritos (feed/sino),3993,16605
eZE1d_CHlPU,YT_SEARCH,Pesquisa do YouTube,3918,18276
eZE1d_CHlPU,RELATED_VIDEO,Vídeos sugeridos (Recomendados),721,4428
eZE1d_CHlPU,END_SCREEN,Tela final,273,1380
eZE1d_CHlPU,YT_OTHER_PAGE,Outras páginas do YouTube,252,1351
eZE1d_CHlPU,EXT_URL,Externo,223,1033
eZE1d_CHlPU,NO_LINK_OTHER,Direto ou desconhecido,214,625
eZE1d_CHlPU,YT_CHANNEL,Página do canal,204,1117
eZE1d_CHlPU,NOTIFICATION,Notificações,139,785
eZE1d_CHlPU,PLAYLIST,Playlists,46,284
eZE1d_CHlPU,SHORTS_CONTENT_LINKS,SHORTS_CONTENT_LINKS,7,26
fFKcbidHAsM,SUBSCRIBER,Inscritos (feed/sino),5649,1462
fFKcbidHAsM,SHORTS,Feed do Shorts,2525,645
fFKcbidHAsM,NOTIFICATION,Notificações,749,282
fFKcbidHAsM,RELATED_VIDEO,Vídeos sugeridos (Recomendados),374,100
fFKcbidHAsM,YT_CHANNEL,Página do canal,266,115
fFKcbidHAsM,YT_SEARCH,Pesquisa do YouTube,121,31
fFKcbidHAsM,NO_LINK_OTHER,Direto ou desconhecido,92,24
fFKcbidHAsM,YT_OTHER_PAGE,Outras páginas do YouTube,87,20
fFKcbidHAsM,EXT_URL,Externo,63,17
fFKcbidHAsM,PLAYLIST,Playlists,30,6
fFKcbidHAsM,ANNOTATION,Cards/anotações,4,0
fFKcbidHAsM,END_SCREEN,Tela final,2,0
fFKcbidHAsM,HASHTAGS,Hashtags,0,0
bXNAvcNtk5c,YT_SEARCH,Pesquisa do YouTube,6483,4517
bXNAvcNtk5c,SHORTS,Feed do Shorts,2121,1222
bXNAvcNtk5c,SUBSCRIBER,Inscritos (feed/sino),580,412
bXNAvcNtk5c,NOTIFICATION,Notificações,263,229
bXNAvcNtk5c,RELATED_VIDEO,Vídeos sugeridos (Recomendados),163,119
bXNAvcNtk5c,YT_CHANNEL,Página do canal,84,64
bXNAvcNtk5c,EXT_URL,Externo,32,19
bXNAvcNtk5c,YT_OTHER_PAGE,Outras páginas do YouTube,17,51
bXNAvcNtk5c,SOUND_PAGE,Página de áudio,8,2
bXNAvcNtk5c,NO_LINK_OTHER,Direto ou desconhecido,6,2
bXNAvcNtk5c,PLAYLIST,Playlists,5,2
qPdTPQgl2Zs,SHORTS,Feed do Shorts,8112,3220
qPdTPQgl2Zs,YT_SEARCH,Pesquisa do YouTube,549,226
qPdTPQgl2Zs,NOTIFICATION,Notificações,474,254
qPdTPQgl2Zs,SUBSCRIBER,Inscritos (feed/sino),197,87
qPdTPQgl2Zs,RELATED_VIDEO,Vídeos sugeridos (Recomendados),195,90
qPdTPQgl2Zs,YT_CHANNEL,Página do canal,165,68
qPdTPQgl2Zs,YT_OTHER_PAGE,Outras páginas do YouTube,21,6
qPdTPQgl2Zs,SOUND_PAGE,Página de áudio,21,9
qPdTPQgl2Zs,EXT_URL,Externo,11,4
qPdTPQgl2Zs,PLAYLIST,Playlists,7,2
qPdTPQgl2Zs,NO_LINK_OTHER,Direto ou desconhecido,0,0
qtbczPm6RHY,SUBSCRIBER,Inscritos (feed/sino),6294,39268
qtbczPm6RHY,RELATED_VIDEO,Vídeos sugeridos (Recomendados),2452,22715
qtbczPm6RHY,NO_LINK_OTHER,Direto ou desconhecido,223,1308
qtbczPm6RHY,YT_OTHER_PAGE,Outras páginas do YouTube,197,1706
qtbczPm6RHY,NOTIFICATION,Notificações,155,1450
qtbczPm6RHY,END_SCREEN,Tela final,127,1371
qtbczPm6RHY,YT_SEARCH,Pesquisa do YouTube,115,589
qtbczPm6RHY,YT_CHANNEL,Página do canal,78,785
qtbczPm6RHY,PLAYLIST,Playlists,58,513
qtbczPm6RHY,EXT_URL,Externo,34,230
zmnJOgvOe28,YT_SEARCH,Pesquisa do YouTube,6444,19577
zmnJOgvOe28,SUBSCRIBER,Inscritos (feed/sino),1926,6959
zmnJOgvOe28,NOTIFICATION,Notificações,509,1892
zmnJOgvOe28,YT_OTHER_PAGE,Outras páginas do YouTube,223,1177
zmnJOgvOe28,RELATED_VIDEO,Vídeos sugeridos (Recomendados),218,853
zmnJOgvOe28,YT_CHANNEL,Página do canal,142,604
zmnJOgvOe28,EXT_URL,Externo,135,462
zmnJOgvOe28,NO_LINK_OTHER,Direto ou desconhecido,85,220
zmnJOgvOe28,PLAYLIST,Playlists,44,207
zmnJOgvOe28,END_SCREEN,Tela final,3,11
KlAtBdJ76Oo,END_SCREEN,Tela final,4228,10278
KlAtBdJ76Oo,EXT_URL,Externo,2531,14098
KlAtBdJ76Oo,YT_CHANNEL,Página do canal,604,2035
KlAtBdJ76Oo,YT_SEARCH,Pesquisa do YouTube,564,3022
KlAtBdJ76Oo,NOTIFICATION,Notificações,520,1988
KlAtBdJ76Oo,SUBSCRIBER,Inscritos (feed/sino),375,1811
KlAtBdJ76Oo,RELATED_VIDEO,Vídeos sugeridos (Recomendados),301,1479
KlAtBdJ76Oo,ANNOTATION,Cards/anotações,236,1429
KlAtBdJ76Oo,PLAYLIST,Playlists,152,539
KlAtBdJ76Oo,NO_LINK_OTHER,Direto ou desconhecido,103,360
KlAtBdJ76Oo,YT_OTHER_PAGE,Outras páginas do YouTube,54,296
npl55-v1Ps8,SUBSCRIBER,Inscritos (feed/sino),4551,40154
npl55-v1Ps8,RELATED_VIDEO,Vídeos sugeridos (Recomendados),1698,20166
npl55-v1Ps8,EXT_URL,Externo,1464,6042
npl55-v1Ps8,NOTIFICATION,Notificações,1212,10652
npl55-v1Ps8,YT_SEARCH,Pesquisa do YouTube,244,2336
npl55-v1Ps8,YT_OTHER_PAGE,Outras páginas do YouTube,155,2416
npl55-v1Ps8,YT_CHANNEL,Página do canal,120,1295
npl55-v1Ps8,NO_LINK_OTHER,Direto ou desconhecido,95,919
npl55-v1Ps8,PLAYLIST,Playlists,33,402
npl55-v1Ps8,END_SCREEN,Tela final,5,88
kadbN2su14M,SUBSCRIBER,Inscritos (feed/sino),7434,51605
kadbN2su14M,RELATED_VIDEO,Vídeos sugeridos (Recomendados),703,6966
kadbN2su14M,YT_SEARCH,Pesquisa do YouTube,542,2475
kadbN2su14M,NOTIFICATION,Notificações,279,2639
kadbN2su14M,YT_OTHER_PAGE,Outras páginas do YouTube,184,2008
kadbN2su14M,NO_LINK_OTHER,Direto ou desconhecido,144,797
kadbN2su14M,YT_CHANNEL,Página do canal,110,798
kadbN2su14M,EXT_URL,Externo,95,351
kadbN2su14M,PLAYLIST,Playlists,55,670
qe1vYT6TUZA,SUBSCRIBER,Inscritos (feed/sino),3832,19584
qe1vYT6TUZA,RELATED_VIDEO,Vídeos sugeridos (Recomendados),1943,9883
qe1vYT6TUZA,YT_SEARCH,Pesquisa do YouTube,1879,8281
qe1vYT6TUZA,NOTIFICATION,Notificações,1315,6990
qe1vYT6TUZA,YT_OTHER_PAGE,Outras páginas do YouTube,192,1118
qe1vYT6TUZA,YT_CHANNEL,Página do canal,168,818
qe1vYT6TUZA,NO_LINK_OTHER,Direto ou desconhecido,61,188
qe1vYT6TUZA,EXT_URL,Externo,56,237
qe1vYT6TUZA,PLAYLIST,Playlists,47,168
qe1vYT6TUZA,END_SCREEN,Tela final,8,44
qe1vYT6TUZA,HASHTAGS,Hashtags,4,25
QRn0n5OZH-U,SUBSCRIBER,Inscritos (feed/sino),4412,21550
QRn0n5OZH-U,YT_SEARCH,Pesquisa do YouTube,1734,7871
QRn0n5OZH-U,RELATED_VIDEO,Vídeos sugeridos (Recomendados),1586,8358
QRn0n5OZH-U,NOTIFICATION,Notificações,1269,6782
QRn0n5OZH-U,YT_OTHER_PAGE,Outras páginas do YouTube,172,1122
QRn0n5OZH-U,YT_CHANNEL,Página do canal,151,832
QRn0n5OZH-U,NO_LINK_OTHER,Direto ou desconhecido,63,243
QRn0n5OZH-U,EXT_URL,Externo,56,273
QRn0n5OZH-U,PLAYLIST,Playlists,35,170
QRn0n5OZH-U,END_SCREEN,Tela final,11,59
QRn0n5OZH-U,HASHTAGS,Hashtags,2,0
yylQwMe5P2M,SHORTS,Feed do Shorts,3064,1615
yylQwMe5P2M,SUBSCRIBER,Inscritos (feed/sino),2316,1497
yylQwMe5P2M,YT_SEARCH,Pesquisa do YouTube,2243,1174
yylQwMe5P2M,RELATED_VIDEO,Vídeos sugeridos (Recomendados),861,547
yylQwMe5P2M,NOTIFICATION,Notificações,702,613
yylQwMe5P2M,YT_CHANNEL,Página do canal,180,101
yylQwMe5P2M,YT_OTHER_PAGE,Outras páginas do YouTube,30,13
yylQwMe5P2M,EXT_URL,Externo,30,18
yylQwMe5P2M,NO_LINK_OTHER,Direto ou desconhecido,12,5
yylQwMe5P2M,END_SCREEN,Tela final,11,4
yylQwMe5P2M,PLAYLIST,Playlists,6,4
yylQwMe5P2M,SOUND_PAGE,Página de áudio,1,0
ijHTK-6jzCA,SUBSCRIBER,Inscritos (feed/sino),5106,28264
ijHTK-6jzCA,RELATED_VIDEO,Vídeos sugeridos (Recomendados),1794,11096
ijHTK-6jzCA,NOTIFICATION,Notificações,839,5348
ijHTK-6jzCA,YT_SEARCH,Pesquisa do YouTube,711,3690
ijHTK-6jzCA,EXT_URL,Externo,301,595
ijHTK-6jzCA,YT_CHANNEL,Página do canal,295,1739
ijHTK-6jzCA,YT_OTHER_PAGE,Outras páginas do YouTube,217,1444
ijHTK-6jzCA,PLAYLIST,Playlists,41,204
ijHTK-6jzCA,NO_LINK_OTHER,Direto ou desconhecido,40,206
ijHTK-6jzCA,END_SCREEN,Tela final,9,70
ijHTK-6jzCA,HASHTAGS,Hashtags,2,18
ijHTK-6jzCA,ANNOTATION,Cards/anotações,1,10
Rgfh5HuNdJo,SUBSCRIBER,Inscritos (feed/sino),8784,10358
Rgfh5HuNdJo,RELATED_VIDEO,Vídeos sugeridos (Recomendados),164,1691
Rgfh5HuNdJo,NOTIFICATION,Notificações,94,616
Rgfh5HuNdJo,YT_SEARCH,Pesquisa do YouTube,79,197
Rgfh5HuNdJo,NO_LINK_OTHER,Direto ou desconhecido,66,304
Rgfh5HuNdJo,YT_OTHER_PAGE,Outras páginas do YouTube,58,440
Rgfh5HuNdJo,YT_CHANNEL,Página do canal,56,278
Rgfh5HuNdJo,PLAYLIST,Playlists,27,290
Rgfh5HuNdJo,EXT_URL,Externo,7,16
rmOIOHZWiIU,SUBSCRIBER,Inscritos (feed/sino),4442,23885
rmOIOHZWiIU,YT_SEARCH,Pesquisa do YouTube,1903,10507
rmOIOHZWiIU,RELATED_VIDEO,Vídeos sugeridos (Recomendados),1226,7526
rmOIOHZWiIU,NOTIFICATION,Notificações,621,3982
rmOIOHZWiIU,YT_CHANNEL,Página do canal,282,1742
rmOIOHZWiIU,YT_OTHER_PAGE,Outras páginas do YouTube,233,1622
rmOIOHZWiIU,EXT_URL,Externo,201,947
rmOIOHZWiIU,ANNOTATION,Cards/anotações,175,1012
rmOIOHZWiIU,NO_LINK_OTHER,Direto ou desconhecido,142,721
rmOIOHZWiIU,PLAYLIST,Playlists,52,384
rmOIOHZWiIU,END_SCREEN,Tela final,39,302
rmOIOHZWiIU,HASHTAGS,Hashtags,13,69
SXoBo6v8-9M,SUBSCRIBER,Inscritos (feed/sino),5509,33781
SXoBo6v8-9M,RELATED_VIDEO,Vídeos sugeridos (Recomendados),1303,8742
SXoBo6v8-9M,NOTIFICATION,Notificações,922,6109
SXoBo6v8-9M,YT_CHANNEL,Página do canal,694,3654
SXoBo6v8-9M,YT_SEARCH,Pesquisa do YouTube,321,1521
SXoBo6v8-9M,YT_OTHER_PAGE,Outras páginas do YouTube,209,1503
SXoBo6v8-9M,EXT_URL,Externo,165,461
SXoBo6v8-9M,NO_LINK_OTHER,Direto ou desconhecido,101,503
SXoBo6v8-9M,END_SCREEN,Tela final,44,305
SXoBo6v8-9M,PLAYLIST,Playlists,32,218
SXoBo6v8-9M,ANNOTATION,Cards/anotações,6,30
0hApEI1gqqU,SHORTS,Feed do Shorts,8434,1208
0hApEI1gqqU,NOTIFICATION,Notificações,256,91
0hApEI1gqqU,YT_CHANNEL,Página do canal,229,44
0hApEI1gqqU,SUBSCRIBER,Inscritos (feed/sino),117,36
0hApEI1gqqU,EXT_URL,Externo,93,30
0hApEI1gqqU,YT_SEARCH,Pesquisa do YouTube,84,14
0hApEI1gqqU,YT_OTHER_PAGE,Outras páginas do YouTube,41,8
0hApEI1gqqU,NO_LINK_OTHER,Direto ou desconhecido,1,0
0hApEI1gqqU,SOUND_PAGE,Página de áudio,1,0
FNNyeOC-j-M,SUBSCRIBER,Inscritos (feed/sino),4911,18026
FNNyeOC-j-M,RELATED_VIDEO,Vídeos sugeridos (Recomendados),1638,6900
FNNyeOC-j-M,NOTIFICATION,Notificações,1485,5940
FNNyeOC-j-M,YT_SEARCH,Pesquisa do YouTube,357,1355
FNNyeOC-j-M,YT_CHANNEL,Página do canal,291,1050
FNNyeOC-j-M,YT_OTHER_PAGE,Outras páginas do YouTube,238,1138
FNNyeOC-j-M,NO_LINK_OTHER,Direto ou desconhecido,91,293
FNNyeOC-j-M,ANNOTATION,Cards/anotações,50,185
FNNyeOC-j-M,END_SCREEN,Tela final,49,204
FNNyeOC-j-M,PLAYLIST,Playlists,47,172
FNNyeOC-j-M,EXT_URL,Externo,46,131
FNNyeOC-j-M,HASHTAGS,Hashtags,1,2
p9vBH22kmSQ,SHORTS,Feed do Shorts,7404,958
p9vBH22kmSQ,YT_CHANNEL,Página do canal,1148,131
p9vBH22kmSQ,NOTIFICATION,Notificações,193,26
p9vBH22kmSQ,YT_SEARCH,Pesquisa do YouTube,175,24
p9vBH22kmSQ,SUBSCRIBER,Inscritos (feed/sino),134,19
p9vBH22kmSQ,YT_OTHER_PAGE,Outras páginas do YouTube,59,6
p9vBH22kmSQ,EXT_URL,Externo,16,4
p9vBH22kmSQ,HASHTAGS,Hashtags,6,0
p9vBH22kmSQ,NO_LINK_OTHER,Direto ou desconhecido,1,0
qNT1lYuIYqU,SUBSCRIBER,Inscritos (feed/sino),4479,23547
qNT1lYuIYqU,YT_SEARCH,Pesquisa do YouTube,2918,17609
qNT1lYuIYqU,RELATED_VIDEO,Vídeos sugeridos (Recomendados),702,5485
qNT1lYuIYqU,EXT_URL,Externo,351,1971
qNT1lYuIYqU,NOTIFICATION,Notificações,273,2010
qNT1lYuIYqU,NO_LINK_OTHER,Direto ou desconhecido,167,724
qNT1lYuIYqU,YT_OTHER_PAGE,Outras páginas do YouTube,125,1166
qNT1lYuIYqU,YT_CHANNEL,Página do canal,90,670
qNT1lYuIYqU,PLAYLIST,Playlists,26,183
qNT1lYuIYqU,END_SCREEN,Tela final,1,0
0N_cOnJ8nXs,SUBSCRIBER,Inscritos (feed/sino),5374,26019
0N_cOnJ8nXs,NOTIFICATION,Notificações,1532,7396
0N_cOnJ8nXs,RELATED_VIDEO,Vídeos sugeridos (Recomendados),1228,6394
0N_cOnJ8nXs,YT_SEARCH,Pesquisa do YouTube,385,1639
0N_cOnJ8nXs,YT_CHANNEL,Página do canal,240,1194
0N_cOnJ8nXs,YT_OTHER_PAGE,Outras páginas do YouTube,183,1154
0N_cOnJ8nXs,NO_LINK_OTHER,Direto ou desconhecido,77,324
0N_cOnJ8nXs,EXT_URL,Externo,51,156
0N_cOnJ8nXs,PLAYLIST,Playlists,31,222
0N_cOnJ8nXs,ANNOTATION,Cards/anotações,15,83
0N_cOnJ8nXs,END_SCREEN,Tela final,10,51
0N_cOnJ8nXs,HASHTAGS,Hashtags,1,4
8cRRtKDCtDQ,RELATED_VIDEO,Vídeos sugeridos (Recomendados),2368,29432
8cRRtKDCtDQ,NOTIFICATION,Notificações,2205,22631
8cRRtKDCtDQ,SUBSCRIBER,Inscritos (feed/sino),1905,18483
8cRRtKDCtDQ,YT_SEARCH,Pesquisa do YouTube,962,12547
8cRRtKDCtDQ,EXT_URL,Externo,477,4250
8cRRtKDCtDQ,YT_CHANNEL,Página do canal,419,6087
8cRRtKDCtDQ,END_SCREEN,Tela final,264,4214
8cRRtKDCtDQ,NO_LINK_OTHER,Direto ou desconhecido,253,1818
8cRRtKDCtDQ,YT_OTHER_PAGE,Outras páginas do YouTube,245,3994
8cRRtKDCtDQ,PLAYLIST,Playlists,13,151
8cRRtKDCtDQ,ANNOTATION,Cards/anotações,5,78
fwWG6AIP52Q,SUBSCRIBER,Inscritos (feed/sino),5873,31375
fwWG6AIP52Q,RELATED_VIDEO,Vídeos sugeridos (Recomendados),2227,22143
fwWG6AIP52Q,YT_CHANNEL,Página do canal,243,1685
fwWG6AIP52Q,EXT_URL,Externo,157,809
fwWG6AIP52Q,YT_OTHER_PAGE,Outras páginas do YouTube,151,1388
fwWG6AIP52Q,NO_LINK_OTHER,Direto ou desconhecido,149,910
fwWG6AIP52Q,YT_SEARCH,Pesquisa do YouTube,149,724
fwWG6AIP52Q,NOTIFICATION,Notificações,105,757
fwWG6AIP52Q,PLAYLIST,Playlists,33,462
FC-eKTK3ozE,SUBSCRIBER,Inscritos (feed/sino),3789,14141
FC-eKTK3ozE,YT_SEARCH,Pesquisa do YouTube,3247,10631
FC-eKTK3ozE,NOTIFICATION,Notificações,650,2680
FC-eKTK3ozE,EXT_URL,Externo,453,1300
FC-eKTK3ozE,RELATED_VIDEO,Vídeos sugeridos (Recomendados),428,1821
FC-eKTK3ozE,YT_CHANNEL,Página do canal,163,571
FC-eKTK3ozE,YT_OTHER_PAGE,Outras páginas do YouTube,158,699
FC-eKTK3ozE,NO_LINK_OTHER,Direto ou desconhecido,146,349
FC-eKTK3ozE,PLAYLIST,Playlists,46,190
FC-eKTK3ozE,END_SCREEN,Tela final,4,2
FC-eKTK3ozE,ADVERTISING,Anúncios,2,4
FC-eKTK3ozE,SOUND_PAGE,Página de áudio,1,1
pW5xKI_LUnc,SUBSCRIBER,Inscritos (feed/sino),4688,18698
pW5xKI_LUnc,YT_SEARCH,Pesquisa do YouTube,3096,11358
pW5xKI_LUnc,NOTIFICATION,Notificações,420,1814
pW5xKI_LUnc,RELATED_VIDEO,Vídeos sugeridos (Recomendados),285,1219
pW5xKI_LUnc,EXT_URL,Externo,129,346
pW5xKI_LUnc,YT_OTHER_PAGE,Outras páginas do YouTube,115,512
pW5xKI_LUnc,END_SCREEN,Tela final,112,609
pW5xKI_LUnc,YT_CHANNEL,Página do canal,108,497
pW5xKI_LUnc,NO_LINK_OTHER,Direto ou desconhecido,95,229
pW5xKI_LUnc,PLAYLIST,Playlists,28,100
pW5xKI_LUnc,HASHTAGS,Hashtags,2,7
pW5xKI_LUnc,ADVERTISING,Anúncios,1,0
Nm3_Iiko7xQ,SUBSCRIBER,Inscritos (feed/sino),3372,22894
Nm3_Iiko7xQ,YT_SEARCH,Pesquisa do YouTube,1717,9155
Nm3_Iiko7xQ,NOTIFICATION,Notificações,1608,10509
Nm3_Iiko7xQ,EXT_URL,Externo,1102,5903
Nm3_Iiko7xQ,RELATED_VIDEO,Vídeos sugeridos (Recomendados),645,5632
Nm3_Iiko7xQ,YT_CHANNEL,Página do canal,288,2702
Nm3_Iiko7xQ,YT_OTHER_PAGE,Outras páginas do YouTube,155,1417
Nm3_Iiko7xQ,NO_LINK_OTHER,Direto ou desconhecido,117,748
Nm3_Iiko7xQ,ANNOTATION,Cards/anotações,28,233
Nm3_Iiko7xQ,PLAYLIST,Playlists,21,232
CDjYrMqaLCo,YT_SEARCH,Pesquisa do YouTube,4838,14361
CDjYrMqaLCo,SUBSCRIBER,Inscritos (feed/sino),1545,6303
CDjYrMqaLCo,EXT_URL,Externo,1081,3508
CDjYrMqaLCo,NOTIFICATION,Notificações,418,2029
CDjYrMqaLCo,RELATED_VIDEO,Vídeos sugeridos (Recomendados),343,1583
CDjYrMqaLCo,NO_LINK_OTHER,Direto ou desconhecido,296,606
CDjYrMqaLCo,YT_CHANNEL,Página do canal,188,853
CDjYrMqaLCo,YT_OTHER_PAGE,Outras páginas do YouTube,173,999
CDjYrMqaLCo,END_SCREEN,Tela final,69,465
CDjYrMqaLCo,PLAYLIST,Playlists,44,203
N2JmQtGwMlc,SUBSCRIBER,Inscritos (feed/sino),5352,37905
N2JmQtGwMlc,RELATED_VIDEO,Vídeos sugeridos (Recomendados),1320,8650
N2JmQtGwMlc,NOTIFICATION,Notificações,1163,8764
N2JmQtGwMlc,YT_SEARCH,Pesquisa do YouTube,528,3153
N2JmQtGwMlc,YT_OTHER_PAGE,Outras páginas do YouTube,232,1735
N2JmQtGwMlc,YT_CHANNEL,Página do canal,163,1136
N2JmQtGwMlc,NO_LINK_OTHER,Direto ou desconhecido,70,364
N2JmQtGwMlc,PLAYLIST,Playlists,40,220
N2JmQtGwMlc,EXT_URL,Externo,30,167
N2JmQtGwMlc,ANNOTATION,Cards/anotações,6,40
N2JmQtGwMlc,END_SCREEN,Tela final,5,47
N2JmQtGwMlc,HASHTAGS,Hashtags,5,14
5jtf5EbqspM,SUBSCRIBER,Inscritos (feed/sino),5653,28784
5jtf5EbqspM,RELATED_VIDEO,Vídeos sugeridos (Recomendados),1017,5499
5jtf5EbqspM,YT_SEARCH,Pesquisa do YouTube,844,4216
5jtf5EbqspM,NOTIFICATION,Notificações,757,3869
5jtf5EbqspM,YT_CHANNEL,Página do canal,246,1285
5jtf5EbqspM,YT_OTHER_PAGE,Outras páginas do YouTube,242,1613
5jtf5EbqspM,NO_LINK_OTHER,Direto ou desconhecido,62,222
5jtf5EbqspM,EXT_URL,Externo,50,174
5jtf5EbqspM,PLAYLIST,Playlists,36,221
5jtf5EbqspM,ANNOTATION,Cards/anotações,1,0
5jtf5EbqspM,END_SCREEN,Tela final,1,0
WtlXXTT1kdI,SUBSCRIBER,Inscritos (feed/sino),5448,26892
WtlXXTT1kdI,YT_SEARCH,Pesquisa do YouTube,968,5112
WtlXXTT1kdI,EXT_URL,Externo,932,1360
WtlXXTT1kdI,RELATED_VIDEO,Vídeos sugeridos (Recomendados),576,4459
WtlXXTT1kdI,NOTIFICATION,Notificações,414,2679
WtlXXTT1kdI,YT_OTHER_PAGE,Outras páginas do YouTube,150,1356
WtlXXTT1kdI,NO_LINK_OTHER,Direto ou desconhecido,123,588
WtlXXTT1kdI,YT_CHANNEL,Página do canal,113,854
WtlXXTT1kdI,PLAYLIST,Playlists,46,512
WtlXXTT1kdI,HASHTAGS,Hashtags,9,22
WtlXXTT1kdI,END_SCREEN,Tela final,4,10
VsCxPvllxMk,SUBSCRIBER,Inscritos (feed/sino),6881,36994
VsCxPvllxMk,RELATED_VIDEO,Vídeos sugeridos (Recomendados),937,5459
VsCxPvllxMk,NOTIFICATION,Notificações,363,2620
VsCxPvllxMk,YT_SEARCH,Pesquisa do YouTube,225,1050
VsCxPvllxMk,YT_OTHER_PAGE,Outras páginas do YouTube,106,900
VsCxPvllxMk,NO_LINK_OTHER,Direto ou desconhecido,81,427
VsCxPvllxMk,EXT_URL,Externo,61,152
VsCxPvllxMk,YT_CHANNEL,Página do canal,57,423
VsCxPvllxMk,PLAYLIST,Playlists,21,235
z2ponq_ewNE,SHORTS,Feed do Shorts,8073,2571
z2ponq_ewNE,YT_SEARCH,Pesquisa do YouTube,132,35
z2ponq_ewNE,YT_OTHER_PAGE,Outras páginas do YouTube,102,39
z2ponq_ewNE,SUBSCRIBER,Inscritos (feed/sino),99,33
z2ponq_ewNE,NOTIFICATION,Notificações,96,42
z2ponq_ewNE,YT_CHANNEL,Página do canal,88,26
z2ponq_ewNE,EXT_URL,Externo,46,15
z2ponq_ewNE,PLAYLIST,Playlists,1,0
z2ponq_ewNE,NO_LINK_OTHER,Direto ou desconhecido,0,0
QzBbNYkZ9U4,YT_SEARCH,Pesquisa do YouTube,4262,19467
QzBbNYkZ9U4,SUBSCRIBER,Inscritos (feed/sino),2729,13432
QzBbNYkZ9U4,RELATED_VIDEO,Vídeos sugeridos (Recomendados),551,3045
QzBbNYkZ9U4,NOTIFICATION,Notificações,291,1677
QzBbNYkZ9U4,YT_OTHER_PAGE,Outras páginas do YouTube,252,1511
QzBbNYkZ9U4,YT_CHANNEL,Página do canal,191,826
QzBbNYkZ9U4,EXT_URL,Externo,186,434
QzBbNYkZ9U4,NO_LINK_OTHER,Direto ou desconhecido,120,329
QzBbNYkZ9U4,PLAYLIST,Playlists,46,259
QzBbNYkZ9U4,END_SCREEN,Tela final,7,56
GlnrZgr2C2M,SUBSCRIBER,Inscritos (feed/sino),4667,23153
GlnrZgr2C2M,YT_SEARCH,Pesquisa do YouTube,2793,14709
GlnrZgr2C2M,NOTIFICATION,Notificações,346,2184
GlnrZgr2C2M,RELATED_VIDEO,Vídeos sugeridos (Recomendados),336,2507
GlnrZgr2C2M,YT_OTHER_PAGE,Outras páginas do YouTube,185,1341
GlnrZgr2C2M,NO_LINK_OTHER,Direto ou desconhecido,111,404
GlnrZgr2C2M,YT_CHANNEL,Página do canal,92,659
GlnrZgr2C2M,EXT_URL,Externo,64,364
GlnrZgr2C2M,PLAYLIST,Playlists,23,239
GlnrZgr2C2M,HASHTAGS,Hashtags,5,20
GlnrZgr2C2M,END_SCREEN,Tela final,3,8
PTc7hh-TbgY,SUBSCRIBER,Inscritos (feed/sino),4396,22360
PTc7hh-TbgY,YT_SEARCH,Pesquisa do YouTube,2695,13125
PTc7hh-TbgY,RELATED_VIDEO,Vídeos sugeridos (Recomendados),625,3838
PTc7hh-TbgY,NOTIFICATION,Notificações,238,1349
PTc7hh-TbgY,YT_OTHER_PAGE,Outras páginas do YouTube,213,1506
PTc7hh-TbgY,YT_CHANNEL,Página do canal,155,989
PTc7hh-TbgY,NO_LINK_OTHER,Direto ou desconhecido,135,601
PTc7hh-TbgY,EXT_URL,Externo,72,267
PTc7hh-TbgY,PLAYLIST,Playlists,48,252
PTc7hh-TbgY,END_SCREEN,Tela final,13,128
PTc7hh-TbgY,HASHTAGS,Hashtags,3,18
Pzp6k3goCG0,SUBSCRIBER,Inscritos (feed/sino),6051,46894
Pzp6k3goCG0,RELATED_VIDEO,Vídeos sugeridos (Recomendados),1349,13356
Pzp6k3goCG0,YT_OTHER_PAGE,Outras páginas do YouTube,224,2242
Pzp6k3goCG0,YT_CHANNEL,Página do canal,221,2036
Pzp6k3goCG0,NOTIFICATION,Notificações,194,1669
Pzp6k3goCG0,EXT_URL,Externo,169,1056
Pzp6k3goCG0,NO_LINK_OTHER,Direto ou desconhecido,156,966
Pzp6k3goCG0,YT_SEARCH,Pesquisa do YouTube,129,1033
Pzp6k3goCG0,PLAYLIST,Playlists,76,956
Pzp6k3goCG0,SHORTS,Feed do Shorts,0,0
Je2UTeWuYbQ,SUBSCRIBER,Inscritos (feed/sino),6608,44165
Je2UTeWuYbQ,RELATED_VIDEO,Vídeos sugeridos (Recomendados),591,5112
Je2UTeWuYbQ,END_SCREEN,Tela final,464,4915
Je2UTeWuYbQ,YT_SEARCH,Pesquisa do YouTube,212,1394
Je2UTeWuYbQ,YT_OTHER_PAGE,Outras páginas do YouTube,173,1648
Je2UTeWuYbQ,NOTIFICATION,Notificações,159,1058
Je2UTeWuYbQ,YT_CHANNEL,Página do canal,156,1390
Je2UTeWuYbQ,NO_LINK_OTHER,Direto ou desconhecido,113,574
Je2UTeWuYbQ,PLAYLIST,Playlists,48,559
Je2UTeWuYbQ,EXT_URL,Externo,34,169
JKDNQDhy8WM,RELATED_VIDEO,Vídeos sugeridos (Recomendados),3838,24731
JKDNQDhy8WM,EXT_URL,Externo,1181,4052
JKDNQDhy8WM,YT_SEARCH,Pesquisa do YouTube,769,4275
JKDNQDhy8WM,ANNOTATION,Cards/anotações,765,4689
JKDNQDhy8WM,SUBSCRIBER,Inscritos (feed/sino),554,2989
JKDNQDhy8WM,YT_CHANNEL,Página do canal,533,3130
JKDNQDhy8WM,PLAYLIST,Playlists,299,1822
JKDNQDhy8WM,END_SCREEN,Tela final,166,762
JKDNQDhy8WM,YT_OTHER_PAGE,Outras páginas do YouTube,144,1010
JKDNQDhy8WM,NOTIFICATION,Notificações,83,156
JKDNQDhy8WM,NO_LINK_OTHER,Direto ou desconhecido,78,355
YbcJ4nZL9fg,YT_SEARCH,Pesquisa do YouTube,4408,1244
YbcJ4nZL9fg,SHORTS,Feed do Shorts,2678,950
YbcJ4nZL9fg,RELATED_VIDEO,Vídeos sugeridos (Recomendados),437,207
YbcJ4nZL9fg,SUBSCRIBER,Inscritos (feed/sino),354,168
YbcJ4nZL9fg,NOTIFICATION,Notificações,222,139
YbcJ4nZL9fg,YT_CHANNEL,Página do canal,177,67
YbcJ4nZL9fg,EXT_URL,Externo,61,27
YbcJ4nZL9fg,YT_OTHER_PAGE,Outras páginas do YouTube,29,8
YbcJ4nZL9fg,PLAYLIST,Playlists,16,6
YbcJ4nZL9fg,NO_LINK_OTHER,Direto ou desconhecido,6,1
YbcJ4nZL9fg,END_SCREEN,Tela final,1,0
YbcJ4nZL9fg,SOUND_PAGE,Página de áudio,1,0
y6bde2gKrbY,SHORTS,Feed do Shorts,7614,2199
y6bde2gKrbY,YT_SEARCH,Pesquisa do YouTube,347,86
y6bde2gKrbY,SUBSCRIBER,Inscritos (feed/sino),104,34
y6bde2gKrbY,YT_OTHER_PAGE,Outras páginas do YouTube,97,28
y6bde2gKrbY,NOTIFICATION,Notificações,96,44
y6bde2gKrbY,YT_CHANNEL,Página do canal,93,26
y6bde2gKrbY,EXT_URL,Externo,21,6
y6bde2gKrbY,PLAYLIST,Playlists,4,0
y6bde2gKrbY,RELATED_VIDEO,Vídeos sugeridos (Recomendados),1,0
y6bde2gKrbY,HASHTAGS,Hashtags,1,0
y6bde2gKrbY,NO_LINK_OTHER,Direto ou desconhecido,0,0
yHQvEitHtbE,SUBSCRIBER,Inscritos (feed/sino),4088,20340
yHQvEitHtbE,YT_SEARCH,Pesquisa do YouTube,1713,9655
yHQvEitHtbE,RELATED_VIDEO,Vídeos sugeridos (Recomendados),1379,9208
yHQvEitHtbE,EXT_URL,Externo,337,2020
yHQvEitHtbE,YT_OTHER_PAGE,Outras páginas do YouTube,225,1421
yHQvEitHtbE,YT_CHANNEL,Página do canal,191,973
yHQvEitHtbE,NOTIFICATION,Notificações,185,1045
yHQvEitHtbE,NO_LINK_OTHER,Direto ou desconhecido,156,694
yHQvEitHtbE,PLAYLIST,Playlists,79,563
qnM3lYBgf2Y,SHORTS,Feed do Shorts,7370,767
qnM3lYBgf2Y,NOTIFICATION,Notificações,470,67
qnM3lYBgf2Y,YT_OTHER_PAGE,Outras páginas do YouTube,136,14
qnM3lYBgf2Y,YT_SEARCH,Pesquisa do YouTube,121,15
qnM3lYBgf2Y,YT_CHANNEL,Página do canal,112,10
qnM3lYBgf2Y,SUBSCRIBER,Inscritos (feed/sino),89,13
qnM3lYBgf2Y,EXT_URL,Externo,41,5
qnM3lYBgf2Y,SOUND_PAGE,Página de áudio,5,0
qnM3lYBgf2Y,NO_LINK_OTHER,Direto ou desconhecido,1,0
UA3rJPz7IVk,SUBSCRIBER,Inscritos (feed/sino),5214,19792
UA3rJPz7IVk,RELATED_VIDEO,Vídeos sugeridos (Recomendados),2099,11553
UA3rJPz7IVk,YT_SEARCH,Pesquisa do YouTube,292,966
UA3rJPz7IVk,NOTIFICATION,Notificações,224,1238
UA3rJPz7IVk,YT_CHANNEL,Página do canal,176,789
UA3rJPz7IVk,NO_LINK_OTHER,Direto ou desconhecido,122,407
UA3rJPz7IVk,YT_OTHER_PAGE,Outras páginas do YouTube,108,550
UA3rJPz7IVk,EXT_URL,Externo,52,204
UA3rJPz7IVk,PLAYLIST,Playlists,41,258
UA3rJPz7IVk,SHORTS_CONTENT_LINKS,SHORTS_CONTENT_LINKS,6,13
l1fVs1YjglI,EXT_URL,Externo,2594,17788
l1fVs1YjglI,RELATED_VIDEO,Vídeos sugeridos (Recomendados),1744,11793
l1fVs1YjglI,SUBSCRIBER,Inscritos (feed/sino),1437,9378
l1fVs1YjglI,YT_SEARCH,Pesquisa do YouTube,1423,9381
l1fVs1YjglI,YT_CHANNEL,Página do canal,403,3281
l1fVs1YjglI,NOTIFICATION,Notificações,285,2317
l1fVs1YjglI,YT_OTHER_PAGE,Outras páginas do YouTube,162,1195
l1fVs1YjglI,NO_LINK_OTHER,Direto ou desconhecido,114,635
l1fVs1YjglI,PLAYLIST,Playlists,90,722
l1fVs1YjglI,ANNOTATION,Cards/anotações,44,324
l1fVs1YjglI,END_SCREEN,Tela final,8,38
8fLXpBjhZhA,SUBSCRIBER,Inscritos (feed/sino),5472,39875
8fLXpBjhZhA,RELATED_VIDEO,Vídeos sugeridos (Recomendados),1200,11197
8fLXpBjhZhA,NOTIFICATION,Notificações,492,4002
8fLXpBjhZhA,YT_SEARCH,Pesquisa do YouTube,403,3010
8fLXpBjhZhA,YT_CHANNEL,Página do canal,280,2219
8fLXpBjhZhA,YT_OTHER_PAGE,Outras páginas do YouTube,164,1987
8fLXpBjhZhA,NO_LINK_OTHER,Direto ou desconhecido,119,714
8fLXpBjhZhA,EXT_URL,Externo,78,376
8fLXpBjhZhA,PLAYLIST,Playlists,43,406
8fLXpBjhZhA,END_SCREEN,Tela final,43,355
8fLXpBjhZhA,HASHTAGS,Hashtags,4,1
8fLXpBjhZhA,ADVERTISING,Anúncios,2,37
LqS7HsLuDLQ,SUBSCRIBER,Inscritos (feed/sino),4884,29330
LqS7HsLuDLQ,RELATED_VIDEO,Vídeos sugeridos (Recomendados),1497,10807
LqS7HsLuDLQ,YT_SEARCH,Pesquisa do YouTube,928,4841
LqS7HsLuDLQ,NOTIFICATION,Notificações,331,2118
LqS7HsLuDLQ,YT_CHANNEL,Página do canal,203,1647
LqS7HsLuDLQ,YT_OTHER_PAGE,Outras páginas do YouTube,172,1426
LqS7HsLuDLQ,NO_LINK_OTHER,Direto ou desconhecido,97,497
LqS7HsLuDLQ,PLAYLIST,Playlists,71,659
LqS7HsLuDLQ,EXT_URL,Externo,44,223
XBzB11otEps,YT_SEARCH,Pesquisa do YouTube,5298,21714
XBzB11otEps,SUBSCRIBER,Inscritos (feed/sino),1823,7705
XBzB11otEps,RELATED_VIDEO,Vídeos sugeridos (Recomendados),386,2243
XBzB11otEps,NOTIFICATION,Notificações,243,1407
XBzB11otEps,YT_OTHER_PAGE,Outras páginas do YouTube,152,1059
XBzB11otEps,EXT_URL,Externo,112,399
XBzB11otEps,YT_CHANNEL,Página do canal,103,554
XBzB11otEps,NO_LINK_OTHER,Direto ou desconhecido,79,260
XBzB11otEps,PLAYLIST,Playlists,26,198
XBzB11otEps,END_SCREEN,Tela final,4,5
XBzB11otEps,HASHTAGS,Hashtags,1,2
TGcKHyo0nWc,SUBSCRIBER,Inscritos (feed/sino),5277,28493
TGcKHyo0nWc,YT_SEARCH,Pesquisa do YouTube,1195,4831
TGcKHyo0nWc,NOTIFICATION,Notificações,704,4583
TGcKHyo0nWc,RELATED_VIDEO,Vídeos sugeridos (Recomendados),553,3496
TGcKHyo0nWc,YT_CHANNEL,Página do canal,129,698
TGcKHyo0nWc,YT_OTHER_PAGE,Outras páginas do YouTube,118,745
TGcKHyo0nWc,NO_LINK_OTHER,Direto ou desconhecido,98,318
TGcKHyo0nWc,EXT_URL,Externo,50,122
TGcKHyo0nWc,PLAYLIST,Playlists,41,198
TGcKHyo0nWc,END_SCREEN,Tela final,14,85
TGcKHyo0nWc,HASHTAGS,Hashtags,4,7
_b2bLe-Z-14,SUBSCRIBER,Inscritos (feed/sino),5507,30939
_b2bLe-Z-14,RELATED_VIDEO,Vídeos sugeridos (Recomendados),702,5605
_b2bLe-Z-14,EXT_URL,Externo,557,3546
_b2bLe-Z-14,NOTIFICATION,Notificações,450,3555
_b2bLe-Z-14,YT_SEARCH,Pesquisa do YouTube,359,1691
_b2bLe-Z-14,YT_CHANNEL,Página do canal,266,2229
_b2bLe-Z-14,YT_OTHER_PAGE,Outras páginas do YouTube,163,1464
_b2bLe-Z-14,NO_LINK_OTHER,Direto ou desconhecido,135,640
_b2bLe-Z-14,PLAYLIST,Playlists,27,259
_b2bLe-Z-14,ADVERTISING,Anúncios,1,12
29ZwZnUzmr0,SHORTS,Feed do Shorts,4748,2923
29ZwZnUzmr0,YT_SEARCH,Pesquisa do YouTube,2219,1833
29ZwZnUzmr0,NOTIFICATION,Notificações,641,681
29ZwZnUzmr0,SUBSCRIBER,Inscritos (feed/sino),268,233
29ZwZnUzmr0,YT_CHANNEL,Página do canal,125,80
29ZwZnUzmr0,EXT_URL,Externo,35,30
29ZwZnUzmr0,RELATED_VIDEO,Vídeos sugeridos (Recomendados),17,13
29ZwZnUzmr0,YT_OTHER_PAGE,Outras páginas do YouTube,14,12
29ZwZnUzmr0,PLAYLIST,Playlists,12,9
29ZwZnUzmr0,SOUND_PAGE,Página de áudio,4,2
29ZwZnUzmr0,NO_LINK_OTHER,Direto ou desconhecido,2,1
8oyQ5zvp0nk,SUBSCRIBER,Inscritos (feed/sino),3399,37723
8oyQ5zvp0nk,RELATED_VIDEO,Vídeos sugeridos (Recomendados),1707,19613
8oyQ5zvp0nk,NOTIFICATION,Notificações,925,10579
8oyQ5zvp0nk,EXT_URL,Externo,594,5453
8oyQ5zvp0nk,YT_CHANNEL,Página do canal,567,6327
8oyQ5zvp0nk,YT_SEARCH,Pesquisa do YouTube,489,6453
8oyQ5zvp0nk,YT_OTHER_PAGE,Outras páginas do YouTube,221,3382
8oyQ5zvp0nk,NO_LINK_OTHER,Direto ou desconhecido,133,1459
8oyQ5zvp0nk,END_SCREEN,Tela final,15,247
8oyQ5zvp0nk,PLAYLIST,Playlists,12,264
8oyQ5zvp0nk,ANNOTATION,Cards/anotações,4,43
M_ir1o_g5A8,RELATED_VIDEO,Vídeos sugeridos (Recomendados),2489,13069
M_ir1o_g5A8,YT_SEARCH,Pesquisa do YouTube,1632,8747
M_ir1o_g5A8,EXT_URL,Externo,1264,6386
M_ir1o_g5A8,ANNOTATION,Cards/anotações,824,4521
M_ir1o_g5A8,SUBSCRIBER,Inscritos (feed/sino),608,2573
M_ir1o_g5A8,YT_CHANNEL,Página do canal,512,2861
M_ir1o_g5A8,YT_OTHER_PAGE,Outras páginas do YouTube,275,1697
M_ir1o_g5A8,PLAYLIST,Playlists,267,1439
M_ir1o_g5A8,NO_LINK_OTHER,Direto ou desconhecido,80,312
M_ir1o_g5A8,NOTIFICATION,Notificações,42,173
M_ir1o_g5A8,END_SCREEN,Tela final,1,7
AS6gmqMQbKA,SHORTS,Feed do Shorts,5701,3672
AS6gmqMQbKA,SUBSCRIBER,Inscritos (feed/sino),1164,1087
AS6gmqMQbKA,YT_SEARCH,Pesquisa do YouTube,438,284
AS6gmqMQbKA,NOTIFICATION,Notificações,270,308
AS6gmqMQbKA,YT_CHANNEL,Página do canal,211,170
AS6gmqMQbKA,RELATED_VIDEO,Vídeos sugeridos (Recomendados),74,154
AS6gmqMQbKA,YT_OTHER_PAGE,Outras páginas do YouTube,33,27
AS6gmqMQbKA,EXT_URL,Externo,27,32
AS6gmqMQbKA,PLAYLIST,Playlists,11,9
AS6gmqMQbKA,SOUND_PAGE,Página de áudio,4,1
AS6gmqMQbKA,NO_LINK_OTHER,Direto ou desconhecido,0,0
PvC1ZEQlz3M,SHORTS,Feed do Shorts,4097,1387
PvC1ZEQlz3M,YT_SEARCH,Pesquisa do YouTube,2457,1149
PvC1ZEQlz3M,EXT_URL,Externo,467,256
PvC1ZEQlz3M,YT_CHANNEL,Página do canal,397,98
PvC1ZEQlz3M,SUBSCRIBER,Inscritos (feed/sino),359,192
PvC1ZEQlz3M,YT_OTHER_PAGE,Outras páginas do YouTube,77,30
PvC1ZEQlz3M,NOTIFICATION,Notificações,66,43
PvC1ZEQlz3M,NO_LINK_OTHER,Direto ou desconhecido,7,2
PvC1ZEQlz3M,RELATED_VIDEO,Vídeos sugeridos (Recomendados),4,2
PvC1ZEQlz3M,SOUND_PAGE,Página de áudio,1,0
HpwffFuuGsQ,SUBSCRIBER,Inscritos (feed/sino),4886,32639
HpwffFuuGsQ,RELATED_VIDEO,Vídeos sugeridos (Recomendados),1016,8718
HpwffFuuGsQ,YT_SEARCH,Pesquisa do YouTube,548,2774
HpwffFuuGsQ,NOTIFICATION,Notificações,466,4033
HpwffFuuGsQ,END_SCREEN,Tela final,462,4641
HpwffFuuGsQ,YT_CHANNEL,Página do canal,183,1491
HpwffFuuGsQ,YT_OTHER_PAGE,Outras páginas do YouTube,160,1515
HpwffFuuGsQ,NO_LINK_OTHER,Direto ou desconhecido,87,435
HpwffFuuGsQ,EXT_URL,Externo,70,243
HpwffFuuGsQ,PLAYLIST,Playlists,49,422
HpwffFuuGsQ,ADVERTISING,Anúncios,1,16
HpwffFuuGsQ,HASHTAGS,Hashtags,1,7
badz8FBZzVI,EXT_URL,Externo,2350,9993
badz8FBZzVI,YT_SEARCH,Pesquisa do YouTube,1774,7529
badz8FBZzVI,RELATED_VIDEO,Vídeos sugeridos (Recomendados),1487,5608
badz8FBZzVI,NOTIFICATION,Notificações,925,4023
badz8FBZzVI,SUBSCRIBER,Inscritos (feed/sino),764,3060
badz8FBZzVI,YT_CHANNEL,Página do canal,291,1117
badz8FBZzVI,NO_LINK_OTHER,Direto ou desconhecido,123,372
badz8FBZzVI,YT_OTHER_PAGE,Outras páginas do YouTube,109,437
badz8FBZzVI,PLAYLIST,Playlists,99,343
badz8FBZzVI,ANNOTATION,Cards/anotações,1,4
badz8FBZzVI,END_SCREEN,Tela final,1,0
4Qo4O7cZ1V8,SUBSCRIBER,Inscritos (feed/sino),3892,18618
4Qo4O7cZ1V8,YT_SEARCH,Pesquisa do YouTube,2223,8704
4Qo4O7cZ1V8,RELATED_VIDEO,Vídeos sugeridos (Recomendados),669,4552
4Qo4O7cZ1V8,EXT_URL,Externo,324,1236
4Qo4O7cZ1V8,YT_CHANNEL,Página do canal,230,1320
4Qo4O7cZ1V8,YT_OTHER_PAGE,Outras páginas do YouTube,180,1171
4Qo4O7cZ1V8,NOTIFICATION,Notificações,158,831
4Qo4O7cZ1V8,NO_LINK_OTHER,Direto ou desconhecido,140,518
4Qo4O7cZ1V8,PLAYLIST,Playlists,57,477
PLwEniRQB5g,SUBSCRIBER,Inscritos (feed/sino),5455,46425
PLwEniRQB5g,RELATED_VIDEO,Vídeos sugeridos (Recomendados),947,9907
PLwEniRQB5g,YT_SEARCH,Pesquisa do YouTube,537,3344
PLwEniRQB5g,NOTIFICATION,Notificações,266,2278
PLwEniRQB5g,YT_OTHER_PAGE,Outras páginas do YouTube,169,1783
PLwEniRQB5g,YT_CHANNEL,Página do canal,159,1396
PLwEniRQB5g,NO_LINK_OTHER,Direto ou desconhecido,154,740
PLwEniRQB5g,END_SCREEN,Tela final,79,798
PLwEniRQB5g,PLAYLIST,Playlists,58,818
PLwEniRQB5g,EXT_URL,Externo,41,325
PLwEniRQB5g,HASHTAGS,Hashtags,1,0
u9ahPmlMFpo,YT_SEARCH,Pesquisa do YouTube,6238,4398
u9ahPmlMFpo,SHORTS,Feed do Shorts,616,410
u9ahPmlMFpo,NOTIFICATION,Notificações,555,602
u9ahPmlMFpo,SUBSCRIBER,Inscritos (feed/sino),263,261
u9ahPmlMFpo,YT_CHANNEL,Página do canal,127,97
u9ahPmlMFpo,YT_OTHER_PAGE,Outras páginas do YouTube,23,14
u9ahPmlMFpo,EXT_URL,Externo,18,13
u9ahPmlMFpo,SOUND_PAGE,Página de áudio,9,3
u9ahPmlMFpo,PLAYLIST,Playlists,5,4
u9ahPmlMFpo,RELATED_VIDEO,Vídeos sugeridos (Recomendados),2,1
u9ahPmlMFpo,NO_LINK_OTHER,Direto ou desconhecido,0,0
3AolJm9VUlk,YT_SEARCH,Pesquisa do YouTube,5672,5161
3AolJm9VUlk,SHORTS,Feed do Shorts,1277,932
3AolJm9VUlk,EXT_URL,Externo,275,254
3AolJm9VUlk,NOTIFICATION,Notificações,237,303
3AolJm9VUlk,YT_CHANNEL,Página do canal,175,132
3AolJm9VUlk,SUBSCRIBER,Inscritos (feed/sino),153,145
3AolJm9VUlk,YT_OTHER_PAGE,Outras páginas do YouTube,21,10
3AolJm9VUlk,RELATED_VIDEO,Vídeos sugeridos (Recomendados),13,12
3AolJm9VUlk,PLAYLIST,Playlists,6,4
3AolJm9VUlk,NO_LINK_OTHER,Direto ou desconhecido,5,4
3AolJm9VUlk,END_SCREEN,Tela final,2,1
3AolJm9VUlk,SOUND_PAGE,Página de áudio,2,2
UVAn6jV7ncM,SUBSCRIBER,Inscritos (feed/sino),5613,30250
UVAn6jV7ncM,RELATED_VIDEO,Vídeos sugeridos (Recomendados),1260,12207
UVAn6jV7ncM,YT_SEARCH,Pesquisa do YouTube,317,1492
UVAn6jV7ncM,NOTIFICATION,Notificações,190,1317
UVAn6jV7ncM,NO_LINK_OTHER,Direto ou desconhecido,128,933
UVAn6jV7ncM,YT_OTHER_PAGE,Outras páginas do YouTube,121,1121
UVAn6jV7ncM,YT_CHANNEL,Página do canal,107,818
UVAn6jV7ncM,PLAYLIST,Playlists,56,614
UVAn6jV7ncM,EXT_URL,Externo,35,105
UVAn6jV7ncM,HASHTAGS,Hashtags,1,1
spU7CkRVINE,SUBSCRIBER,Inscritos (feed/sino),5825,28923
spU7CkRVINE,RELATED_VIDEO,Vídeos sugeridos (Recomendados),468,3223
spU7CkRVINE,YT_SEARCH,Pesquisa do YouTube,426,1672
spU7CkRVINE,NOTIFICATION,Notificações,381,2148
spU7CkRVINE,YT_CHANNEL,Página do canal,243,1470
spU7CkRVINE,YT_OTHER_PAGE,Outras páginas do YouTube,158,1072
spU7CkRVINE,EXT_URL,Externo,129,284
spU7CkRVINE,NO_LINK_OTHER,Direto ou desconhecido,124,458
spU7CkRVINE,PLAYLIST,Playlists,34,225
spU7CkRVINE,END_SCREEN,Tela final,2,5
-S7T4IfqMos,SHORTS,Feed do Shorts,6576,617
-S7T4IfqMos,NOTIFICATION,Notificações,473,63
-S7T4IfqMos,YT_CHANNEL,Página do canal,321,35
-S7T4IfqMos,SUBSCRIBER,Inscritos (feed/sino),147,17
-S7T4IfqMos,YT_SEARCH,Pesquisa do YouTube,144,11
-S7T4IfqMos,YT_OTHER_PAGE,Outras páginas do YouTube,85,7
-S7T4IfqMos,EXT_URL,Externo,32,4
-S7T4IfqMos,HASHTAGS,Hashtags,4,0
-S7T4IfqMos,SOUND_PAGE,Página de áudio,3,0
-S7T4IfqMos,PLAYLIST,Playlists,1,0
-S7T4IfqMos,NO_LINK_OTHER,Direto ou desconhecido,0,0
wuYTb5b7vAk,SHORTS,Feed do Shorts,6148,2625
wuYTb5b7vAk,YT_SEARCH,Pesquisa do YouTube,1011,512
wuYTb5b7vAk,SUBSCRIBER,Inscritos (feed/sino),358,237
wuYTb5b7vAk,YT_CHANNEL,Página do canal,114,61
wuYTb5b7vAk,NOTIFICATION,Notificações,74,62
wuYTb5b7vAk,RELATED_VIDEO,Vídeos sugeridos (Recomendados),20,7
wuYTb5b7vAk,YT_OTHER_PAGE,Outras páginas do YouTube,9,5
wuYTb5b7vAk,EXT_URL,Externo,5,6
wuYTb5b7vAk,PLAYLIST,Playlists,3,2
wuYTb5b7vAk,NO_LINK_OTHER,Direto ou desconhecido,1,0
wuYTb5b7vAk,HASHTAGS,Hashtags,1,0
clGYBPdxIbE,SHORTS,Feed do Shorts,6582,319
clGYBPdxIbE,NOTIFICATION,Notificações,684,61
clGYBPdxIbE,YT_CHANNEL,Página do canal,160,14
clGYBPdxIbE,SUBSCRIBER,Inscritos (feed/sino),134,9
clGYBPdxIbE,YT_OTHER_PAGE,Outras páginas do YouTube,79,4
clGYBPdxIbE,YT_SEARCH,Pesquisa do YouTube,47,1
clGYBPdxIbE,EXT_URL,Externo,1,0
clGYBPdxIbE,NO_LINK_OTHER,Direto ou desconhecido,0,0
uJqQirEVPbQ,SUBSCRIBER,Inscritos (feed/sino),4650,31757
uJqQirEVPbQ,RELATED_VIDEO,Vídeos sugeridos (Recomendados),2207,22602
uJqQirEVPbQ,NO_LINK_OTHER,Direto ou desconhecido,173,750
uJqQirEVPbQ,YT_OTHER_PAGE,Outras páginas do YouTube,144,1438
uJqQirEVPbQ,YT_SEARCH,Pesquisa do YouTube,142,782
uJqQirEVPbQ,YT_CHANNEL,Página do canal,135,1090
uJqQirEVPbQ,NOTIFICATION,Notificações,116,1220
uJqQirEVPbQ,PLAYLIST,Playlists,63,652
uJqQirEVPbQ,EXT_URL,Externo,47,296
uJqQirEVPbQ,END_SCREEN,Tela final,1,0
