id,titulo,publicado_em_utc,publicado_em_brt,dia_semana,hora,duracao_s,formato,views,likes,comentarios,tags,descricao_tamanho,thumbnail_url
zVA8_b1dfIU,OS 5 MAIORES FIIs CAÍRAM: Hora de pânico ou oportunidade?,2026-10-01 22:00:24,2026-10-01 19:00:24,quinta,19,1320,longo,8805,270,16,fundos imobiliários|FII|FIIs|IFIX|maiores fundos imobiliários|fundos imobiliários caíram|renda passiva|dividendos|viver de renda|R$ 1000 por mês|KNCR11|KNIP11|BTLG11|HGLG11|XPML11|Tesouro IPCA+|Selic|dividend yield|fundo de papel|fundo de tijolo|imposto FII|STJ fundo de fundos|Grana|investimentos|Investir e Coçar,3551,https://i.ytimg.com/vi/zVA8_b1dfIU/maxresdefault.jpg
oMnXltEe4P8,Explicando imposto da melhor forma possível 🤨 #shorts,2026-09-30 15:00:25,2026-09-30 12:00:25,quarta,12,28,short,5739,158,15,,138,https://i.ytimg.com/vi/oMnXltEe4P8/maxresdefault.jpg
dc3o6w2vIvQ,Tem gente que bebe a Heineken e tem gente que recebe da Heineken 🍺 #shorts,2026-09-30 10:00:37,2026-09-30 07:00:37,quarta,7,41,short,752,13,2,,572,https://i.ytimg.com/vi/dc3o6w2vIvQ/maxresdefault.jpg
kflcJjhVg5k,TRXF11: O que está por trás do buraco de R$ 22?,2026-09-30 00:40:05,2026-09-29 21:40:05,terça,21,1391,longo,28119,608,89,TRXF11|TRX Real Estate|TRXF11 oferta|13ª emissão TRXF11|TRXF11 caiu|TRXF11 vale a pena|fundos imobiliários|FII|FIIs|compensação de créditos|fato relevante|HAAA11|BRC Renda Urbana|valor patrimonial|dividendos|renda passiva|imposto FII|Grana|investimentos|Investir e Coçar,2588,https://i.ytimg.com/vi/kflcJjhVg5k/maxresdefault.jpg
u-ua0-iDnow,Um passo gigantesco para SPACE X (SPCX),2026-09-29 15:00:39,2026-09-29 12:00:39,terça,12,15,short,2422,49,4,,0,https://i.ytimg.com/vi/u-ua0-iDnow/maxresdefault.jpg
ViYvYbRE45c,BARSI e MICHAEL BURRY INVESTINDO na MESMA COISA (você deveria saber),2026-09-27 23:02:48,2026-09-27 20:02:48,domingo,20,1120,longo,42905,752,56,cobre|Michael Burry|Luiz Barsi|Barsi|Ero Copper|Paranapanema|PMAM3|VALE3|Vale|COPX|BCPX39|BDR|imposto BDR|como investir em cobre|ações de cobre|mineradora|A Grande Aposta|investimentos|bolsa de valores|Investir e Coçar,1758,https://i.ytimg.com/vi/ViYvYbRE45c/maxresdefault.jpg
fJj367I1MnQ,🚨ALERTA do Morgan Stanley que pode MUDAR seus investimentos,2026-09-21 22:05:49,2026-09-21 19:05:49,segunda,19,1042,longo,13444,409,47,,1179,https://i.ytimg.com/vi/fJj367I1MnQ/maxresdefault.jpg
p9wkMT4RV40,O Brasil deu calote no Tesouro Direto? A verdade dos R$ 100 mil,2026-09-15 22:01:57,2026-09-15 19:01:57,terça,19,1009,longo,48551,691,76,,2073,https://i.ytimg.com/vi/p9wkMT4RV40/maxresdefault.jpg
Rgfh5HuNdJo,DIVIDENDOS: PLANO para RECEBER 10 MIL REAIS de RENDA PASSIVA,2026-09-11 23:34:25,2026-09-11 20:34:25,sexta,20,1158,longo,9372,225,37,viver de dividendos|dividendos|renda passiva|10 mil por mês|ações que pagam dividendos|TAEE11|EGIE3|SANB11|CPFE3|BRSR6|Décio Bazin|dividend yield|carteira de dividendos|quantas ações para viver de dividendos|BBAS3|ITSA4|VALE3|PETR4|investir em ações|bolsa de valores|investir e coçar|denis miyabara|aposentadoria com dividendos|renda mensal com ações,2067,https://i.ytimg.com/vi/Rgfh5HuNdJo/maxresdefault.jpg
GQbZFJwkIHc,PREFIXADO vs IPCA+: A conta exata para NÃO perder dinheiro,2026-09-08 22:00:00,2026-09-08 19:00:00,terça,19,960,longo,10481,207,9,,2115,https://i.ytimg.com/vi/GQbZFJwkIHc/maxresdefault.jpg
rbgGC6nE4yc,UMA das MAIORES GERADORAS de VALOR da BOLSA - PODE ENTRAR NUM NOVO CICLO,2026-09-03 22:00:38,2026-09-03 19:00:38,quinta,19,1228,longo,13844,471,13,,1782,https://i.ytimg.com/vi/rbgGC6nE4yc/maxresdefault.jpg
B7pTiwxsWaI,Mentalidade de escassez te impede de crescer,2026-09-02 22:00:31,2026-09-02 19:00:31,quarta,19,69,short,1286,30,1,,0,https://i.ytimg.com/vi/B7pTiwxsWaI/maxresdefault.jpg
VFGw-NymMxw,TRXF11: DIVIDENDOS atraentes ou PROBLEMAS à vista?,2026-09-01 22:21:27,2026-09-01 19:21:27,terça,19,1093,longo,10032,312,14,,1812,https://i.ytimg.com/vi/VFGw-NymMxw/maxresdefault.jpg
iQ0hnkj6YXY,Networking com Investidores e CEOs,2026-08-31 16:58:01,2026-08-31 13:58:01,segunda,13,39,short,2077,39,4,,0,https://i.ytimg.com/vi/iQ0hnkj6YXY/maxresdefault.jpg
XOqLAz3dkV4,TRXF11: DIVIDENDOS atraentes ou PROBLEMAS à vista?,2026-08-26 22:00:03,2026-08-26 19:00:03,quarta,19,1321,longo,13305,408,56,,1946,https://i.ytimg.com/vi/XOqLAz3dkV4/maxresdefault.jpg
t8P6-ZDyhfg,ELEIÇÕES 2026: Patrimônio dos presidenciáveis o que eles presidenciáveis escondem?,2026-08-21 22:00:27,2026-08-21 19:00:27,sexta,19,964,longo,995,55,2,,1194,https://i.ytimg.com/vi/t8P6-ZDyhfg/maxresdefault.jpg
UgRPCygEDG0,"Taxa de juros alta, vai matando o Brasil",2026-08-20 22:00:06,2026-08-20 19:00:06,quinta,19,44,short,2803,73,19,,0,https://i.ytimg.com/vi/UgRPCygEDG0/maxresdefault.jpg
hUosb0HS0v8,19 de agosto de 2026,2026-08-19 21:48:18,2026-08-19 18:48:18,quarta,18,37,short,2138,94,1,,0,https://i.ytimg.com/vi/hUosb0HS0v8/maxresdefault.jpg
uJqQirEVPbQ,BBAS3: CUIDADO O RESULTADO PODE TE ENGANAR ...,2026-08-14 22:00:45,2026-08-14 19:00:45,sexta,19,1465,longo,7691,690,79,bbas3|banco do brasil|dividendos bbas3|vale a pena investir em bbas3|bbas3 hoje|análise bbas3|ações de bancos|banco do brasil dividendos|preço teto bbas3|bbas3 resultado|bolsa de valores|investir em ações|investidor iniciante|denis miyabara|investir e coçar|mercado financeiro|bbas3 queda|bbas3 vale a pena|ações pagadoras de dividendos|setor bancário,1543,https://i.ytimg.com/vi/uJqQirEVPbQ/maxresdefault.jpg
5i9cNa6uEc0,NOVA LEI DA HERANÇA: SUA FAMÍLIA VAI PAGAR MAIS?,2026-08-12 22:00:36,2026-08-12 19:00:36,quarta,19,879,longo,938,115,6,herança|inventário|planejamento sucessório|ITCMD|sucessão familiar|holding familiar|sucessão patrimonial|partilha de bens|LC 227|Lei Complementar 227|imposto sobre herança 2026|reforma tributária herança|custo inventário|como evitar inventário|seguro de vida sucessão|perda de patrimônio familiar|Investir e Coçar|Denis Miyabara|educação financeira|finanças pessoais|quanto custa um inventário|como proteger patrimônio|sucessão empresarial,1889,https://i.ytimg.com/vi/5i9cNa6uEc0/maxresdefault.jpg
J_UAjVSbg-c,"PRUDENTIAL VENDIDA : se você tem SEGURO de VIDA ou VGBL, veja AGORA",2026-08-07 22:00:30,2026-08-07 19:00:30,sexta,19,1080,longo,2511,191,24,,2177,https://i.ytimg.com/vi/J_UAjVSbg-c/maxresdefault.jpg
hry1B6zzUeM,Recuperações judiciais disparam no Brasil,2026-08-06 23:12:48,2026-08-06 20:12:48,quinta,20,92,short,1479,46,5,,0,https://i.ytimg.com/vi/hry1B6zzUeM/maxresdefault.jpg
Anljp-ug3eU,Arminio Fraga fecha fundo de investimentos,2026-08-05 20:43:37,2026-08-05 17:43:37,quarta,17,89,short,1283,35,0,,0,https://i.ytimg.com/vi/Anljp-ug3eU/maxresdefault.jpg
F4y6q8U6uO4,Curando dor de adulto,2026-08-05 11:20:48,2026-08-05 08:20:48,quarta,8,7,short,1994,27,4,,0,https://i.ytimg.com/vi/F4y6q8U6uO4/maxresdefault.jpg
Z27KBNJcPDA,RANI3 PAGA 11% ao ano — mas o LUCRO caiu 70% (Armadilha?),2026-08-04 22:28:10,2026-08-04 19:28:10,terça,19,734,longo,1040,139,8,RANI3|Irani|Ações Irani|Dividendos RANI3|Vale a pena investir em Irani|Klabin vs Irani|Suzano vs Irani|Melhores ações de dividendos|Setor de Papel e Celulose|Investir em Small Caps|Dividend Yield RANI3|Análise RANI3|Investir e Coçar|Denis Miyabara|Carteira de Dividendos|Como ganhar dividendos|Ações baratas na bolsa|Bolsa de Valores hoje|RANI3 dividendos,2284,https://i.ytimg.com/vi/Z27KBNJcPDA/maxresdefault.jpg
BooCl9y-7Oc,Renda fixa ou Renda Variável?,2026-08-04 15:11:23,2026-08-04 12:11:23,terça,12,12,short,4698,50,4,,0,https://i.ytimg.com/vi/BooCl9y-7Oc/maxresdefault.jpg
nzxLnlP9nfs,OPA SANTANDER: OPORTUNIDADE ou ARMADILHA?,2026-08-02 13:00:02,2026-08-02 10:00:02,domingo,10,605,longo,4907,338,30,santander|sanb11|sanb4|sanb3|opa santander|fechamento de capital santander|ações santander|investir em santander|análise santander|dividendos santander|resultado santander|mercado financeiro|investimentos|bolsa de valores|denis miyabara|investir e coçar|prêmio opa santander|oferta pública de aquisição|santander espanha|banco santander|vale a pena sanb11|sanb11 hoje|análise de ações|educação financeira|finanças pessoais|bolsa brasileira|b3,1647,https://i.ytimg.com/vi/nzxLnlP9nfs/maxresdefault.jpg
GFHFMCaPn60,Michael Burry fez de novo — e dessa vez é a Nvidia (Risco de Calote Disparou),2026-07-31 22:04:39,2026-07-31 19:04:39,sexta,19,857,longo,1012,142,19,michael burry|crise financeira|nvidia|bolha da inteligência artificial|ações de tecnologia|mercado financeiro|investimentos|b3|nasdaq|s&p 500|ivvb11|nasd11|big techs|economia 2026|aviso michael burry|scion asset management|bolsa de valores|análise de mercado|o grande curto|denis miyabara|investir e coçar|nvda34|crise,2271,https://i.ytimg.com/vi/GFHFMCaPn60/maxresdefault.jpg
JxAQlv9ZBJY,AÇÕES BARATAS para ficar de olho agora (TODO CUIDADO É POUCO),2026-07-28 22:13:15,2026-07-28 19:13:15,terça,19,1050,longo,4758,469,37,ações baratas|ações baratas 2026|melhores ações para 2026|quais ações comprar hoje|investir na bolsa de valores|denis miyabara|investir e coçar|análise de ações b3|dividendos 2026|estratégia de investimentos|bolsa de valores hoje|VIVA3|VULC3|LREN3|TFCO4|DASA3|Vivara|Vulcabraz|Lojas Renner|Track & Field|DASA|value trap|armadilha de valor|preço justo de ações|análise fundamentalista|carteira de ações 2026|ações com potencial de alta,2360,https://i.ytimg.com/vi/JxAQlv9ZBJY/maxresdefault.jpg
PEHR3h-r4DE,PASS3: O que os 6 bancos NÃO te contam | Conflito de interesses na Compass,2026-07-28 00:08:21,2026-07-27 21:08:21,segunda,21,1116,longo,4324,500,40,PASS3|COMPASS|PASS3 vale a pena|PASS3 dividendos|ações PASS3|análise PASS3|IPO Compass|Cosan dividendos|dividendos 2025|dividendos 2035|melhores ações de dividendos|ações de gás|CGAS5|TAEE11|EGIE3|vale a pena investir em IPO|Investir e Coçar|Denis Miyabara|mercado financeiro|análise de ações|bolsa de valores hoje|como investir na bolsa|educação financeira|setor de utilidade pública|dividend yield PASS3.,2222,https://i.ytimg.com/vi/PEHR3h-r4DE/maxresdefault.jpg
clGYBPdxIbE,"O BITCOIN, no Brasil é diferente #bitcoin",2026-07-24 23:14:59,2026-07-24 20:14:59,sexta,20,4,short,7690,41,1,,0,https://i.ytimg.com/vi/clGYBPdxIbE/maxresdefault.jpg
jP-2D__z0DI,Você não vai se aposentar #investimentos,2026-07-23 15:46:43,2026-07-23 12:46:43,quinta,12,14,short,4199,48,4,,0,https://i.ytimg.com/vi/jP-2D__z0DI/maxresdefault.jpg
rstD0TGjwek,BBAS3:Barsi Vendeu Banco do Brasil? Entenda a Verdade e o Preço Justo,2026-07-22 22:00:04,2026-07-22 19:00:04,quarta,19,1376,longo,4771,375,30,BBAS3|Banco do Brasil|Luiz Barsi|Barsi vendeu BBAS3|preço justo BBAS3|dividendos Banco do Brasil|investir em ações|análise BBAS3|bolsa de valores|B3|estratégia Barsi|renda passiva|ações de dividendos|investir com segurança|mercado financeiro|Investir e Coçar|Denis Miyabara|dividendos banco do brasil|dividendos bbas3|bbas3 dividendos|acoes bbas3|ações bbas3|acoes bb|o que fazer com bbas3|bbas3 preço justo|bbas3 vale a pena|bbas3 hoje,1658,https://i.ytimg.com/vi/rstD0TGjwek/maxresdefault.jpg
qtbczPm6RHY,Fim do IPCA+ 8%? Como intervenção do governo pode afetar seus títulos?,2026-07-20 22:50:02,2026-07-20 19:50:02,segunda,19,1091,longo,9742,683,50,investimentos|renda fixa|tesouro direto|ipca|tesouro ipca|inflação|governo|economia brasileira|mercado financeiro|títulos públicos|rentabilidade|carteira de investimentos|denis miyabara|investir e coçar|estratégia de investimentos|ipca+|tesouro direto inflação|ipca+8|ipca+6|ipca+7,2366,https://i.ytimg.com/vi/qtbczPm6RHY/maxresdefault.jpg
imv9myxsReU,Sua esposa(marido) é sua maior sócia #investimentos,2026-07-18 21:51:36,2026-07-18 18:51:36,sábado,18,30,short,33421,338,82,,0,https://i.ytimg.com/vi/imv9myxsReU/maxresdefault.jpg
djSdW-BmI9c,Só te falta dinheiro,2026-07-17 16:09:25,2026-07-17 13:09:25,sexta,13,4,short,13320,19,2,,0,https://i.ytimg.com/vi/djSdW-BmI9c/maxresdefault.jpg
GIU1s4psVcw,Dor de corno do mercado (NVDA) #bolsadevalores,2026-07-16 21:00:20,2026-07-16 18:00:20,quinta,18,46,short,1118,39,0,,0,https://i.ytimg.com/vi/GIU1s4psVcw/maxresdefault.jpg
TNWxP6GAlyE,Só quem arrisca…,2026-07-15 22:36:09,2026-07-15 19:36:09,quarta,19,4,short,5242,22,2,,0,https://i.ytimg.com/vi/TNWxP6GAlyE/maxresdefault.jpg
DEgfZlK6FZM,"A BOLHA DA IA ESTOUROU? AÇÕES da Samsung DERRETEM, com LUCRO RECORDE (Michael Burry)",2026-07-14 22:00:08,2026-07-14 19:00:08,terça,19,734,longo,4690,255,7,investimentos|samsung|ações da samsung|bolha de ia|inteligência artificial|michael burry|nvidia|nvda|ações de tecnologia|mercado financeiro|bolsa de valores|b3|investimento no exterior|sk hynix|semicondutores|setor de tecnologia|crise financeira|análise de ações|denis miyabara|investir e coçar|lucro samsung|bolha tech|finanças|como investir em ia|o que é bolha de ia|hbm3|memórias hbm|tsmc|intel|amd|crise|bolha IA,2088,https://i.ytimg.com/vi/DEgfZlK6FZM/maxresdefault.jpg
GpdXuQipVaQ,A Klabin ia pagar dívida — e torrou meio bilhão na própria ação,2026-07-10 21:45:16,2026-07-10 18:45:16,sexta,18,933,longo,16118,933,69,,2223,https://i.ytimg.com/vi/GpdXuQipVaQ/maxresdefault.jpg
FHEBmeSCVxI,Space X (SPCX) Chinesa 😱,2026-07-10 16:04:14,2026-07-10 13:04:14,sexta,13,23,short,4444,45,6,,0,https://i.ytimg.com/vi/FHEBmeSCVxI/maxresdefault.jpg
ia9KjVD3LO4,EUA vs IRÃ vs INVESTIMENTOS,2026-07-08 21:54:16,2026-07-08 18:54:16,quarta,18,6,short,10504,60,3,,0,https://i.ytimg.com/vi/ia9KjVD3LO4/maxresdefault.jpg
bMBiwos9KKE,Michael Burry 5 APOSTAS NOVAS CONTRA o MERCADO — e uma é perturbadora (BOLHA DA IA),2026-07-07 21:37:08,2026-07-07 18:37:08,terça,18,744,longo,5523,399,21,,2481,https://i.ytimg.com/vi/bMBiwos9KKE/maxresdefault.jpg
WnDsCpB4PzY,RARA11: o ETF que a mídia ignorou (mas não deveria),2026-07-03 20:58:32,2026-07-03 17:58:32,sexta,17,756,longo,2434,218,13,RARA11|ETF RARA11|investir em terras raras|metais estratégicos|geopolítica investimentos|China vs EUA investimentos|mineração terras raras|investir em commodities|ETF de mineração|vale a pena investir no RARA11|Investir e Coçar|Denis Miyabara|B3 novos ETFs|como investir em tecnologia|minerais críticos|crise na china investimentos|melhores ETFs 2024|tese de investimento RARA11|neodímio investimento|terras raras|etf terras raras|investimentos,2048,https://i.ytimg.com/vi/WnDsCpB4PzY/maxresdefault.jpg
o6-5clPkw7I,Cybercab da Tesla (TSLA) rodando sem volante #investimentos,2026-07-03 15:11:00,2026-07-03 12:11:00,sexta,12,26,short,1252,22,0,,0,https://i.ytimg.com/vi/o6-5clPkw7I/maxresdefault.jpg
5qbIfXTivZg,Fazendo as contas de quanto sobra para investir esse mês,2026-07-01 15:36:07,2026-07-01 12:36:07,quarta,12,30,short,1921,49,6,,0,https://i.ytimg.com/vi/5qbIfXTivZg/maxresdefault.jpg
IunRW7GKjck,Método Barsi de Dividendos em 19 minutos (entenda isso e viva de renda passiva),2026-06-30 22:00:29,2026-06-30 19:00:29,terça,19,1166,longo,5663,482,31,Luiz Barsi|Luiz Barsi Filho|Método Barsi|Louise Barsi|Carteira Previdenciária|Ações que pagam dividendos|Viver de Renda|Dividendos|Estratégia Barsi|Como investir como Barsi|Filtro BEST|Setores perenes|Bolsa de Valores|Liberdade Financeira|Renda Passiva|Investimento de Longo Prazo|Buy and Hold Brasil|Independência Financeira|Quanto rende o Método Barsi|Investir e Coçar|Denis Miyabara|Dicas de Investimentos|Educação Financeira,1889,https://i.ytimg.com/vi/IunRW7GKjck/maxresdefault.jpg
GbmXrqvUOkM,Fundos Imobiliários ou Imóveis: Qual rende mais no bolso?,2026-06-26 22:00:16,2026-06-26 19:00:16,sexta,19,832,longo,1923,231,16,investir em imóveis|fundos imobiliários|fiis vs imóveis|qual rende mais|viver de renda|dividendos|liberdade financeira|mercado imobiliário|investimento seguro|fii para iniciantes|comprar casa ou investir|aluguel vs fiis|investir e coçar|denis miyabara|educação financeira|planejamento financeiro|investir e cocar|dividendos fiis|dividendos fundos imobiliários|renda passiva|imovel vs fiis|imóvel vs fundos imobiliários,1719,https://i.ytimg.com/vi/GbmXrqvUOkM/maxresdefault.jpg
YC2nYyNUGLY,Mícron (MU) ignora BOLHA de IA e dispara na bolsa de valores,2026-06-25 21:00:27,2026-06-25 18:00:27,quinta,18,10,short,4562,24,0,,0,https://i.ytimg.com/vi/YC2nYyNUGLY/maxresdefault.jpg
qnM3lYBgf2Y,IPCA+10%… o NOVO “NORMAL” #investimentos,2026-06-25 10:44:33,2026-06-25 07:44:33,quinta,7,9,short,8349,86,16,,0,https://i.ytimg.com/vi/qnM3lYBgf2Y/maxresdefault.jpg
8J0IsdYynoo,Casais Inteligentes Enriquecem Juntos #investimentos,2026-06-24 21:02:58,2026-06-24 18:02:58,quarta,18,9,short,1964,21,2,,0,https://i.ytimg.com/vi/8J0IsdYynoo/maxresdefault.jpg
4HMqxGqjHpA,Banco do Brasil (BBAS3) ou Itaú (ITUB4): Qual a melhor ação para dividendos em 2026?,2026-06-23 21:55:03,2026-06-23 18:55:03,terça,18,1020,longo,5484,398,34,BBAS3|ITUB4|Banco do Brasil|Itaú|Dividendos|Luiz Barsi|Ações de Bancos|Onde investir|Vale a pena comprar BBAS3|Vale a pena comprar ITUB4|Comparativo de bancos|Bolsa de Valores|B3|Investir em ações|Quanto rende 1500 por mês em dividendos|Banco do Brasil vs Itaú dividendos|Resultado Banco do Brasil|Resultado Itaú|Melhores ações para 2026|Viver de renda|Denis Miyabara|Investir e Coçar|Estratégia Barsi|Carteira de Dividendos|Análise de Ações|Renda Passiva,1589,https://i.ytimg.com/vi/4HMqxGqjHpA/maxresdefault.jpg
AGg907HZ8bs,Elon Musk deixou de ser Trilionário #bolsadevalores,2026-06-23 15:26:54,2026-06-23 12:26:54,terça,12,5,short,54157,61,10,,0,https://i.ytimg.com/vi/AGg907HZ8bs/maxresdefault.jpg
baVSgDPw2Iw,Funcionários da SPACEX ficaram milionários no IPO SPCX,2026-06-20 16:26:01,2026-06-20 13:26:01,sábado,13,11,short,15591,243,14,,0,https://i.ytimg.com/vi/baVSgDPw2Iw/maxresdefault.jpg
NSyA7_vPcbw,A GERAÇÃO que NÃO VAI SE APOSENTAR (o que você deve fazer hoje),2026-06-19 21:03:02,2026-06-19 18:03:02,sexta,18,731,longo,2422,204,14,Investir e Coçar|Denis Miyabara|INSS|aposentadoria|reforma da previdência|déficit INSS|previdência privada|PGBL ou VGBL|como se aposentar|plano B aposentadoria|investimentos para o futuro|educação financeira|pirâmide etária Brasil|teto do INSS|finanças pessoais|como investir para aposentadoria|tesouro rendA+|independência financeira|geração que não vai se aposentar.,1682,https://i.ytimg.com/vi/NSyA7_vPcbw/maxresdefault.jpg
8wQSB5fNGd0,IPO SPACEX os funcionários milionários,2026-06-18 22:23:29,2026-06-18 19:23:29,quinta,19,11,short,16287,159,7,,0,https://i.ytimg.com/vi/8wQSB5fNGd0/maxresdefault.jpg
Lt9oIsHOB1k,Robô day trader perde tudo,2026-06-18 14:55:50,2026-06-18 11:55:50,quinta,11,17,short,1834,22,1,,0,https://i.ytimg.com/vi/Lt9oIsHOB1k/maxresdefault.jpg
gOph6uGgzCA,IPO SPACEX fez 4400 FUNCIONÁRIOS milionários,2026-06-17 21:00:23,2026-06-17 18:00:23,quarta,18,71,short,10585,494,15,,0,https://i.ytimg.com/vi/gOph6uGgzCA/maxresdefault.jpg
KMIsVEOcaLM,"CUIDADO com Tesouro Direto IPCA+ 8,32% (veja antes do Copom)",2026-06-16 22:00:12,2026-06-16 19:00:12,terça,19,784,longo,20412,1201,89,Tesouro IPCA|Tesouro Direto|IPCA+ 8|Marcação a Mercado|Renda Fixa|Investimentos|Denis Miyabara|Investir e Coçar|Cuidado Tesouro Direto|Armadilha Tesouro Direto|Risco Tesouro Direto|Tesouro IPCA+ 2032|Tesouro IPCA+ 2040|Tesouro IPCA+ 2050|Juros Reais|Inflação Brasil|Onde investir hoje|Erro Tesouro Direto|Prejuízo Tesouro Direto|Taxa Selic|Como funciona o Tesouro Direto|Vale a pena investir no Tesouro IPCA|Educação Financeira|Cenário Econômico.,1855,https://i.ytimg.com/vi/KMIsVEOcaLM/maxresdefault.jpg
d95fNXEOiHw,O maior investimento que existe,2026-06-15 20:49:13,2026-06-15 17:49:13,segunda,17,26,short,2132,85,9,,1774,https://i.ytimg.com/vi/d95fNXEOiHw/maxresdefault.jpg
A7FzeSoLVGM,HYPE3 da indireta no Ancelloti sobre Endrik #acoes,2026-06-14 19:42:27,2026-06-14 16:42:27,domingo,16,13,short,6635,110,9,,0,https://i.ytimg.com/vi/A7FzeSoLVGM/maxresdefault.jpg
aDRIvR2tAsg,9 ETFs de BITCOIN para INVESTIR NA B3 e APROVEITA a QUEDA do BTC,2026-06-12 21:08:29,2026-06-12 18:08:29,sexta,18,1282,longo,2228,217,21,Bitcoin|ETF de Bitcoin|B3|HASH11|QBTC11|BITH11|IBIT39|BITP11|Como investir em Bitcoin|Bitcoin na Bolsa|ETF de Cripto|Imposto de Renda Bitcoin|Como declarar ETF de Bitcoin|Investir em Bitcoin com segurança|Criptomoedas para iniciantes|Denis Miyabara|Investir e Coçar,2210,https://i.ytimg.com/vi/aDRIvR2tAsg/maxresdefault.jpg
XQlBsjdzNDo,NUBANK liquidação extra judicial pelo Banco Central? #nubank,2026-06-12 18:42:30,2026-06-12 15:42:30,sexta,15,71,short,5738,254,12,,0,https://i.ytimg.com/vi/XQlBsjdzNDo/maxresdefault.jpg
KIegMrRFD-U,Ricos não fazem PIX #investimentos,2026-06-11 21:00:12,2026-06-11 18:00:12,quinta,18,11,short,4789,79,9,,1134,https://i.ytimg.com/vi/KIegMrRFD-U/maxresdefault.jpg
4UEwZVSVoP8,Agora você se diverte ao perder dinheiro na bolsa de valores,2026-06-11 15:37:59,2026-06-11 12:37:59,quinta,12,26,short,1182,26,2,,0,https://i.ytimg.com/vi/4UEwZVSVoP8/maxresdefault.jpg
6FxiU14JAVE,"IPO da SPACEX: A Maior Oportunidade da Década ou Cilada? (SPCX, SPCX34)",2026-06-09 22:17:37,2026-06-09 19:17:37,terça,19,1044,longo,5980,375,43,SpaceX|Elon Musk|IPO SpaceX|investir na SpaceX|como investir na SpaceX|Starlink|IPO da Starlink|BTG Pactual|fundo SpaceX BTG|mercado financeiro|investimentos|bolsa de valores|ações de tecnologia|xAI|Starship|investimentos no exterior|investidor qualificado|análise de IPO|IPO SPCX|Investir e Coçar|Denis Miyabara|vale a pena investir na SpaceX|maiores IPOs da história|denis miyabara|spcx|ipo spacex|Ipo spacex vale a pena?,2061,https://i.ytimg.com/vi/6FxiU14JAVE/maxresdefault.jpg
fQ4NvVFOLe0,O Perigo Oculto: Por que os ETFs estão derrubando o BTC?,2026-06-05 21:27:12,2026-06-05 18:27:12,sexta,18,570,longo,5570,426,28,,1355,https://i.ytimg.com/vi/fQ4NvVFOLe0/maxresdefault.jpg
UtAh0wPldkc,BITCOIN NÃO PARA DE CAIR #bitcoin,2026-06-05 14:59:19,2026-06-05 11:59:19,sexta,11,14,short,4205,86,13,,0,https://i.ytimg.com/vi/UtAh0wPldkc/maxresdefault.jpg
otJyLJxSm0k,BITCOIN DERRETENDO 🫠 #bitcoin,2026-06-04 21:00:07,2026-06-04 18:00:07,quinta,18,12,short,11964,238,19,,0,https://i.ytimg.com/vi/otJyLJxSm0k/maxresdefault.jpg
B9DjKHFa51Q,Pai do João Fonseca #investimentos,2026-06-03 21:09:53,2026-06-03 18:09:53,quarta,18,52,short,2166,82,0,,0,https://i.ytimg.com/vi/B9DjKHFa51Q/maxresdefault.jpg
IZKixPqYnxY,Dia da Liberdade,2026-06-03 15:00:52,2026-06-03 12:00:52,quarta,12,8,short,10582,55,2,,0,https://i.ytimg.com/vi/IZKixPqYnxY/maxresdefault.jpg
C_Q-arzcYJc,O importante é manter os aportes nas ações #investimentos,2026-06-03 09:22:05,2026-06-03 06:22:05,quarta,6,11,short,12336,181,21,,0,https://i.ytimg.com/vi/C_Q-arzcYJc/maxresdefault.jpg
WkrukRDWtvY,FUGA GERAL! O BANCÃO AVISOU E O IBOVESPA ESTÁ DERRETENDO...,2026-06-02 22:00:39,2026-06-02 19:00:39,terça,19,813,longo,5926,583,35,,1681,https://i.ytimg.com/vi/WkrukRDWtvY/maxresdefault.jpg
gATNSLGN8nM,Ações pagadoras de dividendos #dividendos,2026-06-01 22:05:33,2026-06-01 19:05:33,segunda,19,10,short,4247,57,2,,0,https://i.ytimg.com/vi/gATNSLGN8nM/maxresdefault.jpg
YMqqujiQXjU,El Niño 2026: Quem GANHA e quem PERDE na BOLSA de VALORES?,2026-05-29 13:59:16,2026-05-29 10:59:16,sexta,10,588,longo,2687,248,15,,1815,https://i.ytimg.com/vi/YMqqujiQXjU/maxresdefault.jpg
ZPbbhbmSzRE,SAUD3: O Bradesco vai fechar o capital? Entenda a tese,2026-05-28 22:00:26,2026-05-28 19:00:26,quinta,19,1083,longo,5998,448,20,,2128,https://i.ytimg.com/vi/ZPbbhbmSzRE/maxresdefault.jpg
sEndxjqI96k,"BBSE3, PSSA3 ou CXSE3: Qual a melhor para dividendos?",2026-05-27 21:02:49,2026-05-27 18:02:49,quarta,18,909,longo,1965,222,20,bbse3|cxse3|pssa3|bb seguridade|caixa seguridade|porto seguro|melhores seguradoras da bolsa|dividendos|melhores ações de dividendos|investir em seguros|análise bbse3|análise cxse3|análise pssa3|setor de seguros bolsa de valores|onde investir 2024|ações para viver de renda|barsi|carteira de dividendos|investir e coçar|denis miyabara|ações baratas 2024|lucro porto seguro|dividendos caixa seguridade|dividend yield seguradoras.,1541,https://i.ytimg.com/vi/sEndxjqI96k/maxresdefault.jpg
uLVNra6EWc4,Alerta nos bancões: Quem sobrevive e quem perde dinheiro em 2026?,2026-05-26 22:00:36,2026-05-26 19:00:36,terça,19,821,longo,998,120,15,Itaú|ITUB4|Bradesco|BBDC4|Santander|SANB11|Banco do Brasil|BBAS3|Itau|Bradescao|BB|Banco do Brasil resultados|Análise bancões 2026|melhores bancos para investir|Melhores ações de dividendos|viver de renda|dividend yield bancos|ações para aposentadoria|Luiz Barsi|estratégia Barsi|payout Banco do Brasil|inadimplência agro|Ibovespa hoje|como investir em ações|dividendos mensais|investir e cocar|denis miyabara,1625,https://i.ytimg.com/vi/uLVNra6EWc4/maxresdefault.jpg
UpbPXeG2eGc,BBAS3: NÃO COMPRE BANCO do BRASIL SEM ENTENDER ISSO,2026-05-20 22:41:55,2026-05-20 19:41:55,quarta,19,1221,longo,3903,374,68,BBAS3|Banco do Brasil|ações BBAS3|dividendos BBAS3|BBAS3 vale a pena|queda BBAS3|resultado Banco do Brasil|lucro Banco do Brasil|dividendos 2025|investimento em ações|bolsa de valores|B3|dividend yield BBAS3|valuation BBAS3|análise BBAS3|setor bancário|agronegócio e BBAS3|inadimplência agro|Denis Miyabara|risco político BBAS3|melhores ações de dividendos|comprar ou vender BBAS3|prejuízo Banco do Brasil|educação financeira|investir e coçar,1817,https://i.ytimg.com/vi/UpbPXeG2eGc/maxresdefault.jpg
8xsUtGCE-vI,ACABOU O SONHO? Por que os Fundos Imobiliários não param de cair,2026-05-14 22:30:05,2026-05-14 19:30:05,quinta,19,1257,longo,7510,731,61,,1966,https://i.ytimg.com/vi/8xsUtGCE-vI/maxresdefault.jpg
1VKgdEqrZnY,Perfil de Investidor #investimentos,2026-05-14 15:02:00,2026-05-14 12:02:00,quinta,12,11,short,26294,572,5,,0,https://i.ytimg.com/vi/1VKgdEqrZnY/maxresdefault.jpg
TW7orjuI2us,Fim da “taxa das blusinhas” (BABA34) #bolsadevalores,2026-05-12 23:41:04,2026-05-12 20:41:04,terça,20,10,short,2079,22,7,,0,https://i.ytimg.com/vi/TW7orjuI2us/maxresdefault.jpg
OaorU5U0g5I,Dinheiro não muda Ninguém,2026-05-11 21:00:22,2026-05-11 18:00:22,segunda,18,8,short,24461,441,9,,0,https://i.ytimg.com/vi/OaorU5U0g5I/maxresdefault.jpg
6aN-W7cAakk,Primeira compra de BITCOIN ^^ #bitcoin,2026-05-06 21:00:06,2026-05-06 18:00:06,quarta,18,9,short,5895,34,0,,0,https://i.ytimg.com/vi/6aN-W7cAakk/maxresdefault.jpg
xU0gwLor4N8,BOLSA DE VALORES: A PRÓXIMA ONDA - Onde Investir Agora?,2026-05-05 23:32:17,2026-05-05 20:32:17,terça,20,702,longo,1860,197,12,Small Caps|Ações Small Caps|Onde investir agora|Bolsa de Valores|Melhores ações para 2024|Investimentos 2024|Índice Small Cap|SMLL|Carteira recomendada|Dividendos|Renda Variável|Análise de ações|Smal caps|Bovespa|Investir na bolsa|Investir e Coçar|Denis Miyabara|investir em ações|bolsa de valores|melhores investimentos|renda variável,1372,https://i.ytimg.com/vi/xU0gwLor4N8/maxresdefault.jpg
OH0J9RX1VXc,SUZB3 ficou BARATA demais ou é uma ARMADILHA disfarçada?,2026-04-30 23:30:07,2026-04-30 20:30:07,quinta,20,968,longo,3900,311,11,,1851,https://i.ytimg.com/vi/OH0J9RX1VXc/maxresdefault.jpg
LHV92db3NHs,IPO da COMPASS (PASS3): É Oportunidade ou Cilada? (ASSITA ANTES de INVESTIR),2026-04-28 22:52:10,2026-04-28 19:52:10,terça,19,722,longo,3373,290,27,,1962,https://i.ytimg.com/vi/LHV92db3NHs/maxresdefault.jpg
bgkCS6-fHSg,Tanaka a BYD lançou um Carro que pode matar o mercado de carro de luxo europeu,2026-04-27 20:30:05,2026-04-27 17:30:05,segunda,17,24,short,18393,364,39,,0,https://i.ytimg.com/vi/bgkCS6-fHSg/maxresdefault.jpg
R9DfUgYxLl8,Concentrar ou Diversificar? A estratégia para bater o S&P500A,2026-04-23 22:45:01,2026-04-23 19:45:01,quinta,19,867,longo,2040,250,17,Warren Buffett|Harry Markowitz|Stanley Druckenmiller|Diversificação de investimentos|Concentração de carteira|Teoria Moderna do Portfólio|Como bater o S&P 500|Estratégia para iniciantes|Investir em 2026|Denis Miyabara|Imposto de Renda Investimentos|Investir e coçar|diversificar investimentos|app grana|teoria moderna de portfólio,2586,https://i.ytimg.com/vi/R9DfUgYxLl8/maxresdefault.jpg
PUMWmQq-7rQ,Quando eu compro uma ação ela...,2026-04-22 22:50:17,2026-04-22 19:50:17,quarta,19,16,short,22063,131,15,,0,https://i.ytimg.com/vi/PUMWmQq-7rQ/maxresdefault.jpg
-0qJhPGLN0E,A Maior Distorção da Bolsa em 20 Anos — e Por Que o Gringo Causou Isso,2026-04-20 22:39:03,2026-04-20 19:39:03,segunda,19,838,longo,5624,556,25,small caps brasil|ibovespa hoje|ações baratas 2026|bolsa brasileira oportunidades|fluxo estrangeiro b3|ações para investir 2026|melhores small caps|investir em ações pequenas|valuation bolsa brasileira|ações esquecidas mercado|INVESTIR E COCAR|DENIS MIYABARA,2132,https://i.ytimg.com/vi/-0qJhPGLN0E/maxresdefault.jpg
fztzCXiHxq0,40% do PIB Global em Apenas 10% das Ações — Vale Apostar Nisso Agora?,2026-04-16 22:00:54,2026-04-16 19:00:54,quinta,19,572,longo,2369,199,9,,2382,https://i.ytimg.com/vi/fztzCXiHxq0/maxresdefault.jpg
2TCAvZrl5nA,"ETF de GUERRA. É Horrível, Mas Isso Pode Multiplicar Seu Patrimônio Nos Próximos Anos",2026-04-10 00:09:52,2026-04-09 21:09:52,quinta,21,807,longo,3254,297,7,investir em defesa|etf de defesa|etfs militares|indústria de defesa|ações de defesa|investir em guerra|gastos militares globais|superciclo de defesa|etf ita|ita etf vale a pena|bdr de defesa|empresas militares|lockheed martin ações|boeing ações|segurança global investimentos|geopolítica investimentos|setores para investir 2026|investir no exterior|investir e coçar|etf guerra|etf defesa|denis miyabara|investimentos|economia|etfs,1269,https://i.ytimg.com/vi/2TCAvZrl5nA/maxresdefault.jpg
c9Obo6F5_NU,ETF DIVIDENDOS MENSAIS são um GOLPE? (Entenda antes que seja tarde),2026-04-08 22:41:53,2026-04-08 19:41:53,quarta,19,800,longo,4354,411,22,barsi|investimento|renda passiva,2048,https://i.ytimg.com/vi/c9Obo6F5_NU/maxresdefault.jpg
lFPZmp8kLuo,SINAL FORTE da BOLHA da INTELIGÊNCIA ARTIFICIAL (você precisa saber),2026-04-01 22:36:00,2026-04-01 19:36:00,quarta,19,772,longo,2299,229,5,jpmorgan cds|crise da inteligência artificial|bolha da ia|michael burry crise|cds explicado|nova crise financeira|big tech queda|investir na crise|proteção contra queda da bolsa|etf inverso|opções put|crédito privado risco|denis miyabara|investir e cocar|crise da ia|crise,1618,https://i.ytimg.com/vi/lFPZmp8kLuo/maxresdefault.jpg
HOJ-kcS63i8,O Jeito Mais Rápido de Declarar seu IR 2026 (Sem Erros no App Grana),2026-03-27 20:00:07,2026-03-27 17:00:07,sexta,17,587,longo,2592,130,32,imposto de renda 2026|imposto de renda investidor|declarar imposto de renda ações|como declarar ações|como declarar fiis|como declarar dividendos|jcp imposto de renda|declaração pré-preenchida|restituição imposto de renda|imposto de renda passo a passo|renda variável imposto de renda|declaração irpf 2026|ações imposto de renda brasil|fundos imobiliários imposto de renda|como declarar bolsa de valores|grana app imposto de renda|denis miyabara|investir e coçar,2142,https://i.ytimg.com/vi/HOJ-kcS63i8/maxresdefault.jpg
1h4Drzf9MSA,7 AÇÕES com VANTAGEM COMPETITIVA para INVESTIR na B3,2026-03-24 23:02:55,2026-03-24 20:02:55,terça,20,1012,longo,3209,342,16,,1642,https://i.ytimg.com/vi/1h4Drzf9MSA/maxresdefault.jpg
yBoRbHQlzCE,"Quem INVESTIR pode PERDER DINHEIRO (e nem sabe) [AXIA7,CYRE4,RENT4]",2026-03-23 22:49:27,2026-03-23 19:49:27,segunda,19,744,longo,2280,203,33,,1894,https://i.ytimg.com/vi/yBoRbHQlzCE/maxresdefault.jpg
nRHvGe4-bTU,GREVE DOS CAMINHONEIROS PREPARE sua CARTEIRA (a de Investimentos também),2026-03-19 22:30:25,2026-03-19 19:30:25,quinta,19,937,longo,2386,255,13,investirecocar|investir e coçar|denismiyabara|denis miyabara|japao investimentos|greve dos caminhoneiros|greve caminhoneiros 2018|greve caminhoneiros brasil|bolsa de valores hoje|ibovespa hoje|ibovespa queda|crise na bolsa|preço do diesel|preço do petróleo|ações hoje|ações da petrobras|vale ações|suzano ações|itau ações|eletrobras ações|taesa ações|investir na crise|investir no exterior|dólar hoje|renda fixa selic|onde investir agora,2832,https://i.ytimg.com/vi/nRHvGe4-bTU/maxresdefault.jpg
1veWCITSiBY,Imposto de Renda é sempre Missão Impossível #impostoderenda,2026-03-18 15:52:37,2026-03-18 12:52:37,quarta,12,16,short,6690,53,0,,0,https://i.ytimg.com/vi/1veWCITSiBY/maxresdefault.jpg
tb0nwpl9mFw,NÃO INVISTA no TESOURO DIRETO AGORA SEM SABER DISSO (CUIDADO),2026-03-17 22:00:54,2026-03-17 19:00:54,terça,19,1199,longo,17853,1240,100,tesouro direto|tesouro direto 2026|investir no tesouro direto|vale a pena tesouro direto|tesouro ipca|tesouro prefixado|tesouro selic|renda fixa 2026|renda fixa brasil|selic hoje|copom hoje|juros brasil|taxa de juros|marcação a mercado|como funciona tesouro direto|melhor investimento hoje|inflação brasil|di futuro|investir em renda fixa|mercado financeiro|investir 2026|títulos públicos|juros altos|onde investir hoje|denis miyabara,2657,https://i.ytimg.com/vi/tb0nwpl9mFw/maxresdefault.jpg
UVAn6jV7ncM,O Que o MERCADO NÃO TE CONTA sobre Investir com Tensões Geopoliticas!,2026-03-12 22:35:26,2026-03-12 19:35:26,quinta,19,1143,longo,7829,585,39,investir no caos|bolsa de valores 2026|crise geopolitica 2026|mercado financeiro hoje|investir em ações|opções de ações|venda coberta de call|venda de put|petroleo hoje|guerra e investimentos|onde investir na crise|ibovespa hoje|s&p 500|ciclo de benner|dividendos sinteticos|preco teto acoes|cenário econômico mundial|renda fixa na crise|dolar hoje|investir com medo|estrategia de opcoes|crash do petroleo|investir e coçar|denis miyabara,3972,https://i.ytimg.com/vi/UVAn6jV7ncM/maxresdefault.jpg
v9SzBxsYHQI,LUCRO NA CRISE: 5 ETFs Estratégicos para Aproveitar o Cenário Atual,2026-03-05 22:47:14,2026-03-05 19:47:14,quinta,19,972,longo,2242,283,13,,1753,https://i.ytimg.com/vi/v9SzBxsYHQI/maxresdefault.jpg
Gbs_6h0iB1U,"Ficar rico é fácil, só fazer planejamento financeiro #investimentos",2026-03-04 18:00:29,2026-03-04 15:00:29,quarta,15,86,short,2099,36,2,,0,https://i.ytimg.com/vi/Gbs_6h0iB1U/maxresdefault.jpg
Ino2I2BaqeM,3ª Guerra Mundial: O Impacto Que Ninguém Está Falando!,2026-03-03 22:16:42,2026-03-03 19:16:42,terça,19,926,longo,6283,520,26,guerra mundial|EUA x Irã|terceira guerra mundial|petróleo hoje|dólar hoje|ouro hoje|bitcoin hoje|inflação Brasil|taxa de juros|como proteger dinheiro na crise|onde investir na guerra|bolsa vai cair|conflito oriente médio|estreito de hormuz|investimentos 2026|denis miyabara|investir e cocar|prio3|brav3|oxy|cvx|petr4|bolsa de valores|ações|crise,1973,https://i.ytimg.com/vi/Ino2I2BaqeM/maxresdefault.jpg
IB1mBcF00jc,"ETF JEPI39 PAGA DIVIDENDOS MENSAIS, mas vale a pena?",2026-02-26 22:40:30,2026-02-26 19:40:30,quinta,19,1103,longo,20429,1181,60,JEPI39|JEPI ETF|ETF dividendos mensais|ETF renda mensal|ETF ativo B3|covered call|venda coberta|dividendos sintéticos|investir em dólar|renda passiva em dólar|BDR ETF|ETF americano no Brasil|ETF para aposentadoria|ETF JP Morgan|ETF com dividendos altos|ETF baixa volatilidade|renda mensal bolsa|ETF vale a pena|análise JEPI39|S&P 500 comparação|denis miyabara|investir e coçar|investir e cocar|bolsa de valores|renda passiva|educação financeira,1255,https://i.ytimg.com/vi/IB1mBcF00jc/maxresdefault.jpg
4toiL2Z2Ybk,Ficar Rico é Fácil #investimentos,2026-02-25 21:30:11,2026-02-25 18:30:11,quarta,18,43,short,3863,78,1,,0,https://i.ytimg.com/vi/4toiL2Z2Ybk/maxresdefault.jpg
X2BvRfua7nQ,Ação SmallCap do Barsi Vai Subir MAIS 70% Nos Próximos Meses?,2026-02-23 22:49:43,2026-02-23 19:49:43,segunda,19,766,longo,3408,278,13,,1509,https://i.ytimg.com/vi/X2BvRfua7nQ/maxresdefault.jpg
KTdqPfN3kl4,A última chance de ficar rico com esse investimento ,2026-02-20 22:46:21,2026-02-20 19:46:21,sexta,19,679,longo,15396,1066,58,,281,https://i.ytimg.com/vi/KTdqPfN3kl4/maxresdefault.jpg
o0SGnZBrQbs,Olha só quem ganhou 😱,2026-02-15 23:55:56,2026-02-15 20:55:56,domingo,20,14,short,3284,60,1,,0,https://i.ytimg.com/vi/o0SGnZBrQbs/maxresdefault.jpg
jdnxy6RUkqM,O véio dos dividendos #dividendos,2026-02-13 23:26:52,2026-02-13 20:26:52,sexta,20,10,short,31914,403,19,,0,https://i.ytimg.com/vi/jdnxy6RUkqM/maxresdefault.jpg
kwz_cLCY2y4,"Os Fundos que NÃO Pagam IMPOSTO de RENDA (Nem nos Dividendos, Nem no Lucro)",2026-02-12 22:31:41,2026-02-12 19:31:41,quinta,19,800,longo,6777,659,24,fiinfra|fi infra|fundo de infraestrutura|fundos de infraestrutura|bdif11|bdif11 vale a pena|bdif11 análise|bdif11 dividendos|fundo isento imposto de renda|investimento isento ir|renda passiva isenta|dividendos isentos|tesouro ipca mais|queda de juros|corte da selic|marcação a mercado|debêntures incentivadas|fundos incentivados|renda mensal na bolsa|investimentos 2026|onde investir com juros caindo|btg recomendação|denis miyabara|investir e coçar,1212,https://i.ytimg.com/vi/kwz_cLCY2y4/maxresdefault.jpg
G0-vTHNtGwE,Vocês entenderam tudo errado …,2026-02-11 10:00:18,2026-02-11 07:00:18,quarta,7,10,short,28119,512,32,,0,https://i.ytimg.com/vi/G0-vTHNtGwE/maxresdefault.jpg
-hV2yMDjzMI,POR QUE PARECER POBRE VAI TE DEIXAR RICO?,2026-02-10 22:00:01,2026-02-10 19:00:01,terça,19,566,longo,3762,432,34,parecer pobre|como ficar rico|liberdade financeira|educação financeira|riqueza discreta|stealth wealth|como construir patrimônio|viver abaixo dos meios|mentalidade milionária|reserva de emergência|como investir melhor|independência financeira|renda passiva|acumular riqueza|disciplina financeira|inflação do estilo de vida|como juntar dinheiro|como sair das dívidas|como viver de renda|segredo dos milionários|denis miyabara|Investir e cocar|pobre|rico,1201,https://i.ytimg.com/vi/-hV2yMDjzMI/maxresdefault.jpg
0hApEI1gqqU,O gigante acordou…não pera,2026-02-09 20:00:00,2026-02-09 17:00:00,segunda,17,27,short,9256,218,32,,0,https://i.ytimg.com/vi/0hApEI1gqqU/maxresdefault.jpg
d_rSDzy6ggo,A revolução dos bichos é tão atual que me assusta,2026-02-06 15:13:37,2026-02-06 12:13:37,sexta,12,74,short,7483,587,22,,0,https://i.ytimg.com/vi/d_rSDzy6ggo/maxresdefault.jpg
JDtxzQthFlk,MORTE DO BITCOIN? O ALERTA QUE O MERCADO NÃO QUER OUVIR,2026-02-05 22:30:05,2026-02-05 19:30:05,quinta,19,746,longo,32340,1647,232,Bitcoin hoje|queda do bitcoin|morte do bitcoin|michael burry bitcoin|bitcoin vai cair|bitcoin abaixo de 50 mil|bitcoin reserva de valor|bitcoin crise|bitcoin 2026|espiral da morte do bitcoin|ETFs de bitcoin|empresas com bitcoin em tesouraria|mineradoras de bitcoin|ouro vs bitcoin.|bitcoin|btc|denis miyabara|investir e coçar|investir e cocar|btc usd|onde comprar bitcoin|analise bitcoin,4332,https://i.ytimg.com/vi/JDtxzQthFlk/maxresdefault.jpg
6pnS6s-nEck,BITCOIN não para de cair #bitcoin,2026-02-05 14:59:00,2026-02-05 11:59:00,quinta,11,17,short,49110,1290,186,,0,https://i.ytimg.com/vi/6pnS6s-nEck/maxresdefault.jpg
qCl00c8pw-c,Bitcoin abaixo dos 80k! Paulo Guedes falou sobre o Bitcoin,2026-02-01 12:01:33,2026-02-01 09:01:33,domingo,9,35,short,30651,1033,51,,0,https://i.ytimg.com/vi/qCl00c8pw-c/maxresdefault.jpg
rwUqWF1WTZs,Bitcoin derreteu 😱 Abaixo dos 80k #bitcoin,2026-01-31 22:33:16,2026-01-31 19:33:16,sábado,19,12,short,7473,92,21,,0,https://i.ytimg.com/vi/rwUqWF1WTZs/maxresdefault.jpg
YbB8QAKvZbo,Só hoje a PRATA caiu -30%,2026-01-31 00:48:43,2026-01-30 21:48:43,sexta,21,37,short,23853,344,38,,0,https://i.ytimg.com/vi/YbB8QAKvZbo/maxresdefault.jpg
IcN3m7whpl8,"Esse Gráfico Acertou as CRISES 1929, 2008 e 2020… Agora Ele Aponta CRISE 2026",2026-01-29 23:31:08,2026-01-29 20:31:08,quinta,20,899,longo,28894,2266,386,crise 2026|ciclo de benner|próxima crise financeira|sinais de crise econômica|crise mundial|bolha financeira|ouro máxima histórica|dívida dos estados unidos|michael burry|warren buffett|mercado financeiro|investimentos em crise|como se proteger de uma crise|denis miyabara|investir e coçar|investir e cocar|spyi11,1414,https://i.ytimg.com/vi/IcN3m7whpl8/maxresdefault.jpg
dHYQtxnMSrw,ÚLTIMA CHANCE de GANHAR MUITO DINHEIRO na RENDA FIXA (NTN-B IPCA+7%),2026-01-28 22:00:50,2026-01-28 19:00:50,quarta,19,834,longo,31506,2106,97,renda fixa|tesouro direto|tesouro ipca|ipca+|marcação a mercado|juros|taxa de juros|queda dos juros|tesouro prefixado|títulos públicos|investimento em renda fixa|oportunidade na renda fixa|como ganhar dinheiro no tesouro direto|investir e cocar|denis miyabara,1777,https://i.ytimg.com/vi/dHYQtxnMSrw/maxresdefault.jpg
ggP8dZTWPA8,CUIDADO: A Bolsa Vai Subir e Você Pode Ficar de Fora (DE NOVO)!,2026-01-25 21:00:41,2026-01-25 18:00:41,domingo,18,916,longo,5771,571,64,bolsa de valores|ibovespa|bolsa brasileira|mercado financeiro|ações brasileiras|investir na bolsa|bolsa vai subir|ibovespa hoje|ibovespa recorde|bull market|alta da bolsa|bolsa em alta|investir em ações|ações 2025|ações 2026|eleições e bolsa|bolsa e eleições|fluxo estrangeiro b3|juros e bolsa|selic e bolsa|corte da selic|valuation da bolsa|ações baratas|etf brasil|investir em etf|dividendos|renda variável|como investir na bolsa|denis miyabara,1482,https://i.ytimg.com/vi/ggP8dZTWPA8/maxresdefault.jpg
ggg1TSrbqlE,AÇÃO ESQUECIDA pelos BARSI DISPARA na BOLSA DE VALORES em 2026!,2026-01-21 23:06:22,2026-01-21 20:06:22,quarta,20,1001,longo,3563,281,19,ugpa3 2026|ultrapar 2026|DENIS MIYABARA|Investir e cocar|Dividendos ugpa3|ultrapar|ugpa3|ultrapar dividendos|ação ultrapar|ipiranga ações|Ugpa|ugpa3 vale a pena|investir em ultrapar|ações perenes|ações de dividendos|ugpa3 dividendos|grupo ultra|posto ipiranga|Ugpa3 louise,1688,https://i.ytimg.com/vi/ggg1TSrbqlE/maxresdefault.jpg
TIgvF_A5Cwg,Quem é o vilão do trabalhador?,2026-01-21 00:59:14,2026-01-20 21:59:14,terça,21,108,short,2689,146,2,,0,https://i.ytimg.com/vi/TIgvF_A5Cwg/maxresdefault.jpg
lwV6tbkk4Cw,DIVIDENDOS MENSAIS: ETF de Dividendos Sintéticos ou Fundo Imobiliário?,2026-01-16 22:01:01,2026-01-16 19:01:01,sexta,19,1062,longo,6651,742,44,,2942,https://i.ytimg.com/vi/lwV6tbkk4Cw/maxresdefault.jpg
csNujwV-PS4,Se você SOUBESSE disso TIRARIA todo seu DINHEIRO da POUPANÇA agora!,2026-01-15 22:00:48,2026-01-15 19:00:48,quinta,19,66,short,1877,70,0,,0,https://i.ytimg.com/vi/csNujwV-PS4/maxresdefault.jpg
qwEzQcsulHI,Golpe do FGC no caso Banco Master #bancomaster,2026-01-14 20:36:37,2026-01-14 17:36:37,quarta,17,53,short,3939,160,1,,0,https://i.ytimg.com/vi/qwEzQcsulHI/maxresdefault.jpg
Fb0l4KEq27o,6 ETFs que MAIS PAGARAM DIVIDENDOS MENSAIS em 2025 e devem continuar em 2026,2026-01-13 22:32:33,2026-01-13 19:32:33,terça,19,1023,longo,32545,2427,89,etfs dividendos|etfs dividendos mensais|dividendos mensais|renda passiva|renda passiva mensal|etfs 2026|investimentos 2026|viver de renda|divd11|ndiv11|spyi11|iwmi11|qqqi11|etf bitcoin dividendos|dividendos sinteticos|melhores etfs de dividendos|etfs para renda mensal|etfs que pagam todo mes|etfs para aposentadoria|etfs para viver de renda|investir em etfs|investir em 2026|onde investir em 2026|investir e cocar|investir e coçar|denis miyabara,3196,https://i.ytimg.com/vi/Fb0l4KEq27o/maxresdefault.jpg
YCOwMqnuiZ4,Banco Master vai começar a pagar,2026-01-13 17:13:47,2026-01-13 14:13:47,terça,14,23,short,2090,56,5,,2060,https://i.ytimg.com/vi/YCOwMqnuiZ4/maxresdefault.jpg
nhNUgNW0l0o,Educação Financeira - nunca teremos,2026-01-12 15:33:48,2026-01-12 12:33:48,segunda,12,21,short,12463,264,69,,0,https://i.ytimg.com/vi/nhNUgNW0l0o/maxresdefault.jpg
fwWG6AIP52Q,Se você é JOVEM DEVERIA INVESTIR em AÇÕES | Como investe Nicolas Agnezi?,2026-01-11 17:01:10,2026-01-11 14:01:10,domingo,14,1293,longo,9102,778,71,como investir jovem|começar a investir cedo|investimentos para jovens|carteira de investimentos|mentalidade do investidor|investimento longo prazo|juros compostos|educação financeira|investir melhor|acumulação de patrimônio|estratégia de investimentos|investidor iniciante|como investir dinheiro|finanças pessoais|investir com pouco dinheiro|liberdade financeira|como ficar rico investindo|denis miyabara|nicolas agnezi|investir e coçar,3572,https://i.ytimg.com/vi/fwWG6AIP52Q/maxresdefault.jpg
YdPFLqR57Kg,Urgente Aprenda a Investir (tem planilha de aposentadoria na descrição),2026-01-10 14:07:14,2026-01-10 11:07:14,sábado,11,123,short,1620,54,4,,91,https://i.ytimg.com/vi/YdPFLqR57Kg/maxresdefault.jpg
Gyt_HqFZabM,"Onde Investir em 2026? AÇÕES, FIIS, BITCOIN ou RENDA FIXA?",2026-01-08 22:05:30,2026-01-08 19:05:30,quinta,19,1521,longo,3962,537,8,onde investir em 2026|investir em 2026|investimentos 2026|investimentos para 2026|como investir em 2026|onde aplicar em 2026|estratégia de investimentos|alocação de ativos|carteira de investimentos|diversificação de investimentos|renda fixa 2026|bolsa de valores 2026|ações 2026|investir em ações|investir em renda fixa|investimentos no exterior|dólar|denis miyabara|investir coçar,3153,https://i.ytimg.com/vi/Gyt_HqFZabM/maxresdefault.jpg
4VabX6pfaj8,Melhores ações para 2026 #bolsadevalores,2025-12-28 12:03:44,2025-12-28 09:03:44,domingo,9,9,short,4320,55,4,,0,https://i.ytimg.com/vi/4VabX6pfaj8/maxresdefault.jpg
CEkcJHiMhcI,8 Cisnes Negros que Podem te Deixar Rico ou Quebrar em 2026,2025-12-19 22:30:55,2025-12-19 19:30:55,sexta,19,1090,longo,7529,707,38,cisne negro|cisnes negros|mercado financeiro|crise financeira|riscos no mercado|investimentos|bolsa de valores|crash da bolsa|eventos improváveis|saxo bank|cisne negro 2026|investimentos 2026|crise global|ouro investimentos|inteligência artificial risco|bolha de ia|mercado americano|s&p 500|bitcoin risco|diversificação de carteira|proteção de carteira|investir e coçar|denis miyabara|japão investir|educação financeira|finanças para iniciantes,3260,https://i.ytimg.com/vi/CEkcJHiMhcI/maxresdefault.jpg
FIKUCq-Hbvk,O ETF pra SOBREVIVER às ELEIÇÕES de 2026 (e sair ganhando),2025-12-16 22:00:14,2025-12-16 19:00:14,terça,19,988,longo,2929,310,11,LVOL11|ETF baixa volatilidade|ETF eleições 2026|investir em ano eleitoral|ETF B3|Ibovespa|investimentos 2026|bolsa de valores|ETF defensivo|investir sem emoção|Investir e Coçar|denis miyabara|etf lvol11|etf defensivo|educação financeira,1591,https://i.ytimg.com/vi/FIKUCq-Hbvk/maxresdefault.jpg
c-y-2OvLt38,"Tanaka, esqueci de alguma coisa? #bolsadevalores",2025-12-14 01:35:08,2025-12-13 22:35:08,sábado,22,10,short,4979,103,12,,0,https://i.ytimg.com/vi/c-y-2OvLt38/maxresdefault.jpg
ibYyIUNor6Q,Invisto para isso #dividendos,2025-12-10 09:43:01,2025-12-10 06:43:01,quarta,6,15,short,5876,136,15,,0,https://i.ytimg.com/vi/ibYyIUNor6Q/maxresdefault.jpg
Gjw4crGh6Xg,Por que os RICOS NÃO INVESTEM em Fundos Imobiliários (e o que isso significa pra você),2025-12-09 22:40:37,2025-12-09 19:40:37,terça,19,775,longo,12279,1011,94,fundo imobiliario|fiis|fundos imobiliarios|por que ricos nao investem em fiis|fiis para iniciantes|renda passiva|investimentos para classe media|como funciona fundo imobiliario|vale a pena investir em fiis|liquidez fiis|fiis 2025|melhores fiis|como viver de renda|dividendos mensais|renda passiva com fiis|investimentos brasil|investir e coçar|denis miyabara|fiis para pobres|classe media investe fiis|viver de dividendos|fundos imobiliários,2471,https://i.ytimg.com/vi/Gjw4crGh6Xg/maxresdefault.jpg
EFdSlLfl-Qg,Vou ficar rico em 2026 desse jeito,2025-12-08 23:47:22,2025-12-08 20:47:22,segunda,20,34,short,2836,54,5,,0,https://i.ytimg.com/vi/EFdSlLfl-Qg/maxresdefault.jpg
aKAG4FF3RjQ,DIVIDENDOS dos Fundos Imobiliários serão Tributados?,2025-12-04 22:36:00,2025-12-04 19:36:00,quinta,19,784,longo,2475,249,34,fundos imobiliarios|fiis|dividendos|tributação dividendos|taxação dividendos|fiis 2025|dividendos 2025|reforma tributária|dividendos isentos|fiis tributados|renda passiva|viver de renda|lci tributação|lca tributação|melhores fiis|investir e coçar|denis miyabara|tanaka|fiis dividendos|ações dividendos|antecipação dividendos|carteira de fiis|mercado financeiro 2025,3292,https://i.ytimg.com/vi/aKAG4FF3RjQ/maxresdefault.jpg
HqLOOtyyGR0,Se você INVESTE em FUNDOS IMOBILIÁRIOS deveria ENTENDER isso (+4 fundos Imobiliários Baratos),2025-12-02 22:09:05,2025-12-02 19:09:05,terça,19,1084,longo,7285,719,35,FUNDOS imobiliarios|FIIs|dividendos|denis miyabara|investir e cocar|investir e coçar|fundos imobiliários|renda passiva|fundos imobiliarios,2825,https://i.ytimg.com/vi/HqLOOtyyGR0/maxresdefault.jpg
TlV__t9YncA,ITSA4 voltar a pagar dividendos obesos #dividendos,2025-12-01 14:59:00,2025-12-01 11:59:00,segunda,11,8,short,27410,308,17,,658,https://i.ytimg.com/vi/TlV__t9YncA/maxresdefault.jpg
PWotyrtMXBs,Os Sinais de Alerta da Crise que Ninguém Está Levando a Sério,2025-11-27 22:00:29,2025-11-27 19:00:29,quinta,19,961,longo,10792,954,74,crise|rise econômica|sinais de crise|bolha financeira|risco oculto|indicadores de mercado|macroeconomia|alerta investidor|análise de risco|comportamento do mercado|possíveis crises|bolsa de valores|michael burry|investir e cocar|denis miyabara|crise financeira|investir e coçar,2445,https://i.ytimg.com/vi/PWotyrtMXBs/maxresdefault.jpg
_xDuxSuyDF8,Elon Musk não para 😱,2025-11-25 20:36:00,2025-11-25 17:36:00,terça,17,71,short,1617,55,0,,0,https://i.ytimg.com/vi/_xDuxSuyDF8/maxresdefault.jpg
AGTUmr8372A,Relação Pais X Filhos X Dinheiro,2025-11-24 00:54:32,2025-11-23 21:54:32,domingo,21,42,short,10886,100,1,,0,https://i.ytimg.com/vi/AGTUmr8372A/maxresdefault.jpg
pXvw68pPPeU,Se a Direita Ganhar… Essas Ações Podem Disparar!,2025-11-20 13:01:48,2025-11-20 10:01:48,quinta,10,603,longo,2635,279,64,ações direita|ações que sobem com a direita|eleições 2026 bolsa|ações eleições 2026|bolsa de valores 2026|melhores ações 2026|ações estatais|Petrobras eleições|Banco do Brasil eleições|ações que podem disparar|BTG relatório bolsa|fluxo estrangeiro|investir antes das eleições|como investir 2026|Ibovespa eleições|carteira de ações 2026|ações preferidas gestores|mercado financeiro brasil|denis miyabara|investir e coçar,3384,https://i.ytimg.com/vi/pXvw68pPPeU/maxresdefault.jpg
DqYnTh0GUVo,Tá comprando Bitcoin? #bitcoin,2025-11-17 15:02:01,2025-11-17 12:02:01,segunda,12,17,short,4507,90,3,,0,https://i.ytimg.com/vi/DqYnTh0GUVo/maxresdefault.jpg
So57ZqqjRTo,A Ação MISTERIOSA Que Pode EXPLODIR os DIVIDENDOS em 2026,2025-11-14 22:01:57,2025-11-14 19:01:57,sexta,19,602,longo,4661,407,16,dividendos 2026|maior pagadora de dividendos|ações de dividendos mensais|renda passiva|vaca leiteira|viver de dividendos|ações de shopping|melhores ações para renda|arbitragem com FIIs|dividendos altos|denis miyabara|investir e coçar|allos|alos3|alos3 dividendos,3160,https://i.ytimg.com/vi/So57ZqqjRTo/maxresdefault.jpg
Yl4IJFoW3IA,Oportunidade dá Década pode estar passando...,2025-11-12 22:00:53,2025-11-12 19:00:53,quarta,19,1179,longo,4111,439,27,onde investir quando a Selic cair|queda da Selic 2025|melhores investimentos com Selic baixa|como investir na queda dos juros|renda fixa vs renda variável|bolsa de valores e Selic|FII e juros|investir em 2025|economia brasileira|denis miyabara|investir e coçar|corte selic|selic cair|onde investir|renda fixa|bolsa de valores|tesouro selic,2942,https://i.ytimg.com/vi/Yl4IJFoW3IA/maxresdefault.jpg
uDi4gzeKiP8,TESLA (TSLA) SALVANDO VIDA #bolsadevalores,2025-11-11 15:10:37,2025-11-11 12:10:37,terça,12,28,short,3000,56,7,,0,https://i.ytimg.com/vi/uDi4gzeKiP8/maxresdefault.jpg
tpobf1e1OtM,A Crise Já Está Acontecendo (e Só os Espertos Estão Vendo),2025-11-07 22:00:09,2025-11-07 19:00:09,sexta,19,592,longo,33147,2161,95,Big Short 2|crise financeira 2025|Michael Burry|Warren Buffett caixa recorde|ouro batendo recorde|Palantir queda|Nvidia queda|mercado em crise|bolha 2025|previsão de crise|como proteger meus investimentos|investir em crise|o que fazer na crise financeira|bolsa caindo|início da crise|big short explicado|ouro 2025|investimento seguro|viver de dividendos|como se proteger da crise|sinais de recessão|recessão global|investir e coçar|Denis Miyabara,3412,https://i.ytimg.com/vi/tpobf1e1OtM/maxresdefault.jpg
u6VSYJIPh0M,Nubank (ROXO34) fim do Home Office #bolsadevalores,2025-11-06 22:29:34,2025-11-06 19:29:34,quinta,19,40,short,4343,98,2,,1811,https://i.ytimg.com/vi/u6VSYJIPh0M/maxresdefault.jpg
zk9goHV9BeA,Bolsa de Valores bate novo recorde 153 mil pontos #bolsadevalores,2025-11-05 21:01:12,2025-11-05 18:01:12,quarta,18,6,short,4123,47,12,,0,https://i.ytimg.com/vi/zk9goHV9BeA/maxresdefault.jpg
eZE1d_CHlPU,Qual é o Melhor ETF de Bitcoin para Investir em 2025?,2025-11-04 22:33:59,2025-11-04 19:33:59,terça,19,617,longo,10003,798,93,,3058,https://i.ytimg.com/vi/eZE1d_CHlPU/maxresdefault.jpg
UA3rJPz7IVk,20 ações prontas para explodir em dividendos – antes do governo morder!,2025-10-31 22:01:10,2025-10-31 19:01:10,sexta,19,660,longo,8334,792,33,dividendos extraordinários|ações que pagam dividendos 2025|empresas que pagam dividendos altos|BTG dividendos|ações de dividendos|tributação dos dividendos|investir em dividendos|dividendos antes da tributação|dividendos isentos 2025|ações recomendadas BTG|melhores ações para renda passiva|dividendos|denis miyabara|investir e cocar|Investir e Coçar|invertir en bolsa|bolsa de valores,2925,https://i.ytimg.com/vi/UA3rJPz7IVk/maxresdefault.jpg
442xPLdS8PY,Corrida pela riqueza #investimentos,2025-10-30 20:54:05,2025-10-30 17:54:05,quinta,17,55,short,5467,155,13,,0,https://i.ytimg.com/vi/442xPLdS8PY/maxresdefault.jpg
-S7T4IfqMos,O importante é o que ninguém vê #investimentos,2025-10-30 10:07:00,2025-10-30 07:07:00,quinta,7,9,short,7786,149,8,,0,https://i.ytimg.com/vi/-S7T4IfqMos/maxresdefault.jpg
TY8oLvUt2Qg,RECEBA DIVIDENDOS TODOS os MESES de AÇÕES SEGURAS (mesmo começando do zero!),2025-10-29 22:01:08,2025-10-29 19:01:08,quarta,19,841,longo,18623,1098,59,dividendos|dividendos crescentes|ações que pagam dividendos|ações de dividendos|viver de dividendos|melhores ações para dividendos|carteira de dividendos|investir em dividendos|melhores dividendos 2025|ações que pagam todo mês|como viver de dividendos|investir e coçar|denis miyabara|ações de renda passiva|ações para aposentadoria|estratégia de dividendos|ações que pagam bem|investimentos de longo prazo|ações para 2025|renda passiva 2025,4000,https://i.ytimg.com/vi/TY8oLvUt2Qg/maxresdefault.jpg
Ds6kGs_ZQx4,Amazon Vs Varejistas Brasileiras,2025-10-27 21:10:33,2025-10-27 18:10:33,segunda,18,89,short,1738,21,1,,0,https://i.ytimg.com/vi/Ds6kGs_ZQx4/maxresdefault.jpg
BmIjCy68aCM,Bitcoin em 11 anos #bitcoin,2025-10-26 15:01:45,2025-10-26 12:01:45,domingo,12,35,short,5039,70,1,,0,https://i.ytimg.com/vi/BmIjCy68aCM/maxresdefault.jpg
eHxuG-IQ-q4,NETFLIX ASSINATURA VAI AUMENTAR?,2025-10-23 21:00:47,2025-10-23 18:00:47,quinta,18,68,short,3525,190,8,,0,https://i.ytimg.com/vi/eHxuG-IQ-q4/maxresdefault.jpg
z9G53ejU84s,OURO PAGANDO DIVIDENDOS MENSAIS e DISPARA 60% em 2025! Vale a Pena Investir Agora?,2025-10-17 22:01:11,2025-10-17 19:01:11,sexta,19,699,longo,2893,289,6,investir em ouro 2025|ouro vale a pena|ouro disparou|preço do ouro hoje|como investir em ouro|melhor ETF de ouro|gold11|gldx|ray dalio ouro|investir e coçar|denal japão|investimento seguro|carteira diversificada|auro11|dividendos mensais|etf dividendos mensais|etf ouro dividendos|dividendos com ouro|denis miyabara|denis myabara|investir e cocar|por que investir em ouro|alta do ouro|cotação do ouro,3304,https://i.ytimg.com/vi/z9G53ejU84s/maxresdefault.jpg
-b6Jdl4zFKg,Investimento de longo prazo #investimentos,2025-10-13 01:12:14,2025-10-12 22:12:14,domingo,22,13,short,121082,1173,121,,0,https://i.ytimg.com/vi/-b6Jdl4zFKg/maxresdefault.jpg
lt2LWbwu3mc,O COBRE É O NOVO PETRÓLEO? Descubra Antes que Dispare (MAIS)! Vale a Pena Invesitr em Cobre?,2025-10-10 21:21:15,2025-10-10 18:21:15,sexta,18,1111,longo,15587,1155,68,cobre investir|investir em cobre 2025|vale base metals|etf cobre|cobre inteligência artificial|transição energética|metal do futuro|preço do cobre|ações de cobre brasil eua|investir em commodities|novo petróleo|demanda de cobre|veículos elétricos cobre|como investir em cobre|COPX|BCPX39|CPER|pmam3|vale3|canal de finanças|bolsa de valores|cobre|educação financeira|empreendedorismo,3278,https://i.ytimg.com/vi/lt2LWbwu3mc/maxresdefault.jpg
VEm7t8oh8pA,Inteligência Artificial tá fazendo essas ações explodirem #bolsadevalores,2025-10-09 21:47:18,2025-10-09 18:47:18,quinta,18,35,short,1325,14,4,,0,https://i.ytimg.com/vi/VEm7t8oh8pA/maxresdefault.jpg
FMkraPWpexQ,POV meu dinheiro saindo da renda fixa e indo parar na bolsa de valores #bolsadevalores,2025-10-08 23:49:09,2025-10-08 20:49:09,quarta,20,47,short,27301,722,23,,0,https://i.ytimg.com/vi/FMkraPWpexQ/maxresdefault.jpg
3K95Nn4eSTI,Robôs em Linha de produção da BMW,2025-10-07 10:00:09,2025-10-07 07:00:09,terça,7,60,short,1440,20,1,,0,https://i.ytimg.com/vi/3K95Nn4eSTI/maxresdefault.jpg
bYe_NVnbtC4,Por Que a Faria Lima está OTIMISTA com INVESTIMENTOS no BRASIL?,2025-10-06 22:19:32,2025-10-06 19:19:32,segunda,19,1176,longo,3395,429,36,Investir no Brasil 2025|Bolsa de Valores|UBS|Kinea|BTG|Ações Brasileiras|Fundos Imobiliários|Renda Fixa|Tesouro IPCA+|Prefixado|Selic|Dólar|Eleições 2026|Mercado Financeiro|Dividendos|dividendos|bolsa de valores brasileira|b3|denis miyabara|investir e coçar|mercado financeiro|bolsa de valores|educação financeira|selic 15%|investir,3119,https://i.ytimg.com/vi/bYe_NVnbtC4/maxresdefault.jpg
69ypFUc62A4,"Nova aposta do maior investidor do mundo, Warren Buffett",2025-10-03 22:00:07,2025-10-03 19:00:07,sexta,19,65,short,6367,277,2,,1977,https://i.ytimg.com/vi/69ypFUc62A4/maxresdefault.jpg
qnWje5V23Ps,Dividendos Tributados! Veja o impacto da nova lei no seu bolso,2025-10-02 22:01:07,2025-10-02 19:01:07,quinta,19,1087,longo,10578,876,137,tributação de dividendos|dividendos 2025|imposto de renda dividendos|isenção IR 5 mil|reforma tributária 2025|dividendos taxados|IR dividendos|nova tributação Brasil|como ficam os dividendos|investir em dividendos 2025|dividendos|denis miyabara|investir e coçar|bolsa de valores|fim dos dividendos|dividendos tributados|investimentos|dividendos mensais,3021,https://i.ytimg.com/vi/qnWje5V23Ps/maxresdefault.jpg
VOIy0J24E8Q,KNCR11 SUBSCRIÇÃO Vale a Pena? (KNCR12),2025-09-30 22:00:11,2025-09-30 19:00:11,terça,19,831,longo,3356,221,12,KNCR11|KNCR11 subscrição|KNCR12|emissão KNCR11|vale a pena KNCR11|dividendos KNCR11|fundo imobiliário KNCR11|Kinea|FII de papel|subscrição fundo imobiliário|renda passiva KNCR11|CDI KNCR11|fundos imobiliarios|fiis|kncr11 analise|kncr11 dividendos|investir e coçar|denis miyabara|fundos imobiliários|renda passiva|como investir em fiis,3216,https://i.ytimg.com/vi/VOIy0J24E8Q/maxresdefault.jpg
21_VXVDBIQM,Estude sobre investimentos #investimentos,2025-09-29 22:00:02,2025-09-29 19:00:02,segunda,19,6,short,4735,69,1,,0,https://i.ytimg.com/vi/21_VXVDBIQM/maxresdefault.jpg
5bNKvC048Ls,ETFs de DIVIDENDOS MENSAIS que COPIAM as ESTRATÉGIAS dos BARSI e WARREN BUFFETT,2025-09-26 21:58:08,2025-09-26 18:58:08,sexta,18,863,longo,4862,535,28,etf|etf dividendos mensais|melhores etfs|etfs|omah|etf omah|best11|etf best11|etf dividendos|etfs dividendos|etfs dividendos mensais|barsi|warren buffett|receba todos os meses,3119,https://i.ytimg.com/vi/5bNKvC048Ls/maxresdefault.jpg
RyO22n4L0WY,Ações pagadoras de dividendos #dividendos,2025-09-23 21:00:27,2025-09-23 18:00:27,terça,18,61,short,2473,51,6,,0,https://i.ytimg.com/vi/RyO22n4L0WY/maxresdefault.jpg
GxfFM28dK3Q,Isso pode ser 80% da Tesla (leia a legenda),2025-09-23 09:59:43,2025-09-23 06:59:43,terça,6,9,short,32803,290,13,,1198,https://i.ytimg.com/vi/GxfFM28dK3Q/maxresdefault.jpg
kqb-qa8Mp94,A MENTIRA sobre a MÁGICA dos 100K...,2025-09-22 22:06:57,2025-09-22 19:06:57,segunda,19,913,longo,12990,1100,122,mágica dos 100k|mentira dos 100k|como juntar 100 mil reais|primeiros 100 mil reais|independência financeira|liberdade financeira|como começar a investir do zero|como investir pouco dinheiro|dicas para juntar dinheiro rápido|poupar dinheiro na vida real|como alcançar 1 milhão de reais|sacrifícios para juntar dinheiro|Charlie Munger 100k|primeiro milhão como chegar|investimentos para iniciantes|como juntar dinheiro trabalhando|investir e coçar|denis miyabara,2796,https://i.ytimg.com/vi/kqb-qa8Mp94/maxresdefault.jpg
tU5hfeII8Gk,TOP 3 ETFs que PAGAM DIVIDENDOS MENSAIS,2025-09-19 22:01:12,2025-09-19 19:01:12,sexta,19,776,longo,27418,1921,62,etf dividendos mensais|melhores etfs 2025|etf que paga dividendos|renda passiva com etf|dividendos todo mês|investir em etf|spy i11|qqq11|ndiv11|etf brasil|etf estados unidos|melhor investimento para renda passiva|investir e coçar|denis miyabara,3121,https://i.ytimg.com/vi/tU5hfeII8Gk/maxresdefault.jpg
VVBI0vYw8U8,A morte dos cursos de inglês #investimentos,2025-09-16 22:00:41,2025-09-16 19:00:41,terça,19,13,short,2202,45,2,,0,https://i.ytimg.com/vi/VVBI0vYw8U8/maxresdefault.jpg
s70vepZQHVA,Estude enquanto eles… #investimentos,2025-09-15 22:40:07,2025-09-15 19:40:07,segunda,19,13,short,4020,63,4,,0,https://i.ytimg.com/vi/s70vepZQHVA/maxresdefault.jpg
PLwEniRQB5g,5 FUNDOS IMOBILIÁRIOS para APROVEITAR o NOVO CICLO dos FIIs,2025-09-15 00:30:19,2025-09-14 21:30:19,domingo,21,1419,longo,7866,911,37,fundos imobiliários|fiis 2025|novo ciclo dos fiis|melhores fundos imobiliários 2025|fiis que pagam dividendos|como investir em fiis|renda passiva 2025|fiis baratos|fiis para iniciantes|fiis recomendados 2025|carteira de fiis|dividendos mensais|como escolher fiis|fiis para longo prazo|lajes corporativas fiis|fiis de logística|melhores investimentos 2025|investir em fiis 2025|como investir em fundos imobiliarios|investir e coçar|denis miyabara,1495,https://i.ytimg.com/vi/PLwEniRQB5g/maxresdefault.jpg
A2LToPzQWHs,Esses Investidores Viram a BOLHA ANTES e Agora Alertam de Novo!,2025-09-11 21:36:00,2025-09-11 18:36:00,quinta,18,1283,longo,11320,1159,53,investimentos|ibovespa|crise|bolha|bolha bolsa de valores|bolha da bolsa 2025|crash da bolsa 2025|queda da bolsa 2025|crise financeira 2025|Howard Marks bolha|Warren Buffett alerta|Ray Dalio bolsa|nova bolha da bolsa|próxima crise financeira|crash financeiro 2025|bolsa americana em queda|bolsa brasileira 2025|investir em 2025|estouro da bolha 2025|bolsa de valores alerta|sinais de bolha na bolsa|crash mundial 2025|alerta investidores,469,https://i.ytimg.com/vi/A2LToPzQWHs/maxresdefault.jpg
6OU9pRS8HCg,CUIDADO o DREX VEM AI #drex,2025-09-10 21:00:08,2025-09-10 18:00:08,quarta,18,8,short,2875,44,1,,0,https://i.ytimg.com/vi/6OU9pRS8HCg/maxresdefault.jpg
uDnhTkUHwvw,Casais Inteligentes Enriquecem Juntos,2025-08-30 16:11:49,2025-08-30 13:11:49,sábado,13,16,short,1782,14,0,,0,https://i.ytimg.com/vi/uDnhTkUHwvw/maxresdefault.jpg
j-HJDAqUGqU,Setembro tá chegando #investimentos,2025-08-25 23:28:56,2025-08-25 20:28:56,segunda,20,7,short,6945,34,10,,0,https://i.ytimg.com/vi/j-HJDAqUGqU/maxresdefault.jpg
M0eVDxAyZLE,4 Erros Silenciosos que Mantêm Você Preso na Classe Média,2025-08-24 22:00:20,2025-08-24 19:00:20,domingo,19,683,longo,4049,388,34,classe média|classe media|classe alta|finanças|finanças pessoais|investimentos|investir e coçar|dinheiro|denis miyabara,924,https://i.ytimg.com/vi/M0eVDxAyZLE/maxresdefault.jpg
C6mc4VRhgL8,Nubank: Vale a Pena Investir nas Ações do NUBANK (ROXO34)?,2025-08-22 22:04:55,2025-08-22 19:04:55,sexta,19,845,longo,3802,234,33,Nubank ações|ROXO34|Nubank 2025|Nubank IPO|Nubank BTG recomendação|Nubank vs Itaú|investir em Nubank|vale a pena Nubank|ações Nubank BDR|preço alvo Nubank|relatório BTG Nubank|nu|nubank|acoes nubank|ações Nubank|roxo34 vale a pena|nubank vale a pena|ações nubank|bolsa de valores|denis miyabara|investir e coçar,2778,https://i.ytimg.com/vi/C6mc4VRhgL8/maxresdefault.jpg
8QGJ6tRQh6I,Dinheiro na transição da renda fixa para bolsa de valores #bolsadevalores,2025-08-20 22:00:08,2025-08-20 19:00:08,quarta,19,37,short,4931,78,1,,0,https://i.ytimg.com/vi/8QGJ6tRQh6I/maxresdefault.jpg
WJ8ID7StPfQ,DAY TRADE MODO EASY,2025-08-18 15:28:35,2025-08-18 12:28:35,segunda,12,86,short,2128,117,33,,0,https://i.ytimg.com/vi/WJ8ID7StPfQ/maxresdefault.jpg
Yh69A0lg0Y4,Calculando o prejuízo no Day Trade #investimentos,2025-08-17 15:01:34,2025-08-17 12:01:34,domingo,12,16,short,33063,179,3,,0,https://i.ytimg.com/vi/Yh69A0lg0Y4/maxresdefault.jpg
lFbfBSvQAO4,BBAS3: Vai comprar a ação? Veja esse vídeo antes...,2025-08-15 22:38:25,2025-08-15 19:38:25,sexta,19,927,longo,7172,764,50,,2865,https://i.ytimg.com/vi/lFbfBSvQAO4/maxresdefault.jpg
djj7tEM6jrg,Faça isso para o seu filho ficar rico #dividendos,2025-08-12 22:39:26,2025-08-12 19:39:26,terça,19,12,short,2914,36,1,,0,https://i.ytimg.com/vi/djj7tEM6jrg/maxresdefault.jpg
wEZS_2h3Uec,Faça isso para ficar rico,2025-08-11 22:04:20,2025-08-11 19:04:20,segunda,19,57,short,17356,280,10,,0,https://i.ytimg.com/vi/wEZS_2h3Uec/maxresdefault.jpg
ThwO5hGV0-M,CORRETORA de VALORES na PRAIA | Um dia diferente na EQI INVESTIMENTOS,2025-08-10 22:14:04,2025-08-10 19:14:04,domingo,19,1463,longo,4341,251,24,corretora de valores|investimentos|mercado financeiro|EQI Investimentos|BTG|renda fixa|fundos imobiliários|fundos de investimento|onde investir|assessoria de investimentos|investimentos 2025|bastidores corretora|corretora no Bravamall|Itajaí investimentos|asset management|crédito estruturado|vida de assessor|investir e coçar|denis miyabara|como funciona uma corretora|investir com segurança|melhores investimentos 2025|EQI,3138,https://i.ytimg.com/vi/ThwO5hGV0-M/maxresdefault.jpg
yQme5SvXpPg,Onde Investir no 2º Semestre de 2025 ?,2025-08-07 22:03:04,2025-08-07 19:03:04,quinta,19,1285,longo,4137,420,21,,3488,https://i.ytimg.com/vi/yQme5SvXpPg/maxresdefault.jpg
Bw1hVIRO3W4,WEGE3 É A MAIOR OPORTUNIDADE DA DÉCADA OU UMA CILADA?,2025-07-31 23:09:43,2025-07-31 20:09:43,quinta,20,720,longo,2945,315,39,WEGE3|WEG|ações WEG 2025|queda WEGE3|tarifa Trump|Weg exportações|análise WEGE3|BTG Weg|XP Weg|Itaú Weg|WEGE3 oportunidade|ações em queda|ações baratas|Investir e Coçar|weg3|denis miyabara|bolsa de valores|wege3 hora de comprar|wege3 ações dividendos|wege3 analise fundamentalista|acoes wege3|wege3 dividendos|wege3 preço teto,2977,https://i.ytimg.com/vi/Bw1hVIRO3W4/maxresdefault.jpg
kmLvxBoALa0,ETF Irlandeses na Avenue: O Segredo que a Ricos usam em Silêncio,2025-07-27 23:11:42,2025-07-27 20:11:42,domingo,20,969,longo,15734,1485,81,ETFs irlandeses|ETF acumulação|ETF distribuição|ETF Irlanda|ETF CSPX|ETF VWRA|ETF VWRD|ETF GSPX|ETF EIMI|ETF SWDA|ETF IB01|investimentos internacionais|como pagar menos imposto|eficiência tributária|imposto sobre herança|ETFs internacionais|investir fora do Brasil|dividendos no exterior|sucessão patrimonial|ETF para brasileiros|UCITS ETF|ETF europeu|ETF isento de herança|ETF|dividendos|investir e coçar|denis miyabara,3230,https://i.ytimg.com/vi/kmLvxBoALa0/maxresdefault.jpg
ptv7daV3ZuU,Essa CRIPTOMOEDA pode DISPARAR com a TOKENIZAÇÃO de AÇÕES ,2025-07-18 22:01:02,2025-07-18 19:01:02,sexta,19,991,longo,3029,267,19,Solana 2025|cripto promissora|ETF Solana|altcoin|tokenização de ações|investimentos em blockchain|criptomoedas que pagam dividendos|onde investir em cripto|solh11|qsol11|solana|etf solana|criptomoedas|bitcoin|investir e cocar|investir e coçar|denis miyabara|criptomoedas hoje,3105,https://i.ytimg.com/vi/ptv7daV3ZuU/maxresdefault.jpg
GkJfil4AXsQ,CUIDADO Novo Velho Golpe,2025-07-16 19:47:18,2025-07-16 16:47:18,quarta,16,91,short,4099,112,10,,1330,https://i.ytimg.com/vi/GkJfil4AXsQ/maxresdefault.jpg
D-AD7WVdgsE,Recebeu o Salário? Faça Isso Antes de Qualquer Coisa!,2025-07-13 23:07:00,2025-07-13 20:07:00,domingo,20,725,longo,2324,314,14,finanças|finanças pessoais|denis miyabara|investir e coçar|educação financeira,2170,https://i.ytimg.com/vi/D-AD7WVdgsE/maxresdefault.jpg
h79ndWtYKro,BBAS3: Promoção ou armadilha? #bbas3,2025-07-10 22:07:00,2025-07-10 19:07:00,quinta,19,1053,longo,12157,1120,99,BBAS3|Banco do Brasil|ações Banco do Brasil|ações BBAS3|BBAS3 2025|dividendos BBAS3|vale a pena investir BBAS3|BBAS3 está barato|preço justo BBAS3|P/VPA Banco do Brasil|análise BBAS3|ações que pagam dividendos|melhores ações para 2025|banco do brasil ações caindo|banco do brasil divid|DENIS MIYABARA|investir e cocar|investir e coçar,2926,https://i.ytimg.com/vi/h79ndWtYKro/maxresdefault.jpg
rSQKtz8l3jA,Trump impõe 50% de tarifas ao Brasil #grosso #investimentos,2025-07-09 22:36:21,2025-07-09 19:36:21,quarta,19,4,short,11529,65,8,,0,https://i.ytimg.com/vi/rSQKtz8l3jA/maxresdefault.jpg
F2Lq95npHew,Quando você erra o trade “sem querer” #investimentos,2025-06-26 15:48:32,2025-06-26 12:48:32,quinta,12,9,short,37285,313,5,,0,https://i.ytimg.com/vi/F2Lq95npHew/maxresdefault.jpg
nA-G4j0Z6iU,Klabin (klbn11) gosta do gráfico da Klbn4? #klabin,2025-06-25 15:41:59,2025-06-25 12:41:59,quarta,12,11,short,2871,22,2,,0,https://i.ytimg.com/vi/nA-G4j0Z6iU/maxresdefault.jpg
Jvf7Bo0YVlw,Tesla: seu carro vai trabalhar para você #investimentos #tsla,2025-06-25 10:31:08,2025-06-25 07:31:08,quarta,7,37,short,4387,85,6,,574,https://i.ytimg.com/vi/Jvf7Bo0YVlw/maxresdefault.jpg
_jMeRDGONpo,SELIC 15%! Agora Tá MUITO Fácil Ter 1 Milhão (obrigado Lula),2025-06-22 22:00:30,2025-06-22 19:00:30,domingo,19,651,longo,10919,768,56,selic 15|quanto rende 1 milhão|investir na selic|Selic 15%|investir e coçar|denis miyabara|viver de renda|tesouro direto|renda fixa|viver de renda com 1 milhão|selic 15 por cento|selic hoje|como fazer 1 milhão|como investir em renda fixa|renda fixa 2025|tesouro prefixado|cdb 2025|juros altos brasil|juros selic 2025|investir em cdb|educação financeira|taxa de juros|taxa de juros 15%|dividendos|Finanças pessoais|taxa selic|selic,3867,https://i.ytimg.com/vi/_jMeRDGONpo/maxresdefault.jpg
63PUYMc8eOw,Ações da TESLA (TSLA34) podem EXPLODIR por esse MOTIVO,2025-06-19 20:59:44,2025-06-19 17:59:44,quinta,17,1072,longo,2945,256,32,Tesla|TSLA34|investir em Tesla|ações americanas|robotaxi|Tesla vale a pena|ações de tecnologia|Elon Musk|Ark Invest|Cathie Wood|Tesla inteligência artificial|futuro da Tesla|Tesla investimento|investir no exterior|bolsa americana|ações para longo prazo|robotaxi Tesla|Tesla 2025|Tesla 2030|investir e cocar|investir e coçar|denis miyabara|tsla|acoes tesla|tesla vale a pena investir|tsla34 vale a pena|tesla|ações tesla,3705,https://i.ytimg.com/vi/63PUYMc8eOw/maxresdefault.jpg
Q_jaMdPDVmw,SELIC 15% Banco Central sobe a Taxa de Juros,2025-06-18 23:40:01,2025-06-18 20:40:01,quarta,20,11,short,27221,247,10,,0,https://i.ytimg.com/vi/Q_jaMdPDVmw/maxresdefault.jpg
6ujDiEjYkrE,NUCL11: Primeiro ETF de Energia Nuclear da B3,2025-06-17 22:32:21,2025-06-17 19:32:21,terça,19,964,longo,3698,360,26,NUCL11|ETF de Energia Nuclear|ETF NUCL11|investir em energia nuclear|ETF nuclear Brasil|ETF Investo|NLR ETF|como investir em energia nuclear|ETFs internacionais|ETFs da B3|energia nuclear investimentos|ETF urânio|ETF sustentável|ETFs recomendados 2025|melhores ETFs B3|energia nuclear|investir e coçar|denis miyabara|investir e cocar|oklo|etf ura|bolsa de valores|educação financeira|urânio,3412,https://i.ytimg.com/vi/6ujDiEjYkrE/maxresdefault.jpg
CVu0xrQKtO8,A Verdade Sobre se Aposentar em 10 anos Investindo 1000 reais por mês,2025-06-15 22:36:00,2025-06-15 19:36:00,domingo,19,879,longo,6292,570,38,,2950,https://i.ytimg.com/vi/CVu0xrQKtO8/maxresdefault.jpg
_6uxZN4pgs8,😱 É OFICIAL: Fundos Imobiliários (FII) serão TAXADOS em ...,2025-06-12 22:35:22,2025-06-12 19:35:22,quinta,19,642,longo,2858,274,56,fundos imobiliários taxação 2025|fim da isenção FIIs|mp 1303 fundos imobiliários|tributação de dividendos FII|taxação dos FIIs|fundos imobiliários imposto 2026|nova regra FIIs 2025|imposto sobre dividendos FII|governo vai taxar fundos imobiliários|fii|fundos imobiliarios|denis miyabara|investir e cocar|investir e coçar|dividendos|fiis taxados|fiis Imposto|educação financeira|imposto fundos imobiliarios|taxação fiis|tributação fundos imobiliarios,3307,https://i.ytimg.com/vi/_6uxZN4pgs8/maxresdefault.jpg
j_BQWFN9mUg,Revolta com tributação das LCIs e LCAs,2025-06-12 14:59:00,2025-06-12 11:59:00,quinta,11,73,short,4980,207,19,,0,https://i.ytimg.com/vi/j_BQWFN9mUg/maxresdefault.jpg
yHQvEitHtbE,CASA11: Dividendos Mensais dos Fundos Imobiliários Americanos!,2025-06-10 20:58:05,2025-06-10 17:58:05,terça,17,732,longo,8355,770,52,CASA11|ETF|renda passiva|dividendos|dólar|investir nos EUA|mercado imobiliário|REITs|B3|investimentos|finanças pessoais|renda extra|liberdade financeira|covered call|Buena Vista Capital|UBS BB|iShares IYR|investir em dólar|bolsa de valores|como investir|ETF CASA11|dividendos mensais|imóveis nos EUA|investir com pouco dinheiro|educação financeira|denis miyabara|investir e coçar|investir e cocar|etf dividendos mensais|Casa11 dividendos,3507,https://i.ytimg.com/vi/yHQvEitHtbE/maxresdefault.jpg
aXPE6LS4dYo,RENDA FIXA TAXADA?!Ainda Vai Valer a Pena Investir em LCI e LCA depois do Novo Imposto?,2025-06-09 23:25:46,2025-06-09 20:25:46,segunda,20,712,longo,4358,457,50,crise|imposto|novo imposto|taxad|haddad taxa|lci|lca|debentures incentivadas|imposto renda fixa|investir e coçar|denis miyabara,2200,https://i.ytimg.com/vi/aXPE6LS4dYo/maxresdefault.jpg
xRApDB0y7J4,Investidor vai ganhar Hambúrguer de graça #investir,2025-06-06 15:01:55,2025-06-06 12:01:55,sexta,12,45,short,2794,54,7,,0,https://i.ytimg.com/vi/xRApDB0y7J4/maxresdefault.jpg
AJn-wQGtf14,CPLE6: DIVIDENDOS GORDOS a vista! Ainda Vale a Pena Investir na CPLE6?,2025-06-05 21:50:24,2025-06-05 18:50:24,quinta,18,645,longo,3250,343,19,ação cple6|análise ação cple6|comprar cple6|dividendos cple6|cple6 analise|cple6 dividendos|dividendos|ações|bolsa de valores|copel|ações da copel|cple6 vale a pena|ações baratas|neto invest|ações de energia|copel dividendos|cple6|ações de dividendos|acoes de energia|dividendos copel|ações para dividendos|cple11|cple3 ou cple6|cple6 ou cple11|melhores ações de energia|cple6 para 2025|ações para 2025|cple3|DENIS MIYABARA|investir e coçar,2493,https://i.ytimg.com/vi/AJn-wQGtf14/maxresdefault.jpg
Q1U7jZlNccI,BBAS3 DERRETENDO! Ainda Vale a Pena Investir em 2025?,2025-06-03 22:00:49,2025-06-03 19:00:49,terça,19,732,longo,10184,901,70,investir em BBAS3|BBAS3 2025|vale a pena investir Banco do Brasil|investir e cocar|denis miyabara|ações caindo 2025|bbas3|dividendos bbas3|dividendos BBAS3|ações estatais 2025|ações descontadas|resolução 4966 Banco do Brasil|análise Banco do Brasil 2025|ações Banco do Brasil|ações para dividendos|BBAS|BBAS3 BANCO DO BRASIL|Bbas3 analise|bolsa de valores,3106,https://i.ytimg.com/vi/Q1U7jZlNccI/maxresdefault.jpg
tmN0U12DrzE,5 Erros FATAIS Que Investidores Cometem em ETFs (E Nem Sabem)!,2025-05-28 21:01:04,2025-05-28 18:01:04,quarta,18,809,longo,1740,222,21,educação financeira|etf|etfs|ETFs|investimento|erros investimentos|fundos negociados em bolsa|renda variável|dividendos|diversificação|custos investimentos|mercado financeiro|renda fixa|ETF de dividendos|estratégias ETF|Investir e Coçar|ETFs Brasil|denis miyabara|Investir e Cocar|bolsa de valores,2598,https://i.ytimg.com/vi/tmN0U12DrzE/maxresdefault.jpg
Z-5VgjzigKg,ETF de OPÇÕES TÁ PAGANDO MUITO e MENSALMENTE!,2025-05-26 22:36:00,2025-05-26 19:36:00,segunda,19,1254,longo,25684,2098,114,,2660,https://i.ytimg.com/vi/Z-5VgjzigKg/maxresdefault.jpg
0JpbukprIFM,"O MELHOR FUNDO IMOBILIÁRIO para INICIANTES em 2025 (menos de R$10,00)",2025-05-20 21:00:01,2025-05-20 18:00:01,terça,18,838,longo,3894,395,19,Fundos Imobiliários|FII|Investimento para iniciantes|Renda Passiva|Investir com pouco dinheiro|Dividendos|IPCA|Primeira investimento|Guia para iniciantes|fundos imobiliarios baratos|fundos imobiliarios|knsc11|denis miyabara|investir e cocar|investir e coçar|fiis|melhor fiis para investir 2025|melhor fundos imobiliarios 2025|melhor fii para iniciantes|fundo imobiliario para iniciantes,2874,https://i.ytimg.com/vi/0JpbukprIFM/maxresdefault.jpg
OkPxd7LMLNI,Qual valor para começar na bolsa de valores? #investimentos,2025-05-19 21:43:13,2025-05-19 18:43:13,segunda,18,15,short,11958,120,10,,0,https://i.ytimg.com/vi/OkPxd7LMLNI/maxresdefault.jpg
uXBZOa1gNKc,GOAT11 o NOVO ETF HIBRIDO HYPADO da B3 VALE a PENA INVESTIR?,2025-05-18 19:59:56,2025-05-18 16:59:56,domingo,16,679,longo,4854,436,27,ETF GOAT11|GOAT11 vale a pena|ETF híbrido|ETF renda fixa e variável|ETF que protege da inflação|investir em ETF 2025|ETFs com exposição ao dólar|GOAT11 análise|ETF para iniciantes|ETF|ETFS|denis miyabara|investir e cocar|investir e coçar|Etf hibrido|goat11|educação financeira,3027,https://i.ytimg.com/vi/uXBZOa1gNKc/maxresdefault.jpg
KYBV3a3rhDI,FIIs de Papel ou Tijolo? A VERDADE sobre investir com Selic Alta!,2025-05-15 22:31:54,2025-05-15 19:31:54,quinta,19,899,longo,3808,322,23,melhores investimentos|começando a investir|como começar a investir|bolsa de valores|educação financeira|FII|fundos imobiliarios|fundos imobiliários|fiis|dividendos|fii de tijolo|fii de papel|fii papel ou tijolo|knsc11|vgir11|denis miyabara|investir e coçar|renda variável,3564,https://i.ytimg.com/vi/KYBV3a3rhDI/maxresdefault.jpg
9tn6b8FaE24,NUBANK vs Mercado Pago? #investimentos,2025-05-15 10:50:49,2025-05-15 07:50:49,quinta,7,83,short,84046,2093,165,,0,https://i.ytimg.com/vi/9tn6b8FaE24/maxresdefault.jpg
JisJGUFxxsY,IBOVESPA NA MÁXIMA O QUE FAZER COM MEU DINHEIRO?,2025-05-13 22:45:19,2025-05-13 19:45:19,terça,19,914,longo,2060,299,35,ibovespa|ibov|ibovespa máxima|ibovespa máxima histórica|bolsa de valores|ações|bovespa|educação financeira|renda variável|ibovespa hoje|onde investir|taxa de juros|denis miyabara|investir e cocar|investir e coçar,2312,https://i.ytimg.com/vi/JisJGUFxxsY/maxresdefault.jpg
9Tzi7yndayg,ETF do Papa que SÓ INVESTE SEGUINDO PRINCIPIOS CATÓLICOS Vale a Pena?,2025-05-09 22:36:00,2025-05-09 19:36:00,sexta,19,586,longo,814,104,6,,2767,https://i.ytimg.com/vi/9Tzi7yndayg/maxresdefault.jpg
p9vBH22kmSQ,Trump avisando que é melhor comprar ações agora. Confia? #investirecocar #investimentos,2025-05-08 20:29:28,2025-05-08 17:29:28,quinta,17,12,short,9136,91,3,,0,https://i.ytimg.com/vi/p9vBH22kmSQ/maxresdefault.jpg
gQAG3pYVwfE,"Taxa Selic 14,75% maior Selic dos últimos 20 anos! Você Já Está Atrasado!",2025-05-07 21:43:10,2025-05-07 18:43:10,quarta,18,974,longo,1968,292,26,TAXA SELIC|educação financeira|finanças pessoais|bolsa de valores|viver de renda|ações|investimentos|bruno|rico|investir|bolsa|selic|selic em alta|crise brasil|economia|taxa de juros|taxa selic|taxa selic subiu onde investir|taxa selic subiu|alta de juros|selic 2025|governo lula|copom|juros explode|inflação no brasil|selic subiu|selic alta|dilma|dilma rousseff|INVESTIR E COÇAR|DENIS MIYABARA|INVESTIR E COCAR,2143,https://i.ytimg.com/vi/gQAG3pYVwfE/maxresdefault.jpg
p0vQgnhj5-I,Warren Buffett Aposentou! Ainda Vale a Pena INVESTIR na BERKSHIRE HATHAWAY (BERK34)?,2025-05-05 22:34:48,2025-05-05 19:34:48,segunda,19,620,longo,1557,174,13,Warren Buffett|BERK34|Berkshire Hathaway|Greg Abel|Warren Buffett aposentadoria|investir em BERK34|ações Berkshire Hathaway|vale a pena investir na BERK34|Buffett sucessor|como investir na berkshire|investir no exterior|BDRs recomendadas|ações americanas|bolsa americana|BDRs maio 2025|ETFs de dividendos|ações para longo prazo|investimentos em dólar|ações para 2025|denis miyabara|investir e coçar|investir e cocar|BRK-B|berk34,2878,https://i.ytimg.com/vi/p0vQgnhj5-I/maxresdefault.jpg
qXSvAXoTjK0,Caixinha da Nubank é seguro? #caixinhaturbo #nubank,2025-05-05 15:22:47,2025-05-05 12:22:47,segunda,12,21,short,3995,36,2,,0,https://i.ytimg.com/vi/qXSvAXoTjK0/maxresdefault.jpg
GxSnURskyiM,Quando alguém tenta me ensinar sobre investimentos #investir #investimentos,2025-05-02 15:32:57,2025-05-02 12:32:57,sexta,12,13,short,4313,113,6,,0,https://i.ytimg.com/vi/GxSnURskyiM/maxresdefault.jpg
SFcmx9IFEe8,Viciado em Bolsa de Valores? Conheça isso... #investir,2025-05-01 20:36:00,2025-05-01 17:36:00,quinta,17,10,short,5031,44,6,,728,https://i.ytimg.com/vi/SFcmx9IFEe8/maxresdefault.jpg
IOA5WIwenyE,GLDX11 NOVO ETF LASTREADO em OURO FÍSICO da Bolsa de Valores,2025-04-29 22:36:00,2025-04-29 19:36:00,terça,19,870,longo,6157,502,38,gldx11|gold11|ouro11|investir em ouro|ouro 2025|etf ouro|etf ouro fisico|etf gldx11|etf gold11|investir e coçar|investir e cocar|denis miyabara|investo|etf de ouro|como investir em ouro|canal de investimentos|canal de finanças|bolsa de valores,2894,https://i.ytimg.com/vi/IOA5WIwenyE/maxresdefault.jpg
_WHHib_xvJ4,Caixinha Turbo da Nubank melhorou #investimentos,2025-04-29 15:40:56,2025-04-29 12:40:56,terça,12,31,short,195257,2757,142,,86,https://i.ytimg.com/vi/_WHHib_xvJ4/maxresdefault.jpg
Q1WMbZZn2Ik,O QUE RENDE MAIS CDB ou LCI/LCA? #investimentos,2025-04-28 20:00:28,2025-04-28 17:00:28,segunda,17,33,short,74632,785,10,,61,https://i.ytimg.com/vi/Q1WMbZZn2Ik/maxresdefault.jpg
2EpDcEwW1rU,Quem Entender Isso Vai Lucrar – Quem Ignorar Vai Chorar (última chance de investir),2025-04-24 21:36:00,2025-04-24 18:36:00,quinta,18,1443,longo,13736,1095,48,juros altos|renda fixa 2025|inflação caindo|onde investir 2025|tesouro direto 2025|melhor investimento hoje|oportunidade de investimento|selic alta|selic 2025|tesouro IPCA|investimentos seguros|renda fixa ou variável|economia brasileira|como proteger seu dinheiro|oportunidades econômicas|focus inflação|juros futuros|tesouro prefixado|investir com segurança|cenário econômico 2025|investir e coçar|investir e cocar|denis miyabara|onde investir,2684,https://i.ytimg.com/vi/2EpDcEwW1rU/maxresdefault.jpg
-i92WlceaNU,Como saber se roubaram seu dinheiro no INSS! #inss,2025-04-24 15:40:18,2025-04-24 12:40:18,quinta,12,31,short,17825,348,6,,0,https://i.ytimg.com/vi/-i92WlceaNU/maxresdefault.jpg
9-mT4tn1JHc,3 Livros de Finanças para sair da Classe Média #finanças #investimentos,2025-04-23 21:09:05,2025-04-23 18:09:05,quarta,18,32,short,3112,105,1,,0,https://i.ytimg.com/vi/9-mT4tn1JHc/maxresdefault.jpg
vZ_8A1FYxgo,Pobre ou rico? #rico #investimentos,2025-04-22 15:55:21,2025-04-22 12:55:21,terça,12,6,short,143633,300,49,,0,https://i.ytimg.com/vi/vZ_8A1FYxgo/maxresdefault.jpg
tjN793vJ4cM,ETF DIVIDENDOS CRESCENTES para RECEBER em DÓLAR,2025-04-18 21:00:49,2025-04-18 18:00:49,sexta,18,785,longo,3427,389,22,ETFs de dividendos em dólar|dividendos em dólar|renda passiva em dólar|investimento em dólar|mercado americano|ETFs|dividendos|renda passiva|dólar|investimento exterior|dividend growth|dividendos crescentes|ETFs americanos|como investir em dólar|bolsa americana|etf|invista la fora|investir no exterior|etf dividendos|bolsa de valores,2331,https://i.ytimg.com/vi/tjN793vJ4cM/maxresdefault.jpg
9XeUtjj35pE,8 ETFs de RENDA FIXA AMERICANOs que PAGAM DIVIDENDOS! #etfs,2025-04-15 22:30:02,2025-04-15 19:30:02,terça,19,915,longo,4264,381,13,dividendos em dolar|renda em dólar|bolsa americana|etfs|etf|etf renda fixa|etfs renda fixa|investir lá fora|investir no exterior|etf americano|etfs americanos|investimentos|investir|tflo|etfs de renda fixa,2026,https://i.ytimg.com/vi/9XeUtjj35pE/maxresdefault.jpg
mZ6ohk9JCVY,Onde Investir Reserva de Emergência e o Caixa com a Taxa de Juros Alta? #nubank,2025-04-12 20:08:45,2025-04-12 17:08:45,sábado,17,919,longo,5005,360,30,investimentos|reserva de emergência|caixa|nubank|renda fixa|cdi|selic|mercado pago|99pay|sofisa|dinheiro|educação financeira|investir e coçar|caixinha nubank|onde investir|taxa de juros|finanças|dicas de investimento|planejamento financeiro|investir e cocar|caixinha turbo nubank|nuconta|investir|caixinha turbo|denis miyabara|renda variável|investidor iniciante|canal de finanças|como ganhar dinheiro|caixinhas nubank|cdb|cdb liquidez diaria|lci e lca,3229,https://i.ytimg.com/vi/mZ6ohk9JCVY/maxresdefault.jpg
QW3TQoSlxgY,6 Ações Anti-TARIFAÇO para Investir | Proteja Seus Investimentos das Novas Tarifas de Trump #trump,2025-04-09 23:36:00,2025-04-09 20:36:00,quarta,20,1092,longo,3458,420,63,tarifaço trump|Trump|Tarifaço|Tarifas Trump|Guerra Comercial|Bolsa de Valores|Investimentos EUA|Investimentos Brasil|Ações para investir|BDRs recomendados|Recessão Global|Warren Buffett|Bitcoin|Mercado Financeiro|Crise Econômica|Como investir|Finanças|Investir e Coçar|Crise do Trump|Trump vs china|denis miyabara|trump china tarifas|bolsa de valores 2025|ações defensivas|trump 2025|ações para comprar agora|investir com pouco dinheiro,2125,https://i.ytimg.com/vi/QW3TQoSlxgY/maxresdefault.jpg
oPEKo_rDA38,TARIFAÇO do TRUMP: TE LASCOU ou AJUDOU? #trump,2025-04-08 09:38:22,2025-04-08 06:38:22,terça,6,1421,longo,7008,829,63,tarifaço trump|Trump|Tarifaço|Tarifas Trump|Guerra Comercial|Bolsa de Valores|Investimentos EUA|Investimentos Brasil|Ações para investir|BDRs recomendados|Recessão Global|Warren Buffett|Bitcoin|Mercado Financeiro|Crise Econômica|Como investir|Finanças|Investir e Coçar|Crise do Trump|Trump vs china|denis miyabara|trump china tarifas|bolsa de valores 2025|ações defensivas|trump 2025|ações para comprar agora|investir com pouco dinheiro,2480,https://i.ytimg.com/vi/oPEKo_rDA38/maxresdefault.jpg
C_TVfItqXNo,CXSE3 ou BBSE3? A nova ação pagadora de DIVIDENDOS queridinha da Bolea de Valores #cxse3 #bbse3,2025-04-04 22:03:13,2025-04-04 19:03:13,sexta,19,999,longo,3086,341,29,,2600,https://i.ytimg.com/vi/C_TVfItqXNo/maxresdefault.jpg
Oo4UA9TyJ4Y,Quanto tempo demora para juntar 1 milhão de reais? #previdência,2025-04-02 22:19:00,2025-04-02 19:19:00,quarta,19,30,short,3933,55,2,,89,https://i.ytimg.com/vi/Oo4UA9TyJ4Y/maxresdefault.jpg
bCQP6xulNNc,"AUREN (AURE3):SE VOCÊ TEM PRECISA VER ISSO! Se Não Tem, Precisa Mais Ainda...",2025-04-01 21:57:00,2025-04-01 18:57:00,terça,18,1371,longo,5507,475,73,auren|aure3|aure3 dividendos|auren energia|aure3 vale a pena|aure3 vale a pena investir|aure3 barsi|auren energia vale a pena|auren3|vale a pena investir em aure3|aure3 caindo|aure3 comprar|aure3 dividendos 2025|aure3f|auren dividendos|barsi auren energia|aure3 2025|barsi aure3|auren vale a pena|auren barsi|dividendos auren|aure3 analise|vale a pena investir na aure3?|denis miyabara|investir e coçar|investir e cocar|Bolsa de valores,3454,https://i.ytimg.com/vi/bCQP6xulNNc/maxresdefault.jpg
6LKKXkRJRLU,Emprestimo Consignado para CLT,2025-03-26 22:06:55,2025-03-26 19:06:55,quarta,19,50,short,2686,195,12,Fgts|Empréstimo Consignado|Consignado|emprestimo CLT|Empréstimo CLT|Empréstimo trabalhador,0,https://i.ytimg.com/vi/6LKKXkRJRLU/maxresdefault.jpg
chAuMG6rezg,Tupy (TUPY3) Vale a Pena INVESTIR agora?,2025-03-25 22:31:57,2025-03-25 19:31:57,terça,19,1163,longo,6408,517,45,tupy3|tupy3 vale a pena|tupy3 trigono|tupy dividendos|ações baratas para investir|ações para ganhar dividendos|tupy|acoes tupy|ações tupy3|acao tupy|ação tupy|tupy3 preço justo,2837,https://i.ytimg.com/vi/chAuMG6rezg/maxresdefault.jpg
4C7tK8qjHmg,João Fonseca Pai #investimentos,2025-03-25 10:31:43,2025-03-25 07:31:43,terça,7,100,short,1400,75,5,,0,https://i.ytimg.com/vi/4C7tK8qjHmg/maxresdefault.jpg
qs-yW0Wd4B8,8 Hábitos da Classe Média Que Te Mantêm POBRE,2025-03-23 22:00:52,2025-03-23 19:00:52,domingo,19,1370,longo,13641,873,83,finanças|dinheiro|investimentos|mentalidade financeira|classe média|hábitos financeiros|independência financeira|como ficar rico|liberdade financeira|educação financeira|erros financeiros|prosperidade|renda extra|inteligência financeira|dívida|cartão de crédito|planejamento financeiro|sucesso financeiro|denis miyabara|investir e coçar|investir e cocar|classe media|pobre|pobreza|habito de pobre|habito de rico,2365,https://i.ytimg.com/vi/qs-yW0Wd4B8/maxresdefault.jpg
yuaR-k-k5Zk,ONDE GRACYANNE INVESTIRIA O PRÊMIO DO BBB,2025-03-22 15:09:23,2025-03-22 12:09:23,sábado,12,53,short,2815,99,20,,125,https://i.ytimg.com/vi/yuaR-k-k5Zk/maxresdefault.jpg
S7Vfw-UjwNs,TAXAÇÃO dos DIVIDENDOS: Começo do Fim,2025-03-20 23:19:05,2025-03-20 20:19:05,quinta,20,1665,longo,4099,434,137,dividendos|imposto de renda|renda passiva|investimentos|bolsa de valores|finanças|economia|ações|investidor|dinheiro|tributação|reforma tributária|análise financeira|taxação dividendos|dividendos taxados|imposto dividendos|investir e coçar|denis miyabara|investir e cocar|ações de dividendos|taxa dividendos|lula|educação financeira|canal de finanças,2921,https://i.ytimg.com/vi/S7Vfw-UjwNs/maxresdefault.jpg
XnWMEG-4iX4,5 AÇÕES com PONTECIAL de SHORT SQUEEZE (CUIDADO),2025-03-13 21:30:04,2025-03-13 18:30:04,quinta,18,926,short,6862,581,32,short squeeze|Casas Bahia|Short Squeeze|Bolsa de Valores|Ações|Investimentos|BHIA3|MGLU3|PCAR3|SMFT3|JP Morgan|Rafael Ferri|Operação Vendida|Mercado Financeiro|Ibovespa|Bolsa Brasileira|Vale a Pena Investir|Análise de Ações|Ações em Alta|Short Covering|Como Investir na Bolsa|Educação Financeira|Finanças|Renda Variável|Ações Baratas|PETZ3|denis miyabara|investir e coçar|Investir e cocar|educação financeira,2734,https://i.ytimg.com/vi/XnWMEG-4iX4/maxresdefault.jpg
QCLBBuk9l6Q,Warren Buffett sente cheiro de crise #investirecocar,2025-03-12 12:15:38,2025-03-12 09:15:38,quarta,9,22,short,1815,78,2,,0,https://i.ytimg.com/vi/QCLBBuk9l6Q/maxresdefault.jpg
B5s54LxdlGc,4 FORMAS de INVESTIR AÇÕES PAGADORAS de DIVIDENDOS,2025-03-11 21:47:00,2025-03-11 18:47:00,terça,18,2033,longo,2405,298,10,investir em dividendos|ações pagadoras de dividendos|como investir em dividendos|fundos de dividendos|renda passiva|melhores ações de dividendos|investir na bolsa de valores|ações de longo prazo|dividendos mensais|estratégias de dividendos|dividendos|dividendos 2025|fundos de ações|fias|etf dividendos|etfs de dividendos|investir e coçar|investir e cocar|denis miyabara|canal de finanças|bolsa de valores|ações dividendos,2904,https://i.ytimg.com/vi/B5s54LxdlGc/maxresdefault.jpg
fwmLV9zGjJg,Finanças depois do Carnaval #investirecocar,2025-03-07 20:54:59,2025-03-07 17:54:59,sexta,17,19,short,1777,28,6,,0,https://i.ytimg.com/vi/fwmLV9zGjJg/maxresdefault.jpg
vwMWNkQWOtI,Quanto rende R$ 10 mil investidos nos bancões em dividendos em 2025?,2025-03-06 22:14:45,2025-03-06 19:14:45,quinta,19,1066,longo,2048,242,18,denis miyabara|investir e cocar|investir e coçar|investir em bancões|BBDC3|bbas3 dividendos|dividendos 2025|itub4 dividendos|SANB11|ações baratas|nvestir em bancos|dIVIDENDOS|melhores ações para dividendos|BBDC4|SANB4|melhor banco para dividendos|ações que pagam dividendos|análise de ações|bbas3|renda passiva com ações|bolsa de valores|viver de dividendos|Barsi|educação financeira|dividendos mensais,3032,https://i.ytimg.com/vi/vwMWNkQWOtI/maxresdefault.jpg
b7mDN8r3aM0,Walter Salles Fortuna #investirecocar,2025-03-06 11:33:45,2025-03-06 08:33:45,quinta,8,51,short,2460,132,18,,796,https://i.ytimg.com/vi/b7mDN8r3aM0/maxresdefault.jpg
5IDpJVtwHxU,Melhor exercício para o investidor #investimentos,2025-03-05 21:40:23,2025-03-05 18:40:23,quarta,18,11,short,2567,75,9,,0,https://i.ytimg.com/vi/5IDpJVtwHxU/maxresdefault.jpg
mNU2Jcfd6xY,Seu CÉREBRO está SABOTANDO seu SUCESSO FINANCEIRO - Aprenda como Evitar,2025-03-04 21:43:57,2025-03-04 18:43:57,terça,18,1304,longo,3867,427,56,finanças|financas|finanças comportamentais|financas comportamentais|viéses cognitivos|viés cognitivo|vieses cognitivos|vies cognitivos|efeito manada|denis miyabara|denis miabara|investir e coçar|investir e cocar|canal de finanças|a psicologia financeira|dicas financeiras|aversão a perda,2926,https://i.ytimg.com/vi/mNU2Jcfd6xY/maxresdefault.jpg
_jdvnXyBeNM,"Primeiro você começa, depois você melhora #daytrade",2025-03-03 21:36:01,2025-03-03 18:36:01,segunda,18,6,short,1822,63,3,,0,https://i.ytimg.com/vi/_jdvnXyBeNM/maxresdefault.jpg
jwqEKcrTs-0,O FIM da BOLSA DE VALORES BRASILEIRA?,2025-02-28 22:06:00,2025-02-28 19:06:00,sexta,19,1404,longo,6228,614,48,fim da bolsa de valores|b3 vai acabar|bolsa de valores 2024|investir na bolsa|ações baratas|vale a pena investir na bolsa|renda fixa vs bolsa|super ricos saindo da bolsa|alta dos juros|crise na bolsa|mercado financeiro brasil|INVESTIR E COÇAR|DENIS MIYABARA|FIM DA BOLSA DE VALORES|fim da bolsa|crise bolsa de valores,2959,https://i.ytimg.com/vi/jwqEKcrTs-0/maxresdefault.jpg
_TLq_UyTZTI,PIX POR APROXIMAÇÃO NÃO FUNCIONA no IPHONE #pix,2025-02-28 15:08:44,2025-02-28 12:08:44,sexta,12,16,short,119690,6178,103,,1716,https://i.ytimg.com/vi/_TLq_UyTZTI/maxresdefault.jpg
PvC1ZEQlz3M,ITSA2 O QUE É? #itsa4 #itsa2,2025-02-27 12:27:16,2025-02-27 09:27:16,quinta,9,35,short,7932,182,4,itsa2|itsa3|itsa4|itsa1|itsa2 o que é|o que é itsa2|itsa2 subscrição|subscrição itsa4|itsa3 ou itsa4|itsa4 ou itsa3|itsa4 subscrição|itsa4 dividendos|dividendos itsa4|o que é itsa2?|itsa2 vale a pena|ação itsa4|itsa1 o que é|itsa4 vale a pena|itsa1 subscrição|itsa3 subscrição|itsa|itausa|itaúsa|subscricao itsa|subscrição itsa|itsa subscrição|itausa 3 ou 4|itausa açoes|itsa2 2025|itsa4 2025|denis miyabara|investir e coçar|o que é subscrição,2036,https://i.ytimg.com/vi/PvC1ZEQlz3M/maxresdefault.jpg
cAmhIAVas34,CRISE A VISTA : WARREN BUFFETT ESTÁ GUARDANDO BILHÕE!,2025-02-25 21:36:00,2025-02-25 18:36:00,terça,18,791,longo,3648,381,11,warren buffett|berkshire hathaway|investimentos|bolsa de valores|carta warren buffett|investir na bolsa|ações|value investing|warren buffett estratégia|warren buffett 2024|como investir|mindset de investidor|segredos de warren buffett|warren buffett sucessão|warren buffett ações|warren buffett carteira|warren buffett investimentos|warren buffett empresas|berkshire hathaway 2024|berkshire hathaway ações|warren buffett 2025|denis miyabara|investir e coçar,3201,https://i.ytimg.com/vi/cAmhIAVas34/maxresdefault.jpg
mE2A50FTBg4,VENDIDOS nos FUNDOS IMOBILIÁRIOS | ENTENDA ANTES que SEJA TARDE,2025-02-19 23:11:35,2025-02-19 20:11:35,quarta,20,1761,longo,14640,1169,94,fundos imobiliários|fundos imobiliarios|melhores fundos imobiliarios|melhores fundos imobiliários|fundos imobiliarios 2025|fundos imobiliários baratos|fundos imobiliários para iniciantes|investir em fundos imobiliarios|como investir em fundos imobiliarios|fundos imobiliários 2025|fundo imobiliario|o que são fundos imobiliários|short fundos imobiliários|vendidos em fundos imobiliários|fiis|denis miyabara|investir e coçar|vendidos fundos imobiliários|short fiis,4993,https://i.ytimg.com/vi/mE2A50FTBg4/maxresdefault.jpg
cZmG3AQ7RUU,POR DENTRO de uma CORRETORA de VALORES!,2025-02-16 13:00:56,2025-02-16 10:00:56,domingo,10,2086,longo,4202,311,49,denis miyabara|investir e coçar|investir e cocar|denis miabara|bolsa de valores|corretora|corretora de valores|eqi investimentos|eqi|eu quero investir|faria lima|como começar a investir|como é uma corretora|corretoras de investimentos|corretora independente,2363,https://i.ytimg.com/vi/cZmG3AQ7RUU/maxresdefault.jpg
fDUsjBJQmC4,🚨 O AVISO MAIS IMPORTANTE para QUEM INVESTE em FIIs (NÃO IGNORE!),2025-02-12 22:36:00,2025-02-12 19:36:00,quarta,19,874,longo,52928,3590,370,fundos imobiliários|fundos imobiliarios|melhores fundos imobiliarios|melhores fundos imobiliários|fundos imobiliarios 2025|fundos imobiliários baratos|fundos imobiliários para iniciantes|investir em fundos imobiliarios|como investir em fundos imobiliarios|fundos imobiliários 2025|fundo imobiliario|o que são fundos imobiliários|short fundos imobiliários|vendidos em fundos imobiliários|fiis|denis miyabara|investir e coçar,3813,https://i.ytimg.com/vi/fDUsjBJQmC4/maxresdefault.jpg
wNgMOKP4_dI,ELIMINE 17 HÁBITOS FINANCEIROS e MUDE SUA VIDA PARA SEMPRE!,2025-02-10 22:36:01,2025-02-10 19:36:01,segunda,19,1367,longo,1999,252,35,hábitos financeiros|como economizar dinheiro|finanças pessoais|educação financeira|controle de gastos|dicas de economia|gastar menos|hábitos que te deixam pobre|organização financeira|eliminar dívidas|gestão financeira|mentalidade financeira|investimentos|poupar dinheiro|economizar no dia a dia|erros financeiros|cartão de crédito|consumo consciente|minimalismo financeiro|investir e coçar|denis miyabara,2663,https://i.ytimg.com/vi/wNgMOKP4_dI/maxresdefault.jpg
4Qo4O7cZ1V8,POR ISSO esse é o MELHOR ETF de BITCOIN da B3 (HODL11),2025-02-06 22:07:46,2025-02-06 19:07:46,quinta,19,794,longo,7875,547,26,etf bitcoin|hdol11|hold11|hodl11|etf bitcoin novo|ETF de Bitcoin B3|melhor ETF de Bitcoin|investir em Bitcoin 2025|taxa zero ETF Bitcoin|ETF Bitcoin Brasil|criptomoedas na B3|ETF de criptomoedas|Bitcoin reserva de valor|exposição ao Bitcoin|como investir em Bitcoin|denis miyabara|denis miabara|investir e coçar|investir e cocar|etf de bitcoin|coin11|bith11|qbtc11|biti11,3503,https://i.ytimg.com/vi/4Qo4O7cZ1V8/maxresdefault.jpg
6RrnGYrQbAY,INVESTIR em OURO 2025 VALE A PENA?,2025-02-04 21:56:00,2025-02-04 18:56:00,terça,18,1047,longo,6016,475,34,ouro|investir em ouro|ETFs de ouro|GLD|inflação|bancos centrais|reservas de ouro|diversificação de carteira|proteção financeira|investimentos seguros|bolsa de valores|commodities|economia global|crise financeira|reserva de valor|ouro físico|ETFs brasileiros|ETFs americanos|investimentos nos EUA|proteção contra inflação|dívida dos EUA|ouro como investimento|INVESTIR E COÇAR|DENIS MIYABARA|gold11|iau|GOLD11 2025|etf gld|ETF IAU|etf de ouro,3554,https://i.ytimg.com/vi/6RrnGYrQbAY/maxresdefault.jpg
Pzp6k3goCG0,12 HABITOS dos RICOS SILENCIOSOS!,2025-02-03 22:07:00,2025-02-03 19:07:00,segunda,19,1192,longo,8569,882,52,ricos|milionários|como ficar rico|hábitos dos ricos|mentalidade milionária|dinheiro|investimentos|liberdade financeira|finanças pessoais|educação financeira|como enriquecer|renda passiva|hábitos milionários|mindset financeiro|inteligência financeira|independência financeira|riqueza|segredos dos milionários|como investir|hábitos financeiros|viver de renda|como os ricos pensam|hábitos que te deixam rico|Denis Miyabara|Investir e coçar|rico em silêncio|rico,3201,https://i.ytimg.com/vi/Pzp6k3goCG0/maxresdefault.jpg
OSNXkhCSDb0,6 ETFs que PAGAM DIVIDENDOS MENSAIS,2025-01-30 21:00:17,2025-01-30 18:00:17,quinta,18,1544,longo,42835,3140,150,ETFs que pagam dividendos mensais|melhor ETF para investir em 2024|NDV11|COIN11|DIV11|SPYI11|QQQI11|IWMI11|como investir em ETFs|ETFs para iniciantes|renda passiva com ETFs|o que é um ETF|como funcionam os ETFs|ETFs de dividendos no Brasil|ETFs de Bitcoin|como receber dividendos mensais|ETFs de alta renda|estratégia de dividendos|como diversificar investimentos|como começar a investir em ETFs|denis miyabara|denis miabara|investir e coçar|investir e cocar,4011,https://i.ytimg.com/vi/OSNXkhCSDb0/maxresdefault.jpg
20tFHnzwtSM,"MÁGICA dos 100 MIL REAIS, NUNCA FOI TÃO FÁCIL",2025-01-28 22:12:58,2025-01-28 19:12:58,terça,19,1091,longo,4887,549,75,investidor|renda fixa como funciona|100K|MAGIC NUMBER|MAGICA DOS 100K|juntar 100 mil reais|juntar 10 mil|economia|inteligencia financeira|finanças|denis miyabara|denis miabara|Japao|investir e cocar|investir e coçar|investir e coçar é só comecar|investir|juros compostos,2220,https://i.ytimg.com/vi/20tFHnzwtSM/maxresdefault.jpg
nzUG17EtEz0,Patrimônio do Renato Cariani,2025-01-28 16:02:12,2025-01-28 13:02:12,terça,13,38,short,10876,317,19,,102,https://i.ytimg.com/vi/nzUG17EtEz0/maxresdefault.jpg
m0yJsaVWM6U,EFEITO DEEPSEEK AI pode DESTRUIR as AÇÕES AMERICANAS e UMA QUERIDINHA DA B3!,2025-01-27 22:08:53,2025-01-27 19:08:53,segunda,19,953,longo,5124,508,34,deep seek|ações ia|inteligencia artificial acoes|inteligencia artificial ações|nvidia|nvidia ações|análise fundamentalista|denis miyabara|investir e coçar|bolha ia|bolha inteligencia artificial|nasdaq|ia chinesa|ai chinesa|acoes chatgpt|chatgpt açoes,2213,https://i.ytimg.com/vi/m0yJsaVWM6U/maxresdefault.jpg
LJ5LVoLrT4M,2 FIIs para LUCRAR com SELIC ALTA | FUNDOS IMOBILIÁRIOS 2025 para INICIANTES |,2025-01-23 21:36:00,2025-01-23 18:36:00,quinta,18,1241,longo,4527,534,33,fundos imobiliários 2025|FIIs Selic alta|como investir em FIIs|FIIs para iniciantes|IFIX 2025|fundos imobiliários tijolo|fundos imobiliários papel|melhores FIIs 2025|dividendos FIIs|tributação FIIs 2025|como investir em fundos imobiliários|renda passiva FIIs|fundos híbridos|alta Selic investimentos|fundos imobiliarios|fundos imobiliários|FII|FIIs|denis miyabara|denis miabara|investir e coçar|investir e cocar|vgir11|kncr11,3646,https://i.ytimg.com/vi/LJ5LVoLrT4M/maxresdefault.jpg
d9C3fGsVmeo,CUIDADO ao ESCOLHER sua RENDA FIXA em 2025! Qual o melhor: TESOURO PREFIXADO ou IPCA+?,2025-01-21 23:07:09,2025-01-21 20:07:09,terça,20,1298,longo,3242,390,40,renda fixa|renda fixa 2025|tesouro direto|tesouro prefixado|tesouro ipca+|pos fixados|como começar a investir|ipca+|prefixado|prefixado ou ipca|prefixado 2031|ipca + 7|ipca+ 2029|ntnb|ltn|denis miyabara|investir e coçar|investir e cocar|tesouro ipca,2246,https://i.ytimg.com/vi/d9C3fGsVmeo/maxresdefault.jpg
mEPaACyjI24,4 LIÇÕES que APRENDI LAVANDO LOUÇA aos 13 ANOS no JAPÃO e ME TRANSFORMARAM!,2025-01-14 21:36:00,2025-01-14 18:36:00,terça,18,640,longo,20749,1188,135,JAPÃO|DENIS MIYABARA|denis miabara|investir e coçar|investir e cocar|mindset|trabalho duro|investimentos|mudança de vida|japao|vida no japao|licoes de vida|lições de vida,3043,https://i.ytimg.com/vi/mEPaACyjI24/maxresdefault.jpg
1rQBYR1vJLg,ONDE INVESTIR em 2025?,2025-01-07 23:53:26,2025-01-07 20:53:26,terça,20,1389,longo,3668,441,43,,82,https://i.ytimg.com/vi/1rQBYR1vJLg/maxresdefault.jpg
36tucAKEmZA,FUNDO IMOBILIÁRIO de DATA CENTER VALE a PENA?,2024-12-18 22:35:34,2024-12-18 19:35:34,quarta,19,1074,longo,3517,307,13,alzr11|alzr11 vale a pena|dividendos|fundos imobiliarios|fiis|fii data center|fundo imobiliário data center|data center vale a pena,2497,https://i.ytimg.com/vi/36tucAKEmZA/maxresdefault.jpg
4iU_GVA9skk,NOVO ETF de BITCOIN que PAGA DIVIDENDOS MENSAIS (COIN11),2024-12-15 13:07:00,2024-12-15 10:07:00,domingo,10,774,longo,32666,2297,146,etf de bitcoin|etf bitcoin|etf btc|bitcoin etf|etfs bitcoins|bitcoin|btc|criptomedas|cripto|cripto ativos|bitcoin vale a pena|etf de bitcoin vale a pena|etfs de bitcoin|investimentos|investir etf|bolsa de valores|bitcoin etf blackrock|binance|coinbase|denis miyabara|investir e cocar|investir e coçar|dividendos mensais|etf dividendos mensais|bitcoin dividendos|dividendos de bitcoin|denis miabara|etf|coin|coin11|etf de criptomoeda,3053,https://i.ytimg.com/vi/4iU_GVA9skk/maxresdefault.jpg
4F7lraXFFIc,SELIC DISPAROU a BOLSA DE VALORES JÁ ERA? ONDE INVESTIR com a SELIC SUBINDO?,2024-12-12 22:51:50,2024-12-12 19:51:50,quinta,19,1434,longo,6927,708,102,crise|fundo verde|sthulberger|luis sthulberger|bolsa de valores|bolsa de valores caindo|bolsa de valores derretendo|fiis caindo|fundos imobiliários caindo|onde investir 2025|fez o l|investir e coçar|denis miyabara,3178,https://i.ytimg.com/vi/4F7lraXFFIc/maxresdefault.jpg
kadbN2su14M,"SELIC a 14,5%: INICIO DO FIM e DOMINÂNCIA FISCAL!",2024-12-10 22:39:03,2024-12-10 19:39:03,terça,19,1371,longo,9546,848,109,taxa selic|taxa de juros|selic subindo|selic alta|selic disparou|selic dispara|taxa selic subidno|taxa de juros subindo|dominancia fiscal|dominância fiscal|renda fixa|renda fixa 2025|renda fixa 2024|taxa selic 14.5|selic 12.25|investir renda fixa|tesouro direto|mercado financeiro|banco central|denis miyabara|investir e cocar|investir e coçar,3374,https://i.ytimg.com/vi/kadbN2su14M/maxresdefault.jpg
7tAEOQw0Jo0,CRISE nos FUNDOS IMOBILIÁROS: Entenda isso antes que seja tarde (com estatística),2024-12-08 22:07:00,2024-12-08 19:07:00,domingo,19,1463,longo,10065,1035,89,fundos imobiliários|fundos imobiliarios|fundos imobiliários em queda|crise fundos imobiliários|crise nos fundos imobiliários|melhores fundos imobiliários|fundo imobiliario|fundos imobiliários baratos|como investir em fundos imobiliarios|porque os fundos imobiliários estão caindo tanto|fundos imobiliarios em queda|fundo imobiliário|melhores fundos imobiliarios|canal fui lá e fiz fundos imobiliarios|denis miyabara|investir e coçar|investir e cocar|dividendos,2566,https://i.ytimg.com/vi/7tAEOQw0Jo0/maxresdefault.jpg
K4DD8emvo7c,AÇÕES DEFENSIVAS de DIVIDENDOS!,2024-12-06 21:59:24,2024-12-06 18:59:24,sexta,18,1590,longo,4949,572,34,dividendos|ações dividendos|ações de dividendos|ações que pagam dividendos|dividendos de ações|viver de dividendos|poder dos dividendos|dividendos todos os meses|dividendos 2025|dividendos 2024|dividendos de fiis|como ganhar dividendos|carteira de dividendos|renda passiva|investir em dividendos|melhores ações de dividendos,2418,https://i.ytimg.com/vi/K4DD8emvo7c/maxresdefault.jpg
bruT5jwzkQ0,Aproveite os dividendos #dividendos,2024-12-06 15:06:07,2024-12-06 12:06:07,sexta,12,12,short,1558,54,2,,0,https://i.ytimg.com/vi/bruT5jwzkQ0/maxresdefault.jpg
8tTZ5n64Aas,ETF de GUERRA e dá para INVESTIR na Coreia do Sul?,2024-12-03 23:43:35,2024-12-03 20:43:35,terça,20,941,longo,1534,204,24,etf de guerra|etf defesa|etf guerra|koreia do sul|coreia do sul|3 guerra mundial|etf coreia|etf coreia do sul|etf koreia do sul|investir|proteger seu dinheiro|investimentos|proteção dinheiro|investir e coçar|investir e cocar,2147,https://i.ytimg.com/vi/8tTZ5n64Aas/maxresdefault.jpg
FVt5YmWzg44,"🔥Dólar: NÃO SEJA BURRO, DOLARIZE-SE! (PARTE 2)",2024-12-02 23:38:21,2024-12-02 20:38:21,segunda,20,1290,longo,3505,407,51,dólar|investir em dólar|dolarização|dólar a R$7|ETFs internacionais|como investir no exterior|S&P 500|VNQ|REITs|diversificação internacional|investimentos|dólar alto|economia|mercado financeiro|fundos imobiliários americanos|proteção de patrimônio|denis miyabara|investir e coçar|investir e cocar|dolar,3339,https://i.ytimg.com/vi/FVt5YmWzg44/maxresdefault.jpg
SjsWbVYm4nA,JANJOMETRO no AR,2024-11-29 23:21:04,2024-11-29 20:21:04,sexta,20,71,short,5205,395,48,,0,https://i.ytimg.com/vi/SjsWbVYm4nA/maxresdefault.jpg
hkk-Er1OqSc,"🤡CRISE SEM FIM! ESTÃO ABANDONANDO o BRASIL! DOLAR R$6,00!",2024-11-27 22:07:00,2024-11-27 19:07:00,quarta,19,1093,longo,6919,746,110,crise|bolsa caindo|bolsa de valores|haddad|haddad ao vivo|crise financeira|ibovespa|educação financeira|finanças|bolsa de valores despencando|bolsa de valores caindo|ibovespa caindo|ibovespa derrentendo|dolar disparando|rebaixaram brasil|crise econômica,2445,https://i.ytimg.com/vi/hkk-Er1OqSc/maxresdefault.jpg
xU_r3YXiZtI,BITCOIN COMO INVESTIR? Da mais FÁCIL para a IDEAL,2024-11-26 23:37:26,2024-11-26 20:37:26,terça,20,1164,longo,1690,184,14,bitcoin|como investir em bitcoin|fundos de bitcoin|etf de bitcoin|comprar bitcoin|criptomoedas para iniciantes|investimento em criptomoedas|bitcoin 2024|hashdex|bit11|taxas de bitcoin|tributação de bitcoin|como proteger bitcoin|melhores corretoras de bitcoin|hard wallet bitcoin|btc|bitcoin como investir|btc como investir|investir bitcoin|bitcoin para iniciantes|como comprar bitcoin|denis miyabara|investir e coçar|investir e cocar,3020,https://i.ytimg.com/vi/xU_r3YXiZtI/maxresdefault.jpg
63NV4K8eAsk,WARREN BUFFETT TÁ VENDENDO TUDO! O MAIOR INVESTIDOR do MUNDO está VENDENDO suas AÇÕES!,2024-11-19 22:07:00,2024-11-19 19:07:00,terça,19,707,longo,5332,512,36,bolsa de valores|educação financeira|warren buffett|DENIS MIYABARA|investir e coçar|investir e cocar|buffett|oraculo de omaha|maior investidor do mundo|warren buffett investimentos|berkshire hathaway|warren buffett crise,2212,https://i.ytimg.com/vi/63NV4K8eAsk/maxresdefault.jpg
UXK4cgwzcic,O LIVRO de FINANÇAS que VAI MUDAR SUA VIDA! A PSICOLOGIA FINANCEIRA - MORGAN HOUSEL,2024-11-17 22:37:58,2024-11-17 19:37:58,domingo,19,964,longo,3497,418,24,morgan housel|a psicologia financeira|livro finanças|denis miyabara|investir e coçar|finanças pessoais|como investir|como começar a investir|investimento para iniciantes,2200,https://i.ytimg.com/vi/UXK4cgwzcic/maxresdefault.jpg
qNT1lYuIYqU,AMER3 DISPARA 180% e O MAIOR INVESTIDOR PESSOA FÍSICA das AMERICANAS?,2024-11-14 23:07:14,2024-11-14 20:07:14,quinta,20,1035,longo,9132,540,112,lojas americanas|amer3|lojas americanas análise|americanas amer3|americanas|lojas americanas rombo|lojas americanas vai falir|amer3 vale a pena|amer3 americanas|amer3 ações|amer3 analise|ações das lojas americanas|amer3 caindo|analise amer3 ações|ações americanas amer3|vale a pena comprar amer3|americanas ação|análise completa amer3|ações americanas|Inácio de Barros Melo Neto|MAIOR INVESTIDOR AMER3|denis miyabara|investir e coçar,2182,https://i.ytimg.com/vi/qNT1lYuIYqU/maxresdefault.jpg
b-pfYxbTgIo,ITAÚSA (ITSA4) BONIFICAÇÃO e DIVIDENDOS EXTRAORDINÁRIOS (fim da centaveira?),2024-11-13 23:36:00,2024-11-13 20:36:00,quarta,20,1284,longo,2673,323,20,itsa4|itsa4 dividendos|itsa3|itsa3 ou itsa4|dividendos itsa4|itsa4 vale a pena|itsa4 ou itub4|itub4 ou itsa4?|itsa4 ou itsa3|itsa4 caindo|itsa4 ou itub3|itsa4 ou itub3?|itsa4 2021|itsa4 hoje|itsa4 bonificação|itsa4 barsi|ações itsa4|itub4|itsa4 analise|itsa4 comprar|itub4 ou itsa4|itsa4f|itsa4 b3|itsa4 preço|itsa4 ações|itasa4|itsa3f|itausa itsa4|itsa4 barata|itsa4 balanço|itausa|itaúsa|denis miyabara|investir e coçar,2295,https://i.ytimg.com/vi/b-pfYxbTgIo/maxresdefault.jpg
VnUQ10BiBL8,A Regra Secreta para Economizar Dinheiro que Aprendi no Japão,2024-11-10 21:56:00,2024-11-10 18:56:00,domingo,18,597,longo,2590,387,25,finanças pessoais|canal de finanças|finanças|finanças para mulheres|dicas de finanças|organizar finanças|finança pessoal|aula finanças pessoais|dicas de finanças pessoais|finanças em casal|família e finanças|planilha de finanças|organizar as finanças|raquel mendes finanças|finanças pessoais do zero|como organizar as finanças|fases das finanças pessoais|Denis Miyabara|Investir e cocar|Kakeiko|Segredo dos japoneses|Economizar dinheiro,2089,https://i.ytimg.com/vi/VnUQ10BiBL8/maxresdefault.jpg
RHRVphS4dqE,TRUMP vai te DEIXAR RICO com BITCOIN (ETF de BITCOIN ALAVANCADO),2024-11-08 00:27:50,2024-11-07 21:27:50,quinta,21,856,longo,1606,199,28,bitcoin|btc|trump|donald trump|trump bitcoin|bitcoin donald trump|criptomoedas|cripto|trump trade|etf bitcoin|bitcoin etf|etfs bitcoin|bitcoins|ibit39|ibit|hash11|biti11|bith11|qbtc11,2151,https://i.ytimg.com/vi/RHRVphS4dqE/maxresdefault.jpg
1-30YWQccQQ,ETF de Fundos Imobiliários (FIIs) para Investir na B3,2024-11-05 23:27:00,2024-11-05 20:27:00,terça,20,636,longo,4830,345,23,etf de fiis|etfs de fiis|etf de fundos imobiliarios|etfs de fundos imobiliários|etf de reits|etf de reits na b3|etf de fiis b3|etf dividendos|etf dividendos mensais|investimento em etf|fundos imobiliários|renda variável|fundos imobiliarios|fiis|denis miyabara|investir e coçar|ifix|ifix11|uret11|alug11|alup11 vale a pena|ifix11 vale a pena|bolsa de valores|renda passiva|dividendos mensais,2232,https://i.ytimg.com/vi/1-30YWQccQQ/maxresdefault.jpg
TFhx-qQDxyI,MXRF11 Faz Jogada Milionária e compra outro FII. DIVIDENDOS vão AUMENTAR?,2024-11-01 22:08:11,2024-11-01 19:08:11,sexta,19,807,longo,10107,744,55,mxrf11|mxrf11 vale a pena|mxrf11 caindo|mxrf11 2024|mxrf11 é bom|mxrf11 dividendos|análise mxrf11|mxrf11 fii|mxrf11 é uma boa|mxrf11 caiu|mxrf11 hoje|mxrf11 quanto rende|mxrf11 dividendo é bom|mxrf11 é seguro|mxrf11 analise|fii mxrf11|dividendos mxrf11|mxrf11 queda|queda mxrf11|fundo mxrf11|mxrf11 em queda|mxrf11 ou vghf11|mxrf11 dividendos mensais|mxrf11 caro|denis miyabara|investir e cocar|investir e coçar|bolsa de valores,2438,https://i.ytimg.com/vi/TFhx-qQDxyI/maxresdefault.jpg
wkQpYXEcpHQ,FINANCIAMENTO da CAIXA MUDOU e VAI AFETAR CXSE3! Entenda,2024-10-30 22:07:00,2024-10-30 19:07:00,quarta,19,658,longo,2782,290,25,financiamento caixa|financiamento imobiliário|amortizar financiamento caixa|financiamento|financiamento imobiliario caixa|financiamento imobiliario|novas regras financiamento caixa|amortizar financiamento na caixa|caixa|como funciona financiamento imobiliario caixa|financiamento na caixa|caixa de financiamento|financiamento da caixa|regras financiamento caixa|BOLSA DE VALORES|investir em imóvel|cxse3|denis miyabara|denis miabara|investir e cocar,2231,https://i.ytimg.com/vi/wkQpYXEcpHQ/maxresdefault.jpg
Oa3IntwFRsY,Aquela tia chata dos almoços de domingo,2024-10-29 10:42:40,2024-10-29 07:42:40,terça,7,33,short,1332,60,3,,0,https://i.ytimg.com/vi/Oa3IntwFRsY/maxresdefault.jpg
zjKbi_AyxN4,TESOURO PREFIXADO RISCOS que VOCÊ DEVERIA SABER,2024-10-28 21:36:00,2024-10-28 18:36:00,segunda,18,59,short,1628,135,1,,0,https://i.ytimg.com/vi/zjKbi_AyxN4/maxresdefault.jpg
VeuTmGkTPc0,🤡[PEGADINHA] Tesouro Prefixado é melhor que Fundo Imobiliário? Cuidado...,2024-10-25 21:38:56,2024-10-25 18:38:56,sexta,18,1115,longo,4598,534,42,fiis|fundos imobiliários|tesouro direto|tesouro prefixado|investimentos|renda fixa|como investir|onde investir|melhor investimento 2024|investimento seguro|renda passiva|dividendos|renda mensal|mercado financeiro|taxa selic|finanças pessoais|investir|educação financeira|bolsa de valores|inflação|investidor iniciante|investimento para iniciantes|como começar a investir|aplicar dinheiro|como ficar rico|denis miyabara|investir e coçar|investir e cocar,2349,https://i.ytimg.com/vi/VeuTmGkTPc0/maxresdefault.jpg
QbUQvMKx_xU,Fundos Imobiliários: O PIOR MÊS DO IFIX! OPORTUNIDADE ou CILADA nos FIIs?,2024-10-23 23:38:18,2024-10-23 20:38:18,quarta,20,763,longo,10349,911,100,fii dividendos|investimento|fiis de tijolo|fundos imobiliários|renda passiva|renda variável|fiis|fii|fundos imobiliarios|fundo imobiliarios|fundo imobiliario|fundos imobiliarios 2024|fii 2024|dividendo fii|fundos imobilarios caindo|fiis em queda|fiis caindo|fundos imobiliários caindo|fundos imobiliarios em queda|crise nos fiis|crise fundos imobiliários|denis miyabara|investir e cocar|investir e coçar|denis miabara|bolsa de valores|mxrf11|Vghf11,2360,https://i.ytimg.com/vi/QbUQvMKx_xU/maxresdefault.jpg
THbh8yl4nwI,DIVIDENDOS: Quanto o “rei dos dividendos” Luiz Barsi já GANHOU em PROVENTOS? | A ESTRATÉGIA ORIGINAL,2024-10-20 18:07:00,2024-10-20 15:07:00,domingo,15,629,longo,1740,223,8,dividendos barsi|denis miyabara|investir e coçar|dividendos mensais|barsi dividendos|dividendos|ações de dividendos|vivir de dividendos|dividendos todos os meses|ações dividendos|barsi|clube dos dividendos|ações pagadoras de dividendos|investir e coçar é só começar|dividendos de ações|viver de dividendos|carteira de dividendos|poder dos dividendos|louise barsi|acoes garantem o futuro|ações que pagam dividendos|investimentos|#agf mais dividendos|agf,2262,https://i.ytimg.com/vi/THbh8yl4nwI/maxresdefault.jpg
-9tV52fomY0,🚨NOVA BOLHA da IA: REPETINDO os PASSOS da GRANDE BOLHA da INTERNET! CUIDADO com SEU DINHEIRO,2024-10-17 23:37:28,2024-10-17 20:37:28,quinta,20,480,longo,2237,235,13,denis miyabara|investir e coçar|investir e cocar|denis miabara|bolha ia vai estourar|bolha mercado financeiro|bolha ia|bolha da internet 2000|bolha da internet|crise|bolha inteligencia artificial|crise inteligencia artificial|bolha inteligência artificial|bolha crise|crise bolsa de valores|crise da internet|bolha pontocom|asml derretendo|cisco causou a crise|cisco ação|asml34|asml ação|crise mundial|vendendo ações|Nova crise,1987,https://i.ytimg.com/vi/-9tV52fomY0/maxresdefault.jpg
QKOeeYXAHWo,PIX VAI MUDAR! Entenda,2024-10-16 22:36:00,2024-10-16 19:36:00,quarta,19,20,short,18826,454,13,,766,https://i.ytimg.com/vi/QKOeeYXAHWo/maxresdefault.jpg
HpAzu1tUBqI,FUNDO do PRIMO RICO de PREVIDÊNCIA PRIVADA AFUNDOU?,2024-10-15 23:07:00,2024-10-15 20:07:00,terça,20,772,longo,17124,1076,107,denys miabara|denis miyabara|dennis miabara|arca grao|pgbl|previdencia privada|fundo do primo|fundo do primo rico|previdencia privada do primo rico|previdencia pgbl|pgbl ou vgbl|pgbl primo rico|arca grão|arca grão previdência fic fim|primo rico|previdência privada|fundo primo rico|investir e cocar|investir e coçar|prev|denis,2038,https://i.ytimg.com/vi/HpAzu1tUBqI/maxresdefault.jpg
JWiIAVIXWg4,Relacionamento e dinheiro,2024-10-14 22:54:14,2024-10-14 19:54:14,segunda,19,60,short,3539,248,22,,189,https://i.ytimg.com/vi/JWiIAVIXWg4/maxresdefault.jpg
msD6aZOEhlE,MATE o POBRE INTERIOR com 17 MUDANÇAS de MENTALIDADE para FICAR RICO|OS SEGREDOS da MENTE MILIONÁRIA,2024-10-13 22:07:09,2024-10-13 19:07:09,domingo,19,1247,longo,3256,444,44,denis miyabara|investir e coçar|investir e cocar|os segredos da mente milionaria|napoleon hill|os segredos da mente milionária|segredos da mente milionária|mente milionária|livro os segredos da mente milionária|segredos da mente milionaria|os segredos da mente milionária resumo|segredos da mente|os segredos da mente milionária livro|o segredo da mente milionaria|livro segredos da mente milionária|livro os segredos da mente milionaria|T. harv eker,2144,https://i.ytimg.com/vi/msD6aZOEhlE/maxresdefault.jpg
GZqyp3YflhQ,CSAN3 CENÁRIO MUDOU e SÓ ISSO PODE SALVAR a COSAN...,2024-10-11 21:36:00,2024-10-11 18:36:00,sexta,18,653,longo,12029,830,89,cosan|acoes csan3|acoes cosan|csan3|cosan ações|csan3 análise|cosan csan3|cosan dividendos|csan3 vale a pena|csan3 dividendos|cosan adia ipo|dividendos csan3|cosan cancela ipo|dividendos cosan|cosan barsi|barsi cosan|csna3|cozan|csan|cosan3|barsi csan3|luan onofre|ipo moove|moove ipo|Moove ipo cancelado,2422,https://i.ytimg.com/vi/GZqyp3YflhQ/maxresdefault.jpg
NgfUkvdL6Ic,REGRA 50/30/20 #finanças,2024-10-09 21:07:00,2024-10-09 18:07:00,quarta,18,41,short,1678,78,1,,896,https://i.ytimg.com/vi/NgfUkvdL6Ic/maxresdefault.jpg
Dx48rShFJr8,A VERDADE sobre A MÁGICA DEPOIS DOS 100 MIL REAIS que NINGUÉM TE CONTA...,2024-10-08 22:07:00,2024-10-08 19:07:00,terça,19,933,longo,83423,4925,359,magica 100 mil|magica 100k|magica dos 100 mil|mágica dos 100 mil|charlie munger|xarli munger|charlie manger|finanças|educacao financeira|educação financeira|financas|finanças pessoais|milionário|milionario|100 mil|100k|denis miyabara|investir e coçar|investir e cocar|como juntar 100 mil reais,2343,https://i.ytimg.com/vi/Dx48rShFJr8/maxresdefault.jpg
wJ4BABP1FPY,🔴 MXRF11 CAINDO tá CARO ou BARATO? Não compre antes de assistir este vídeo!,2024-10-04 21:07:00,2024-10-04 18:07:00,sexta,18,751,longo,1888,251,23,mxrf11 caro|investir e cocar|denis miyabara|mxrf|mxrf11 2024|mxrf11 2025|mxrf11 dividendos|dividendos mxrf11|queda mxrf11|mxrf11 queda|fundo mxrf11|mxrf11 é uma boa|fundos imobiliarios|mxrf11|mxrf11 dividendos mensais|mxrf11 hoje|mxrf11 vale a pena|mxrf11 quanto rende|mxrf11 é bom|mxrf11 caindo|mxrf11 é bom?|mxrf11 fii|mxrf11 calote|mxrf11 caiu|mxrf11 é um bom investimento|mxrf11 em queda|fii|bolsa de valores|Analise mxrf11|MXRF11 CAINDO,2568,https://i.ytimg.com/vi/wJ4BABP1FPY/maxresdefault.jpg
HzKa0ELHN44,FUNDO IMOBILIÁRIO: Os BARSI NÃO INVESTEM por isso...,2024-10-02 21:36:00,2024-10-02 18:36:00,quarta,18,24,short,1759,129,8,,0,https://i.ytimg.com/vi/HzKa0ELHN44/maxresdefault.jpg
RcPKWsQIvRo,TESOURO DIRETO: O RISCO OCULTO do TESOURO DIRETO! Entenda,2024-10-01 23:07:00,2024-10-01 20:07:00,terça,20,652,longo,5890,533,21,tesouro direto 2024|greve tesouro direto|tesouro direto|tesouro direto taxa|denis miyabara|investir e coçar|tesouro direto como funciona|tesouro direto prefixado|tesouro direto qual investir|tesouro|tesouro direto marcação a mercado|marcação a mercado no tesouro direto|investidor e cocar|como investir no tesouro direto|tesouro direto para iniciantes|tesouro selic|tesouro ipca|tesouro direto vale a pena|tesouro ipca+|melhor tesouro direto|Tesouro prefixado,2523,https://i.ytimg.com/vi/RcPKWsQIvRo/maxresdefault.jpg
x1KPkX96ISo,REVOLTANTE! DINHEIRO do BOLSA FAMÍLIA nas BETS (JOGO DO TIGRINHO),2024-09-27 23:00:07,2024-09-27 20:00:07,sexta,20,26,short,5270,153,9,,0,https://i.ytimg.com/vi/x1KPkX96ISo/maxresdefault.jpg
Vx1KgB_dyoY,Como escolher fundo imobiliário de TIJOLO? | CHECK LIST de FIIs,2024-09-26 23:36:00,2024-09-26 20:36:00,quinta,20,1068,longo,3065,357,19,Investir e coçar|Denis miyabara|finanças|bolsa de valores|check list fiis|check list fundos imobiliarios|fundos imobiliários|fiis|fii|chcklist fiis|dividendos fiis|dividendos fundos imobiliarios|fundos de tijolos|fundo de tijolo|fundo imobiliario de tijolos|fii de papel|crise nos fundos imobiliarios|crise nos fiis|fundos imobiliarios|fiis de papel|fundos imobiliarios caindo|fii caindo|fundos derretendo|jsre11|fii jsre11,2457,https://i.ytimg.com/vi/Vx1KgB_dyoY/maxresdefault.jpg
PLBe0eosD1Y,OPÇÕES nos EUA na AVENUE (CALL e PUT),2024-09-26 15:12:17,2024-09-26 12:12:17,quinta,12,27,short,5999,127,6,,50,https://i.ytimg.com/vi/PLBe0eosD1Y/maxresdefault.jpg
mojHwGN_rlE,DIVIDENDOS: A MELHOR ESTRATÉGIA para INVESTIR em AÇÕES?,2024-09-25 00:09:18,2024-09-24 21:09:18,terça,21,744,longo,4643,538,28,dividendos|dividendos mensais|viver de dividendos|como receber mais dividendos|RENDA PASSIVA|Investir e coçar|Denis miyabara|finanças|bolsa de valores|ESTRATEGIA DIVIDENDOS|BARSI|LUIZ BARSI|LOUISE BARSI|investimento|ações|investimentos|ações que pagam dividendos|como escolher ações|dividendo yield|décio bazin|petrobrás dividendos|odontoprev|renda passiva com ações|melhores ações para dividendos|DIVIDENDOS 2025|dividendos 2024,2652,https://i.ytimg.com/vi/mojHwGN_rlE/maxresdefault.jpg
yciowxQV4yM,DINHEIRO ESQUECIDO de FALECIDOS,2024-09-23 16:25:20,2024-09-23 13:25:20,segunda,13,51,short,1452,65,2,,289,https://i.ytimg.com/vi/yciowxQV4yM/maxresdefault.jpg
pvHI55Vyu90,O Segredo dos Bilionários para Comprar Ações Baratas! (o Barsi usa a 3º),2024-09-22 21:30:04,2024-09-22 18:30:04,domingo,18,1247,longo,4936,568,25,Investir e coçar|Denis miyabara|finanças|bolsa de valores|ações baratas|onde investir|luiz barsi|comprar acoes baratas|comprar ações baratas|como comprar acoes baratas|acao barata|ação barata|investimento dos bilionários|como barsi compra ações|tecnica secreta compra acoes|dividendos sintéticos|opções|opcoes acoes|call e put|venda de put|compra de call|derivativos de acoes|opção de compra e venda|opção de compra|dividendos|renda passiva|barsi,2276,https://i.ytimg.com/vi/pvHI55Vyu90/maxresdefault.jpg
-UOFWJPilQ4,FIIs NÃO PARAM DE CAIR! HORA de VENDER os FUNDOS IMOBILIÁRIOS?,2024-09-20 21:36:00,2024-09-20 18:36:00,sexta,18,1107,longo,16832,1340,188,Investir e coçar|Denis miyabara|finanças|bolsa de valores|taxa selic vai subir|ações selic|alta da selic|fiis selic|fii cdi|fundos imobiliarios cdi|fiis alta de juros|dividendos|fii dividendos|fundos imobiliarios dividendos|taxa de juros alta fii|fiis caindo|fiis de tijolo|fiis de papel|fundos imobiliarios caindo|fundos imobiliarios caindo o que fazer|fim dos fiis|conto do vigário barsi|barsi fiis,2995,https://i.ytimg.com/vi/-UOFWJPilQ4/maxresdefault.jpg
wYb9_xSNFV8,QUANTO TEMPO para JUNTAR 1 MILHÃO de REAIS? #investimentos,2024-09-20 15:03:30,2024-09-20 12:03:30,sexta,12,25,short,42510,810,10,,334,https://i.ytimg.com/vi/wYb9_xSNFV8/maxresdefault.jpg
0WdsO8Bid3E,"Copo Stanley de graça, CORRE",2024-09-18 15:36:00,2024-09-18 12:36:00,quarta,12,36,short,1914,61,3,,397,https://i.ytimg.com/vi/0WdsO8Bid3E/maxresdefault.jpg
x97piNleBaI,TAXA SELIC SUBIU! Quais AÇÕES PODEM SUBIR e CAIR?,2024-09-17 21:07:01,2024-09-17 18:07:01,terça,18,869,longo,5540,579,32,acoes e taxa de juros|ações selic|Investir e coçar|Denis miyabara|selic vai subir|taxa selic vai subir|taxa de juros subiu|selic subiu e agora|taxa selic aumentou|selic subiu|taxa selic subiu|taxa selic subiu de novo|taxa selic caiu|taxa selic subiu e agora|taxa selic|selic aumentou|taxa de selic|finanças|ações|taxa de juros|selic|bolsa de valores|onde investir|taxa selic e inflação|alta da selic|taxa selic hoje|selic hoje|Copom selic,2611,https://i.ytimg.com/vi/x97piNleBaI/maxresdefault.jpg
zY9TJhHhweA,"PEGUE SEU DINHEIRO ESQUECIDO, ANTES DO GOVERNO",2024-09-16 21:07:00,2024-09-16 18:07:00,segunda,18,23,short,2261,87,3,,0,https://i.ytimg.com/vi/zY9TJhHhweA/maxresdefault.jpg
ZVSCrTX-R4g,"INVESTIR R$1000,00 por MÊS: Dá Para Ganhar 2 Salários Minimos? [RENDA PASSIVA]",2024-09-15 20:07:00,2024-09-15 17:07:00,domingo,17,713,longo,2916,311,28,renda passiva|viver de renda|como viver de renda passiva|viver de renda passiva|Como construir renda passiva|renda passiva de 1000 reais|como viver de renda|como ter renda passiva|o que é renda passiva|como gerar renda passiva|renda ativa e passiva|renda extra|renda passiva com pouco dinheiro|renda ativa|renda passiva e ativa|renda passiva internet|renda passiva com ações|como fazer renda passiva|Investir e coçar|bolsa de valores|finanças|denis miyabara,2488,https://i.ytimg.com/vi/ZVSCrTX-R4g/maxresdefault.jpg
5Nqd3fbrqfA,COMO a BOLHA IMOBILIÁRIA do AIRBNB (AIRB34) PODE TE QUEBRAR? Proteja-se,2024-09-12 23:08:52,2024-09-12 20:08:52,quinta,20,1306,longo,13885,843,64,Investir e coçar|Denis miyabara|finanças|bolsa de valores|crise no airbnb|crise airbnb|airbnb em crise|bolha airbnb|crise imobiliaria|fundos imobiliarios|fundo imobiliario|fiis|dividendos mensais|investimento imobiliario|Vectis|vcrr11|knri11|nova faria lima|investir em imóveis|investimento studio|investir|ifix|dividendos|viver de renda|viver de aluguel|alavancagem consorcio,3028,https://i.ytimg.com/vi/5Nqd3fbrqfA/maxresdefault.jpg
3UPWzmICZMI,ALERTA DE CRISE! O QUE os GRANDES INVESTIDORES SABEM e VOCÊ PRECISA DESCOBRIR!,2024-09-10 23:31:38,2024-09-10 20:31:38,terça,20,1015,longo,19495,1512,111,Investir e coçar|Denis miyabara|finanças|bolsa de valores|crise|a grande crise|crise na bolsa de valores|perigo nos investimentos|sthulberger|luis stuhlberger|fundo verde|verde asset|blackrock|crise nos investimentos|vendendo ações|blackrock vende|investimentos em crise|como investir durante as crises|fique rico na crise|investir nos eua|alerta de crise|vende ações|oportunidade ou crise|oportunidade na crise,2517,https://i.ytimg.com/vi/3UPWzmICZMI/maxresdefault.jpg
Ev_121l6-Sc,Qualquer pessoa POBRE que fizer isso ficará RICA em 6 meses - Warren Buffett,2024-09-08 20:07:00,2024-09-08 17:07:00,domingo,17,793,longo,4564,524,39,qualquer pessoa pobre que fizer isso ficará rica em 6 meses|ficar rico em 6 meses|como fazer seu primeiro milhão em 6 meses|investimento de Warren Buffett|dicas de Warren Buffett|Denis miyabara|investir e coçar|Warren Buffett|educação financeira|conselho de Warren Buffett|estratégia de investimento de Warren Buffett|discurso de Warren Buffett|investindo|como ficar rico|finanças|riqueza passo a passo|entrevista com Warren Buffett|bolsa de valores|Riqueza,2855,https://i.ytimg.com/vi/Ev_121l6-Sc/maxresdefault.jpg
3GDn-kAn1RA,🏚️SELIC ALTA! FUNDOS IMOBILIÁRIOS (FIIs) em Perigo? Como Proteger Seus Investimentos!,2024-09-06 21:07:00,2024-09-06 18:07:00,sexta,18,891,longo,6483,670,34,Investir e coçar|Denis miyabara|finanças|bolsa de valores|fundos imobiliarios|fundos imobiliarios 2024|fiis|crise fundos imobiliarios|fundos imobiliarios em perigo|taxa selic|renda passiva|fundos de papel|fundos de tijolos|dividendos|dividendos fiis|taxa de juros vai subir|selic subiu|taxa de juros e fundos imobiliarios,3238,https://i.ytimg.com/vi/3GDn-kAn1RA/maxresdefault.jpg
GlnrZgr2C2M,MXRF11 CORTA DIVIDENDOS e AGORA O QUE FAZER?,2024-09-03 23:08:01,2024-09-03 20:08:01,terça,20,806,longo,8625,613,45,MXRF11|MAXI RENDA|MXRF12|xpml11|mxrf11 fii|fii mxrf11|mxrf11 2024|mxrf11 é bom|mxrf11 hoje|mxrf11 caro|mxrf11 caiu|queda mxrf11|mxrf11 queda|fundo mxrf11|mxrf11 so cai|mxrf11 é bom?|mxrf11 caindo|mxrf11 calote|mxrf11 vghf11|análise mxrf11|mxrf11 é uma boa|mxrf11 é seguro|mxrf11 emissão|analise mxrf11|finanças|Investir e coçar|Denis miyabara|bolsa de valores|mxrf11 vale a pena|MXRF11 DIVIDENDOS|mxrf11 dividendos mensais|fundos imobiliarios,2243,https://i.ytimg.com/vi/GlnrZgr2C2M/maxresdefault.jpg
mBFYj7K7evY,VALE3 VALE a PENA INVESTIR PENSANDO em DIVIDENDOS? QUANTO INVESTIR para RECEBER 10 MIL DIVIDENDOS?,2024-09-01 23:00:22,2024-09-01 20:00:22,domingo,20,885,longo,3786,382,24,vale3|vale|vale3 dividendos|dividendos vale|vale a pena investir na vale3|vale ações|ações da vale3|vale3 vale a pena investir|vale3 hoje|vale a pena comprar vale3|vale3 ações|vale3 comprar ou vender|vale3 ações hoje|ações vale3 vale a pena|vale3 barata|bolsa de valores|vale3 vale a pena|Denis miyabara|Investir e coçar|Finanças|vale vale3|investir vale3|hora de comprar vale3|expansão da vale|vale3 recompra de ações|vale3 analise,2387,https://i.ytimg.com/vi/mBFYj7K7evY/maxresdefault.jpg
x5kKlD05FmQ,Petz (PETZ3) é a NOVA Ambipar (AMBP3),2024-08-30 16:06:57,2024-08-30 13:06:57,sexta,13,33,short,4171,133,5,,0,https://i.ytimg.com/vi/x5kKlD05FmQ/maxresdefault.jpg
_5f9EFrgRIQ,PETZ (PETZ3) é a NOVA AMBIPAR (AMBP3)? PETZ3 vale a pena?,2024-08-29 21:00:34,2024-08-29 18:00:34,quinta,18,741,longo,4046,327,57,petz3|petz|petz3 vale a pena investir|petz3 vale a pena|petz3 hoje|petz3 analise|petz3 preço alvo|petz3 vai subir|petz3 hora de comprar|petz3 ações 2024|ações petz3|petz3 ações|petz3 comprar ou vender|petz3 comprar|petz petz3|petz3 2024|vale a pena comprar petz3|petz3 subiu|petz3 dividendos|ipo da petz3|acoes petz3|petz3 caindo|petz3 cotação|petz3 subindo|petz3 ipo|ação petz3|Investir e coçar|Denis miyabara|bolsa de valores|Finanças,2480,https://i.ytimg.com/vi/_5f9EFrgRIQ/maxresdefault.jpg
b4lpcLLTlAs,3 ERROS para APRENDER com O MAIOR INVESTIDOR de AMER3 (antes do GRUPAMENTO AÇÕES AMER3),2024-08-26 23:57:14,2024-08-26 20:57:14,segunda,20,1421,longo,5725,430,73,Investir e coçar|Denis miyabara|finanças|bolsa de valores|amer3|americanas|amer3 grupamento|amer3 agrupamento|americanas ações|amer3 ações|amer3 vale a pena|amer3 hoje|amer3 analise|americanas amer3|analise amer3 ações|amer3 americanas|amer3 caindo|grupamento amer3|oibr3 amer3|amer3 ou oibr3|amer3 comprar|ação amer3|amer3 2024|vale a pena comprra amer3|amer3 queda|amer3 acoes|acoes amer3|ações amer3|amer3 vale a pena?,2622,https://i.ytimg.com/vi/b4lpcLLTlAs/maxresdefault.jpg
OL3hmQAVifk,VIBRA (VBBR3) DIVIDENDOS em PERIGO! VBBR3 VAI PAGAR DIVIDENDOS?,2024-08-23 21:57:00,2024-08-23 18:57:00,sexta,18,1005,longo,2376,208,13,vbbr3|VBBR3|vibra|vibra energia|vbbr3 vale a pena investir agora|VBBR3 DIVIDENDOS|vbbr3 preço alvo|vibra energia dividendos|vibra energia ações|VIBRA DIVIDENDOS|vibra energia anuncia dividendos|vibra energia preço justo por ação|vibra energia dividendos por ação|vibra energia preço teto análise|luiz barsi|dividendos|barsi|ações|cosan|csan3|louise barsi|VBBR|luiz barsi filho|finanças|BRDT3|BRDT|Investir e coçar|bolsa de valores|denis miyabara,2497,https://i.ytimg.com/vi/OL3hmQAVifk/maxresdefault.jpg
xH8mChVIWz8,BOLSA de VALORES na MÁXIMA HISTÓRICA e AINDA VAI SUBIR MAIS! (9 AÇÕES para INVESTIR),2024-08-21 21:55:25,2024-08-21 18:55:25,quarta,18,1250,longo,2514,292,32,Investir e coçar|Denis miyabara|finanças|bolsa de valores|como investir|BOLSA DE VALORES|investir na bolsa de valores|investimento bolsa de valores|bolsa de valores para iniciantes|investimento|investir|investir em ações|bolsa maxima historica|bolsa de valores recorde|bolsa de valores maxima|ibovespa maxima|ibov recorde|recorde ibovespa|bolsa de valores 2024|investir na bolsa|investimento na bolsa|bolsa ta barata|ibovespa barato,2908,https://i.ytimg.com/vi/xH8mChVIWz8/maxresdefault.jpg
SVotPbUqJrY,3 ETFs URÂNIO para SALVAR os INVESTIMENTOS em INTELIGÊNCIA ARTIFICIAL (+ação do dono do CHATGPT),2024-08-17 22:00:16,2024-08-17 19:00:16,sábado,19,1000,longo,3714,370,16,Investir e coçar|Denis miyabara|finanças|bolsa de valores|etf uranio|uranio|etf de uranio|uranio etf|etf|como investir em uranio|urânio|etf ura|investir em uranio|uranio investimento|etf urnm|top uranium etf|mercado uranio|global x uranium etf|ações urânio|tese do urânio|acoes uranio|oklo|uranio e ia|inteligência artificial|etf nlr|inteligencia artificial e energia|energia urânio|bill gates|sam altman|chatgpt|openai,3047,https://i.ytimg.com/vi/SVotPbUqJrY/maxresdefault.jpg
z-hRzq_fjbQ,BARSI PREVISÃO sobre AMER3 # investirecocarshorts,2024-08-15 15:51:32,2024-08-15 12:51:32,quinta,12,61,longo,2182,97,7,,0,https://i.ytimg.com/vi/z-hRzq_fjbQ/maxresdefault.jpg
YuVnmn6tt-k,AMBIPAR (AMBP3) ainda VALE a PENA investir nas ações?,2024-08-13 21:58:49,2024-08-13 18:58:49,terça,18,1367,longo,3447,247,25,ambp3|ambp3 vale a pena|ambipar|ambp3 analise|ambp3 ações|ações ambp3|ambp3 dividendos|análise ambp3|ambipar ambp3|ambp3 análise|ambp3 preço alvo|dividendos ambp3|ambp3 ri|ambp3 b3|analise de ações ambp3|ambp3 alta|lucro ambp3|ambp3 queda|short ambp3|ambp3 vale a pena investir|vender ambp3|ambp3 ambipar|ambp3 cotação|ambp3 disparou|ambp3 noticias|finanças|Investir e coçar|bolsa de valores|denis miyabara|ambp3 tanure|ambp3 tercio|ambp,2651,https://i.ytimg.com/vi/YuVnmn6tt-k/maxresdefault.jpg
dd267zOOJFY,FGTS: QUANTO VOCÊ VAI RECEBER? #investirecocarshorts,2024-08-09 15:55:39,2024-08-09 12:55:39,sexta,12,61,longo,1620,76,1,,1840,https://i.ytimg.com/vi/dd267zOOJFY/maxresdefault.jpg
Je2UTeWuYbQ,🔥CRISE: COMO os MAIORES INVESTIDORES ESTÃO PROTEGENDO SEUS INVESTIMENTOS,2024-08-08 22:00:24,2024-08-08 19:00:24,quinta,19,1125,longo,8558,819,57,Investir e coçar|Denis miyabara|finanças|bolsa de valores|ações|japão|nikkei 500|bolsa americana|bolsa japonesa|eua em crise|bolsas derretendo|crise mundial|guerra mundial|investimentos|como proteger seu dinheiro|bitcoin|criptomoedas|como se proteger em crises|como ficar rico|canal de finanças|bitcoin caindo|recessão economica|crise no brasil|crise|crise bolsa de valores|proteger investimentos|queda bolsa de valores|crise investimentos,2293,https://i.ytimg.com/vi/Je2UTeWuYbQ/maxresdefault.jpg
MDAAGCs53RA,AÇÕES de DIVIDENDOS AGOSTO 2024 #investirecocarshorts,2024-08-07 23:30:04,2024-08-07 20:30:04,quarta,20,39,short,938,94,1,,45,https://i.ytimg.com/vi/MDAAGCs53RA/maxresdefault.jpg
qkzqPRdmCE4,VÃO TAXAR a REBECA ANDRADE! TAXA OLÍMPICA #investirecocarshorts,2024-08-06 22:49:30,2024-08-06 19:49:30,terça,19,61,longo,7311,404,45,TAXA OLIMPICA|taxad|rebeca andrade|taxar olimpiadas|imposto olimpico|taxar medalhas|medalha olimpica|taxar medalha olimpica,45,https://i.ytimg.com/vi/qkzqPRdmCE4/maxresdefault.jpg
ie0657JDKwM,NOVA CRISE: O CENÁRIO BASE MUDOU! PREPARE-SE,2024-08-05 23:29:25,2024-08-05 20:29:25,segunda,20,661,longo,5502,602,27,crise|nova crise|novo cenário|crise bolsa de valores|crise investimentos|crise economia|bolsa de valores em queda|bolsa de valores japonesa|crise no japão|circuit breaker japao|bolsa de valores caiu|crise financeira|crise econômica|investir na bolsa de valores|investir em ações|bolsa de valores investimentos|bolsa de valores|finanças|Investir e coçar|denis miyabara|educação financeira,2507,https://i.ytimg.com/vi/ie0657JDKwM/maxresdefault.jpg
iHZW_vWuZS4,AÇÕES MAIS RECOMENDADAS para INVESTIR AGOSTO 2024 #investirecocarshorts,2024-08-04 20:00:19,2024-08-04 17:00:19,domingo,17,36,short,2336,160,5,,0,https://i.ytimg.com/vi/iHZW_vWuZS4/maxresdefault.jpg
7Pddf9k0oqM,20 AÇÕES de INTELIGÊNCIA ARTIFICIAL  [ATUALIZAÇÃO],2024-07-24 21:56:02,2024-07-24 18:56:02,quarta,18,1318,longo,2091,192,17,Investir e coçar|Denis miyabara|finanças|bolsa de valores|investir|investimento|top ações de ia|top ações de semicondutores|ações de semicondutores|ações de bolsa americana|top ações de semicondutores e ia para 2024|bolsa americana|investir no exterior|dolar|investir nos eua|ações para investir em 2024|ações de tecnologia|ações de tecnologia da bolsa americana|inteligencia artifical|semicondutores|ações para 2024|ACOES IA|acoes chatgpt,3032,https://i.ytimg.com/vi/7Pddf9k0oqM/maxresdefault.jpg
Z6tij1cmfhA,AÇÕES ALTERNATIVAS CROWDSTRIKE (CRDW) #investirecocarshorts,2024-07-22 23:00:13,2024-07-22 20:00:13,segunda,20,9,short,2244,100,4,,267,https://i.ytimg.com/vi/Z6tij1cmfhA/maxresdefault.jpg
UUDBP-FFn5U,Qual ação tá boa hoje? #investirecocarshorts,2024-07-22 15:12:35,2024-07-22 12:12:35,segunda,12,2,short,528,36,2,,0,https://i.ytimg.com/vi/UUDBP-FFn5U/maxresdefault.jpg
QEwEdKINys0,BRADESCO (BBDC4) ESTÁ REALMENTE BARATO? (com preço justo),2024-07-18 23:37:07,2024-07-18 20:37:07,quinta,20,967,longo,5444,592,40,BBDC4|BBDC4 BARATA|BBDC4 DE GRAÇA|bradesco ações 2024|bradesco bbdc4|bradesco ações|bbdc4 caindo|ações bradesco vale a pena|bbdc4 vale a pena|bbdc4 dividendos|bbdc4 analise|vale a pena comprar bbdc4|BBDC3|ações do bradesco|bradesco dividendos|bradesco vale a pena|bbdc4 ou bbdc3|ações bradesco|bradesco vale a pena investir|bonificação bbdc4|analise bbdc4|dividendos bradesco bbdc4|Investir e coçar|finanças|Denis miyabara|bolsa de valores,2543,https://i.ytimg.com/vi/QEwEdKINys0/maxresdefault.jpg
J6_gmI6eP-M,TRUMP PRESIDENTE: COMO ISSO AFETA seus INVESTIMENTOS?,2024-07-16 23:31:23,2024-07-16 20:31:23,terça,20,662,longo,2037,276,10,Investir e coçar|Denis miyabara|finanças|bolsa de valores|etf bitcoin|TRUMP|TRUMP VS BIDEN|TRUMP INVESTIMENTOS|ACOES TRUMP|ETF TRUMP|ONDE INVESTIR NOS EUA|ONDE INVESTIR EXTERIOR|E SE O TRUMP GANHAR|ONDE INVESTIR TRUMP|atentado contra trump|donald trump|investir la fora|investir em dolar|eleição eua 2024|DONAL TRUMP INVESTIMENTOS|bitcoin etf,2759,https://i.ytimg.com/vi/J6_gmI6eP-M/maxresdefault.jpg
0cFgnWzLAZc,5 ETFs que DEIXARAM o S&P 500 COMENDO POEIRA!,2024-07-14 21:55:00,2024-07-14 18:55:00,domingo,18,932,longo,3732,379,25,etf|investir etf|como investir em etf|como investir em etfs|investir em etf|quel etf investir|investir etf exterior|vale a pena investir etf|investir em dolar|vale a pena investir em etf|bolsa americana|etfs|etfs bateram sp500|etfs superaram sp500|etfs bateram s&p500|melhores etfs|etfs americanos|etfs o que é|etf americano|investir no exterior|etf irlandes|etfs irlandeses|investir la fora|etf acumulação|denis miyabara|investir e cocar,4086,https://i.ytimg.com/vi/0cFgnWzLAZc/maxresdefault.jpg
rUY80UtNOVg,SEJA DONO DOS POSTOS SHELL e OXXO (CSAN3 e RAIZ4)!,2024-07-12 15:28:33,2024-07-12 12:28:33,sexta,12,26,short,4540,166,16,csan3|csan3 vale a pena|cosan|csan3 cosan|csan3 dividendos|cosan csan3|cosan ações|csan3 analise|ações csan3|raiz4 ou csan3|csan3 preço alvo|grupo cosan|cosan dividendos|csan3 hoje|luiz barsi cosan|cosan vale a pena|cosan analise|csan3 barsi|csan3 ações|cosan barsi|ações cosan|csan3 caindo|csan3 ou raiz4|analise csan3|csan3 ou itsa4|barsi cosan|Investir e coçar|csan3 está barata|bolsa de valores|Denis miyabara|Finanças,3581,https://i.ytimg.com/vi/rUY80UtNOVg/maxresdefault.jpg
OAXShc_xoE8,SMALLCAPS MAIS RECOMENDADAS JULHO 2024,2024-07-11 21:00:27,2024-07-11 18:00:27,quinta,18,51,short,1596,123,5,,63,https://i.ytimg.com/vi/OAXShc_xoE8/maxresdefault.jpg
ALMY397cmkg,COSAN (CSAN3) ESTÁ de GRAÇA e EU VOU TE PROVAR! CSAN3 VALE a PENA INVESTIR? Barsi acha que sim,2024-07-10 22:13:27,2024-07-10 19:13:27,quarta,19,893,longo,19737,1455,91,csan3|csan3 vale a pena|cosan|csan3 cosan|csan3 dividendos|cosan csan3|cosan ações|csan3 analise|ações csan3|raiz4 ou csan3|csan3 preço alvo|grupo cosan|cosan dividendos|csan3 hoje|luiz barsi cosan|cosan vale a pena|cosan analise|csan3 barsi|csan3 ações|cosan barsi|ações cosan|csan3 caindo|csan3 ou raiz4|analise csan3|csan3 ou itsa4|barsi cosan|Investir e coçar|csan3 está barata|bolsa de valores|Denis miyabara|Finanças,3418,https://i.ytimg.com/vi/ALMY397cmkg/maxresdefault.jpg
B6dluDN5v-U,FUNDOS IMOBILIÁRIOS JULHO 2024,2024-07-08 23:20:16,2024-07-08 20:20:16,segunda,20,51,short,1383,92,2,,2292,https://i.ytimg.com/vi/B6dluDN5v-U/maxresdefault.jpg
3mrFtwZorUw,POR QUE os RICOS ESTÃO FICANDO CADA VEZ MAIS RICOS no GOVERNO LULA? Já o POBRE...,2024-07-05 22:21:23,2024-07-05 19:21:23,sexta,19,1256,longo,4548,519,66,Investir e coçar|Denis miyabara|finanças|bolsa de valores|lula|lula pai dos ricos|taxa de juros|inflação|lula vs campos neto|crise governo|crise banco central|banco central vs lula|banco central vs governo|lula critica campos neto|crise,2017,https://i.ytimg.com/vi/3mrFtwZorUw/maxresdefault.jpg
bhlsyonl3Bg,AÇÕES de DIVIDENDOS JULHO 2024,2024-07-04 22:46:59,2024-07-04 19:46:59,quinta,19,49,short,3873,217,2,Dividendos|Dividendos julho 2024|Ações dividendos,215,https://i.ytimg.com/vi/bhlsyonl3Bg/maxresdefault.jpg
Y4WHQiKcv1g,DIVIDENDOS MENSAIS: 4 ÚNICOS ETFs que PAGAM MENSALMENTE na B3! (tem ETF pagando 1% a.m.),2024-07-03 21:04:12,2024-07-03 18:04:12,quarta,18,942,longo,61640,3522,117,ETF DIVIDENDOS MENSAIS|Dividendos Mensais|ETFs|Renda Passiva|Renda Passiva ETFs|Dividendos|SPYI11|QQQI11|NDIV11|DIVD11|Renda Extra|Dividendos Sintéticos|ETFs EUA|ETFs Brasil|Tributação ETFs|Dividendos Mensais 2024|Renda Passiva Mensal|Bolsa de Valores Dividendos|Finanças Pessoais|Educação Financeira|ETF DIVIDENDOS|finanças|bolsa de valores|Bolsa de Valores|Denis miyabara|Investimento|investir e coçar|etf de dividendo|etf nubank dividendos,4097,https://i.ytimg.com/vi/Y4WHQiKcv1g/maxresdefault.jpg
2hl4Vw9ovKk,AÇÕES MAIS RECOMENDADAS JULHO 2024,2024-07-02 22:52:09,2024-07-02 19:52:09,terça,19,42,short,1109,87,3,,215,https://i.ytimg.com/vi/2hl4Vw9ovKk/maxresdefault.jpg
ZSevDJTKWSA,"NOVO IMPOSTO FUNDOS IMOBILIÁRIOS, FIAGROS e ATÉ no PREJUÍZO",2024-07-01 23:40:57,2024-07-01 20:40:57,segunda,20,978,longo,5786,577,94,Investir e coçar|Denis miyabara|finanças|bolsa de valores|taxar fii|taxar fundos imobiliarios|imposto fii|imposto fundos imobiliarios|imposto fiagro|imposto prejuizo|novo imposto fii|novo imposto fundo imobiliario|taxar prejuizo|imposto bolsa de valores,2274,https://i.ytimg.com/vi/ZSevDJTKWSA/maxresdefault.jpg
2YO2sa_Hheg,"NOVO ETF de DIVIDENDOS MENSAIS: QQQI11 (esse sim vale a pena, mas CUIDADO)",2024-06-28 21:36:00,2024-06-28 18:36:00,sexta,18,790,longo,15411,1237,68,dividendos mensais|etf dividendos|etf dividendos mensais|etfs que pagam dividendos mensais|dividendos|dividendos mensais em dolar|dividendos em dolar|etfs dividendos mensais|etf de dividendos|etf de dividendos em dolar|etf dividendos eua|etf de dividendos mensais|dividendos mensais etf|etfs dividendos|etf de dividendo|dividendos mensais 2023|dividendos mensais em dólar|dividendos em dólar|dividendo mensal|qqqi11|investir e cocar|denis miyabara,3271,https://i.ytimg.com/vi/2YO2sa_Hheg/maxresdefault.jpg
JxOx0ADmCDk,BOLHA DOS CARROS TÁ ESTOURANDO,2024-06-26 22:35:51,2024-06-26 19:35:51,quarta,19,11,short,1265,36,3,,0,https://i.ytimg.com/vi/JxOx0ADmCDk/maxresdefault.jpg
PgRNnkgSfUM,"TUDO SOBRE RENDA FIXA: Como escolher, quando comprar e quando vender?",2024-06-26 00:00:03,2024-06-25 21:00:03,terça,21,732,longo,2064,253,19,Investir e coçar|Denis miyabara|finanças|bolsa de valores|renda fixa|renda fixa 2022|renda fixa como funciona|guia basico renda fixa|como investir em renda fixa|melhores titulos ren|melhor renda fixa 2022|melhor renda fixa|renda fixa rico|começando a investir|investimento para iniciantes|reserva de emergencia|tesouro selic|taxa selic|ipca|como começar a investir|como investir,2654,https://i.ytimg.com/vi/PgRNnkgSfUM/maxresdefault.jpg
z2ponq_ewNE,DIAS TRABALHADOS PARA PAGAR IMPOSTO,2024-06-25 15:04:00,2024-06-25 12:04:00,terça,12,17,short,8637,295,22,,0,https://i.ytimg.com/vi/z2ponq_ewNE/maxresdefault.jpg
LJ3LQ996_M8,"ESTUDE, MAS NA DIREÇÃO CERTA #dividendos",2024-06-21 21:01:34,2024-06-21 18:01:34,sexta,18,19,short,2887,116,7,,44,https://i.ytimg.com/vi/LJ3LQ996_M8/maxresdefault.jpg
tCnqE4w-2s8,11 AÇÕES de DIVIDENDOS PAGANDO ACIMA DA TAXA SELIC (depois da manutenção da TAXA de JUROS),2024-06-20 22:36:49,2024-06-20 19:36:49,quinta,19,978,longo,4056,517,13,dividendos|ações que pagam dividendos|viver de dividendos|dividendos de ações|ações de dividendos|Pagadoras de dividendos|dividendos todos os meses|ações dividendos|dividendos bbas3|como invertir en dividendos|dividendos bolsa|dividendos mensais|dividend yield|carteira de dividendos|como viver de dividendos|acoes de dividendos|melhores dividendos|Investir e coçar|Denis miyabara|bolsa de valores|Finanças|taxa selic|renda passiva,2637,https://i.ytimg.com/vi/tCnqE4w-2s8/maxresdefault.jpg
UAKNZOR09Wg,DINHEIRO ESQUECIDO NO FGC PODE SER SEU,2024-06-19 21:00:23,2024-06-19 18:00:23,quarta,18,31,short,2312,55,4,,58,https://i.ytimg.com/vi/UAKNZOR09Wg/maxresdefault.jpg
lNZ0eVX-S3o,NUBANK EM PERIGO,2024-06-19 16:29:46,2024-06-19 13:29:46,quarta,13,51,short,7639,310,14,,0,https://i.ytimg.com/vi/lNZ0eVX-S3o/maxresdefault.jpg
Yygkwdcf2LQ,UNIP6 em Queda Livre: Oportunidade ou Cilada?,2024-06-18 22:09:23,2024-06-18 19:09:23,terça,19,1104,longo,6647,557,59,Investir e coçar|Denis miyabara|finanças|bolsa de valores|unip6|unip3 ou unip6|unip6 dividendos|unip6 vale a pena|unip6 barsi|unip6 analise|unip5 ou unip6|unipar|unip3 unip5 unip6|unip3|unipar ações|unipar dividendos|unipar barsi|unip6 ou unip3|ações da unipar|unipar vale a pena|ações unipar|unip6 preço teto|unip5|unipar preço alvo|investir na unipar|unipar carbocloro|unip6 caindo|unip6f|unip6 hoje|barsi unipar|comprar unip6,2488,https://i.ytimg.com/vi/Yygkwdcf2LQ/maxresdefault.jpg
ZsXBvZOy3_g,NOVA BOLHA de CARROS VAI ESTOURAR?,2024-06-17 22:07:00,2024-06-17 19:07:00,segunda,19,43,short,1858,101,3,,0,https://i.ytimg.com/vi/ZsXBvZOy3_g/maxresdefault.jpg
tRzZue7R400,NOVA BOLHA de CARROS VAI ESTOURAR!,2024-06-16 23:36:30,2024-06-16 20:36:30,domingo,20,1041,longo,17022,1119,73,Investir e coçar|Denis miyabara|finanças|bolsa de valores|bolha do mercado de carros|bolha automotiva 2024|perigo no mercado de carros|carros supervalorizados|comprar carro 2024|riscos no mercado de carros|preço dos carros inflacionado|mercado automotivo|crise no mercado de carros|bolha financeira|economia automotiva|alerta de bolha de carros|bolha de carros|dicas de investimento|como comprar carro|investimentos em carros,3093,https://i.ytimg.com/vi/tRzZue7R400/maxresdefault.jpg
sA85Dcuv8i4,FUNDOS IMOBILIÁRIOS JUNHO 2024 #fiis,2024-06-15 21:36:00,2024-06-15 18:36:00,sábado,18,46,short,1214,90,3,,133,https://i.ytimg.com/vi/sA85Dcuv8i4/maxresdefault.jpg
mcE3jd_2rBs,9 AÇÕES para SE PROTEGER da ALTA DO DÓLAR!,2024-06-13 21:36:00,2024-06-13 18:36:00,quinta,18,766,longo,4797,456,46,dólar alto|ações para proteger da alta do dólar|disparada do dólar|melhores ações na alta do dólar|investir na bolsa brasileira|proteger investimentos da alta do dólar|ações que se beneficiam do dólar alto|investimento seguro na alta do dólar|ações brasileiras com receita em dólar|Denis miyabara|como investir na alta do dólar|suzb3|wege3|ambp3|kepl3|brfs3|petr3|petr4|vale3|finanças|bolsa de valores|investimentos|Investir e coçar,3389,https://i.ytimg.com/vi/mcE3jd_2rBs/maxresdefault.jpg
7omxCjt0mf4,5 PASSOS ESSENCIAS para PLANEJAMENTO FINANCEIRO em CASAL | Dia dos Namorados,2024-06-11 23:45:37,2024-06-11 20:45:37,terça,20,1043,longo,777,113,21,Investir e coçar|Denis miyabara|finanças|bolsa de valores|Finanças Para Casais|Planejamento Financeiro|Investimentos Em Casal|Dicas Financeiras|Controle De Gastos|Educação Financeira|Orçamento Familiar|Objetivos Financeiros|Casais Inteligentes|Fundo De Emergência|Transparência Financeira|Vida Financeira|Dinheiro E Casamento|Construindo Patrimônio|Economia Em Casal|Metas Financeiras|Comunicação No Casamento|Harmonia Financeira|Riqueza Em Casal,1325,https://i.ytimg.com/vi/7omxCjt0mf4/maxresdefault.jpg
XL4A7w1cycU,AÇÕES de DIVIDENDOS JUNHO 2024 #dividendos,2024-06-10 23:05:59,2024-06-10 20:05:59,segunda,20,58,short,1146,120,2,,133,https://i.ytimg.com/vi/XL4A7w1cycU/maxresdefault.jpg
ujqUXowrcBw,NINGUÉM VAI SE APOSENTAR! ROMBO PREVIDENCIA SOCIAL é uma BOMBA RELÓGIO,2024-06-07 00:41:45,2024-06-06 21:41:45,quinta,21,781,longo,3872,382,67,Investir e coçar|Denis miyabara|finanças|bolsa de valores|PREVIDENCIA SOCIAL|INSS|CARTEIRA PREVIDENCIARIA|previdencia privada|inss vai explodir|bomba relogio inss|previdência social,2524,https://i.ytimg.com/vi/ujqUXowrcBw/maxresdefault.jpg
XlA5W5QFbrE,AÇÕES JUNHO 2024,2024-06-05 15:02:05,2024-06-05 12:02:05,quarta,12,33,short,1085,89,5,Ações junho 2024|Acoes junho 2024|Bolsa de valores|Ações mais recomendadas,77,https://i.ytimg.com/vi/XlA5W5QFbrE/maxresdefault.jpg
ZxGUPoWA8bg,É O FIM para BOLSA DE VALORES em 2024...,2024-06-05 00:36:00,2024-06-04 21:36:00,terça,21,973,longo,6132,680,105,Investir e coçar|Denis miyabara|finanças|bolsa de valores|projecao bolsa de valores|bolsa de valores 2024|investir bolsa de valores|bolsa de valores caindo|queda bolsa de valores|pior bolsa de valores do mundo|ibovespa|bolsa de valores brasileira,2590,https://i.ytimg.com/vi/ZxGUPoWA8bg/maxresdefault.jpg
ZxRV_bcAhto,COMO SE PROTEGER DINHEIRO NA NUBANK?,2024-06-03 21:06:00,2024-06-03 18:06:00,segunda,18,60,short,1435,88,6,,0,https://i.ytimg.com/vi/ZxRV_bcAhto/maxresdefault.jpg
4KftY8Ug3LI,7 REGRAS BÁSICAS e ESSENCIAIS do DINHEIRO | RESPEITE e FIQUE RICO,2024-06-02 22:36:04,2024-06-02 19:36:04,domingo,19,725,longo,1988,281,18,leis do dinheiro|regras do dinheiro|dinheiro lei da atração|lei do dinheiro|regra do dinheiro|dinheiro|finanças|educação financeira|regras da riqueza|leis da riqueza|leis para ficar rico|regras para ficar rico|renda passiva|dividendos|como ficar rico|economia|bolsa de valores|denis miyabara|investir e coçar|investir e cocar|ganhar dinheiro|como ganhar dinheiro,2924,https://i.ytimg.com/vi/4KftY8Ug3LI/maxresdefault.jpg
i2d35g7kkVM,E se eu não declarar imposto de renda,2024-05-31 21:06:00,2024-05-31 18:06:00,sexta,18,33,short,3257,134,9,,0,https://i.ytimg.com/vi/i2d35g7kkVM/maxresdefault.jpg
gPasBF3j7eU,INVESTIDOR DEIXA BARSI PARA TRÁS na IRBR3,2024-05-29 15:50:00,2024-05-29 12:50:00,quarta,12,31,short,10559,253,17,,0,https://i.ytimg.com/vi/gPasBF3j7eU/maxresdefault.jpg
Mm4-w7aWy1g,4 ETFs para INVESTIR UMA VEZ e RECEBER DIVIDENDOS para SEMPRE,2024-05-28 23:28:25,2024-05-28 20:28:25,terça,20,856,longo,5981,710,35,etf dividendos|etfs|etf|etf de dividendos|etf de dividendos mensais|etf de dividendos em dolar|etf dividendos eua|investir no exterior|nobl|etf nobl|sdy|etf sdy|regl|vig|etf vig|etf regl|investir nos eua|etf dividendo dolar|etf americano|dividendos em dolar|dividend aritocrats|etf dividendos mensais|dividendos mensais|renda passiva|finanças|bolsa de valores|Denis miyabara|investir e coçar,3080,https://i.ytimg.com/vi/Mm4-w7aWy1g/maxresdefault.jpg
nCOT6jiEQ6Q,Max Titanium VAI SER VENDIDA?,2024-05-27 23:33:08,2024-05-27 20:33:08,segunda,20,42,short,1212,65,1,,0,https://i.ytimg.com/vi/nCOT6jiEQ6Q/maxresdefault.jpg
tqmgTEVPJBU,SUZB3 DESPENCANDO OPORTUNIDADE ou CILADA?,2024-05-26 13:07:00,2024-05-26 10:07:00,domingo,10,629,longo,2012,250,42,suzb3|suzb3 vale a pena|suzb3 analise|suzb3 dividendos|suzb3 ações|suzb3 preço alvo|suzb3 hoje|suzb3 barsi|suzb3 análise|análise suzb3|suzb3 vale a pena investir|dividendos suzb3|suzb4|suzb3 2024|suzb3 ação|suzb3 queda|ações suzb3|suzano suzb3|ações da suzb3|suzb3 e klbn11|suzb3 gráfico|klbn4 ou suzb3|suzb3 investir|suzano|bolsa de valores|investir e coçar|investir e cocar|denis miyabara|Investimento|ações suzano,3143,https://i.ytimg.com/vi/tqmgTEVPJBU/maxresdefault.jpg
Ske7zZEbjjI,Os Barsi não investem em fundos imobiliários por isso...,2024-05-24 22:07:00,2024-05-24 19:07:00,sexta,19,15,short,1303,87,2,,0,https://i.ytimg.com/vi/Ske7zZEbjjI/maxresdefault.jpg
r5RKuxQyQ7o,7 FORMAS de ARRANCAR DINHEIRO do BANCO!,2024-05-23 22:07:00,2024-05-23 19:07:00,quinta,19,901,longo,13927,1183,51,TIRAR DINHEIRO DO BANCO|BANCO TE DAR DINHEIRO|BANCO|BANCOS|sala vip|milhas|ganhar dinheiro do banco|ganhar dinheiro com milhas|finanças pessoais|educação financeira|finanças|denis miyabara|investir e coçar,3823,https://i.ytimg.com/vi/r5RKuxQyQ7o/maxresdefault.jpg
OK8uQBymA70,ETF que PAGA DIVIDENDOS ou AÇÕES?,2024-05-22 21:06:00,2024-05-22 18:06:00,quarta,18,27,short,2483,113,0,,0,https://i.ytimg.com/vi/OK8uQBymA70/maxresdefault.jpg
Aj4JoTWoMNY,ETHEREUM (ETH) NÃO PARA DE SUBIR,2024-05-22 13:06:00,2024-05-22 10:06:00,quarta,10,25,short,497,36,0,,0,https://i.ytimg.com/vi/Aj4JoTWoMNY/maxresdefault.jpg
0IPodyMj0q8,NOVO ETF DIVIDENDOS MENSAIS do ITAÚ na B3 (DIVD11) VALE A PENA?,2024-05-21 22:07:00,2024-05-21 19:07:00,terça,19,537,longo,17610,1388,80,ETF DIVD11|DIVD11|ETF DIVIDENDOS MENSAL ITAU|NOVO ETF DIVIDENDOS MENSAIS|etf dividendo|etf dividendos|etf de dividendo|dividendos mensais 2024|NDIV11|NSDV11|DIVO11|investir|investimento|finanças|etfs de dividendos|dividendos mensais|dividendo todo mes|etfs que pagam dividendos mensais|dividendo mensal|top etfs de dividendos mensais|dividendos mensais etfs|renda passiva|etfs de crescimento|NOVO ETF ITAU|DENIS MIYABARA|INVESTIR E COÇAR,3461,https://i.ytimg.com/vi/0IPodyMj0q8/maxresdefault.jpg
dzOSP4kucPg,4 AÇÕES de DIVIDENDOS MENSAIS,2024-05-17 23:40:14,2024-05-17 20:40:14,sexta,20,592,longo,3030,380,42,dividendos mensais|dividendos|dividendos 2024|dividendos de ações|ações de dividendos|ações dividendos|ações que pagam dividendos|dividendos todos os meses|dividendos bolsa|viver de dividendos|bolsa dividendos|dividendos itau|itub4|itub3|dividendos bradesco|bbdc4|bbdc3|dividendos banestes|bees3|bees4|dividendos jhsf|jhsf3|finanças|bolsa de valores|investir e cocar|Investir e coçar|denis miyabara,2435,https://i.ytimg.com/vi/dzOSP4kucPg/maxresdefault.jpg
1bREi5mQ9O4,REVELADA AÇÃO SECRETA DO MAIOR INVESTIDOR DO MUNDO,2024-05-16 22:07:00,2024-05-16 19:07:00,quinta,19,37,short,4607,204,3,Warren Buffett|Ações|Chubb|Cb|Investir no exterior|Ações no exterior,1117,https://i.ytimg.com/vi/1bREi5mQ9O4/maxresdefault.jpg
4dPGaXBhhpM,ETFs BARSIANOS para INVESTIR e RECEBER DIVIDENDOS em DÓLAR (BESST),2024-05-14 22:00:03,2024-05-14 19:00:03,terça,19,567,longo,1725,220,11,ETF|ETFs|Dividendos|barsi|Bolsa de valores|ETFs dividendos|Setor a prova de Barsi|investimento no exterior|dividendos em dolar|bolsa americana|investir em dolar|dividendos mensais|etf dividiendos|renda passiva|Denis Miyabara|investir e coçar,2374,https://i.ytimg.com/vi/4dPGaXBhhpM/maxresdefault.jpg
utlBvT91WrI,🤑COMO ORGANIZAR SUAS FINANÇAS e GUARDAR DINHEIRO de UM JEITO FÁCIL,2024-05-09 22:01:12,2024-05-09 19:01:12,quinta,19,1434,longo,2015,235,14,finanças pessoais|finanças|canal de finanças|organizar finanças|organizar as finanças|aula finanças pessoais|dicas de finanças pessoais|como organizar as finanças|fases das finanças pessoais|finanças 2024|aula de finanças|finanças básicas|família e finanças|planilha de finanças|finança pessoal|finanças empresariais|finanças pessoais resumo|canal de finanças pessoais|finanças pessoais dinheiro|Denis miyabara|Investir e coçar,2998,https://i.ytimg.com/vi/utlBvT91WrI/maxresdefault.jpg
ndKIAU5gojA,Fundos imobiliários (FIIs) maio 2024,2024-05-04 20:56:01,2024-05-04 17:56:01,sábado,17,46,short,2539,160,7,,218,https://i.ytimg.com/vi/ndKIAU5gojA/maxresdefault.jpg
GkZzIK38dys,FUNDO IMOBILIÁRIO (FII) com POUCO DINHEIRO (MXRF11 e VGHF11),2024-05-03 21:00:11,2024-05-03 18:00:11,sexta,18,658,longo,2410,282,32,mxrf11|vghf11|mxrf11 e vghf11|mxrf11 vale a pena|mxrf11 ou vghf11|vghf11 ou mxrf11|mxrf11 dividendos|vghf11 vale a pena|mxrf11 e vghf11 300 reais todos os meses|vghf11 dividendos|mxrf11 é um bom investimento|vghf11 e mxrf11 comece a investir com 10 reais|mxrf11 e vgh11|00 nos fiis mxrf11 e vghf11|dividendos mxrf11|1000 cotas de vghf11 e mxrf11|mxrf11 2022|mxrf11 ou vghf11 qual comprar 10 reais|investir e coçar|denis miyabara|investir e cocar,4526,https://i.ytimg.com/vi/GkZzIK38dys/maxresdefault.jpg
gRhoS4xyYgU,AÇÕES MAIS RECOMENDADAS MAIO 2024,2024-05-03 20:07:00,2024-05-03 17:07:00,sexta,17,42,short,1476,109,11,,0,https://i.ytimg.com/vi/gRhoS4xyYgU/maxresdefault.jpg
rYzBe9UjNc0,🔴CASAS BAHIA (BHIA3) CHEGOU A HORA DE COMPRAR?,2024-05-02 00:58:53,2024-05-01 21:58:53,quarta,21,779,longo,2157,195,30,bhia3|bhia3 vale a pena|bhia3 cotação|bhia3 analise|casas bahia|ação bhia3|bhia3 hoje|casas bahia bhia3|ações bhia3|ações casas bahia|bhia3 ação|bhia3 milhao|bhia3 caindo|análise bhia3|bhia3 análise técnica|bhia3 análise gráfica|bhia3 comprar ou vender|viia3|bhia3 grupamento|bhia3 analise 2024|bhia3 analise fundamentalista|bhia3 viia3|bhia3 noticias|bhia3 preço hoje|casas bahia ações|bolsa de valores|finanças|investir e coçar,2414,https://i.ytimg.com/vi/rYzBe9UjNc0/maxresdefault.jpg
71kkmDuZdgY,VICIADO em BOLSA de VALORES,2024-05-01 12:36:00,2024-05-01 09:36:00,quarta,9,21,short,387,49,5,,0,https://i.ytimg.com/vi/71kkmDuZdgY/maxresdefault.jpg
Lmc9vgiN_7c,CASAIS INTELIGENTES ENRIQUECEM… opa pera #investimentos,2024-04-29 21:36:00,2024-04-29 18:36:00,segunda,18,15,short,2683,111,22,,0,https://i.ytimg.com/vi/Lmc9vgiN_7c/maxresdefault.jpg
JLLBp4NT8io,4 DICAS JAPONESAS PARA GANHAR DINHEIRO RÁPIDO,2024-04-28 18:36:00,2024-04-28 15:36:00,domingo,15,12,short,5199,216,36,,0,https://i.ytimg.com/vi/JLLBp4NT8io/maxresdefault.jpg
zBnzP8lz2yQ,🟠BANCO INTER (INBR32) MORREU?,2024-04-27 23:36:00,2024-04-27 20:36:00,sábado,20,750,longo,5557,444,61,inbr32|inbr32 vale a pena|inbr32 hoje|inbr31|inbr32 cotação|inbr32 vai subir|inbr32 dividendos|banco inter inbr32|inbr32 analise|inbr32 devo comprar|ações inbr32|brd inbr32|inbr32 vale a pena comprar|investir inbr32|inbr32 fundamentos|vale a pena investir no inbr32?|inbr32 comprar ou vender|inbr32 ações|comprar inbr32|frações bdr inbr32|inter32|análise ações inbr32|ACOES BANCO INTER|ações banco inter|Denis miyabara|investir e coçar,3712,https://i.ytimg.com/vi/zBnzP8lz2yQ/maxresdefault.jpg
Tc0F1FBTMC4,MANDANDO A REAL SOBRE ITAUSA (ITSA4),2024-04-26 15:36:00,2024-04-26 12:36:00,sexta,12,12,short,1191,78,15,,0,https://i.ytimg.com/vi/Tc0F1FBTMC4/maxresdefault.jpg
Rrp59x8wgNU,AÇÕES da TESLA (TSLA) DISPARARAM POR ISSO...,2024-04-25 13:36:00,2024-04-25 10:36:00,quinta,10,39,short,5505,261,28,tesla|ações tesla|ações da tesla|tesla ações|ações da tesla vale a pena|como comprar ações da tesla|vale a pena comprar ações da tesla|comprar ações da tesla|ações da tesla hoje|acoes tesla vale a pena|ações tesla hoje|tesla acoes|vale a pena investir na tesla|acoes tesla elon musk|ações da tesla caindo|como comprar ações da tesla no brasil|investir em acoes da tesla|tesla stock|como investir na tesla|ações tesla 2023|elon musk tesla,83,https://i.ytimg.com/vi/Rrp59x8wgNU/maxresdefault.jpg
UBRkjhD3KsY,NOVA CRISE dos FUNDOS IMOBILIÁRIOS TUDO O QUE É PRECISO SABER para APROVEITAR!,2024-04-23 22:07:00,2024-04-23 19:07:00,terça,19,918,longo,31992,2240,165,fundos imobiliários|fundos imobiliarios|fundos imobiliários para iniciantes|fundos imobiliários baratos|fundos imobiliarios 2024|melhores fundos imobiliarios|fundos imobiliarios baratos|melhores fundos imobiliarios 2024|como investir em fundos imobiliarios|o que são fundos imobiliários|melhores fundos imobiliários|melhores fundos imobiliarios 2023|Crise fundos imobiliários|Nova crise fundos imobiliários|Crise FIIs 2024,4030,https://i.ytimg.com/vi/UBRkjhD3KsY/maxresdefault.jpg
QAsqgHgxGzc,CUIDADO COM o QUE BANCO do BRASIL ESTÁ FAZENDO com SEU DINHEIRO,2024-04-22 23:07:00,2024-04-22 20:07:00,segunda,20,42,short,15812,708,19,Bbas3|Banco do Brasil|Blackrock|ETF bitcoin|ETF bitcoin blackrock|Bbas3 Banco do Brasil|Banco do Brasil bitcoin|Investir e Coçar|Bolsa de valores,266,https://i.ytimg.com/vi/QAsqgHgxGzc/maxresdefault.jpg
gMauwLYvaUg,12 NOVOS HÁBITOS dos POBRES: se continuar assim vai ser POBRE para SEMPRE,2024-04-21 15:00:21,2024-04-21 12:00:21,domingo,12,1217,longo,6033,676,75,pobre|rico|pobreza|habitos de pobre|habitos de rico|mantem na pobreza|12 habitos|hábitos|pobre vs rico|investimentos|pobres|rico versus pobre|rico e pobre|habitos para 2024|denis miyabara|investir e coçar|investir e cocar|finanças|educação financeira|economia|riqueza vs pobreza|hábitos de rico hábitos de pobre|hábitos de pobre|habitos rico vs pobre|hábitos que geram pobreza,3005,https://i.ytimg.com/vi/gMauwLYvaUg/maxresdefault.jpg
5ADR809qUwA,QUANTO RENDE PRÊMIO do BBB 24 em FUNDOS IMOBILIÁRIOS e NUBANK?,2024-04-18 22:07:00,2024-04-18 19:07:00,quinta,19,701,longo,589,76,14,davi bbb 24|premio bbb 24|prêmio bbb24|bbb 2424|quanto rende premio do bbb|quanto rende premio bbb|dividendos bbb|nubank bbb|quanto rende dividendos|quanto rende nuconta|quanto rende nubank|renda passiva|fundos imobiliarios,2706,https://i.ytimg.com/vi/5ADR809qUwA/maxresdefault.jpg
SjbD7tzYmhY,"QUAL MELHOR BANCÃO para INVESTIR? 🌕Banco do Brasil (BBAS3) ou 🔴Santander (SANB4,SANB11)",2024-04-17 00:13:13,2024-04-16 21:13:13,terça,21,854,longo,7288,628,35,bbas3|banco do brasil|santander|sanb3|sanb4|sanb11|ações bbas3|bbas3 desdobramento|vale a pena investir em bbas3|bbas3 analise|bolsa de valores para iniciantes|dividendos bbas3|dividendos sanb11|bbas3 barsi|sanb11 barsi|bolsa de valores|bbas3 vs sanb11|bbas3 ou sanb1|santander ou banco do brasil|bbas3 preço teto|educação financeira|finanças|denis miyabara|investir e coçar,2500,https://i.ytimg.com/vi/SjbD7tzYmhY/maxresdefault.jpg
pG3uXylk89M,DESDOBRAMENTO BANCO do BRASIL (BBAS3),2024-04-15 18:07:00,2024-04-15 15:07:00,segunda,15,23,short,1454,55,2,,0,https://i.ytimg.com/vi/pG3uXylk89M/maxresdefault.jpg
gojnxVlUoV0,"🟡 ETF de BITCOIN (BTC) nos EUA, VALE A PENA? (O melhor ETF ANTES DO HALVING)",2024-04-12 23:31:54,2024-04-12 20:31:54,sexta,20,781,longo,6628,546,30,etf de bitcoin|etf bitcoin|etf btc|bitcoin etf|etfs bitcoins|bitcoin|btc|criptomedas|cripto|cripto ativos|bitcoin vale a pena|etf de bitcoin vale a pena|etfs de bitcoin|investimentos|investir etf|bolsa de valores|bitcoin etf blackrock|binance|coinbase|denis miyabara|investir e cocar|investir e coçar|IBIT|ETF BITCOIN HALVING|halving bitcoin|halving bitcoin 2024,3195,https://i.ytimg.com/vi/gojnxVlUoV0/maxresdefault.jpg
pZ9zI17Y2YM,AÇÕES de EMAGRECIMENTO para INVESTIR (Maria e Maraisa),2024-04-10 21:00:33,2024-04-10 18:00:33,quarta,18,53,short,1187,48,5,,345,https://i.ytimg.com/vi/pZ9zI17Y2YM/maxresdefault.jpg
mKRWNOPGjr8,Top 8 ações de Dividendos 2024,2024-04-10 00:31:05,2024-04-09 21:31:05,terça,21,1133,longo,15899,1498,63,dividendos|dividendos de ações|viver de dividendos|dividendos mensais|dividendos todos os meses|ações de dividendos|carteira de dividendos|ações que pagam dividendos|ações dividendos|dividendos bolsa|dividendo|dividendos de fiis|dividendos 2024|dividendos bbas3|dividend yield|poder dos dividendos,4226,https://i.ytimg.com/vi/mKRWNOPGjr8/maxresdefault.jpg
M04cBAu54LU,6 ETFs de GUERRA que Você Precisa Conhecer AGORA!,2024-04-06 20:00:10,2024-04-06 17:00:10,sábado,17,1148,longo,3629,351,35,ETFs|etf militar|etf guerra|etf defesa|etf ciber segurança|Investimento|Defesa|Segurança|Guerra|Indústria Militar|Finanças|Estratégias de Investimento|Diversificação|Portfólio|Tecnologia Militar|Análise Financeira|Mercado Financeiro|Segurança Nacional|Economia|Geopolítica|Investidores|Proteção Financeira|Gerenciamento De Risco|Educação Financeira|Notícias Financeiras|Melhores ETFs|Investir Com Segurança.|investir e coçar|Denis miyabara|bolsa de valores|etf,3006,https://i.ytimg.com/vi/M04cBAu54LU/maxresdefault.jpg
EtZR26O0n4M,A MELHOR RENDA FIXA para INVESTIR HOJE,2024-04-02 23:27:00,2024-04-02 20:27:00,terça,20,1045,longo,5424,500,24,melhor renda fixa|como investir em renda fixa|renda fixa 2024|selic|renda fixa|ipca|inflacao|juros reais|lci|lca|cri|cra|debenture|renda passiva|investimentos|investir|educação financeira|taxa selic|investir e cocar|investir e coçar|denis miyabara|melhores renda fixa|melhores rendimentos renda fixa 2024,2411,https://i.ytimg.com/vi/EtZR26O0n4M/maxresdefault.jpg
wuYTb5b7vAk,Ganhe dinheiro com o emagrecimento da Maiara e Maraisa #investimentos,2024-03-29 00:27:00,2024-03-28 21:27:00,quinta,21,51,short,7744,167,2,,0,https://i.ytimg.com/vi/wuYTb5b7vAk/maxresdefault.jpg
aG1p8a9IjmU,COMO SABER se a BOLSA de VALORES está CARA ou BARATA?,2024-03-26 21:00:06,2024-03-26 18:00:06,terça,18,850,longo,1221,180,22,bolsa de valores|bolsa de valores barata|bolsa de valores cara|acoes baratas|ações baratas|ação barata|renda variável barata|hora de comprar bolsa de valores|investimentos|investir bolsa de valores|bolsa de valores iniciante|como funciona a bolsa de valores|como investir|como investir na bolsa de valores|finanças|educação financeira|denis miyabara|investir e coçar|investir e cocar,2801,https://i.ytimg.com/vi/aG1p8a9IjmU/maxresdefault.jpg
Fi9tK0j_E_8,IPO REDDIT (RDDT) VALE A PENA? #investimentos,2024-03-22 00:02:29,2024-03-21 21:02:29,quinta,21,61,longo,769,33,0,,426,https://i.ytimg.com/vi/Fi9tK0j_E_8/maxresdefault.jpg
AIhJyah_tZM,5 RISCOS GEOPOLÍTICOS que FARÃO PREÇO na BOLSA de VALORES,2024-03-20 22:43:01,2024-03-20 19:43:01,quarta,19,1027,longo,1230,179,21,geopolitica|geopolítica|crise|risco relativo e risco atribuível|5 riscos geopoliticos|crise financeira|crise bolsa de valores|risco bolsa de valores|crise 2024|investimentos|russia vs ucrania|ataques ciberneticos|ataques terroristas|risco emergentes|Investir e coçar|bolsa de valores|finanças|Denis miyabara,2790,https://i.ytimg.com/vi/AIhJyah_tZM/maxresdefault.jpg
O6Jpz9UbxN4,FGTS: MEUS PAIS USANDO vs EU #investimentos,2024-03-19 23:36:00,2024-03-19 20:36:00,terça,20,10,short,2190,70,5,,0,https://i.ytimg.com/vi/O6Jpz9UbxN4/maxresdefault.jpg
H4ivS1vsGHw,FERRAMENTAS para NUNCA MAIS ERRAR na ESCOLHA de ETF!,2024-03-18 22:06:00,2024-03-18 19:06:00,segunda,19,794,longo,1404,212,12,ETF|etfs|ETF FERRAMENTAS|ETF SITES|COMO ESCOLHER ETF|ETF VALE A PENA|INVESTIMENTO EM ETF|INVESTIR EM ETF|BOLSA DE VALORES ETF|BOLSA DE VALORES|bolsa de valores para iniciantes|etf para iniciantes|denis miyabara|investir e coçar|investir e cocar|melhor etf|melhores etfs|ferramentas de etf|educação financeira|canal de finanças|renda passiva|etf site|etf americano|etfs americanos|etf vale a pena|etf 2024,3590,https://i.ytimg.com/vi/H4ivS1vsGHw/maxresdefault.jpg
DfJ_EL4u3oE,IMPOSTO DE RENDA Será que dá problema?,2024-03-17 16:03:00,2024-03-17 13:03:00,domingo,13,7,short,4397,104,3,,0,https://i.ytimg.com/vi/DfJ_EL4u3oE/maxresdefault.jpg
oe-MQSC4oU0,Como começar a investir na bolsa de valores? #investimentos,2024-03-16 22:37:00,2024-03-16 19:37:00,sábado,19,34,short,318,19,0,,77,https://i.ytimg.com/vi/oe-MQSC4oU0/maxresdefault.jpg
FnHOSAhw-P0,SMALLCAPS MARÇO 2024,2024-03-15 23:00:08,2024-03-15 20:00:08,sexta,20,50,short,678,60,5,,54,https://i.ytimg.com/vi/FnHOSAhw-P0/maxresdefault.jpg
qe2uhtQwQRM,BITCOIN (BTC) e a dor de C*RNO #bitcoin,2024-03-15 10:37:00,2024-03-15 07:37:00,sexta,7,7,short,860,34,2,,0,https://i.ytimg.com/vi/qe2uhtQwQRM/maxresdefault.jpg
U4Do551R8xU,💰 SALÁRIO TODO MÊS SEM TRABALHAR! QUANTO PRECISO INVESTIR?,2024-03-14 22:14:32,2024-03-14 19:14:32,quinta,19,612,longo,1514,202,35,dividendos|renda passiva|renda extra|quanto investir|bolsa de valores|investimentos|investir em dividendos|denis miyabara|investir e coçar|investir e cocar|finanças|finanças pessoais para iniciantes|bolsa de valores para principiantes|ações que pagam dividendos|cartera de dividendos|acoes de dividendos|acoes mais recomendadas de dividendos|dividendos março 2024|receber sem trabalhar|receber sem fazer nada|renda sem trabalhar,2797,https://i.ytimg.com/vi/U4Do551R8xU/maxresdefault.jpg
y-891Hc_UL0,AÇÕES de DIVIDENDOS MAIS RECOMENDADAS para INVESTIR MARÇO 2024 #dividendos,2024-03-14 00:27:00,2024-03-13 21:27:00,quarta,21,61,longo,1360,81,7,Dividendos|Ações de dividendos|Bolsa de Valores|Investimentos,2236,https://i.ytimg.com/vi/y-891Hc_UL0/maxresdefault.jpg
YxLzaSN2a1M,"🟡 ETF de BITCOIN (BTC) no BRASIL,VALE a PENA?(🟢VANTAGENS e 🛑DESVANTAGENS)",2024-03-12 22:07:00,2024-03-12 19:07:00,terça,19,774,longo,19996,1210,72,etf de bitcoin|etf bitcoin|etf btc|bitcoin etf|etfs bitcoins|bitcoin|btc|criptomedas|cripto|cripto ativos|bitcoin vale a pena|etf de bitcoin vale a pena|etfs de bitcoin|investimentos|investir etf|bolsa de valores|bitcoin etf blackrock|binance|coinbase|denis miyabara|investir e cocar|investir e coçar,2768,https://i.ytimg.com/vi/YxLzaSN2a1M/maxresdefault.jpg
kfPIg5BL4S0,Fundos Imobiliários Março 2024 #fundosimobiliários,2024-03-11 22:07:00,2024-03-11 19:07:00,segunda,19,51,short,2691,157,4,,2184,https://i.ytimg.com/vi/kfPIg5BL4S0/maxresdefault.jpg
y6bde2gKrbY,Capitalismo malvadão faz mais uma vítima,2024-03-07 10:07:00,2024-03-07 07:07:00,quinta,7,15,short,8378,278,16,,556,https://i.ytimg.com/vi/y6bde2gKrbY/maxresdefault.jpg
FbeWRqYxkdI,Toda vez eu penso: Só? #investidor,2024-03-06 10:07:00,2024-03-06 07:07:00,quarta,7,25,short,474,26,1,,0,https://i.ytimg.com/vi/FbeWRqYxkdI/maxresdefault.jpg
LcTrS1bvnfw,IRBR3 VS SQUADRA | COMO ESTÁ o FUNDO que DESCOBRIU a FRAUDE na IRB 4 anos depois?(NOVA RECOMENDAÇÃO),2024-03-05 23:07:00,2024-03-05 20:07:00,terça,20,818,longo,3295,288,82,irbr3|irbr3 re|irbr3 hoje|irbr3 2024|irbr3 barsi|irbr3 caindo|irbr3 analise|irb brasil|irbr3 noticias|irbr3 resultado|irbr3 dividendos|irbr3 longo prazo|irbr3 vale a pena|irbr3 açao|açao irbr3|açoes irbr3|irbr3 açoes|irbr3 análise|irbr3 resultados 4t20|viver de renda|irb brasil resseguros|investir|irb brasil açao|irb brasil açoes|irb brasil vale a pena investir|barsi|denis miyabara|investir e coçar|dividendos|luiz barsi|irb|bolsa de valores,2567,https://i.ytimg.com/vi/LcTrS1bvnfw/maxresdefault.jpg
CNOm-1L3b5o,AÇÕES MARÇO 2024 #investimentos,2024-03-04 23:21:00,2024-03-04 20:21:00,segunda,20,59,short,4379,210,5,,2149,https://i.ytimg.com/vi/CNOm-1L3b5o/maxresdefault.jpg
76tzPj0fSVI,"PETR4 DIVIDENDOS, BITCOIN DISPARA e AÇÕES ""CALABRESO""na Bolsa de Valores | RESUMÃO DO JAPÃO",2024-03-03 23:37:48,2024-03-03 20:37:48,domingo,20,418,longo,1106,152,13,petrobras|petr3|petr4|dividendos|ceo petrobras|brfs3|mrfg3|beef3|jbss3|bitcoin|btc|bolsa de valores|nasdaq|investimentos|investir|economia|finanças|investir e coçar|investir e cocar|denis miyabara|dividendos petrobras|petrobras ações|ações da petrobras,4006,https://i.ytimg.com/vi/76tzPj0fSVI/maxresdefault.jpg
PTc7hh-TbgY,O REIT para DIVIDENDOS MENSAIS em DÓLAR,2024-03-01 23:04:35,2024-03-01 20:04:35,sexta,20,839,longo,8593,785,48,dividendos em dolar|investir no exterior|dividendos mensais|reits|reit|fundos imobiliarios|fundos imobiliários para iniciantes|renda mensal em dolar|investir la fora|fundos imobiliarios eua|renda em dolar|reits americanos|realty income|reit o|investimentos|bolsa de valores|equity reit|fundos de tijolos|investir|investir e coçar|denis miyabara|investimento no exterior|como receber dividendos em dolar|renda passiva|bolsa americana,2553,https://i.ytimg.com/vi/PTc7hh-TbgY/maxresdefault.jpg
cRjZKPHR_2g,ELE GANHOU 40X com BYD que lançou o DOLPHIN MINI,2024-02-28 23:36:00,2024-02-28 20:36:00,quarta,20,61,longo,3712,118,3,,691,https://i.ytimg.com/vi/cRjZKPHR_2g/maxresdefault.jpg
-K6Pr1H_R9w,Investimento longo prazo #investimentos,2024-02-28 15:07:00,2024-02-28 12:07:00,quarta,12,37,short,980,33,2,,0,https://i.ytimg.com/vi/-K6Pr1H_R9w/maxresdefault.jpg
9Fahk5tPQsE,5 FUNDOS IMOBILIÁRIOS para INVESTIR COM POUCO DINHEIRO e RECEBER DIVIDENDOS MENSAIS!,2024-02-27 22:07:19,2024-02-27 19:07:19,terça,19,595,longo,1789,231,22,fundos imobiliários|fundos imobiliarios|melhores fundos imobiliarios|fundos imobiliarios 2024|fundos imobiliarios baratos|como investir em fundos imobiliarios|melhores fundos imobiliarios 2024|melhores fundos imobiliários|fundos imobiliários baratos|fundos imobiliários para iniciantes|fundos imobiliários 2023|fundo imobiliário|fundo imobiliario|fundos imobiliarios investir|bolsa de valores|Denis Miyabara|Investir e cocar|investir e coçar|fiis|fii|dividendos,3070,https://i.ytimg.com/vi/9Fahk5tPQsE/maxresdefault.jpg
J5uMXElsad4,Viciado em dividendos 🫣 #dividendos,2024-02-26 15:07:00,2024-02-26 12:07:00,segunda,12,6,short,685,54,8,,46,https://i.ytimg.com/vi/J5uMXElsad4/maxresdefault.jpg
F4Qu7EZMd2c,"GANHE AÇÕES DE GRAÇA nesse IPO, PETZ3 DECOLA e ITSA4 DIVIDENDOS GORDOS",2024-02-26 00:08:47,2024-02-25 21:08:47,domingo,21,623,longo,3091,391,25,ipo|ipo reddit|petz3|itausa|itsa4|itub4|dividendos itausa|ganhe ações de graça|reddit vai dar ações|bbdc4|nubank|roxo34|nvdia|nvda34|bolsa de valores|investimentos|investir|economia|fechamento do japao|denis miyabara|investir e coçar|investir e cocar|bolsa de valores para iniciantes,3977,https://i.ytimg.com/vi/F4Qu7EZMd2c/maxresdefault.jpg
cyfMCAIuLcg,"KOMPRA KAI, Já assistiram essa série? #investimentos",2024-02-25 15:07:00,2024-02-25 12:07:00,domingo,12,5,short,10014,309,8,,0,https://i.ytimg.com/vi/cyfMCAIuLcg/maxresdefault.jpg
CGE1io9zrVc,IMPOSTO de RENDA 2024 #investimentos,2024-02-24 12:00:08,2024-02-24 09:00:08,sábado,9,17,short,2954,101,2,,0,https://i.ytimg.com/vi/CGE1io9zrVc/maxresdefault.jpg
jhmmzCrpUzY,"3 PASSOS OBRIGATÓRIOS em NOVAS EMISSÕES de FUNDOS IMOBILIÁRIOS (MXRF11,PVBI11,BTLG11,VISC11)",2024-02-23 00:36:00,2024-02-22 21:36:00,quinta,21,908,longo,1427,171,19,novas emissoes fiis|novas emissões fundos imobiliarios|fundos imobiliarios|subscrição fundos imobiliários|subscrição de fiis|fundo imobiliario|fiis|dividendos fiis|xpml11|visc11|mxrf11|dividendos|pvbi11|fundos imobiliários|subscricao fiis|melhores fundos imobiliários|fiis vale a pena|fundos imobiliarios vale a pena investir|renda passiva|educação financeira|ganhar dinheiro|Investir e coçar|investimentos|finanças|Denis miyabara|Bolsa de valores,2931,https://i.ytimg.com/vi/jhmmzCrpUzY/maxresdefault.jpg
1uD2nKm7W9o,ARREPENDIMENTO DO INVESTIDOR #nvda,2024-02-22 12:00:03,2024-02-22 09:00:03,quinta,9,26,short,601,22,4,,0,https://i.ytimg.com/vi/1uD2nKm7W9o/maxresdefault.jpg
mC_I4RJdEcQ,ITAUSA (ITSA4) DIVIDENDOS #investimentos,2024-02-21 10:07:00,2024-02-21 07:07:00,quarta,7,26,short,1346,81,3,,0,https://i.ytimg.com/vi/mC_I4RJdEcQ/maxresdefault.jpg
zpm6Mrm4lCM,9 INVESTIMENTOS SEM IMPOSTO de RENDA (AINDA),2024-02-20 23:36:07,2024-02-20 20:36:07,terça,20,748,longo,1269,131,14,Investir e coçar|Denis miyabara|finanças|bolsa de valores|lci|lca|inseto de ir|isento de imposto de renda|cra|cri|debenture|debentures incentivadas|dividendos|renda fixa|investimentos isentos de ir|investir sem imposto de renda|renda passiva,3343,https://i.ytimg.com/vi/zpm6Mrm4lCM/maxresdefault.jpg
eJEOk5QR5X8,Qual ticker de ação você Tatuaria? #investimentos,2024-02-20 15:07:00,2024-02-20 12:07:00,terça,12,21,short,380,9,6,,0,https://i.ytimg.com/vi/eJEOk5QR5X8/maxresdefault.jpg
7ivKJlS0bjw,"COMEÇOU! Bolha da Inteligência Artificial, Inflação Alta nos EUA e Michael Burry arregou pra NVDIA",2024-02-18 23:36:00,2024-02-18 20:36:00,domingo,20,587,longo,1522,198,13,Investir e coçar|Denis miyabara|finanças|bolsa de valores|Warren Buffett|Warren buffett Apple|Appl|Michael burry|NVDIA|NVDA|BOLHA IA|BOLHA INTELIGÊNCIA ARTIFICIAL|BOLSA DE VALORES|INVESTIMENTOS|INVESTIR E COCAR,3574,https://i.ytimg.com/vi/7ivKJlS0bjw/maxresdefault.jpg
pYkfwk1c9ms,8 Fundos Imobiliários de Tijolos Baratos,2024-02-17 00:36:17,2024-02-16 21:36:17,sexta,21,1016,longo,19856,1453,75,fundos imobiliarios|fundos imobiliarios 2024|fundos imobiliários|fundo imobiliario|fii|fiis|dividendos|fundo de tijolos|fundos de tijolos|ifix|fundos imobiliarios baratos|fundos de tijolos baratos|economia|finanças|bolsa de valores|investir|investimentos|investir e coçar|investir e cocar|melhores fiis|melhores fundos imobiliarios,3299,https://i.ytimg.com/vi/pYkfwk1c9ms/maxresdefault.jpg
XEfMJdEEdH8,Explicando imposto #investimentos,2024-02-15 22:07:00,2024-02-15 19:07:00,quinta,19,46,short,2677,100,16,,0,https://i.ytimg.com/vi/XEfMJdEEdH8/maxresdefault.jpg
DPcG8vKKL6M,Barsi não aguenta mais esperar o jacaré abrir a boca #dividendos,2024-02-14 21:39:00,2024-02-14 18:39:00,quarta,18,8,short,7285,119,4,,0,https://i.ytimg.com/vi/DPcG8vKKL6M/maxresdefault.jpg
ZWRoxUrk7-s,VOCÊ DEVERIA SABER QUAL É ESSA AÇÃO e APRENDER com Warren Buffett,2024-02-13 22:12:08,2024-02-13 19:12:08,terça,19,740,longo,2602,337,16,Warren Buffett|Berkshire Hathaway|investimento|ações|bolsa de valores|mercado financeiro|análise fundamentalista|estratégia de investimento|carteira de investimentos|Apple|Coca-Cola|American Express|Wells Fargo|dividendos|futuro da economia|appl|amx|brka|brk|brkb|occidental petroleum|oxy|recompra de ações|finanças|educação financeira|denis miyabara|investir e coçar|investir e cocar,4732,https://i.ytimg.com/vi/ZWRoxUrk7-s/maxresdefault.jpg
NPpe2VfgYho,"Bradesco (BBDC4) desaba 16%, BB (BBAS3) 45% PayOut e OPA da CIELO (CIEL3)",2024-02-11 22:06:29,2024-02-11 19:06:29,domingo,19,620,longo,4073,430,28,bbdc4|bbdc3|bradesco|bbas3|banco do brasil|bbdc3 vale a pena|bbdc4 ou bbdc3|bbas3 dividendos|cielo|ciel3|opa ciel3|bolsa de valores|investir|investimentos|investir e cocar|investir e coçar|denis miyabara|educação financeira|finanças|bradesco ações|ações bradesco,3842,https://i.ytimg.com/vi/NPpe2VfgYho/maxresdefault.jpg
agiBnZPqs70,TÁ MELHOR QUE ITAUSA (ITSA4) #dividendos,2024-02-10 18:03:00,2024-02-10 15:03:00,sábado,15,14,short,3450,108,2,,0,https://i.ytimg.com/vi/agiBnZPqs70/maxresdefault.jpg
Ne9tO149tek,LCI e LCA pela NUBANK VALE A PENA?,2024-02-09 21:36:00,2024-02-09 18:36:00,sexta,18,876,longo,4183,219,31,lci|nubank|lci nubank|lci e lca|lci lca nubank|lci e lca nubank|lci nubank vale a pena|lci ou cdb|rendimento lci nubank|lca nubank|nubank investimento|nubank lci|nubank lci lca|nubank investimentos|nubank vale a pena|nubank lci e lca|nubank investir lci|investir lci nubank|vale a pena lci nubank|lci ou caixinha nubank|cdb ou lci|quanto rende lci nubank|nubank caixinha|nubank investimento lci|caixinha nubank|investir e coçar|denis miyabara,3117,https://i.ytimg.com/vi/Ne9tO149tek/maxresdefault.jpg
479BNjbqEdE,NUBANK DINHEIRO PROTEGIDO NO CARNAVAL #INVESTIMENTOS,2024-02-09 18:36:00,2024-02-09 15:36:00,sexta,15,43,short,2694,92,1,,0,https://i.ytimg.com/vi/479BNjbqEdE/maxresdefault.jpg
n2rNI2yaZ8w,Sócio do THE ROCK #investimentos,2024-02-08 01:04:00,2024-02-07 22:04:00,quarta,22,56,short,2310,124,3,,60,https://i.ytimg.com/vi/n2rNI2yaZ8w/maxresdefault.jpg
7LVVubb3zz0,9 AÇÕES que PAGAM DIVIDENDOS ACIMA DA TAXA SELIC,2024-02-06 22:22:21,2024-02-06 19:22:21,terça,19,882,longo,1910,285,11,dividendos|dividendos de ações|ações que pagam dividendos|ações dividendos|ações de dividendos|dividendos mensais|dividendos todos os meses|dividendo|viver de dividendos|dividendos de fiis|como ganhar dividendos|ações que pagam dividendos mensalmente|ações pagadoras de dividendos|bolsa de valores|investimentos|educação financeira|finanças|denis miyabara|investir e coçar|investir e cocar,2831,https://i.ytimg.com/vi/7LVVubb3zz0/maxresdefault.jpg
XhOUKkh9afk,CIELO (CIEL3) VAI FECHAR CAPITAL😱 #investimentosE,2024-02-06 02:00:12,2024-02-05 23:00:12,segunda,23,49,short,10732,389,17,,464,https://i.ytimg.com/vi/XhOUKkh9afk/maxresdefault.jpg
mIJyXscsmKk,Apple Vision Pro chegou 😱,2024-02-05 12:00:44,2024-02-05 09:00:44,segunda,9,8,short,7459,143,6,,0,https://i.ytimg.com/vi/mIJyXscsmKk/maxresdefault.jpg
Pqf2uHXgTtA,"META vai PAGAR DIVIDENDOS, PETROBRAS nas MÁXIMAS e BOLSA de VALORES DERRETE",2024-02-04 23:06:51,2024-02-04 20:06:51,domingo,20,395,longo,1015,171,6,meta|meta34|petrobras|petr4|petr3|dividendos|ações|acoes|gol|goll4|investimentos|investir|educaçao financeira|payroll|ibovespa caiu|investir e cocar|denis miyabara|resumaodojapao,3205,https://i.ytimg.com/vi/Pqf2uHXgTtA/maxresdefault.jpg
F8AKWAU4z3A,IMPORTANTE a PREPARAÇÃO para INVESTIR. COMO VOCÊ SE PREPARA?,2024-02-03 21:36:00,2024-02-03 18:36:00,sábado,18,15,short,6611,155,,,0,https://i.ytimg.com/vi/F8AKWAU4z3A/maxresdefault.jpg
snxQ1p3vyGg,Taxa selic caiu hora de escolher as ações #investimentos,2024-02-02 23:08:44,2024-02-02 20:08:44,sexta,20,20,short,6848,176,19,,0,https://i.ytimg.com/vi/snxQ1p3vyGg/maxresdefault.jpg
yV-P1uq_Bqg,TAXA SELIC CAIU: HORA de VOLTAR PARA BOLSA DE VALORES?,2024-02-01 21:36:00,2024-02-01 18:36:00,quinta,18,778,longo,2199,306,19,Investir e coçar|Denis miyabara|finanças|bolsa de valores|taxa selic|taxa de juros|acoes|smallcaps|smallcap|fii|fundos imobiliarios|carteira de investimentos|investir|taxa selic caiu|taxa de juros caiu|renda fixa|renda variavel|voltar bolsa de valores,2916,https://i.ytimg.com/vi/yV-P1uq_Bqg/maxresdefault.jpg
IK3zhglmbqg,"TAXA SELIC CAIU 11,25% #INVESTIMENTOS",2024-01-31 12:03:00,2024-01-31 09:03:00,quarta,9,23,short,10406,161,2,,396,https://i.ytimg.com/vi/IK3zhglmbqg/maxresdefault.jpg
XL8OKui3njE,Esse negócio de independência financeira acho que não existe 🤣#investimentos,2024-01-30 01:00:20,2024-01-29 22:00:20,segunda,22,19,short,13564,342,34,,0,https://i.ytimg.com/vi/XL8OKui3njE/maxresdefault.jpg
1oaLZzAKcw8,"IRBR3 Lucra, Mantega na VALE3 e Luciano Huck se Revolta com o Governo",2024-01-29 00:07:00,2024-01-28 21:07:00,domingo,21,659,longo,3364,331,31,bolsa de valores|investimentos|investir|vale3|irbr3|netflix|ntflx|ibm|tesla|tsla|ntflx34|tsla34|luciano huck|guido mantega|educacao financeira|denis miyabara|fechamento do japao|finanças|investir e cocar|investir e coçar,3723,https://i.ytimg.com/vi/1oaLZzAKcw8/maxresdefault.jpg
O-QAKCZuHwY,8 FATORES que FARÃO PREÇO na BOLSA DE VALORES 2024,2024-01-27 21:36:00,2024-01-27 18:36:00,sábado,18,1442,longo,1936,295,29,bolsa de valores|bolsa de valores 2024|investir 2024|investimentos 2024|bolsa de valores iniciantes|bolsa de valores valutation|valuation ibovespa|selic|taxa de juros|inflação|preço ibovespa|investimento|ibovespa|ibov|renda variável|investimentos principiantes|denis miyabara|investir e cocar,3245,https://i.ytimg.com/vi/O-QAKCZuHwY/maxresdefault.jpg
wR8kPS5sXGg,IRBR3 DEU LUCRO DE NOVO #investimentos,2024-01-24 19:38:10,2024-01-24 16:38:10,quarta,16,16,short,4523,131,5,,0,https://i.ytimg.com/vi/wR8kPS5sXGg/maxresdefault.jpg
4T2WaG9FYPA,O MELHOR INVESTIMENTO para 2024! COMO INVESTIR em 2024?,2024-01-24 00:36:44,2024-01-23 21:36:44,terça,21,1670,longo,3012,340,35,melhores investimentos para 2024|investimentos|melhores investimentos|investimentos para 2024|melhor investimento para 2024|melhor renda fixa 2024|investimentos 2024|onde investir em 2024|investimento|melhor investimento renda fixa 2024|renda fixa 2024|melhores ações para 2024|melhores investimentos 2024|melhor investimento renda fixa|ações para 2024|melhor investimento 2024|melhores ações 2024|melhores fundos imobiliarios 2024|investir e coçar|denis miyabara,4141,https://i.ytimg.com/vi/4T2WaG9FYPA/maxresdefault.jpg
NsDAyzDh2Sg,"A ESTRATÉGIA por TRÁS da DÍVIDA BILIONÁRIA do Pai Rico, Pai Pobre (Robert Kiyosaki)",2024-01-14 23:36:00,2024-01-14 20:36:00,domingo,20,671,longo,3680,403,21,Investir e coçar|Denis miyabara|finanças|bolsa de valores|pai rico pai pobre|pai rico|robert kiyosaki|robert kiyosaki divida|ativo e passivo|dividas|alavancagem,3726,https://i.ytimg.com/vi/NsDAyzDh2Sg/maxresdefault.jpg
s1GQZ1xX30k,10 AÇÕES QUERIDINHAS dos INVESTIDORES PROFISSIONAIS,2024-01-09 22:11:00,2024-01-09 19:11:00,terça,19,729,longo,2099,313,15,super ricos|ricos|onde ricos investem|investimendo de rico|dividendos|10 ações|ações para investir|onde investir em ações|como investir em ações|bolsa de valores|finanças|educação financeira|denis miyabara|investir e coçar,2646,https://i.ytimg.com/vi/s1GQZ1xX30k/maxresdefault.jpg
TEDHfE9TfN0,DIVIDENDOS JANEIRO 2024 #investimentos,2024-01-08 22:56:00,2024-01-08 19:56:00,segunda,19,58,short,4508,376,8,,78,https://i.ytimg.com/vi/TEDHfE9TfN0/maxresdefault.jpg
6C2X-Q2Eb40,AÇÕES JANEIRO 2024 #investimentos,2024-01-05 22:00:04,2024-01-05 19:00:04,sexta,19,51,short,2877,208,4,,78,https://i.ytimg.com/vi/6C2X-Q2Eb40/maxresdefault.jpg
A7htUab3akw,ETFs de DIVIDENDOS SEMANAIS! Receba DIVIDENDOS em DÓLAR TODAS as SEMANAS,2024-01-03 21:36:00,2024-01-03 18:36:00,quarta,18,646,longo,4267,465,25,dividendos semanais|etf dividendos semanais|etfs dividendos|dividendos em dolar|dividendos mensais|investimento no exterior|dividendo em dólar|etf dividendos|dividendo semanal|etfs dividendos semanais|Investir e coçar|Denis miyabara|finanças|bolsa de valores|etf que pagam dividendos,4215,https://i.ytimg.com/vi/A7htUab3akw/maxresdefault.jpg
nE77yoWchrY,"KLABIN DIVIDENDOS VÃO VOLTAR? QUAL A MELHOR KLABIN PARA DIVIDENDOS KLBN3, KLBN4 ou KLBN11?",2023-12-26 22:36:00,2023-12-26 19:36:00,terça,19,850,longo,6308,729,44,KLABIN|KLBN3|KLBN4|KLBN11|acoes klabin|dividendos klabin|dividendos|investir e cocar|bolsa de valores|denis miyabara|ações klbn11|ações klbn4|klbn11 ações,2546,https://i.ytimg.com/vi/nE77yoWchrY/maxresdefault.jpg
v499R23vxoE,BLACKROCK ESTÁ COMPRANDO ou VENDENDO UMA AÇÃO DÁ PARA SABER? #investimentos,2023-12-22 21:07:00,2023-12-22 18:07:00,sexta,18,50,short,3747,192,9,,0,https://i.ytimg.com/vi/v499R23vxoE/maxresdefault.jpg
bV6-nSQuO2M,Por causa dela vou investir nessa ação #investimentos,2023-12-20 23:32:29,2023-12-20 20:32:29,quarta,20,27,short,5224,169,30,,0,https://i.ytimg.com/vi/bV6-nSQuO2M/maxresdefault.jpg
AS6gmqMQbKA,Blackrock foi às compras de ações brasileiras essa semana #investimentos,2023-12-15 23:01:46,2023-12-15 20:01:46,sexta,20,60,short,7933,432,10,,0,https://i.ytimg.com/vi/AS6gmqMQbKA/maxresdefault.jpg
H080xbwt0BE,O MAIOR ASSASSINO de RIQUEZA QUE NINGUÉM FALA...,2023-12-14 22:06:05,2023-12-14 19:06:05,quinta,19,1081,longo,6073,610,67,Investir e coçar|Denis miyabara|finanças|bolsa de valores,2320,https://i.ytimg.com/vi/H080xbwt0BE/maxresdefault.jpg
2_LzDemJYGA,"PREÇO TETO PARA QUALQUER AÇÃO (EXEMPLOS NA PRÁTICA BBAS3, BBSE3 e VBBR3)",2023-12-12 22:54:00,2023-12-12 19:54:00,terça,19,647,longo,2457,329,8,Investir e coçar|Denis miyabara|finanças|bolsa de valores|como calcular o preço teto de uma ação|preço teto|preço teto de uma ação|barsi preço teto|análise fundamentalista,2647,https://i.ytimg.com/vi/2_LzDemJYGA/maxresdefault.jpg
Ghb_kPqYT14,Os melhores investidores são #investimentos,2023-12-11 21:57:00,2023-12-11 18:57:00,segunda,18,18,short,2657,123,5,,0,https://i.ytimg.com/vi/Ghb_kPqYT14/maxresdefault.jpg
3B6a3x61E-g,"SABESP PRIVATIZADA, PAYROLL ACIMA DO ESPERADO e PIB MAIS ALTO | RESUMÃO DO JAPÃO",2023-12-11 00:04:00,2023-12-10 21:04:00,domingo,21,767,longo,1235,169,21,Investir e coçar|Denis miyabara|finanças|bolsa de valores|sabesp|sbsp3|petrobras|petr4|resumao do japao|investimentos|investir,3672,https://i.ytimg.com/vi/3B6a3x61E-g/maxresdefault.jpg
VMNAYobSmZs,SMALLCAPS DEZEMBRO 2023 #investimentos,2023-12-10 10:07:00,2023-12-10 07:07:00,domingo,7,48,short,1690,117,3,smallcaps|melhores smallcaps|small caps|small cap|small caps b3|small caps ai|top small caps|small caps word|small caps 2023|small caps 2024|ações small caps|using small caps|small cap etf|o que é small caps|small caps o que é|small-cap|samll caps|o que são small caps|Investir e Coçar|Denis Miyabara,310,https://i.ytimg.com/vi/VMNAYobSmZs/maxresdefault.jpg
EKej2Soxyl8,COMO FOI a SUA EXPERIÊNCIA com a BOLSA de VALORES em 2023? #investimentos,2023-12-09 15:05:36,2023-12-09 12:05:36,sábado,12,17,short,906,73,0,,0,https://i.ytimg.com/vi/EKej2Soxyl8/maxresdefault.jpg
1c9r4qcLX50,AÇÕES de DIVIDENDOS DEZEMBRO 2023 #dividendos,2023-12-08 21:04:00,2023-12-08 18:04:00,sexta,18,45,short,3098,251,9,Dividendos|Ações dividendos|Bolsa de valores|Dividendos dezembro 2023|Acoes dividendos dezembro 2023|Investir e Coçar|Investir e cocar|Denis Miyabara,44,https://i.ytimg.com/vi/1c9r4qcLX50/maxresdefault.jpg
SKSblIt0Glw,DIVIDENDOS GORDOS em 2024 - CANETADA do PRESIDENTE do BANCO CENTRAL AJUDOU BANCÃO,2023-12-08 00:47:05,2023-12-07 21:47:05,quinta,21,502,longo,3059,405,17,dividendos|acoes de dividendos|ação de dividendos|acao itau|itub4|itub3|itsa4|dividendos itausa|dividendos itau|dividendos itaú|dividendos itub4|bbas3|resolucao 356 banco central|dividendos bbas3|dividendos banco do brasil|finanças|bolsa de valores|denis miyabara|investir e coçar,2887,https://i.ytimg.com/vi/SKSblIt0Glw/maxresdefault.jpg
pxZxCtAK9O8,FUNDOS IMOBILIÁRIOS DEZEMBRO 2023 #investimentos,2023-12-06 22:36:00,2023-12-06 19:36:00,quarta,19,44,short,1770,127,1,,43,https://i.ytimg.com/vi/pxZxCtAK9O8/maxresdefault.jpg
Tq9GAaF2QKc,KLABIN (KLBN11) DESPENCOU e DERRUBOU A SUZANO (SUZB3). FIM dos DIVIDENDOS KLBN4?,2023-12-06 00:31:13,2023-12-05 21:31:13,terça,21,999,longo,6416,613,46,klbn11|klbn4|klbn3|klabin|dividendos klabin|suzano|suzb3|dividendos|barsi klabin|bolsa de valores|finanças|educação financeira|denis miyabara|investir e cocar|barsi dividendos,829,https://i.ytimg.com/vi/Tq9GAaF2QKc/maxresdefault.jpg
Nbw4bBlFyKc,AÇÕES DEZEMBRO 2023 #investimentos,2023-12-04 22:07:00,2023-12-04 19:07:00,segunda,19,61,longo,10450,544,10,,77,https://i.ytimg.com/vi/Nbw4bBlFyKc/maxresdefault.jpg
L3VzdhtNfm0,"BOLSA perto MÁXIMA HISTÓRICA, INFLAÇÃO EUA e BHIA3 FORA do IBOVESPA | RESUMÃO do JAPÃO",2023-12-03 22:27:00,2023-12-03 19:27:00,domingo,19,1034,longo,2295,299,47,Investir e coçar|Denis miyabara|finanças|bolsa de valores,3102,https://i.ytimg.com/vi/L3VzdhtNfm0/maxresdefault.jpg
pEm9c5hSiY8,10 AÇÕES BARATAS com POTENCIAL de ALTA e que PAGAM DIVIDENDOS | Análise fundamentalista de ações,2023-11-30 23:41:00,2023-11-30 20:41:00,quinta,20,1126,longo,5408,610,35,Investir e coçar|Denis miyabara|finanças|bolsa de valores|analise fundamentalista|analise fundamentalista de ações|benjamin graham|professor do warren buffett|como analisar ações|ações baratas|ações baratas que pagam dividendos|investir em ações|valor intrinseco de uma ação|dividendos|bolsa de valores para principiantes,4491,https://i.ytimg.com/vi/pEm9c5hSiY8/maxresdefault.jpg
Fy56MCWNWCM,5 SITES para APRENDER sobre ETFs #investir,2023-11-28 21:06:00,2023-11-28 18:06:00,terça,18,41,short,1073,73,1,,0,https://i.ytimg.com/vi/Fy56MCWNWCM/maxresdefault.jpg
01KhFoeSWSY,ETFs: 4 SITES da Melhor FERRAMENTA para AJUDAR escolher ETF #etf,2023-11-27 22:00:01,2023-11-27 19:00:01,segunda,19,52,short,1131,70,0,,0,https://i.ytimg.com/vi/01KhFoeSWSY/maxresdefault.jpg
PQM1ddL_jwg,"IBOVESPA NÃO VAI: FIM da DESONERAÇÃO, CMIG4 FEDERALIZADA e ENXOVAL do LULA",2023-11-27 00:04:00,2023-11-26 21:04:00,domingo,21,558,longo,1574,230,24,IBOVESPA|bolsa de valores|investir|investimentos|desoneração salarial|bolsa de valores cai|lula ostentação|educação financeira|finanças|denis miyabara|investir e coçar,3902,https://i.ytimg.com/vi/PQM1ddL_jwg/maxresdefault.jpg
kS1Mf2KZ-iA,BOLSA de VALORES ARGENTINA COMO INVESTIR?,2023-11-24 00:01:00,2023-11-23 21:01:00,quinta,21,928,longo,7637,410,39,MILEI|milei argentina|eleições argentina|etf argentina|etf argentino|etf argt|argt etc|bolsa de valores argentina|bolsa de valores|investir argentina|como investir na argentina|meli|meli34|acoes mercado livre|acoes expostas argentina|denis miyabara|investir e coçar|finanças|inflação argentina|argt etf|taxa de juros argentina|risco argentina|javier milei|xavier milei|presidente argentina|vale a pena investir na argentina|investimento na argentina,2482,https://i.ytimg.com/vi/kS1Mf2KZ-iA/maxresdefault.jpg
ZWXqZO_-KB4,Fundos Imobiliário Novembro 2023 #investimentos,2023-11-10 22:07:00,2023-11-10 19:07:00,sexta,19,41,short,12877,669,17,,921,https://i.ytimg.com/vi/ZWXqZO_-KB4/maxresdefault.jpg
CyxF_CDK_IU,O MELHOR INVESTIMENTO PARA OS PRÓXIMOS 20 ANOS!,2023-11-10 00:06:00,2023-11-09 21:06:00,quinta,21,568,longo,2379,302,18,Investir e coçar|Denis miyabara|finanças|bolsa de valores,2247,https://i.ytimg.com/vi/CyxF_CDK_IU/maxresdefault.jpg
azhytHLGDwM,DESCOBRI A AÇÃO QUE O BARSI ESTÁ COMPRANDO #investimentos,2023-11-08 21:06:00,2023-11-08 18:06:00,quarta,18,52,short,1410,116,25,,0,https://i.ytimg.com/vi/azhytHLGDwM/maxresdefault.jpg
bPZiTTVp6zU,ONDE WARREN BUFFETT está INVESTINDO 2023? 3T23 BERKSHIRE HATHAWAY (BERK34),2023-11-08 01:11:00,2023-11-07 22:11:00,terça,22,658,longo,1821,223,21,warren buffett|warren buffet|como warren buffett investe|o jeito warren buffett de investir|buffett|investir como warren buffett|onde investir|warren buffett stocks|ações de warren buffett|invista como o warren buffett|onde warren buffett investe|estratégia warren buffett|onde o warren buffett investe?|onde investe warren buffett|warren buffett 2023|denis miyabara|investir e cocar|bolsa de valores|investimentos|warren buffett renda fixa?,2393,https://i.ytimg.com/vi/bPZiTTVp6zU/maxresdefault.jpg
gmii8VD7cfk,Quanto o Ramon Dino ganhou no Mr Olympia? #investimentos,2023-11-06 23:36:00,2023-11-06 20:36:00,segunda,20,29,short,1764,89,10,,0,https://i.ytimg.com/vi/gmii8VD7cfk/maxresdefault.jpg
Wf4uQ42WG00,AÇÕES NOVEMBRO 2023 #investimentos,2023-11-06 15:06:00,2023-11-06 12:06:00,segunda,12,61,longo,2260,166,7,,0,https://i.ytimg.com/vi/Wf4uQ42WG00/maxresdefault.jpg
sOrvg69CPCE,"BOLSA de VALORES: OTIMISMO, SEM META e STARBUCKS FALINDO AQUI e BATENDO RECORD LÁ FORA",2023-11-05 23:57:00,2023-11-05 20:57:00,domingo,20,1051,longo,4314,501,36,bolsa de valores|ibovespa|ibov|ibovespa subiu|bolsa disparou|ações|investimentos|investir e cocar|educacao financeira|denis miyabara,3450,https://i.ytimg.com/vi/sOrvg69CPCE/maxresdefault.jpg
loDYmYb8fUs,BOLSA de VALORES HOJE DISPAROU. SERÁ QUE AGORA VAI?,2023-11-04 00:36:00,2023-11-03 21:36:00,sexta,21,637,longo,4184,461,29,o que fez o ibovespa subir|por que a bolsa de valores disparou hoje|bolsa de valores|o que fez a bolsa de valores subir|ibovespa sobe e renova máxima|canal de finanças|copom queda selic|banco central selic|ibovespa 118 mil pontos|queda selic|alta ibovespa|bolsa dispara|copom reduz juros básicos da economia|queda taxa selic|ibovespa amplia alta|ibovespa payroll copom|denis miyabara|investir e cocar|educaçao financeira,2818,https://i.ytimg.com/vi/loDYmYb8fUs/maxresdefault.jpg
mJ7uJpgK-wU,Como acompanhar a bolsa de valores em feriados? #investimentos,2023-11-02 13:36:00,2023-11-02 10:36:00,quinta,10,21,short,3638,179,14,,246,https://i.ytimg.com/vi/mJ7uJpgK-wU/maxresdefault.jpg
9Hm98L6cdy8,Parabéns POUPANÇA ^^ #investimentos,2023-11-01 20:04:00,2023-11-01 17:04:00,quarta,17,32,short,2650,121,4,,0,https://i.ytimg.com/vi/9Hm98L6cdy8/maxresdefault.jpg
j0p8M7Ng6GQ,7 ETFs INVERSOs para FICAR RICO NESSA CRISE!,2023-10-31 22:07:00,2023-10-31 19:07:00,terça,19,986,longo,5539,527,63,etf inverso|etf para crise|etfs|etf|como ficar rico com a crise|como ganhar dinheiro na crise 2023|ganhar dinheiro na crise|etf proteção carteira|como ficar rico na recessão|crise economica|crise na economia|fique rico|crise econômica|como ficar rico na rece|crise brasil|crise mundial|DENIS MIYABARA|iNVESTIR E COCAR|bolsa de valores|Finanças pessoais|operar vendido|etf vendido|ganhar dinheiro na queda da bolsa|investir e coçar,2035,https://i.ytimg.com/vi/j0p8M7Ng6GQ/maxresdefault.jpg
GXRoC612i9Y,Meta fiscal 2024 #investimentos,2023-10-31 15:36:00,2023-10-31 12:36:00,terça,12,48,short,16327,773,97,,116,https://i.ytimg.com/vi/GXRoC612i9Y/maxresdefault.jpg
aDL4MMF6AnE,Pra ficar rico você só precisa de 1 centavo #investimentos,2023-10-30 21:06:00,2023-10-30 18:06:00,segunda,18,20,short,8018187,147741,3261,como investir|como ganhar dinheiro|bolsa de valores|investir e cocar|denis miyabara|investir e coçar,0,https://i.ytimg.com/vi/aDL4MMF6AnE/maxresdefault.jpg
VsCxPvllxMk,🚨PERIGO: LULA ABANDONA META FISCAL 2024 e HADDAD TENTA JUNTAR OS CACOS - BOLSA DESPENCA,2023-10-29 22:08:08,2023-10-29 19:08:08,domingo,19,1178,longo,8732,710,58,crise|meta fiscal 2024|crise financeira|bolsa de valores vai cair|investimentos|bolsa de valores|lula vs haddad|lula meta fiscal 2024|haddad meta fiscal 2024|denis miyabara|investir e cocar|educacao financeira|educação financeira|finanças,4126,https://i.ytimg.com/vi/VsCxPvllxMk/maxresdefault.jpg
E-kfdHmZc7k,AÇÃO de DIVIDENDOS da CARTEIRA do WARREN BUFFETT AUMENTOU PELO 14 ANO 😱 #investimentos,2023-10-29 15:06:00,2023-10-29 12:06:00,domingo,12,61,longo,1348,59,3,,0,https://i.ytimg.com/vi/E-kfdHmZc7k/maxresdefault.jpg
NRVXli9p4cg,A PAGADORA DE DIVIDENDOS DO MAIOR INVESTIDOR DO MUNDO (Warren Buffett) #investimentos,2023-10-28 22:06:00,2023-10-28 19:06:00,sábado,19,61,longo,3880,130,7,,0,https://i.ytimg.com/vi/NRVXli9p4cg/maxresdefault.jpg
M0sYiLwvUNk,A BLACKROCK está COMPRANDO essas AÇÕES brasileiras #investimentos,2023-10-27 21:01:56,2023-10-27 18:01:56,sexta,18,34,short,17717,876,18,,65,https://i.ytimg.com/vi/M0sYiLwvUNk/maxresdefault.jpg
b2r2iqhmSpA,"🚨CUIDADO! Elon Musk VAI QUEBRAR TUDO COM STARLINK CELULAR (OIBR3,VIVT3,TIMS3)🚨",2023-10-26 22:07:00,2023-10-26 19:07:00,quinta,19,597,longo,5143,473,41,Investir e coçar|Denis miyabara|finanças|bolsa de valores|elon musk|starlink brasil|internet starlink|internet elon musk|elon musk vai quebrar|elon musk vai quebrar a apple|appl|vivt3|tims3|oibr3|appl34|celuar tesla|celular elon musk|starlink internet,2322,https://i.ytimg.com/vi/b2r2iqhmSpA/maxresdefault.jpg
HAUFzJK4B_s,A MELHOR AÇÃO do WARREN BUFFETT em 2023!,2023-10-20 00:36:00,2023-10-19 21:36:00,quinta,21,432,longo,1388,191,15,nubank|nubr33|roxo34|nu stock|melhor ação 2023|bolsa de valores|nu holding|warren buffett|melhor ação|warren buffett 2023|berkshire hathaway|educação financeira|melhores ações para investir|melhores ações|ações 2023|como investir|Investir e coçar|como warren buffett investe|Denis miyabara|finanças|Melhores investimentos|melhores ações 2023,2347,https://i.ytimg.com/vi/HAUFzJK4B_s/maxresdefault.jpg
3NT1aGdqvE4,CUIDADO com esse FUNDO IMOBILIÁRIO 👀 #investimentos,2023-10-18 22:47:00,2023-10-18 19:47:00,quarta,19,61,longo,4717,216,3,,1300,https://i.ytimg.com/vi/3NT1aGdqvE4/maxresdefault.jpg
bX1-CfUnKO0,"ROLO envolvendo FELIPE NETO e BIS, vai me lascar #investimentos",2023-10-18 16:01:00,2023-10-18 13:01:00,quarta,13,14,short,23698,1814,104,,0,https://i.ytimg.com/vi/bX1-CfUnKO0/maxresdefault.jpg
mTpD3Ew25Rs,Felipe Neto DERRUBOU as AÇÕES da DONA DO BIS? MONDELEZ (MDLZ) VS FELIPE NETO,2023-10-18 00:36:00,2023-10-17 21:36:00,terça,21,804,longo,5650,570,77,Investir e coçar|Denis miyabara|finanças|bolsa de valores|FELIPE NETO|BISNUNCAMAIS|FELIPE NETO BIS|FELIPE NETO LACTA|FELIPE NETO MONDELEZ|mdlz|felipe neto derrubou as acoes,2460,https://i.ytimg.com/vi/mTpD3Ew25Rs/maxresdefault.jpg
xofzB1WtJCw,ITAUSA DIVIDENDOS VÃO VOLTAR? ITSA4 VALE a PENA?,2023-10-15 23:36:07,2023-10-15 20:36:07,domingo,20,673,longo,6088,614,44,itausa|itaúsa|itsa4|dividendos itausa|itausa vale a pena|ações itausa|itaúsa dividendos por ação|itausa dividendos|itaúsa dividendos|itausa 4|itaúsa preço justo|itaúsa preço alvo|itaúsa preço teto|ações itaúsa|itaúsa valor justo|itausa ações|ações da itausa|itausa vale a pena investir|taesa|subscrição itausa|bonificação itausa|itaúsa como investir|itaúsa hora de investir|Itsa3|Investir e coçar|Denis miyabara|bolsa de valores|Finanças,3891,https://i.ytimg.com/vi/xofzB1WtJCw/maxresdefault.jpg
-wrkfe3-gmM,COMO PROTEGER O SEU DINHEIRO EM CASO DE GUERRA COMO: ISRAEL e HAMAS e OUTRAS QUE PODEM VIR,2023-10-11 10:45:24,2023-10-11 07:45:24,quarta,7,1850,longo,2197,248,9,Investir e coçar|Denis miyabara|finanças|bolsa de valores|PROTEGER O DINHEIRO|como proteger meu dinheiro|investimentos|diversificacao|nomad|guerra israel x hamas entenda|geopolitica|investir|em caso de guerra o que fazer para proteger|educação financeira,2549,https://i.ytimg.com/vi/-wrkfe3-gmM/maxresdefault.jpg
vNjcxxzhrT8,FUNDOS IMOBILIÁRIOS OUTUBRO 2023 #investimentos,2023-10-10 20:07:00,2023-10-10 17:07:00,terça,17,40,short,1332,103,0,,206,https://i.ytimg.com/vi/vNjcxxzhrT8/maxresdefault.jpg
l_wCfKRjddI,COMO a GUERRA em ISRAEL e PALESTINA AFETA seus INVESTIMENTOS?,2023-10-10 11:38:11,2023-10-10 08:38:11,terça,8,3170,longo,1557,208,14,guerra em israel|guerra israel e palestina|guerra israel x hamas|investimentos e guerra|como proteger seus investimentos|como proteger seu dinheiro|investimentos|guerra|crise e investimentos|bolsa de valores|guerra israel|denis miyabara|investir e cocar,2293,https://i.ytimg.com/vi/l_wCfKRjddI/maxresdefault.jpg
LQbC7DOJtlU,SMALL CAPS OUTUBRO 2023 #investimentos,2023-10-09 15:52:00,2023-10-09 12:52:00,segunda,12,53,short,3681,198,2,,176,https://i.ytimg.com/vi/LQbC7DOJtlU/maxresdefault.jpg
zWqZMiliYfc,🔴NÃO INVISTA no ETF NUBANK de DIVIDENDOS MENSAIS (NDIV11 e NSDV11),2023-10-08 18:07:00,2023-10-08 15:07:00,domingo,15,534,longo,6513,452,28,etf nubank|nubank etf|etf nubank dividendos|ndiv11 ou nsdv11|nsdv11 e ndiv11|ndiv11 nubank|nubank investimento|nsdv11 nubank|ndiv11 paga dividendos|etf nubank vale a pena|etf dividendos mensais|ibovespa smart dividendos b3|dividendos mensais|finanças|bolsa de valores|DIVIDENdos|etf nuinvest|etf ndiv11|etf dividendos|etf que paga dividendo mensal|finanças pessoais|ndiv11 dividendos|DIVO11|denis miyabara|investir e coçar,4816,https://i.ytimg.com/vi/zWqZMiliYfc/maxresdefault.jpg
m6nUWqvj1G8,POR QUE A BOLSA DE VALORES NÃO PARA DE CAIR e o DÓLAR DE SUBIR?,2023-10-06 22:07:00,2023-10-06 19:07:00,sexta,19,645,longo,5387,621,43,Investir e coçar|Denis miyabara|finanças|bolsa de valores,3149,https://i.ytimg.com/vi/m6nUWqvj1G8/maxresdefault.jpg
tREOLzGOMXU,AÇÕES DIVIDENDOS OUTUBRO 2023 #investimentos,2023-10-06 20:00:30,2023-10-06 17:00:30,sexta,17,41,short,2174,138,3,,78,https://i.ytimg.com/vi/tREOLzGOMXU/maxresdefault.jpg
jVeG4ttTTYQ,CEO da APPLE VENDE SUAS AÇÕES 😱 #investimentos,2023-10-05 19:00:31,2023-10-05 16:00:31,quinta,16,43,short,4393,149,5,,0,https://i.ytimg.com/vi/jVeG4ttTTYQ/maxresdefault.jpg
1OCZDNkgKcc,AÇÕES MAIS RECOMENDADAS OUTUBRO 2023 #investimentos,2023-10-04 22:30:01,2023-10-04 19:30:01,quarta,19,61,longo,1391,99,5,,170,https://i.ytimg.com/vi/1OCZDNkgKcc/maxresdefault.jpg
QjiF99_cINk,5 ETFs AMERICANOS que PAGAM DIVIDENDOS MENSAIS (NÃO É O ETF da NUBANK),2023-10-03 21:00:10,2023-10-03 18:00:10,terça,18,1328,longo,82264,5888,256,ETF DIVDENDO|etfs dividendos mensais|etf dividendos mensais|dividendos em dolar|etf dividendo|etfs dividendos|ETF AMERICANO|dividendos mensais em dolar|dividendos mensais|finanças|bolsa de valores|investir no exterior|DIVIDENDOS|dividends|yield|dividendos mensais dolar|etf dividendos|renda passiva|aposentadoria|nomad|investimentos nomad|investir na nomad|cambio nomad|nomad dolar|NDIV11|Denis miyabara|investir e coçar,1983,https://i.ytimg.com/vi/QjiF99_cINk/maxresdefault.jpg
-eLA81ri0Ss,"MILIONÁRIO em 30 ANOS É POSSÍVEL PARA NÓS, MEROS MORTAIS?",2023-09-29 22:36:00,2023-09-29 19:36:00,sexta,19,702,longo,3117,300,25,Investir e coçar|Denis miyabara|finanças|bolsa de valores|1 MILHAO|INVESTIMENTOS|LONGO PRAZO|UM MILHAO|MILIONARIO|MILIONÁRIOS|ONDE GANHAR DINHEIRO|JUROS COMPOSTOS|INVESTIR LONGO PRAZO|educacação financeira|independência financeira|independência financeira em 10 anos|1 milhao na caixinha nubank|1 milhao na nubank|1 milhao nubank|investimentos para iniciantes,1952,https://i.ytimg.com/vi/-eLA81ri0Ss/maxresdefault.jpg
dMrEaTDKfRg,"5 ""BOLAS DE CRISTAL"" se ANTECIPE a BOLSA DE VALORES, RENDA FIXA e DÓLAR! SALVE SEU DINHEIRO",2023-09-27 22:36:01,2023-09-27 19:36:01,quarta,19,937,longo,4368,567,22,Investir e coçar|Denis miyabara|finanças|bolsa de valores,2509,https://i.ytimg.com/vi/dMrEaTDKfRg/maxresdefault.jpg
ftBN7R31HL4,CRISE DO PETRÓLEO: BOLSA de VALORES CAINDO e FIM DO CORTE NA TAXA DE JUROS (SELIC)?,2023-09-25 01:30:15,2023-09-24 22:30:15,domingo,22,625,longo,4713,543,32,crise do petroleo|Investir e coçar|Denis miyabara|finanças|bolsa de valores|taxa selic|investir em ações|taxa de juros|CRISE|inflacao|ações|petr4|rrrp3|prio3|petrobras|investimentos|inlacao vai disparar|inflação brasil|Educação financeira,2642,https://i.ytimg.com/vi/ftBN7R31HL4/maxresdefault.jpg
Ri2cS1_tP9I,INVESTIR NO EXTERIOR COM POUCO DINHEIRO #investimentos,2023-09-23 21:30:02,2023-09-23 18:30:02,sábado,18,56,short,1308,100,13,Nomad|Nomad global|Investir no exterior|Investir nos eua|Dividendos em dólar,247,https://i.ytimg.com/vi/Ri2cS1_tP9I/maxresdefault.jpg
wJ35L5WlOIg,Por que a BOLSA DE VALORES NÃO SUBIU com a QUEDA DA SELIC?,2023-09-23 00:27:00,2023-09-22 21:27:00,sexta,21,811,longo,6066,642,41,taxa selic|queda da selic|selic caiu|Investir e coçar|investir em ações|finanças|bolsa de valores|denis miyabara|taxa de juros|educação financeira|tesouro selic|copom selic|queda de juros|taxa selic hoje|juros caindo|Selic hoje,4506,https://i.ytimg.com/vi/wJ35L5WlOIg/maxresdefault.jpg
TBNkBL0dLsw,"SELIC 12,75 ONDE INVESTIR?",2023-09-21 12:50:42,2023-09-21 09:50:42,quinta,9,3435,longo,1558,211,17,,2178,https://i.ytimg.com/vi/TBNkBL0dLsw/maxresdefault.jpg
TpexhCYJQyg,AINDA É POSSÍVEL GANHAR 1% AO MÊS?,2023-09-19 23:36:00,2023-09-19 20:36:00,terça,20,906,longo,4893,533,41,Investir e coçar|Denis miyabara|finanças|bolsa de valores|1% ao mês|renda fixa|educação financeira|tesouro direto|renda fixa 2023|1% a.m.|investimentos|onde investir|taxa de juros vai cair|selic vai cair|queda na selic|dividendos|1% dividendos|como investir|melhor renda fixa|tesouro selic|1 ao mês,3842,https://i.ytimg.com/vi/TpexhCYJQyg/maxresdefault.jpg
5BOPBNvL5iM,FUNDOS IMOBILIÁRIOS (FIIs) SETEMBRO 2023 #investimentos,2023-09-18 15:04:00,2023-09-18 12:04:00,segunda,12,61,longo,1126,78,6,,0,https://i.ytimg.com/vi/5BOPBNvL5iM/maxresdefault.jpg
-3C19YMr1vE,TOP 3 FUNDOS IMOBILIÁRIOS PARA INVESTIR COM A QUEDA DA SELIC,2023-09-14 23:46:00,2023-09-14 20:46:00,quinta,20,879,longo,4241,488,36,fundos imobiliarios|fundos imobiliários|Investir e coçar|Denis miyabara|finanças|bolsa de valores|melhores fundos imobiliarios|melhores fiis|fundos imobiliarios 2023|educação financeira|taxa selic|fiis 2023|fundo imobiliario|fiis para iniciantes|fundos imobiliários baratos|Fiis baratos|FII|fundos imobiliários 2023|FIIs para investir queda selic,4011,https://i.ytimg.com/vi/-3C19YMr1vE/maxresdefault.jpg
_C1iV5qoIlA,AÇÕES de DIVIDENDOS SETEMBRO 2023 #investimentos,2023-09-12 23:30:06,2023-09-12 20:30:06,terça,20,57,short,5610,350,9,,0,https://i.ytimg.com/vi/_C1iV5qoIlA/maxresdefault.jpg
QlnCQulxFD4,AÇÕES SETEMBRO 2023,2023-09-11 22:00:12,2023-09-11 19:00:12,segunda,19,49,short,4083,271,5,,0,https://i.ytimg.com/vi/QlnCQulxFD4/maxresdefault.jpg
PD1RWSRnB2w,A BOLHA IMOBILIÁRIA DO AIRBNB VAI SER A MELHOR HORA PARA FICAR RICO | Robert Kiyosaki,2023-09-11 00:36:00,2023-09-10 21:36:00,domingo,21,658,longo,26108,1464,67,Investir e coçar|Denis miyabara|finanças|bolsa de valores|mercado imobiliario|bolha imobiliária|robert kiyosaki|bolha imobiliaria|mercado imobiliário 2023|como ficar rico|investimentos|crise|crise imobiliaria|pai rico pai pobre|a grande crise imobiliaria|investir em imóveis|fundos imobiliarios|fiis|reits|crise airbnb|airbnb vai quebrar|airb34|bolha imobiliaria no brasil,4389,https://i.ytimg.com/vi/PD1RWSRnB2w/maxresdefault.jpg
MYBOjH3oHmo,BHIA3 VIIA1 FOLLOW ON VIA (VIIA3): VALE A PENA INVESTIR? NOVA EMISSÃO DE AÇÕES VIIA3 é FURADA?,2023-09-06 22:00:14,2023-09-06 19:00:14,quarta,19,777,longo,14155,917,118,Investir e coçar|Denis miyabara|finanças|bolsa de valores|Via|VIIA3|follow-on|oferta de ações|mercado financeiro|investimentos|Vvar3|Via varejo|Oferta de ações via|Oferta de ações viia3|Subscrição viia3,2990,https://i.ytimg.com/vi/MYBOjH3oHmo/maxresdefault.jpg
ucqWfLFMIGg,3 SMALL CAPS PROMISSORAS para INVESTIR com a QUEDA DA SELIC,2023-09-02 23:36:01,2023-09-02 20:36:01,sábado,20,542,longo,7108,749,29,Investir e coçar|Denis miyabara|finanças|bolsa de valores|small caps|small caps 2023|ações small caps|investir em small caps|melhores small caps|Metal Leve|investimentos|renda variável|análise fundamentalista|investir|ações|vamo3|arzz3|dirr3|smll11|smallcaps|SMALL CAPS COM POTENCIAL|SMALL CAPS PROMISSORA|SMALL CAPS 2023|SMALL CAPS 2024,4047,https://i.ytimg.com/vi/ucqWfLFMIGg/maxresdefault.jpg
jz51HhD0RtQ,FUNDOS IMOBILIÁRIOS e FIAGROS PASSAM JUNTO COM A TAXAÇÃO DOS SUPER RICOS e AGORA?,2023-08-30 23:37:00,2023-08-30 20:37:00,quarta,20,630,longo,4234,517,43,Investir e coçar|Denis miyabara|finanças|bolsa de valores|fii|fiagro|fundos imobiliários|fiis|fundo imobiliario|investimentos|investir|dividendos|mp|fundos imobiliarios|Taxar dividendos|Taxação dividendos|Taxação super ricos|Taxação fundos imobiliários|Taxar FIIs,2576,https://i.ytimg.com/vi/jz51HhD0RtQ/maxresdefault.jpg
NK7_8_sdQiw,ITSA2 - ITAÚSA SUBSCRIÇÃO VALE A PENA? (ITSA3 ITSA4),2023-08-27 13:05:07,2023-08-27 10:05:07,domingo,10,668,longo,7230,792,40,Investir e coçar|Denis miyabara|finanças|bolsa de valores|Itaúsa|subscrição de ações|investimento|ITSA3|ITSA4|proventos|dividendos|juros sobre capital próprio|JCP,3682,https://i.ytimg.com/vi/NK7_8_sdQiw/maxresdefault.jpg
cwiyiDFWUHQ,9 REGRAS DO DINHEIRO PARA SAIR DA CLASSE MÉDIA (xô pobreza),2023-08-25 00:30:12,2023-08-24 21:30:12,quinta,21,1523,longo,10436,1114,108,Investir e coçar|Denis miyabara|finanças|bolsa de valores|educação financeira|como ficar rico|como ganhar dinheiro|ganhar dinheiro|liberdade financeira|finanças pessoais|independência financeira|dinheiro|mindset financeiro|regras do dinheiro|como ganhar dinheiro na internet|classe media|pobre e rico|riqueza|classe média no brasil|ganhar mais dinheiro,2064,https://i.ytimg.com/vi/cwiyiDFWUHQ/maxresdefault.jpg
_10GFQDTE1o,GESTOR que DESCOBRIU FRAUDE na IRBR3 DIZ: INVESTIDORES de FUNDOS IMOBILIÁRIOS e VAREJO CORREM RISCO,2023-08-22 00:30:25,2023-08-21 21:30:25,segunda,21,838,longo,19728,1812,103,Investir e coçar|Denis miyabara|finanças|bolsa de valores|squadra|irbr3|guilherme aché|investimentos|irb brasil|fiis|fundos imobiliários|fundo imobiliário|dividendos|viver de renda|renda passiva|squadra investimentos|crise|fraude fiis,2872,https://i.ytimg.com/vi/_10GFQDTE1o/maxresdefault.jpg
vpvA5jH766g,A GRANDE CRISE: MEGA INVESTIDORES ESTÃO se PREPARANDO! WARREN BUFFETT e MICHAEL BURRY JÁ APOSTARAM,2023-08-18 22:36:01,2023-08-18 19:36:01,sexta,19,1022,longo,49620,3147,220,Investir e coçar|Denis miyabara|finanças|bolsa de valores|proxima grande crise|warren buffett|michael burry|a grande aposta|investimentos|economia|inflação|subprime|INVESTimentos|crise|a nova crise|investir|educação financeira,3360,https://i.ytimg.com/vi/vpvA5jH766g/maxresdefault.jpg
-5aUBGBr_7o,ações da nubank desapareceram #investimentos,2023-08-17 18:00:01,2023-08-17 15:00:01,quinta,15,59,short,3338,190,5,,0,https://i.ytimg.com/vi/-5aUBGBr_7o/maxresdefault.jpg
34eO53gfBrc,IRBR3 SUBIU 18% O QUE FAZER com as AÇÕES da IRB BRASIL?,2023-08-17 00:36:00,2023-08-16 21:36:00,quarta,21,848,longo,5326,507,100,Investir e coçar|Denis miyabara|finanças|bolsa de valores|IRBR3|IRB Brasil|resseguros|ações|investimentos|mercado financeiro|balanço|resultados|Citi|análise|oportunidade|risco|rentabilidade|irb|irbr|barsi,4466,https://i.ytimg.com/vi/34eO53gfBrc/maxresdefault.jpg
vNmZ0an77fw,nubank suspende a negociação  NUCOIN... #investimentos,2023-08-15 21:00:36,2023-08-15 18:00:36,terça,18,55,short,1941,171,16,,34,https://i.ytimg.com/vi/vNmZ0an77fw/maxresdefault.jpg
EqZxukpU55g,FARIA LIMA LATE SHOW | LOUISE BARSI a PRINCESA dos DIVIDENDOS,2023-08-07 22:36:00,2023-08-07 19:36:00,segunda,19,4869,longo,2961,280,18,,1921,https://i.ytimg.com/vi/EqZxukpU55g/maxresdefault.jpg
spU7CkRVINE,"QUANTO RENDE 25, 50 e 100 mil EM UMA CARTEIRA PARA RENDA PASSIVA?",2023-07-26 00:07:00,2023-07-25 21:07:00,terça,21,869,longo,7790,691,37,,2371,https://i.ytimg.com/vi/spU7CkRVINE/maxresdefault.jpg
nhW4er_gPU0,IRBR3 NOVO PREJUÍZO #investimentos,2023-07-22 00:36:00,2023-07-21 21:36:00,sexta,21,61,longo,3219,123,16,,0,https://i.ytimg.com/vi/nhW4er_gPU0/maxresdefault.jpg
9lK6bYKQkp8,DIVIDENDOS DOS FUNDOS IMOBILIÁRIOS (FIIS) VÃO SER TAXADOS? E os FIAGROS?,2023-07-20 21:00:07,2023-07-20 18:00:07,quinta,18,645,longo,6773,655,46,Investir e coçar|Denis miyabara|finanças|bolsa de valores|fundos imobiliários|fiagro|reforma tributária|investimentos|agronegócio|fiis|impostos|renda passiva|mercado financeiro|educação financeira|dividendos|isenção fiscal|fundos de investimento imobiliário|fii|dividendos isentos de imposto de renda|alugueis isentos,4935,https://i.ytimg.com/vi/9lK6bYKQkp8/maxresdefault.jpg
KipoLyz63nQ,"COMO FICAM AS AÇÕES DO SETOR ELÉTRICO COM A REFORMA TRIBUTÁRIA? TAEE11, ALUP11, EGIE3, TRPL4, AURE3",2023-07-18 22:00:19,2023-07-18 19:00:19,terça,19,1003,longo,26139,1529,76,Investir e coçar|Denis miyabara|finanças|bolsa de valores|reforma tributária|dividendos|JCP|ações|preços das ações|rendimento dos investimentos|alocação de recursos|mercado financeiro|barsi|acoes setor eletrico|setor eletrico|investimentos|taesa|taee11|taee4|alupar|alup11|alup4|trpl4|egie3|auren|aure3,3957,https://i.ytimg.com/vi/KipoLyz63nQ/maxresdefault.jpg
fwshZ9M262E,VÃO PERDOAR A SUA DÍVIDA,2023-07-14 23:01:39,2023-07-14 20:01:39,sexta,20,23,short,695,45,3,,440,https://i.ytimg.com/vi/fwshZ9M262E/maxresdefault.jpg
3sfCQWv2kIQ,DIVIDENDOS E JCP VÃO ACABAR COM A NOVA REFORMA TRIBUTÁRIA?,2023-07-14 00:07:00,2023-07-13 21:07:00,quinta,21,910,longo,24096,1426,93,Investir e coçar|Denis miyabara|finanças|bolsa de valores|dividendos|jcp|investimentos|renda variável|imposto de renda|ações|dividendos 2023|jcp 2023|fim dos dividendos|barsi|juros sobre capital proprio|renda variavel|investir,3982,https://i.ytimg.com/vi/3sfCQWv2kIQ/maxresdefault.jpg
ttBUKhJiqPo,AÇÕES DIVIDENDOS JULHO 2023 #investimentos,2023-07-12 10:00:43,2023-07-12 07:00:43,quarta,7,42,short,1357,122,3,,0,https://i.ytimg.com/vi/ttBUKhJiqPo/maxresdefault.jpg
LqS7HsLuDLQ,COMPRAR IMÓVEL É MESMO FURADA? VALE A PENA MORAR DE ALUGUEL?,2023-07-11 22:07:00,2023-07-11 19:07:00,terça,19,891,longo,8227,818,81,Investir e coçar|Denis miyabara|finanças|bolsa de valores|comprar ou alugar imóveis|comprar ou alugar|planejamento financeiro|mercado imobiliário|finanças pessoais|investimentos|fundos imobiliários|fiis|aluguel isento de ir|dividendos|imovel|comprar ou alugar imovel,2139,https://i.ytimg.com/vi/LqS7HsLuDLQ/maxresdefault.jpg
_Ca1MjPLLZE,Fundos Imobiliários (FIIs) JULHO 2023 #investimentos,2023-07-10 21:00:30,2023-07-10 18:00:30,segunda,18,47,short,2648,182,3,,90,https://i.ytimg.com/vi/_Ca1MjPLLZE/maxresdefault.jpg
uzTuZhpebIM,AÇÕES JULHO 2023 #investimentos,2023-07-09 21:12:42,2023-07-09 18:12:42,domingo,18,39,short,1848,164,3,,76,https://i.ytimg.com/vi/uzTuZhpebIM/maxresdefault.jpg
GkFRrdHhJl0,"O QUE ACONTECE SE A CORRETORA QUEBRAR? (NUINVEST, TORO, XP, BTG)",2023-07-07 00:07:00,2023-07-06 21:07:00,quinta,21,717,longo,1735,241,16,Investir e coçar|Denis miyabara|finanças|bolsa de valores|corretora|investimentos|custódia|CRI|CRA|debêntures|fundos de investimento|fundos imobiliários|educação financeira|AÇOES|acoes|fiis|fundos imobiliarios|ação,2277,https://i.ytimg.com/vi/GkFRrdHhJl0/maxresdefault.jpg
EMxt-GocgK8,ONDE INVESTIR COM A TAXA SELIC A 12% NO SEGUNDO SEMESTRE 2023?,2023-07-04 23:07:00,2023-07-04 20:07:00,terça,20,808,longo,6170,571,39,Investir e coçar|Denis miyabara|finanças|bolsa de valores|taxa básica de juros|inflação|economia|investimentos|renda fixa|renda variável|Tesouro Selic|CDBs|LCIs|LCAs|debêntures incentivadas|ações|fundos imobiliários|câmbio|selic|onde investir 2 semestre 2023|investir 2023,3172,https://i.ytimg.com/vi/EMxt-GocgK8/maxresdefault.jpg
mI-Z3Q6qRME,Warreb Buffett tá investindo pesado lá #investimentos,2023-07-02 21:19:06,2023-07-02 18:19:06,domingo,18,49,short,1630,121,2,,0,https://i.ytimg.com/vi/mI-Z3Q6qRME/maxresdefault.jpg
JlYnjiG5m2o,COMO INVESTIR NO JAPÃO? BOLSA DE VALORES JAPONESA,2023-06-21 22:36:00,2023-06-21 19:36:00,quarta,19,628,longo,10844,555,35,Investir e coçar|Denis miyabara|finanças|bolsa de valores,1609,https://i.ytimg.com/vi/JlYnjiG5m2o/maxresdefault.jpg
ewXKCCLV0WQ,Bolsa de valores: 5 erros fatais que você não pode cometer (e como evitá-los),2023-06-19 02:04:21,2023-06-18 23:04:21,domingo,23,816,longo,2950,403,24,Investir e coçar|Denis miyabara|finanças|bolsa de valores|como investir na bolsa de valores|5 erros na bolsa de valores|dicas de bolsa de valores|investir em ações|como escolher ações|tipos de ações|corretora de valores|imposto de renda sobre ações|investimentos|investir na bolsa de valores|acoes|ações|bolsa de valores para iniciantes|mercado de ações|como investir em ações|educação financeira,2040,https://i.ytimg.com/vi/ewXKCCLV0WQ/maxresdefault.jpg
3AolJm9VUlk,AESB3: O QUE É DIREITO DE RECESSO? DIRETO DE RECESSO VALE A PENA? #investimentos,2023-06-15 01:02:23,2023-06-14 22:02:23,quarta,22,61,longo,7838,297,5,,0,https://i.ytimg.com/vi/3AolJm9VUlk/maxresdefault.jpg
VGQ-oHmxukE,Ganhe dinheiro com ETS #investimentos,2023-06-14 21:00:16,2023-06-14 18:00:16,quarta,18,44,short,1418,61,0,,0,https://i.ytimg.com/vi/VGQ-oHmxukE/maxresdefault.jpg
lk_JCg2k1QA,"SMALL CAPS: essas AÇÕES ESTÃO EXPL0D!ND0, mas cuidado...",2023-06-14 00:36:00,2023-06-13 21:36:00,terça,21,934,longo,5913,719,61,Investir e coçar|Denis miyabara|finanças|bolsa de valores|smallcaps|investir em smallcaps|o que são smallcaps|ações smallcaps|small caps 2023|como investir em small caps|mercado financeiro|renda variável|análise de ações|smallcaps 2023|small caps brasil|small caps b3|small caps suno|small caps infomoney|small caps dividendos|small caps baratas|small caps promissoras,3031,https://i.ytimg.com/vi/lk_JCg2k1QA/maxresdefault.jpg
no-q_r8dSsc,A grande jogada de Messi #investimentos,2023-06-12 23:36:00,2023-06-12 20:36:00,segunda,20,44,short,3208,133,2,,0,https://i.ytimg.com/vi/no-q_r8dSsc/maxresdefault.jpg
ZTrTMdWKEoo,FUNDOS IMOBILIÁRIOS: IPCA e IGPM DESPENCANDO e AGORA?,2023-06-10 22:36:00,2023-06-10 19:36:00,sábado,19,777,longo,2785,303,25,Investir e coçar|Denis miyabara|finanças|bolsa de valores|fundos imobiliários|FIIs|IPCA|IGPM|inflação|investimentos|renda passiva|como investir em fundos imobiliários|Melhores fundos imobiliários 2022|fundos imobiliarios|melhores fiis|educação financeira|fiis baratos|melhores fundos imobiliários|fundo imobiliário funciona|fundos imobiliarios baratos|renda variável|fundo imobiliário vale a pena,2888,https://i.ytimg.com/vi/ZTrTMdWKEoo/maxresdefault.jpg
kAgt00PCF0E,SMALLCAPS JUNHO 2023 #investimentos,2023-06-08 18:00:16,2023-06-08 15:00:16,quinta,15,61,longo,2530,134,3,,0,https://i.ytimg.com/vi/kAgt00PCF0E/maxresdefault.jpg
gEd3NYbQTKk,DESENROLA BRASIL VALE A PENA?,2023-06-08 00:51:00,2023-06-07 21:51:00,quarta,21,864,longo,5590,339,37,Desenrola Brasil|renegociação de dívidas|finanças|como sair das dívidas|educação financeira|como limpar o nome|Investir e coçar|Denis miyabara|bolsa de valores|programa do governo|dicas de finanças|omo se inscrever no Desenrola Brasil|Vale a pena participar do Desenrola Brasil.|como economizar dinheiro|dicas de economia doméstica|como sair do vermelho|programa Desenrola Brasil|dívidas com bancos|como renegociar dívidas|desenrola brasil,3430,https://i.ytimg.com/vi/gEd3NYbQTKk/maxresdefault.jpg
z2SSTinOvGs,AÇÕES DIVIDENDOS JUNHO 2023 #investimentos,2023-06-04 23:00:21,2023-06-04 20:00:21,domingo,20,57,short,6449,413,1,,0,https://i.ytimg.com/vi/z2SSTinOvGs/maxresdefault.jpg
ryXrPUTDrhg,FIAGRO a NOVA FONTE DE DIVIDENDOS para VIVER DE RENDA,2023-06-04 13:05:00,2023-06-04 10:05:00,domingo,10,630,longo,5063,585,25,Investir e coçar|Denis miyabara|finanças|bolsa de valores|FIAGRO|fundo de investimento|agronegócio|como investir em FIAGRO|o que é FIAGRO|vantagens do FIAGRO|riscos do FIAGRO|FIAGRO x FII|crédito rural|diversificação de carteira|fundos do agronegócio|como funciona o FIAGRO|investir em agronegócio|FIAGRO vale a pena|FIAGRO ou FII|crédito rural no Brasil|diversificação de carteira com FIAGRO|FIAGRO na prática|FIAGRO para iniciantes|dividendos,4562,https://i.ytimg.com/vi/ryXrPUTDrhg/maxresdefault.jpg
kipRQb0ksus,Fundos Imobiliários Junho 2023 #investimentos,2023-06-04 01:36:00,2023-06-03 22:36:00,sábado,22,61,longo,17412,841,8,,157,https://i.ytimg.com/vi/kipRQb0ksus/maxresdefault.jpg
lp0fK6Pv2xU,Ações junho 2023 #investimentos,2023-06-01 22:07:00,2023-06-01 19:07:00,quinta,19,34,short,4377,222,10,,0,https://i.ytimg.com/vi/lp0fK6Pv2xU/maxresdefault.jpg
288jUFfo4qw,CALOTE AMERICANO: o IMPASSE que pode ABALAR a ECONOMIA MUNDIAL,2023-05-31 22:07:00,2023-05-31 19:07:00,quarta,19,1456,longo,5356,460,30,Investir e coçar|Denis miyabara|finanças|bolsa de valores|teto de dívida|dívida pública|EUA|economia|investimentos|calote|Congresso|Tesouro|mercado|eto de dívida|crise|política|Biden|inflação|juros|crise eua|teto divida americana,3821,https://i.ytimg.com/vi/288jUFfo4qw/maxresdefault.jpg
1L-9PaFKqhI,CARRO POPULAR: AÇÕES que PODEM DISPARAR e DESPENCAR,2023-05-29 23:07:00,2023-05-29 20:07:00,segunda,20,904,longo,2499,307,28,Investir e coçar|Denis miyabara|finanças|bolsa de valores|carro popular|governo|ações|investimentos|economia|automóveis|impostos|consumo|carro barato|redução de preço|setor automotivo|educação financeira|onde investir em 2023|RENT3|MOVI3|TGMA3|TUPY3|MYPK3|LEVE3|VBRR3|UGPA3|PETR4|ACOES|ações locadoras,2946,https://i.ytimg.com/vi/1L-9PaFKqhI/maxresdefault.jpg
uOK-nw2g0hc,DIVIDENDOS: TÃO TROCANDO A TAESA (TAEE11) por ESSA AÇÃO...,2023-05-25 22:07:00,2023-05-25 19:07:00,quinta,19,732,longo,14498,1130,105,dividendos|taee11|alup11|Investir e coçar|Denis miyabara|finanças|bolsa de valores|lupar|taesa|transmissão de energia|ações|investimentos|cemig|tbe|omo investir em dividendos|análise de ações|setor elétrico|renda passiva|carteira recomendada|luiz barsi|louise barsi|Taee11 ou taee4|alupar|alupar ações|alup4|taee4|dividendos taesa|educação financeira,3631,https://i.ytimg.com/vi/uOK-nw2g0hc/maxresdefault.jpg
WtlXXTT1kdI,PREVIDÊNCIA: COLAPSO da MAIOR PIRÂMIDE FINANCEIRA do BRASIL,2023-05-24 00:36:00,2023-05-23 21:36:00,terça,21,993,longo,8783,763,100,previdência social|previdência privada|pirâmide financeira|Investir e coçar|Denis miyabara|finanças|bolsa de valores|aposentadoria|investimentos|finanças pessoais|educação financeira|planejamento financeiro|renda fixa|renda variável|fundos de investimento|imposto de renda|reforma da previdência|INSS|PGBL|VGBL|investimentos para aposentadoria|como investir para aposentadoria|como se aposentar cedo|ações que pagam dividendos|Pirâmides financeiras|previdencia,3892,https://i.ytimg.com/vi/WtlXXTT1kdI/maxresdefault.jpg
XBzB11otEps,NUBANK DESENCANTOU É HORA DE INVESTIR NAS AÇÕES NUBR33?,2023-05-21 13:00:19,2023-05-21 10:00:19,domingo,10,827,longo,8228,474,44,nubank|nubr33|nubank ações|nubank resultados|nubank lucro|nubank 2023|Investir e coçar|Denis miyabara|finanças|bolsa de valores|nubank ipo|nubank bdr|nubank análise|nubank investimentos|banco digital|fintech|nu holdings|nucoin|nubank investimento|nubank rewards|nubank vai falir|nubank vai quebrar|nubank ultravioleta|nubank caixinha|nubank ou inter|nubank major rd|nubank ultravioleta vale a pena|nubank para menor de 18|Nubank americanas|nubr33 ir,3713,https://i.ytimg.com/vi/XBzB11otEps/maxresdefault.jpg
MZfRmvelaBk,Como Investir para Iniciantes: 3 Regras Simples,2023-05-20 00:36:00,2023-05-19 21:36:00,sexta,21,927,longo,1725,242,15,Investir e coçar|Denis miyabara|finanças|bolsa de valores|warren buffett|investir como warren buffett|3 regras de warren buffett|value investing|gestão de risco|ações|como investir na bolsa|dicas de investimentos|finanças pessoais|berkshire hathaway|oráculo de omaha|como ficar rico|investidor de sucesso|warren buffett e bill gates|warren buffett 2023,1950,https://i.ytimg.com/vi/MZfRmvelaBk/maxresdefault.jpg
X7KBoP9P7Pc,GASOLINA ou ETANOL? #investimentos,2023-05-17 21:00:13,2023-05-17 18:00:13,quarta,18,39,short,465,28,1,,0,https://i.ytimg.com/vi/X7KBoP9P7Pc/maxresdefault.jpg
yd7rY5TLmHY,esse é o principal item para avaliar nos FIIs de Logística #investimentos,2023-05-17 15:05:01,2023-05-17 12:05:01,quarta,12,16,short,307,18,1,,0,https://i.ytimg.com/vi/yd7rY5TLmHY/maxresdefault.jpg
GB-RSUxmXlE,PETROBRAS (PETR4) FIM DA PARIDADE e AGORA?,2023-05-17 01:07:00,2023-05-16 22:07:00,terça,22,714,longo,6325,690,95,petrobras|petrobras fim da paridade|petrobras paridade|dividendos petrobras|petrobras 2023|petr4|petr3|petrobras anuncia fim paridade|Investir e coçar|Denis miyabara|finanças|bolsa de valores|PETROBrás|petrobrás paridade|petrobras ações|petr4 dividendos|petrobras paridade internacional|Petrobras fim de paridade|educação financeira|petrobrás ações|petr4 dividendos 2023|petrobras lula|petrobras hoje|petrobras acoes|petrobras dividendos,2495,https://i.ytimg.com/vi/GB-RSUxmXlE/maxresdefault.jpg
WmzGmrLciLI,a melhor técnica para se livrar das dívidas #investimentos,2023-05-15 22:00:12,2023-05-15 19:00:12,segunda,19,60,short,659,66,1,,0,https://i.ytimg.com/vi/WmzGmrLciLI/maxresdefault.jpg
cl01GABUDvA,✅Checklist Fundos Imobiliários,2023-05-12 22:36:00,2023-05-12 19:36:00,sexta,19,61,longo,495,49,3,,204,https://i.ytimg.com/vi/cl01GABUDvA/maxresdefault.jpg
oL3k7X7bBXo,CHECK LIST de FUNDOS IMOBILIÁRIOS (FIIs),2023-05-11 22:35:00,2023-05-11 19:35:00,quinta,19,1274,longo,2403,322,32,Check LIST FIIs|fundo imobiliário|fundos imobiliários|como investir em fundos imobiliários|fundos imobiliários para iniciantes|Investir e coçar|fii|Planilha de fundos imobiliários|fiis|Denis miyabara|os melhores fiis|melhores fundos imobiliarios|finanças|Como escolho um FII|bolsa de valores|Como escolher um fundo imobiliário|Planilha de FII|fundos imobiliarios|investimentos para iniciantes|renda passiva|dividendos|Viver de renda|viver de renda,1891,https://i.ytimg.com/vi/oL3k7X7bBXo/maxresdefault.jpg
SF83h-CHr7I,"Bolsa de Valores SUBIU, mas QUAIS AÇÕES VÃO SUBIR?",2023-05-09 23:36:00,2023-05-09 20:36:00,terça,20,1121,longo,5322,597,59,bolsa de valores|ibovespa em alta|ações que vão subir|Investir e coçar|Denis miyabara|finanças|como investir na bolsa|mercado financeiro|investimentos|educação financeira|finanças pessoais|renda variável|análise de ações|carteira de ações|taxa de juros|taxa de juros vai cair|ações baratas|melhores ações|como investir em ações|canal de finanças|investir na bolsa|Começando a investir|INVESTIR NA BOLSA DE VALORES,4354,https://i.ytimg.com/vi/SF83h-CHr7I/maxresdefault.jpg
A5M-b88lkiw,QUANTO RENDEU 1 REAL em BITCOIN na NUBANK DEPOIS que o BITCOIN SUBIU?,2023-05-05 23:36:00,2023-05-05 20:36:00,sexta,20,647,longo,18187,909,54,bitcoin|nubank|criptomoedas|nubank cripto|NUBANK BITCOIN|NUBANK ETHEREUM|nubank investimento|NUBANK CRIPTOMOEDA|Nubank cripto|criptomoedas nubank|bitcoin nubank|eth|comprar bitcoin nubank|comprar ethereum nubank|vale a pena comprar bitcoin nubank|vale a pena comprar ethereum nubank|Nubank criptomoeda|comprar bitcoin|Nubank Ethereum|cripto nubank|Nubank criptomoeda bitcoin|nubank criptomoedas|nubank investir bitcoin|denis miyabara|investir e coçar,2856,https://i.ytimg.com/vi/A5M-b88lkiw/maxresdefault.jpg
mID1en2-Esg,3 AÇÕES OZEMPIC #investimentos,2023-04-29 00:07:00,2023-04-28 21:07:00,sexta,21,61,longo,1346,83,2,,65,https://i.ytimg.com/vi/mID1en2-Esg/maxresdefault.jpg
HyCjy9U2lIk,IRBR3 LUCROU e JÁ VIROU PARA PREJUÍZO,2023-04-25 11:27:48,2023-04-25 08:27:48,terça,8,1575,longo,3519,326,27,,1254,https://i.ytimg.com/vi/HyCjy9U2lIk/maxresdefault.jpg
u9ahPmlMFpo,IRBR3 conseguiu o impossível #investimentos,2023-04-25 02:36:00,2023-04-24 23:36:00,segunda,23,61,longo,7856,270,27,,0,https://i.ytimg.com/vi/u9ahPmlMFpo/maxresdefault.jpg
oa1kyfbcTNU,"3 AÇÕES ""OZEMPIC"" PARA INVESTIR e GANHAR DINHEIRO COM EMAGRECIMENTO",2023-04-22 23:47:00,2023-04-22 20:47:00,sábado,20,709,longo,1541,166,11,Ações ozempic|acoes|ações|bolsa de valores|investidores|ozempic|emagrecimento|wegovy|mounjatro|novo nordisk|ww internacional|eli lilly|nvo|lly|ww|acoes nvo|acao nvo|acoes lly|denis miyabara|investir e coçar|acoes para 2023|acoes eua|investidores globais|ações americanas|bolsa de valores 2023|educação financeira|N1VO34|LILY34|INVESTIR NO EXTERIOR,3208,https://i.ytimg.com/vi/oa1kyfbcTNU/maxresdefault.jpg
rN6OL-_kGF0,Apple vai dominar o mundo com esse novo serviço #investimentos,2023-04-18 18:36:00,2023-04-18 15:36:00,terça,15,55,short,1013,83,4,,60,https://i.ytimg.com/vi/rN6OL-_kGF0/maxresdefault.jpg
EbyQWs4bnwg,DOLAR: É O MELHOR MOMENTO PARA INVESTIR EM DÓLAR? Vale a pena comprar dolar agora?,2023-04-17 22:07:00,2023-04-17 19:07:00,segunda,19,1098,longo,13350,1000,95,DÓLAR|dolar|fim do dólar|dolar caindo onde investir|o fim do dólar|dólar caindo|como investir no exterior|investir no exterior|Investir e coçar|Denis miyabara|finanças|bolsa de valores|economia global|dólar americano|dólar cai|dólar em queda|educação financeira|o que está acontecendo com o dolar|o que esta acontecendo com o dólar|dolar vai subir|dólar caindo hoje|dolar caindo porque|dolar caiu|dólar hoje|Investir em dólar|dolar caindo,2397,https://i.ytimg.com/vi/EbyQWs4bnwg/maxresdefault.jpg
QTnNPGlU-ZE,Lembrando o Lula quando o dólar foi adotado #investimentos,2023-04-14 18:07:00,2023-04-14 15:07:00,sexta,15,61,longo,795,96,2,,0,https://i.ytimg.com/vi/QTnNPGlU-ZE/maxresdefault.jpg
Jq0uHTjO26Y,Truque do dinheiro infinito #investimentos,2023-04-13 22:07:00,2023-04-13 19:07:00,quinta,19,53,short,1139,106,3,,109,https://i.ytimg.com/vi/Jq0uHTjO26Y/maxresdefault.jpg
jUTHaCY1USo,"Taxação Shein, Shopee e Aliexpress",2023-04-13 02:07:00,2023-04-12 23:07:00,quarta,23,61,longo,2383,124,11,,0,https://i.ytimg.com/vi/jUTHaCY1USo/maxresdefault.jpg
eOHjUFjZMmM,SERÁ O FIM DO DOLAR? O DÓLAR VAI ACABAR?,2023-04-12 22:07:00,2023-04-12 19:07:00,quarta,19,982,longo,11534,948,106,DÓLAR|dolar|fim do dólar|o fim do dólar|dólar caindo|Investir e coçar|Denis miyabara|finanças|bolsa de valores|moeda de reserva mundial|economia global|yuan chinês|negócio entre China e Brasil|Mudança econômica|dólar americano|dólar cai|dólar em queda|educação financeira|o que está acontecendo com o dolar|o que esta acontecendo com o dólar|dolar vai subir|dólar caindo hoje|dolar caindo onde investir|dolar caindo porque|dolar caiu|Dólar hoje,2392,https://i.ytimg.com/vi/eOHjUFjZMmM/maxresdefault.jpg
XsVkgGwvdqI,Essa notícia fez a TAEE11 derreter #investimentos,2023-04-11 02:48:04,2023-04-10 23:48:04,segunda,23,36,short,1997,135,5,,0,https://i.ytimg.com/vi/XsVkgGwvdqI/maxresdefault.jpg
uBjDWMuTO2w,Quanto Palmeiras Recebeu pelo Paulista? #investimentos,2023-04-10 00:07:00,2023-04-09 21:07:00,domingo,21,22,short,464,31,1,,0,https://i.ytimg.com/vi/uBjDWMuTO2w/maxresdefault.jpg
j1fKRYksUQA,Truque do dinheiro infinito #investimentos,2023-04-09 15:47:00,2023-04-09 12:47:00,domingo,12,51,short,1473,115,7,,78,https://i.ytimg.com/vi/j1fKRYksUQA/maxresdefault.jpg
pc2jfXJm6V8,"4 fundos imobiliários base R$10,00 #investimentos",2023-04-06 22:07:00,2023-04-06 19:07:00,quinta,19,38,short,694,73,4,,0,https://i.ytimg.com/vi/pc2jfXJm6V8/maxresdefault.jpg
-cXwdpxG1zw,Lula vai ajudar veio da Havan (Luciano Hang),2023-04-05 22:00:00,2023-04-05 19:00:00,quarta,19,16,short,4405,139,2,,0,https://i.ytimg.com/vi/-cXwdpxG1zw/maxresdefault.jpg
8OXj_HBROGY,Aluguel de imóveis disparou! #investimentos,2023-04-05 15:07:00,2023-04-05 12:07:00,quarta,12,38,short,690,84,3,,47,https://i.ytimg.com/vi/8OXj_HBROGY/maxresdefault.jpg
kmO7NkK534g,FUNDOS IMOBILIARIOS DERRETENDO O QUE ESTÁ ACONTECENDO? DIVIDENDOS EM PERIGO!,2023-04-04 22:07:00,2023-04-04 19:07:00,terça,19,980,longo,2645,383,24,fundos imobiliários|Investir e coçar|Denis miyabara|finanças|bolsa de valores|fundos imobiliários como funciona|fundos imobiliários 2023|fundos imobiliarios|crise nos fundos imobiliarios|fundos imobiliários para iniciantes|Fundos imobiliários vale a pena|fii|fiis|crise nos fiis|economia|crise economica|ifix|educação financeira|Fundos imobiliarios em queda|fundos imobiliarios derretendo|fundos imobiliarios caindo,2172,https://i.ytimg.com/vi/kmO7NkK534g/maxresdefault.jpg
927FLH7NUQ4,O que é ARCABOUÇO FISCAL?,2023-04-03 21:15:01,2023-04-03 18:15:01,segunda,18,35,short,1372,113,2,Investir e coçar|Denis miyabara|finanças|bolsa de valores|ARCABOUCO|ARCABOLSO|ARCABOUÇO|arcabouço fiscal|educação financeira|teto de gastos|fernando haddad|renda fixa|arcabouco fiscal|novo arcabouço fiscal,1883,https://i.ytimg.com/vi/927FLH7NUQ4/maxresdefault.jpg
ZxJJe_flP8Q,16 AÇÕES de INTELIGÊNCIA ARTIFICIAL para INVESTIR,2023-03-30 21:33:00,2023-03-30 18:33:00,quinta,18,990,longo,4391,361,17,ações chatgpt|ChatGPT|Investir e coçar|Denis miyabara|finanças|bolsa de valores|Inteligência artificial|Ações de tecnologia|OpenAI|Investimentos|Google|Microsoft|Apple|chat gpt|educação financeira|Como ganhar dinheiro com chatgpt|inteligência artificial|inteligencia artificial|Finanças pessoais|chatgpt|acoes ia|acoes ai|acoes inteligencia artificial|amd|nvda|asml|tsmc,2719,https://i.ytimg.com/vi/ZxJJe_flP8Q/maxresdefault.jpg
w1dvq6N4ut0,TAXA DE JUROS: LULA VS BANCO CENTRAL,2023-03-28 21:00:33,2023-03-28 18:00:33,terça,18,823,longo,2039,282,40,taxa de juros|Investir e coçar|Denis miyabara|finanças|bolsa de valores|taxa de juros e inflação|taxa de juros negativa|taxa de juros banco central|Taxa de juros 2023|campos neto|lula|guerra banco central e lula|lula vs campos neto|banco central|investimentos|ibovespa|renda fixa|investir|economia|educação financeira,4972,https://i.ytimg.com/vi/w1dvq6N4ut0/maxresdefault.jpg
nM-Prl2zwC8,O SETOR DA BOLSA DE VALORES QUE MAIS PAGOU DIVIDENDOS NÃO FOI O ELÉTRICO,2023-03-21 23:57:01,2023-03-21 20:57:01,terça,20,605,longo,2586,411,54,Investir e coçar|Denis miyabara|finanças|bolsa de valores|dividendos|setor da bolsa de valores|idiv|ibov|ifix|ifnc|iee|imob|util|indices da bolsa de valores|acoes|dividendos 2023|fundos imobiliários|renda passiva|melhores ações de dividendos|viver de renda|ações dividendos,4100,https://i.ytimg.com/vi/nM-Prl2zwC8/maxresdefault.jpg
IKg19qkJ65Y,Ação que mais subiu no século 21 #shortssprintbrasil #investimentos,2023-03-19 00:33:00,2023-03-18 21:33:00,sábado,21,5,short,781,51,4,,0,https://i.ytimg.com/vi/IKg19qkJ65Y/maxresdefault.jpg
SIzLbGl0pFc,RENDA FIXA AMERICANA em DÓLAR VALE A PENA?,2023-03-18 21:00:09,2023-03-18 18:00:09,sábado,18,694,longo,3173,326,16,renda fixa americana|Renda fixa em dólar|investir renda fixa americana|Investir e coçar|Denis miyabara|finanças|bolsa de valores|investir em renda fixa|renda fixa nos Estados Unidos|investimentos em renda fixa|títulos do tesouro americano|fundos de renda fixa|mercado financeiro americano|como investir em renda fixa nos EUA|investir em dólar|renda fixa em dolar|investir no exterior|renda fixa americana como investir|renda fixa americana etf,4787,https://i.ytimg.com/vi/SIzLbGl0pFc/maxresdefault.jpg
WIkEQSTS8to,A AÇÃO QUE MAIS SUBIU FOI #shortssprintbrasil #investimentos,2023-03-18 01:33:00,2023-03-17 22:33:00,sexta,22,28,short,1341,117,5,,0,https://i.ytimg.com/vi/WIkEQSTS8to/maxresdefault.jpg
zB49KAv3QYs,FUNDOS IMOBILIÁRIOS PODEM QUEBRAR SE O CREDIT SUISSE QUEBRAR?,2023-03-16 00:57:12,2023-03-15 21:57:12,quarta,21,472,longo,4834,673,59,Investir e coçar|Denis miyabara|finanças|bolsa de valores|CRISE CREDIT|crise no credit suisse|FUNDOS IMOBILIARIOS|FIIS|fundos imobiliarios|fundos imobiliarios credit suisse|fiis para 2023|hglg11|hgru11|hgre11|hgpo11|fundo credit suisse|credit suisse crash|credit suisse vai quebrar|credit suisse faliu,4836,https://i.ytimg.com/vi/zB49KAv3QYs/maxresdefault.jpg
ON2MkoLt9aQ,"ELON MUSK VAI COMPRAR BANCO QUEBRADO NOS EUA, SILLICON VALLEY BANK(SVB)?",2023-03-14 23:57:00,2023-03-14 20:57:00,terça,20,573,longo,3096,339,32,Investir e coçar|Denis miyabara|finanças|bolsa de valores|Elon Musk|Silicon Valley Bank|banco digital|PayPal|Tesla|crise svb|crise bancaria eua|crise bancaria 2023|crise nos bancos|elon musk e svb|silicon valley bank quebrou|banco quebrou|recessao|recessao global|twitter bank|app x,4155,https://i.ytimg.com/vi/ON2MkoLt9aQ/maxresdefault.jpg
geVmik82NiY,BANCOS DIGITAIS VÃO QUEBRAR? BANCOS QUEBRANDO MEU DINHEIRO ESTÁ SEGURO?,2023-03-13 22:07:00,2023-03-13 19:07:00,segunda,19,1025,longo,10433,860,59,Investir e coçar|Denis miyabara|finanças|bolsa de valores|svb|silicon valley bank nubank|sillicon valley bank|svb quebrou|svb nubank|svb banco|banco quebrou|banco eua quebrou|crise bancaria|crise nos bancos|bancos digitais|crise financeira|crise financeira 2023|silicon valley bank quebra|silicon valley bank faliu|corrida bancária|silicon valley bank c6 bank,4704,https://i.ytimg.com/vi/geVmik82NiY/maxresdefault.jpg
rTuB5KQw5pw,FUNDOS IMOBILIÁRIOS PARA MARÇO 2023 #shortssprintbrasil  #investimentos,2023-03-13 02:47:00,2023-03-12 23:47:00,domingo,23,22,short,533,46,2,,1186,https://i.ytimg.com/vi/rTuB5KQw5pw/maxresdefault.jpg
H6CHVrmR5hM,NUBANK(NUBR33) acionista fique ligado! #shortssprintbrasil #investimentos,2023-03-11 10:47:00,2023-03-11 07:47:00,sábado,7,41,short,7522,518,12,,0,https://i.ytimg.com/vi/H6CHVrmR5hM/maxresdefault.jpg
PoY4WqA1k5Q,RECESSÃO GLOBAL ECONÔMICA 2023 VAI PEGAR TODO MUNDO!,2023-03-10 22:07:00,2023-03-10 19:07:00,sexta,19,836,longo,224209,7737,540,recessão|recessão 2023|Investir e coçar|Denis miyabara|finanças|bolsa de valores|recessão econômica|crise econômica|economia em queda|mercado financeiro|investimentos|desemprego|inflação|crise financeira|impactos da recessão|recuperação econômica|estratégias de investimento|mercado de ações|medidas governamentais|economia global|BOLSA DE VALORES|TAXA DE JUROS|cRISE 2023|Recessão economica 2023|recessão economica|educação financeira,4687,https://i.ytimg.com/vi/PoY4WqA1k5Q/maxresdefault.jpg
cg79Spcd3pY,IRBR3 PREJUIZO COM GERAÇÃO DE CAIXA. É HORA DE COMPRAR AS AÇÕES DA IRB BRASIL?,2023-03-10 00:57:00,2023-03-09 21:57:00,quinta,21,654,longo,4257,491,53,Investir e coçar|Denis miyabara|finanças|bolsa de valores|IRBR3|resultados financeiros|balanço trimestral|seguros|resseguros|investimentos|mercado financeiro|análise de investimentos|lucro líquido|receita líquida|sinistralidade|despesas operacionais|indicadores financeiros|gestão de riscos|governança corporativa,1982,https://i.ytimg.com/vi/cg79Spcd3pY/maxresdefault.jpg
XKKKKEludVA,IRBR3 PREJUÍZO MAS A AÇÃO SUBINDO! #shortssprintbrasil #investimentos,2023-03-09 16:00:17,2023-03-09 13:00:17,quinta,13,38,short,1126,89,6,,0,https://i.ytimg.com/vi/XKKKKEludVA/maxresdefault.jpg
7-Lh4xzZsKc,Copie os investimentos do maior investidor do mundo #shortssprintbrasil,2023-03-08 15:47:01,2023-03-08 12:47:01,quarta,12,54,short,996,102,4,,0,https://i.ytimg.com/vi/7-Lh4xzZsKc/maxresdefault.jpg
syu_iRmhnp8,AÇÕES MAIS RECOMENDADOS para INVESTIR MARÇO 2023 #investimentos #shortssprintbrasil,2023-03-07 15:07:00,2023-03-07 12:07:00,terça,12,14,short,724,82,6,,0,https://i.ytimg.com/vi/syu_iRmhnp8/maxresdefault.jpg
HpwffFuuGsQ,FUGA de INVESTIDORES ESTRANGEIROS na BOLSA DE VALORES: COMO ISSO PODE AFETAR SEUS INVESTIMENTOS?,2023-03-07 00:33:00,2023-03-06 21:33:00,segunda,21,1003,longo,7929,848,106,Investir e coçar|Denis miyabara|finanças|bolsa de valores|Economia|Bolsa de Valores|Investimentos|Estrangeiros|Saída de Investidores|Brasil|2023.|educação financeira|CRISE BOLSA DE VALORES|BOLSA DE VALORES EM QUEDA|onde investir 2023|gringos saem da bolsa de valores,2061,https://i.ytimg.com/vi/HpwffFuuGsQ/maxresdefault.jpg
-CHjmqONREk,RENDA FIXA 5 MENTIRAS que VOCÊ PRECISA SABER ANTES DE INVESTIR NA RENDA FIXA,2023-03-03 22:07:00,2023-03-03 19:07:00,sexta,19,574,longo,1475,178,7,Investir e coçar|Denis miyabara|finanças|bolsa de valores|renda fixa|investimentos|finanças pessoais|mentiras sobre renda fixa|riscos da renda fixa|liquidez da renda fixa|retorno da renda fixa|opções de investimento|mercado financeiro|medo de investir|começando a investir|taxa selic|renda fixa como funciona|melhor renda fixa|educação financeira|renda fixa 2023,3539,https://i.ytimg.com/vi/-CHjmqONREk/maxresdefault.jpg
flmY3ta0ClE,🚨CUIDADO NOVO GOLPE DO PIX (esse é profissional) #investimentos,2023-03-02 11:00:32,2023-03-02 08:00:32,quinta,8,61,longo,74454,2101,98,,0,https://i.ytimg.com/vi/flmY3ta0ClE/maxresdefault.jpg
tJmnWTijE2c,COMO RECEBER SALÁRIO MÍNIMO de RENDA PASSIVA COMEÇANDO COM POUCO DINHEIRO?,2023-03-01 21:00:21,2023-03-01 18:00:21,quarta,18,804,longo,2120,239,24,Investir e coçar|finanças|bolsa de valores|renda passiva|independência financeira|salário mínimo|investimentos|finanças pessoais|dinheiro|liberdade financeira|empreendedorismo|fluxo de caixa|aposentadoria|salario minimo com renda passiva|receba 1302 por mes|recebe um salario minimo com dividendos|receba um salario minimo de renda passiva|renda passiva com pouco dinheiro|renda passiva fundos imobiliarios|renda passiva 2023|renda passiva com fiis,2483,https://i.ytimg.com/vi/tJmnWTijE2c/maxresdefault.jpg
cx2KQevsih0,Warren Buffet é o maior acionista dessas 8 empresas #investimentos,2023-03-01 15:07:00,2023-03-01 12:07:00,quarta,12,37,short,645,72,2,,0,https://i.ytimg.com/vi/cx2KQevsih0/maxresdefault.jpg
SRAL8DZOMbM,C6 vai te cobrar TAXA! #C6 #C6BANK #INVESTIMENTOS,2023-02-28 19:47:00,2023-02-28 16:47:00,terça,16,51,short,24671,894,98,,377,https://i.ytimg.com/vi/SRAL8DZOMbM/maxresdefault.jpg
qVuMgeaRGB8,Fechamento do Japão 27/02/2023 #investimentos #economia #fechamentodemercado,2023-02-27 23:47:00,2023-02-27 20:47:00,segunda,20,61,longo,1407,129,6,,0,https://i.ytimg.com/vi/qVuMgeaRGB8/maxresdefault.jpg
gPcSkJg3SrQ,Quem recebeu o PEDACINHO da NUBANK vai pagar IMPOSTO DE RENDA?,2023-02-27 21:30:03,2023-02-27 18:30:03,segunda,18,48,short,3260,229,10,,0,https://i.ytimg.com/vi/gPcSkJg3SrQ/maxresdefault.jpg
3n7g8SeleH8,IRBR3 qual será a próxima bomba? #investimentos,2023-02-27 20:07:00,2023-02-27 17:07:00,segunda,17,36,short,4129,218,28,,0,https://i.ytimg.com/vi/3n7g8SeleH8/maxresdefault.jpg
_WFbhuOmbaY,Banco quebrou! Por onde peço meu dinheiro de volta? #investimentos,2023-02-27 15:07:00,2023-02-27 12:07:00,segunda,12,16,short,913,70,0,,0,https://i.ytimg.com/vi/_WFbhuOmbaY/maxresdefault.jpg
M918g1HOges,TESOURO RENDA + PARA APOSENTADORIA VALE A PENA?,2023-02-24 22:33:00,2023-02-24 19:33:00,sexta,19,784,longo,2091,219,34,tesouro renda +|Tesouro direto renda +|Tesouro renda mais|Tesouro direto|Aposentadoria|Inss|Investimentos|Investir|Ipca +|Investir e cocar,2849,https://i.ytimg.com/vi/M918g1HOges/maxresdefault.jpg
FC-eKTK3ozE,FGC (FUNDO GARANTIDOR DE CRÉDITO) FUNCIONA MESMO?,2023-02-15 22:33:01,2023-02-15 19:33:01,quarta,19,484,longo,9087,666,96,BRK|PORTOCRED|CDB|RENDA FIXA|BANCO QUEBROU|Fundo garantidor de credito|Fgc|Cdb brk|CDB portocred|Cdb dacasa|Rf,4575,https://i.ytimg.com/vi/FC-eKTK3ozE/maxresdefault.jpg
EOuvWRy7M1s,IRBR3 LUZ no FIM DO TÚNEL ANTES DO RESULTADO 4T22 da IRB BRASIL?,2023-02-14 22:37:00,2023-02-14 19:37:00,terça,19,498,longo,6703,697,73,Irb|Irbr3|Investir e coçar|Investir e cocar|Irb brasil|Irb barsi,1881,https://i.ytimg.com/vi/EOuvWRy7M1s/maxresdefault.jpg
cR-1MYWnYco,Fechamento do Japão 13/02/2023 #investimentos #economia #fechamentodemercado,2023-02-14 00:30:11,2023-02-13 21:30:11,segunda,21,61,longo,1431,120,3,,2014,https://i.ytimg.com/vi/cR-1MYWnYco/maxresdefault.jpg
CDjYrMqaLCo,COMO USAR o ChatGPT ESCOLHER AÇÕES na BOLSA DE VALORES?,2023-02-13 23:33:00,2023-02-13 20:33:00,segunda,20,655,longo,8996,480,25,,2815,https://i.ytimg.com/vi/CDjYrMqaLCo/maxresdefault.jpg
miE3c6tqa3U,RECEBA DIVIDENDOS em DÓLAR com esses 2 REITs,2023-02-12 15:07:00,2023-02-12 12:07:00,domingo,12,590,longo,1767,245,26,receba dividendos|REITs|fundos imobiliários americanos|investimento imobiliário|ações|lucro|imóveis|administração|gestão de imóveis|imóveis nos EUA|estruturas de investimento|investir em imóveis|análise de investimento|renda passiva|economia americana.,4657,https://i.ytimg.com/vi/miE3c6tqa3U/maxresdefault.jpg
fpb_cCkZKCE,Qual o melhor momento para comprar renda fixa? #investimentos,2023-02-10 15:33:00,2023-02-10 12:33:00,sexta,12,41,short,2171,177,4,,0,https://i.ytimg.com/vi/fpb_cCkZKCE/maxresdefault.jpg
6rOtEqeSfBk,Fechamento do Japão 09/02/2023 #investimentos #economia #fechamentodemercado,2023-02-10 01:13:00,2023-02-09 22:13:00,quinta,22,61,longo,1601,128,12,,970,https://i.ytimg.com/vi/6rOtEqeSfBk/maxresdefault.jpg
__St8JLxmA0,Fechamento do Japão 08/02/2023 #investimentos #economia #fechamentodemercado,2023-02-08 23:33:00,2023-02-08 20:33:00,quarta,20,61,longo,1281,146,3,,0,https://i.ytimg.com/vi/__St8JLxmA0/maxresdefault.jpg
6Wo7K36UcIE,RENDA FIXA COMO FUNCIONA do INICIANTE ao AVANÇADO (Oferta 476),2023-02-08 23:27:00,2023-02-08 20:27:00,quarta,20,1290,longo,1053,178,13,RENDA FIXA|Cdb|Ipca|Ipca+|Cdi+|Oferta 476|Renda fixa como funciona|Como investir em renda fixa|Marcação a mercado|Renda fixa para iniciantes|Renda fixa para avancados|Crédito privado|Crédito bancario,1952,https://i.ytimg.com/vi/6Wo7K36UcIE/maxresdefault.jpg
5TH6E9yfcPU,Aluguel de ações nos Estados Unidos! #investimentos,2023-02-08 15:07:00,2023-02-08 12:07:00,quarta,12,36,short,1040,66,1,,0,https://i.ytimg.com/vi/5TH6E9yfcPU/maxresdefault.jpg
raBPI00SkZw,Fechamento do Japão 07/02/2023 #investimentos #economia #fechamentodemercado,2023-02-08 01:00:30,2023-02-07 22:00:30,terça,22,61,longo,2404,198,7,,1920,https://i.ytimg.com/vi/raBPI00SkZw/maxresdefault.jpg
iktVughx6aE,Vale a pena INVESTIR no EXTERIOR? Como começar a investir fora do Brasil? feat Will Castro,2023-02-07 23:33:00,2023-02-07 20:33:00,terça,20,1019,longo,1420,174,26,Avenue securities|Avenue|Como começar a investir no exterior|Investir no exterior|Investir nos eua|Off shore|Como investir na avenue|Tirar dinheiro do brasil|Como tirar dinheiro do brasil|Investimentos|Investir|Bolsa de valores|Renda fixa no exterior|Bonds|Bolsa de valores nos eua|Bolsa de valores no exterior|Salvar o dinheiro,1874,https://i.ytimg.com/vi/iktVughx6aE/maxresdefault.jpg
1rb6KX8WkQE,FECHAMENTO DO JAPÃO 06/02/2023 #investimentos #economia #fechamentodemercado,2023-02-06 23:33:00,2023-02-06 20:33:00,segunda,20,61,longo,1959,165,7,,1866,https://i.ytimg.com/vi/1rb6KX8WkQE/maxresdefault.jpg
l7fTHwu-5vc,Por onde começar a estudar os investimentos? #investimentos,2023-02-04 21:33:00,2023-02-04 18:33:00,sábado,18,41,short,1761,168,6,,0,https://i.ytimg.com/vi/l7fTHwu-5vc/maxresdefault.jpg
ZVdNnIxU2qc,Fechamento de mercado 02/02/2023 #investimentos #economia #fechamentodemercado,2023-02-02 22:38:00,2023-02-02 19:38:00,quinta,19,57,short,1929,274,8,,0,https://i.ytimg.com/vi/ZVdNnIxU2qc/maxresdefault.jpg
uhnitQ1Nak0,De onde vem a fortuna da presidente de Palmeiras? #investimentos,2023-02-02 16:19:00,2023-02-02 13:19:00,quinta,13,26,short,1831,91,5,,0,https://i.ytimg.com/vi/uhnitQ1Nak0/maxresdefault.jpg
Y5B-Xo3KMiU,Fechamento de mercado 01/02/2023 #investimentos #economia #fechamentodemercado,2023-02-01 23:33:00,2023-02-01 20:33:00,quarta,20,58,short,1575,211,5,,1847,https://i.ytimg.com/vi/Y5B-Xo3KMiU/maxresdefault.jpg
uMRi7BzT940,CAIXINHA DA NUBANK ENTENDA O QUE ACONTECEU e NUNCA MAIS CAIA no “GOLPE“ com ESSA FERRAMENTA!,2023-02-01 22:07:00,2023-02-01 19:07:00,quarta,19,1126,longo,2750,230,31,NUBANK|Nu|Caixinha nubank|Caixinhas nubank|Prejuízo caixinhas nubank|Nu reserva imediata|Fundos de investimentos|Investir|Caixinha da nu|NUBANK renda fixa|Nubr33|Investimentos|Investir e coçar,1325,https://i.ytimg.com/vi/uMRi7BzT940/maxresdefault.jpg
_b1LUdtW79Q,FECHAMENTO de mercado 31/01/2023 #investimentos #economia #fechamentodemercado,2023-02-01 02:33:00,2023-01-31 23:33:00,terça,23,60,short,1349,166,12,,2151,https://i.ytimg.com/vi/_b1LUdtW79Q/maxresdefault.jpg
etxk7jxesuw,🚨PETR4-DIVIDENDOS da PETROBRAS COMPROMETIDOS! AINDA VALE A PENA INVESTIR NA PETROBRAS?,2023-01-29 13:07:00,2023-01-29 10:07:00,domingo,10,894,longo,10883,1003,90,dividendos petrobras|petrobras dividendos|petr4 dividendos|petrobras|dividendos|dividendos petr4|petrobras ações|ações da petrobras|petr4 dividendos 2023|petrobras vale a pena investir|dividendos da petrobras|petrobras dividendos 2023|dividendo petrobras|dividendos petrobras 2023|dividendos da petr4|melhores ações de dividendos|ações da petrobras vale a pena|vale a pena investir na petrobras|ações com maiores dividendos|Investir e coçar|Petr4|Petr3,3150,https://i.ytimg.com/vi/etxk7jxesuw/maxresdefault.jpg
SB5ijf9c_nI,Fechamento de mercado 27/01/2023 #investimentos #bolsadevalores #economia,2023-01-28 00:47:01,2023-01-27 21:47:01,sexta,21,60,short,1556,254,14,,3296,https://i.ytimg.com/vi/SB5ijf9c_nI/maxresdefault.jpg
6dva45xU3go,Fechamento de mercado 26/01/2026 #investimentos,2023-01-27 00:37:00,2023-01-26 21:37:00,quinta,21,53,short,1387,204,9,,3093,https://i.ytimg.com/vi/6dva45xU3go/maxresdefault.jpg
Q0KzQ7xdvRw,Fechamento de mercado 25/01/2023 #investimentos,2023-01-26 01:36:20,2023-01-25 22:36:20,quarta,22,59,short,1588,187,6,,3293,https://i.ytimg.com/vi/Q0KzQ7xdvRw/maxresdefault.jpg
gA-R4Iu3_I4,"IRBR3 HOJE CAIU 20,93% DEPOIS DO GRUPAMENTO DAS AÇÕES! O QUE ACONTECEU COM IRBR3?",2023-01-25 23:33:00,2023-01-25 20:33:00,quarta,20,921,longo,15996,1212,113,irbr3 açao|irbr3 forum|irbr3 hoje|irbr3 analise|irb analise|irb analise fundamentalista|ações irb|irbr3 re|irbr3 resultados 4t20|açoes irbr3|açao irbr3|irbr3 açoes|irb brasil|irb brasil vale a pena investir|irb brasil resseguros|irbr3 analise tecnica|irbr3 noticias|irb brasil açoes|irb brasil açao|Investir e cocar|Bolsa de valores|Ibovespa|Economia|Irb,3179,https://i.ytimg.com/vi/gA-R4Iu3_I4/maxresdefault.jpg
x4Bvv2HlJ7o,FECHAMENTO DE MERCADO 24/01/2023 #investimentos,2023-01-25 01:23:00,2023-01-24 22:23:00,terça,22,60,short,1509,203,4,,3059,https://i.ytimg.com/vi/x4Bvv2HlJ7o/maxresdefault.jpg
pW5xKI_LUnc,IRBR3 PREJUÍZO DE SEMPRE e UM ALERTA PARA O INVESTIDOR!,2023-01-25 00:27:00,2023-01-24 21:27:00,terça,21,427,longo,9083,815,108,irbr3 açao|irbr3 forum|irbr3 hoje|irbr3 analise|irb analise|irb analise fundamentalista|ações irb|irbr3 re|irbr3 resultados 4t20|açoes irbr3|açao irbr3|irbr3 açoes|irb brasil|irb brasil vale a pena investir|irb brasil resseguros|irbr3 analise tecnica|irbr3 noticias|irb brasil açoes|irb brasil açao|Investir e cocar|Bolsa de valores|Ibovespa|Economia|Irb,2793,https://i.ytimg.com/vi/pW5xKI_LUnc/maxresdefault.jpg
8vCg-i10mrU,Fechamento de mercado 23/01/2023 #investimentos #economia #fechamentodemercado,2023-01-24 00:03:00,2023-01-23 21:03:00,segunda,21,61,longo,969,146,5,,3186,https://i.ytimg.com/vi/8vCg-i10mrU/maxresdefault.jpg
nNoA94qDz0M,Onde a Wandinha investiria na bolsa de valores? #investimentos #wandinha,2023-01-23 22:17:00,2023-01-23 19:17:00,segunda,19,42,short,639,60,5,,2282,https://i.ytimg.com/vi/nNoA94qDz0M/maxresdefault.jpg
_b2bLe-Z-14,5 APRENDIZADOS que ME FIZERAM SAIR da POBREZA para RIQUEZA| RICO VS POBRE,2023-01-22 15:45:00,2023-01-22 12:45:00,domingo,12,961,longo,8167,1056,86,,3111,https://i.ytimg.com/vi/_b2bLe-Z-14/maxresdefault.jpg
O4BPlS5Gpjg,Fechamento de mercado 20/01/2023 #investimentos #economia #fechamentodemercado,2023-01-21 00:30:13,2023-01-20 21:30:13,sexta,21,60,short,1797,185,13,,1170,https://i.ytimg.com/vi/O4BPlS5Gpjg/maxresdefault.jpg
zn80aDliWCw,FECHAMENTO DE MERCADO 19/01/2023 #investimentos #economia,2023-01-20 00:07:00,2023-01-19 21:07:00,quinta,21,60,short,1627,204,7,Fechamento de mercado|Fechamento do Japão|Economia|Ibovespa|Bolsa de valores|Mercado financeiro,3150,https://i.ytimg.com/vi/zn80aDliWCw/maxresdefault.jpg
bL1dNFjJKGo,Fechamento de mercado 18/01/2023 #investimentos,2023-01-19 00:07:01,2023-01-18 21:07:01,quarta,21,61,longo,747,121,6,Fechamento de mercado|Fechamento do Japão|Economia|Ibovespa|Bolsa de valores|Mercado financeiro,2214,https://i.ytimg.com/vi/bL1dNFjJKGo/maxresdefault.jpg
1sl45kpBDlk,AÇÕES DEFENSIVAS para INVESTIR e SE PROTEGER em 2023,2023-01-18 22:33:00,2023-01-18 19:33:00,quarta,19,1249,longo,2134,264,34,ANÁLISE|AÇÕES|Bolsa de valores|EQI RESEARCH|Elet3|Elet6|Eletrobras|INVESTIR|INVESTIR E COCAR|INVESTIR EM JANEIRO 2023|Investir 2023|MELHORES AÇOES|MERCADO FINANCEIRO|RECOMENDAÇÃO|Vale|Vale3|Weg|Wege3|investimentos,2952,https://i.ytimg.com/vi/1sl45kpBDlk/maxresdefault.jpg
zTifMOUNQJA,FECHAMENTO DE MERCADO 17/01/2023 #investimentos,2023-01-17 23:33:00,2023-01-17 20:33:00,terça,20,61,longo,2582,228,4,Fechamento de mercado|Fechamento do Japão|Economia|Ibovespa|Bolsa de valores|Mercado financeiro,2146,https://i.ytimg.com/vi/zTifMOUNQJA/maxresdefault.jpg
k0q157fXL3A,NUBANK CAIXINHA MUDE ISSO PARA SALVAR SEU DINHEIRO! AMERICANAS LASCOU COM NU RESERVA IMEDIATA,2023-01-16 23:33:00,2023-01-16 20:33:00,segunda,20,491,longo,6016,435,59,,2433,https://i.ytimg.com/vi/k0q157fXL3A/maxresdefault.jpg
q8ThaI9zV7o,NUBANK PROTEJA O SEU DINHEIRO nas CAIXINHAS da NUBANK #investimentos,2023-01-16 19:33:00,2023-01-16 16:33:00,segunda,16,61,longo,1720,104,3,,0,https://i.ytimg.com/vi/q8ThaI9zV7o/maxresdefault.jpg
XGeWq4kQelM,IPVA a vista ou parcelado? #investimentos,2023-01-16 14:57:00,2023-01-16 11:57:00,segunda,11,55,short,6277,163,7,IPVA|IPVA A VISTA OU PARCELADO|pagamento|vista|parcelado|opções|descontos|finanças|dicas|decisão|informação|forma de pagamento|inscrição|notificações|canal de Finanças|Investir e cocar,568,https://i.ytimg.com/vi/XGeWq4kQelM/maxresdefault.jpg
3-0pR7A8YDg,3 PASSOS para CONQUISTAR SEUS SONHOS em 2023!,2023-01-15 23:47:00,2023-01-15 20:47:00,domingo,20,569,longo,1131,209,30,Motivacao|Maldivas|Investir|Investimentos|Como conquistar seus sonhos|Sonhos 2023|Metas 2023|Mercado financeiro|Finanças|Economia|Ibovespa,2892,https://i.ytimg.com/vi/3-0pR7A8YDg/maxresdefault.jpg
k4-za1Yzlg4,A melhor dica para INICIANTE nos Fundos Imobiliários,2023-01-14 22:07:00,2023-01-14 19:07:00,sábado,19,16,short,1738,73,1,,0,https://i.ytimg.com/vi/k4-za1Yzlg4/maxresdefault.jpg
slkRBXnf8C8,os investidores de fundos imobiliários fizeram esse movimento... #investimentos,2023-01-13 22:07:00,2023-01-13 19:07:00,sexta,19,16,short,1729,66,1,,0,https://i.ytimg.com/vi/slkRBXnf8C8/maxresdefault.jpg
ezSm21pcEFw,A diferença de investir em fundos imobiliários e imóveis? #investimentos,2023-01-13 10:07:00,2023-01-13 07:07:00,sexta,7,16,short,1637,101,1,,0,https://i.ytimg.com/vi/ezSm21pcEFw/maxresdefault.jpg
iwZlc-3AuHc,EX-CEO da AMERICANAS EXPLICA O ROMBO DE 20 BILHÕES na AMER3,2023-01-13 01:27:00,2023-01-12 22:27:00,quinta,22,1440,longo,6318,517,115,AMER3|Americanas|R$ 20 bilhões|Lame3|Lame4|Bolsa de valores|Investir e cocar|Finanças|Fraude fiscal|Fraude contabil,2493,https://i.ytimg.com/vi/iwZlc-3AuHc/maxresdefault.jpg
bJYvKtskH4Q,"AMER3, VIIA3 e MGLU3 QUEBRARÃO? Olha o que o Barsi previu😱 #investimentos",2023-01-12 16:47:00,2023-01-12 13:47:00,quinta,13,51,short,3498,222,13,,0,https://i.ytimg.com/vi/bJYvKtskH4Q/maxresdefault.jpg
4u17ofZTUsE,Por que esse fundo imobiliário de 10 reais é o TOP 1 - VGIR11 em 2023! #investimentos,2023-01-12 10:07:00,2023-01-12 07:07:00,quinta,7,16,short,4859,220,13,,0,https://i.ytimg.com/vi/4u17ofZTUsE/maxresdefault.jpg
vs3y6FchVng,FECHAMENTO DE MERCADO 11/01/2023 #investimentos,2023-01-12 02:27:01,2023-01-11 23:27:01,quarta,23,61,longo,592,81,5,Fechamento de mercado|Fechamento do Japão|Economia|Ibovespa|Bolsa de valores|Mercado financeiro|Investir e cocar,1073,https://i.ytimg.com/vi/vs3y6FchVng/maxresdefault.jpg
bEzsnVqJrdU,fundo imobiliário por 10 reais para investir em 2023 #investimentos,2023-01-11 10:07:00,2023-01-11 07:07:00,quarta,7,16,short,1054,50,1,,0,https://i.ytimg.com/vi/bEzsnVqJrdU/maxresdefault.jpg
N-3EDqqN7r4,FECHAMENTO DO MERCADO 10/01/2023 #investimentos,2023-01-11 00:07:00,2023-01-10 21:07:00,terça,21,61,longo,1110,128,4,Fechamento de mercado|Fechamento do Japão|Economia|Ibovespa|Bolsa de valores|Mercado financeiro|Investir e cocar,1010,https://i.ytimg.com/vi/N-3EDqqN7r4/maxresdefault.jpg
bU2WjUq9ZYc,segundo fundo imobiliário barato para 2023 #investimentos,2023-01-10 10:07:00,2023-01-10 07:07:00,terça,7,16,short,361,25,0,,0,https://i.ytimg.com/vi/bU2WjUq9ZYc/maxresdefault.jpg
p56gabU2ei8,FECHAMENTO DE MERCADO 09 /01/2023 #investimentos,2023-01-10 00:27:56,2023-01-09 21:27:56,segunda,21,61,longo,1471,144,4,Fechamento de mercado|Fechamento do Japão|Economia|Ibovespa|Bolsa de valores|Mercado financeiro|Investir e Coçar,947,https://i.ytimg.com/vi/p56gabU2ei8/maxresdefault.jpg
57Nrt72v-wM,O fundo imobiliário mais popular da bolsa de valores #investimentos,2023-01-09 12:07:00,2023-01-09 09:07:00,segunda,9,16,short,981,51,0,,3457,https://i.ytimg.com/vi/57Nrt72v-wM/maxresdefault.jpg
W0VXqIVOL5Y,FUNDOS IMOBILIÁRIOS 2023 VALE A PENA O RISCO?,2023-01-07 23:33:00,2023-01-07 20:33:00,sábado,20,587,longo,6627,583,47,Fundos imobiliários|fundos imobiliarios|bolsa de valores|educação financeira|renda passiva|melhores fiis|como investir em fundos imobiliarios|melhores fundos imobiliarios 2023|viver de renda|melhores fundos imobiliarios|fundo imobiliario|fundos imobiliários para iniciantes|vale a pena investir em fiis|fundos imobiliários 2023|fundos imobiliários baratos|melhores fundos imobiliários|fundo imobiliário|fiis 2023|Investir e coçar,3509,https://i.ytimg.com/vi/W0VXqIVOL5Y/maxresdefault.jpg
JLGftOXTHBU,FECHAMENTO DE MERCADO 05/01/2023 #investimentos,2023-01-06 00:03:00,2023-01-05 21:03:00,quinta,21,61,longo,1520,153,3,,0,https://i.ytimg.com/vi/JLGftOXTHBU/maxresdefault.jpg
HKTwPbn8INc,jogador de futebol não cuida bem do dinheiro que ganha? #investimentos,2023-01-05 19:03:00,2023-01-05 16:03:00,quinta,16,52,short,834,47,0,,0,https://i.ytimg.com/vi/HKTwPbn8INc/maxresdefault.jpg
nqSvzt116mY,FECHAMENTO DE MERCADO 04/01/2023 #investimentos,2023-01-05 00:07:01,2023-01-04 21:07:01,quarta,21,61,longo,1422,147,7,,1262,https://i.ytimg.com/vi/nqSvzt116mY/maxresdefault.jpg
k9hKmEIYW58,3 FUNDOS IMOBILIÁRIOS BARATOS 2023,2023-01-04 22:07:00,2023-01-04 19:07:00,quarta,19,645,longo,3630,420,19,fundos imobiliarios|Fundos imobiliários|Fiis|Dividendos|Renda mensal|Renda passiva|Investimentos|Financas|Economia|Ibovespa|Ifix|Dividendos mensais|Fundo imobiliario,2885,https://i.ytimg.com/vi/k9hKmEIYW58/maxresdefault.jpg
ORoTPH57oVw,estão tirando dinheiro dos seus pais! #investimentos,2023-01-04 18:07:00,2023-01-04 15:07:00,quarta,15,61,longo,1202,40,7,,0,https://i.ytimg.com/vi/ORoTPH57oVw/maxresdefault.jpg
2PcLVsomyLI,"DÓLAR R$4,45? A CULPA É DO BIG MAC do @McDonalds  #investimentos",2022-12-27 18:36:00,2022-12-27 15:36:00,terça,15,53,short,1624,97,3,,1401,https://i.ytimg.com/vi/2PcLVsomyLI/maxresdefault.jpg
NcpTTfkwITc,IRB IRBR3 LUCROU | IRBR3 VALE A PENA INVESTIR NA IRB?,2022-12-23 15:07:00,2022-12-23 12:07:00,sexta,12,833,longo,11382,878,78,IRBR3|irb brasil|luiz barsi|irbr3 hoje|ações da irb|irbr3 barsi|irbr3 analise|açoes irbr3|irbr3 açoes|irbr3 ações|irbr3 vale a pena investir|açao irbr3|ações irbr3 vale a pena|ações da irbr3 vale a pena|ação irbr3|bolsa de valores|renda variável|INVESTIR E COCAR,2861,https://i.ytimg.com/vi/NcpTTfkwITc/maxresdefault.jpg
LBzGXpNZXyg,Fundo Imobiliário mais um para FII para 2023 #investimentos,2022-12-21 10:07:00,2022-12-21 07:07:00,quarta,7,61,longo,629,44,0,,0,https://i.ytimg.com/vi/LBzGXpNZXyg/maxresdefault.jpg
YeX6RzPCmfw,ROLEX Qual o melhor momento para comprar ou vender seu relógio de luxo? #investimentos,2022-12-20 23:29:56,2022-12-20 20:29:56,terça,20,59,short,1380,71,0,,0,https://i.ytimg.com/vi/YeX6RzPCmfw/maxresdefault.jpg
Bfxr91FoRjg,FUNDOS IMOBILIÁRIOS 2023 |esse foi o primeiro dos 3 FIIs que a. Carol Borges trouxe pros Tanakas,2022-12-19 21:00:07,2022-12-19 18:00:07,segunda,18,16,short,955,42,3,,0,https://i.ytimg.com/vi/Bfxr91FoRjg/maxresdefault.jpg
nr6n-s5yFIc,Onde a WANDINHA investiria na Bolsa de Valores Brasileira? #investimentos,2022-12-17 12:00:34,2022-12-17 09:00:34,sábado,9,42,short,1383,95,1,,0,https://i.ytimg.com/vi/nr6n-s5yFIc/maxresdefault.jpg
Af0eAqNUv4E,3 FUNDOS IMOBILIÁRIOS PARA INVESTIR em 2023 e DIVIDENDOS MENSAIS,2022-12-16 21:07:00,2022-12-16 18:07:00,sexta,18,590,longo,3623,376,24,fundos imobiliarios|Fundos imobiliários|Fii|Fiis|Fundo imobiliario|Investimentos|Renda variavel|Finanças|Dividendos|Renda passiva|Dividendos mensais|Aluguel isento de ir|Bolsa de valores,2824,https://i.ytimg.com/vi/Af0eAqNUv4E/maxresdefault.jpg
XBJqP2JTkkQ,BARSI ABRIU SUA CARTEIRA DE AÇÕES NA BOLSA DE VALORES #investimentos,2022-12-15 21:00:12,2022-12-15 18:00:12,quinta,18,20,short,66795,2385,130,,0,https://i.ytimg.com/vi/XBJqP2JTkkQ/sddefault.jpg
OC-ytfsyCIQ,OIBR3 saiu da recuperação judicial,2022-12-15 10:07:00,2022-12-15 07:07:00,quinta,7,6,short,1987,68,5,,0,https://i.ytimg.com/vi/OC-ytfsyCIQ/sddefault.jpg
d2qiOaiUyJU,FECHAMENTO DE MERCADO 13/12/2022 #investimentos #economia,2022-12-13 22:47:00,2022-12-13 19:47:00,terça,19,59,short,2056,211,7,Fechamento de mercado|Fechamento do Japão|Economia|Ibovespa|Bolsa de valores|Mercado financeiro|canal de finanças,2889,https://i.ytimg.com/vi/d2qiOaiUyJU/sddefault.jpg
lcCd86HDQfA,FECHAMENTO DE MERCADO 12/12/2022 #investimentos #economia,2022-12-13 01:57:32,2022-12-12 22:57:32,segunda,22,61,longo,1102,135,3,,1972,https://i.ytimg.com/vi/lcCd86HDQfA/maxresdefault.jpg
r8Zgfp2lee0,CRISE NO BITCOIN! SERÁ O FIM DO BTC? INVESTIR EM BITCOIN (BTC) HOJE VALE A PENA?,2022-12-12 23:07:00,2022-12-12 20:07:00,segunda,20,930,longo,1699,250,55,bitcoin|comprar bitcoin|bitcoin hoje|bolsa de valores|bitcoin vale a pena|btc hoje|bitcoin 2022|como comprar bitcoin|bitcoin vai cair|bitcoin analise|canal de finanças|bitcoin vai subir|análise bitcoin|ethereum hoje|bitcoin agora|bitcoin noticias|começando a investir|fim do bitcoin|Crise no bitcoin,2466,https://i.ytimg.com/vi/r8Zgfp2lee0/maxresdefault.jpg
QU0j2KCQWlk,QUAL A MELHOR CONTA EM BANCO PARA MENOR DE IDADE? [TUDO GRATUITO] #investimentos,2022-12-11 18:00:08,2022-12-11 15:00:08,domingo,15,56,short,27705,745,6,Conta para menor|Conta menor de idade,1921,https://i.ytimg.com/vi/QU0j2KCQWlk/maxresdefault.jpg
NLUt8CnAS1U,FECHAMENTO de MERCADO 09/12/2022 #investimentos #economia,2022-12-09 23:33:00,2022-12-09 20:33:00,sexta,20,61,longo,1134,122,4,Fechamento de mercado|Fechamento do Japão|Economia|Ibovespa|Bolsa de valores|Mercado financeiro,2975,https://i.ytimg.com/vi/NLUt8CnAS1U/maxresdefault.jpg
aflEfLDQuRA,FECHAMENTO DE MERCADO 08/12/2022 #INVESTIMENTOS #economia,2022-12-08 23:33:00,2022-12-08 20:33:00,quinta,20,61,longo,895,127,1,Fechamento de mercado|Fechamento do Japão|Economia|Ibovespa|Bolsa de valores|Mercado financeiro,2878,https://i.ytimg.com/vi/aflEfLDQuRA/maxresdefault.jpg
LeOSuEk9GJY,FECHAMENTO DE MERCADO 07/12/2022 #INVESTIMENTOS #fechamentodemercado,2022-12-08 00:10:19,2022-12-07 21:10:19,quarta,21,61,longo,679,70,1,,941,https://i.ytimg.com/vi/LeOSuEk9GJY/maxresdefault.jpg
HEd1_H-v4AU,A AÇÃO MAIS RECOMENDADA PARA INVESTIR EM DEZEMBRO 2022 #investimentos,2022-12-07 15:07:00,2022-12-07 12:07:00,quarta,12,16,short,837,74,3,,0,https://i.ytimg.com/vi/HEd1_H-v4AU/maxresdefault.jpg
IqHIW_5bv7U,FECHAMENTO de MERCADO 06/12/2022 #fechamentodemercado #investimentos #economia,2022-12-07 02:07:00,2022-12-06 23:07:00,terça,23,61,longo,680,64,2,,927,https://i.ytimg.com/vi/IqHIW_5bv7U/maxresdefault.jpg
sMesFHDNwg4,QUANTO GANHA CADA SELEÇÃO NA COPA DO MUNDO 2022? #investimentos,2022-12-06 22:00:19,2022-12-06 19:00:19,terça,19,40,short,4965,298,7,,2101,https://i.ytimg.com/vi/sMesFHDNwg4/maxresdefault.jpg
XRozwvLPRdw,Fechamento de mercado 05/12/2022 #fechamentodemercado #investimentos,2022-12-06 01:50:00,2022-12-05 22:50:00,segunda,22,61,longo,781,78,1,fechamento do Japão|fechamento de mercado|ibovespa|finanças|investir|investimentos|bolsa de valores|Denis Miyabara|investir e Coçar,2984,https://i.ytimg.com/vi/XRozwvLPRdw/sddefault.jpg
l7SVht_j44w,FUNDOS IMOBILIÁRIOS DEZEMBRO 2022 | FIIs DIVIDENDOS MENSAIS para RENDA PASSIVA,2022-12-04 21:33:00,2022-12-04 18:33:00,domingo,18,440,longo,3081,370,26,fundos imobiliários|fundos imobiliários para iniciantes|fundos imobiliários como funciona|fundos imobiliários banco inter|fundos imobiliários vale a pena|fundos imobiliários de papel|fundos imobiliários 2022|ifix|ibovespa|bolsa de valores|denis miyabara|investi e coçar|Dividendos|renda passiva|fiis|fundos imobiliarios|aluguel isento de ir|melhores fiis|melhores fundos imobiliarios|melhores fiis para 2022|viver de renda|dividendos mensais,2301,https://i.ytimg.com/vi/l7SVht_j44w/maxresdefault.jpg
f3tBP8bfpX0,AÇÕES DEZEMBR0 2022 | ONDE INVESTIR DEZEMBRO 2022?,2022-12-03 21:07:01,2022-12-03 18:07:01,sábado,18,569,longo,3436,430,74,AÇÕES|ACOES|BOLSA DE VALORES|ações baratas|ações 2022|melhores ações para 2022|educação financeira|ações dividendos|ações baratas para 2022|ações dezembro|acoes dezembro|ações para dezembro 2022|onde investir|denis miyabara|investir e coçar|investir em ações|ações garantem o futuro|ações da vale|ações magalu|ações ordinarias e preferenciais|ações ou fundos imobiliarios|ações petrobras|ações nubank|ações da petrobras|ações do banco do brasil,3102,https://i.ytimg.com/vi/f3tBP8bfpX0/maxresdefault.jpg
OhX2JWQRBcw,FECHAMENTO DE MERCADO 02/12/2022 #investimentos #economia #fechamentodemercado,2022-12-03 00:07:00,2022-12-02 21:07:00,sexta,21,61,longo,992,105,2,,2034,https://i.ytimg.com/vi/OhX2JWQRBcw/maxresdefault.jpg
7ROq8DvhJOE,VAZOU o QUANTO CAZEmiro está ganhando na COPA DO MUNDO!  #INVESTIMENTOS,2022-12-02 14:57:00,2022-12-02 11:57:00,sexta,11,22,short,26672,750,22,,909,https://i.ytimg.com/vi/7ROq8DvhJOE/maxresdefault.jpg
1Sk7tNDHh0o,FECHAMENTO DO MERCADO 01/12/2022 #investimentos,2022-12-02 01:41:35,2022-12-01 22:41:35,quinta,22,61,longo,747,63,3,,1741,https://i.ytimg.com/vi/1Sk7tNDHh0o/maxresdefault.jpg
oEP2vCtksfw,"IRB (IRBR3) GRUPAMENTO DE AÇÕES NA BOLSA DE VALORES! IRBR3 R$ 21,00!",2022-12-02 00:07:00,2022-12-01 21:07:00,quinta,21,521,longo,26046,1556,210,IRB|IRB BRASIL|irbr3|irbr3 hoje|irbr3 vale a pena|irbr3 follow on|irbr3 barsi|irbr3 hoje noticias|irbr3 subscrição|irbr3 vai falir|irbr3 analise fundamentalista|irbr3 ações|investir e coçar|bolsa de valores|canal de finanças|irbr3 dividendos|luiz barsi|DIVIDENDOS|denis miyabara,2975,https://i.ytimg.com/vi/oEP2vCtksfw/maxresdefault.jpg
hFjfw0LdyDI,FECHAMENTO DE MERCADO 30/11/2022 #investimentos #economia,2022-11-30 23:33:00,2022-11-30 20:33:00,quarta,20,61,longo,877,95,3,,2935,https://i.ytimg.com/vi/hFjfw0LdyDI/maxresdefault.jpg
8OKhTkpPrJo,AÇÕES SEM CALL POLÍTICO #investimentos,2022-11-30 15:33:00,2022-11-30 12:33:00,quarta,12,12,short,1119,34,1,,0,https://i.ytimg.com/vi/8OKhTkpPrJo/maxresdefault.jpg
LS96liQ2lAE,FECHAMENTO DE MERCADO 29/11/2022 #ECONOMIA #INVESTIMENTOS,2022-11-30 01:13:30,2022-11-29 22:13:30,terça,22,61,longo,886,70,4,,2113,https://i.ytimg.com/vi/LS96liQ2lAE/maxresdefault.jpg
asTbw492yKw,FECHAMENTO DE MERCADO 28/11/2022 #investimentos #economia,2022-11-28 23:39:26,2022-11-28 20:39:26,segunda,20,59,short,1621,122,1,,2113,https://i.ytimg.com/vi/asTbw492yKw/maxresdefault.jpg
wIlthZjSR_0,"BOLSA DE VALORES DERRETE, DÓLAR SOBE, PEC e TRETA com HADDAD!",2022-11-28 01:09:57,2022-11-27 22:09:57,domingo,22,840,longo,4158,509,61,bolsa de valores|fechamento de mercado|fechamento b3|IBOVESPA|ações|investimentos|investir|investir e coçar|educação financeira,2292,https://i.ytimg.com/vi/wIlthZjSR_0/maxresdefault.jpg
7h9zlF3hSfE,5 FUNDOS IMOBILIARIOS BARATOS l Receba DIVIDENDOS MENSAIS,2022-11-26 21:00:02,2022-11-26 18:00:02,sábado,18,607,longo,2709,385,39,,2753,https://i.ytimg.com/vi/7h9zlF3hSfE/maxresdefault.jpg
kpNRw8FT8aQ,FECHAMENTO DE MERCADO 25/11/2022,2022-11-26 00:07:00,2022-11-25 21:07:00,sexta,21,49,short,1200,115,6,#fechamentodemercado #fechamentodojapao #economia #investimentos #bolsadevalores #investirecocar,1864,https://i.ytimg.com/vi/kpNRw8FT8aQ/maxresdefault.jpg
sorHpU9ut2c,A SELEÇÃO BRASILEIRA NÃO É A MAIS CARA =/ #INVESTIMENTOS,2022-11-25 16:07:00,2022-11-25 13:07:00,sexta,13,29,short,2611,127,8,,0,https://i.ytimg.com/vi/sorHpU9ut2c/maxresdefault.jpg
StMdrrvfnvs,FECHAMENTO DE MERCADO 24/11/2022 #investimentos,2022-11-25 01:07:00,2022-11-24 22:07:00,quinta,22,56,short,540,54,4,#fechamentodemercado #fechamentodojapao #economia #investimentos #bolsadevalores #investirecocar,1864,https://i.ytimg.com/vi/StMdrrvfnvs/maxresdefault.jpg
hpmVHv716nE,FECHAMENTO DO JAPÃO 23/11/2022  #investimentos,2022-11-23 23:33:00,2022-11-23 20:33:00,quarta,20,54,short,2374,176,8,#fechamentodemercado #fechamentodojapao #economia #investimentos #bolsadevalores #investirecocar,1864,https://i.ytimg.com/vi/hpmVHv716nE/maxresdefault.jpg
V6p1I9Tn1Sk,Fechamento de mercado 22/11/2022 #investimentos,2022-11-23 00:47:00,2022-11-22 21:47:00,terça,21,61,longo,1310,95,4,,1921,https://i.ytimg.com/vi/V6p1I9Tn1Sk/maxresdefault.jpg
cPQXNrhZC1c,FECHAMENTO DO JAPÃO 21/11/2022 #investimentos,2022-11-22 09:28:01,2022-11-22 06:28:01,terça,6,57,short,1077,97,4,,1921,https://i.ytimg.com/vi/cPQXNrhZC1c/maxresdefault.jpg
F0A3J-Lf0Fo,5 FUNDOS IMOBILIÁRIOS QUE FICARAM BARATOS para 2023,2022-11-22 00:07:00,2022-11-21 21:07:00,segunda,21,1071,longo,3634,487,26,fiis|fundos imobiliários|fundo imobiliário|fundos imobiliários baratos|fundos imobiliários 2023|investir|finanças|dividendos|bolsa de valores|educação financeira|ifix|investir e Coçar,2081,https://i.ytimg.com/vi/F0A3J-Lf0Fo/maxresdefault.jpg
SOS5k6ttXjs,ONDE NÃO INVESTIR? #investimentos,2022-11-21 15:57:00,2022-11-21 12:57:00,segunda,12,10,short,1769,45,5,,0,https://i.ytimg.com/vi/SOS5k6ttXjs/maxresdefault.jpg
GVXJEIRK3Wc,AÇÕES QUE PODEM SE BENEFICIAR,2022-11-20 22:47:00,2022-11-20 19:47:00,domingo,19,16,short,1109,33,3,,832,https://i.ytimg.com/vi/GVXJEIRK3Wc/maxresdefault.jpg
75yjplOc2zc,MELHOR FORMA DE GARANTIR A FACULDADE DOS FILHOS! [CORRE],2022-11-19 22:47:00,2022-11-19 19:47:00,sábado,19,61,longo,936,38,0,,939,https://i.ytimg.com/vi/75yjplOc2zc/maxresdefault.jpg
hzU8vdiSk9M,QUANTO CUSTOU A VIAGEM DO LULA PARA O EGITO?,2022-11-17 23:10:22,2022-11-17 20:10:22,quinta,20,61,longo,2142,177,24,,138,https://i.ytimg.com/vi/hzU8vdiSk9M/maxresdefault.jpg
_azFR-_Vgro,COMO JUNTAR DINHEIRO RÁPIDO e FÁCIL com ESSA TÉCNICA #investimentos,2022-11-17 15:16:06,2022-11-17 12:16:06,quinta,12,60,short,1822,138,3,,0,https://i.ytimg.com/vi/_azFR-_Vgro/maxresdefault.jpg
r_HW3POssic,[URGENTE] IRBR3 RENÚNCIA DO PRESINTE!,2022-11-17 10:19:31,2022-11-17 07:19:31,quinta,7,28,short,3163,211,5,,2199,https://i.ytimg.com/vi/r_HW3POssic/maxresdefault.jpg
g2kvLMhgC3s,🔴IRBR3 CHEGOU A HORA DE INVESTIR EM IRB? IRBR3 VALE A PENA? [FUNDO DO POÇO IRBR3?],2022-11-15 23:33:00,2022-11-15 20:33:00,terça,20,1110,longo,6070,646,77,irbr3|bolsa de valores|irbr3 vale a pena|ações irb|irbr3 hoje|irb brasil|irbr3 analise|irb brasil vale a pena investir|irbr3 barsi|ações baratas|irbr3 açao|INVESTIR E COÇAR|ibovespa|finanças|irbr3 follow on|irbr3 hoje noticias|irbr3 louise barsi|irbr3 o que é|irbr3 1 real|irbr3 ultimas noticias|irbr3 subscrição|irbr3 analise fundamentalista|irbr3 investir sempre|Irbr3 1 rela,2199,https://i.ytimg.com/vi/g2kvLMhgC3s/maxresdefault.jpg
jfnEGa9e814,"INTERNET, COMIDA e BEBIDA DE GRAÇA NO AEROPORTO?",2022-11-15 15:37:00,2022-11-15 12:37:00,terça,12,61,longo,1590,83,7,sala vip|sala vip aeroporto|lounge vip aeroporto|sala vip guarulhos|dicas de viagem|renda extra|finanças pessoais|cartões de crédito|como comer de graça no aeroporto,1686,https://i.ytimg.com/vi/jfnEGa9e814/maxresdefault.jpg
gn54An4JJ4E,DISNEY PLUS de GRAÇA? #investimentos #FIIS #fundosimobiliarios,2022-11-14 23:33:00,2022-11-14 20:33:00,segunda,20,28,short,1319,55,1,disney plus|fundos imobiliários|fundos imobiliarios|bolsa de valores|melhores fundos imobiliarios|fiis para 2022|canal de finanças|como investir em fiis|como investir em fundos imobiliarios|fundos imobiliarios 2022|investir e coçar|VINO11,1773,https://i.ytimg.com/vi/gn54An4JJ4E/maxresdefault.jpg
VFSyKmYClkY,POUPANÇA: MEDO DO CONFISCO OU APRENDEMOS A INVESTIR?,2022-11-14 15:07:00,2022-11-14 12:07:00,segunda,12,58,short,4379,211,10,,1737,https://i.ytimg.com/vi/VFSyKmYClkY/maxresdefault.jpg
rrJ-incNheM,FUNDOS IMOBILIÁRIOS MAIS RECOMENDADOS PARA INVESTIR EM NOVEMBRO 2022,2022-11-08 20:57:00,2022-11-08 17:57:00,terça,17,743,longo,4594,332,47,fundos imobiliários|melhores fiis|fundos imobiliarios|melhores fundos imobiliarios 2022|melhores fiis 2022|melhores fiis para 2022|bolsa de valores|fiis de papel|como investir em fundos imobiliarios|melhores fundos imobiliarios|melhores dividendos|fiis para novembro|canal de finanças|melhores fiis para novembro 2022|educação financeira|onde investir|investir e coçar|fundo imobiliário,1702,https://i.ytimg.com/vi/rrJ-incNheM/maxresdefault.jpg
3n6ojgoNFoE,Juntar 100 mil reais até 2025? #investimentos,2022-11-08 15:16:25,2022-11-08 12:16:25,terça,12,44,short,2090,106,4,,0,https://i.ytimg.com/vi/3n6ojgoNFoE/maxresdefault.jpg
IQ-sMDlCLTM,AÇÕES MAIS RECOMENDAS PARA INVESTIR NOVEMBRO 2022!,2022-11-03 00:07:00,2022-11-02 21:07:00,quarta,21,772,longo,5736,652,48,ACOES MAIS RECOMENDADAS NOVEMBRO 2022|Denis miyabara|Investir e coçar|MELHORES AÇÕES PARA NOVEMBRO 2022|acoes baratas novembro|acoes dividendos novembro 2022|acoes para novembro 2022|açoes para novembro de 2022|ações novembro|ações para novembro|ações para novembro 2022|bolsa de valores|finanças|investir e coçar é só começar,1717,https://i.ytimg.com/vi/IQ-sMDlCLTM/maxresdefault.jpg
6O3WAZjKAKY,ONDE INVESTIR e NÃO INVESTIR com LULA PRESIDENTE?,2022-10-31 01:27:00,2022-10-30 22:27:00,domingo,22,642,longo,41706,2879,436,ONDE INVESTIR COM LULA|lula|onde investir|ibovespa|bolsa de valores|dinheiro|investimentos|investir e cocar|lula e agora|investimentos com lula|educação financeira|canal de finanças|onde investir cmo lula|onde investir em 2022|lula investir|lula e bolsonaro|lula vs bolsonaro|lula 2022|onde investir hoje,1996,https://i.ytimg.com/vi/6O3WAZjKAKY/maxresdefault.jpg
5ANY-gTI4HY,FECHAMENTO DE MERCADO 25/10/2022#fechamentodemercado #investimentos #bolsadevalores,2022-10-26 01:33:00,2022-10-25 22:33:00,terça,22,55,short,1990,153,9,,782,https://i.ytimg.com/vi/5ANY-gTI4HY/maxresdefault.jpg
QKiEt4vjtb8,ONDE INVESTE O FUNDO DO PRIMO RICO FUNDO ARCA? FUNDO DO PRIMO RICO VALE A PENA?,2022-10-26 00:33:00,2022-10-25 21:33:00,terça,21,1549,longo,4331,384,24,Previdência Social|INSS|Previdência Privada|VGBL|Come Cotas|PGBL|Taxa de Administração|Fundo de investimentos|Tabela Progressiva|Tabela Regressiva|Aposentadoria|Salário Mínimo|Ações|Renda Fixa|Planejamento Sucessório|educação financeira|melhores investimentos|investimentos para iniciantes|como investir na bolsa|como viver de renda|renda passiva|ganhar dinheiro|previdência primo rico|fundo do primo|FUNDO PRIMO RICO|investir e coçar|denis miyabara,2290,https://i.ytimg.com/vi/QKiEt4vjtb8/maxresdefault.jpg
BgMS-BEW64s,FECHAMENTO DE MERCADO 24/10/2022 #INVESTIMENTOS #fechamentodemercado,2022-10-25 00:47:00,2022-10-24 21:47:00,segunda,21,59,short,1860,155,8,,782,https://i.ytimg.com/vi/BgMS-BEW64s/maxresdefault.jpg
vOQ6547-Esk,"Petróleo disparou, João Dória deixa PSDB e OIBR3 vai fazer GRUPAMENTO #investimentos #investir",2022-10-24 22:33:00,2022-10-24 19:33:00,segunda,19,61,longo,1503,121,4,,1663,https://i.ytimg.com/vi/vOQ6547-Esk/maxresdefault.jpg
NVjomGesYGo,COMO TOMAR BANHO DE GRAÇA NO AEROPORTO SEM SER NA PIA #investimentos #cartaodecredito,2022-10-24 20:00:06,2022-10-24 17:00:06,segunda,17,35,short,7495,265,18,,727,https://i.ytimg.com/vi/NVjomGesYGo/maxresdefault.jpg
kKtZkRX7q7s,🔴IRB BRASIL(IRBR3) 2 NOTICIAS BOAS e 1 RUIM!,2022-10-23 00:33:01,2022-10-22 21:33:01,sábado,21,559,longo,14413,1277,123,irbr3 vale a pena|irbr3 hoje|ações irbr3|irbr3 analise|irbr3 barsi|irbr3 follow on|irbr3 hoje noticias|irbr3 subscrição|irbr3 louise barsi|irbr3 vai falir|irbr3 analise fundamentalista|irbr3 o que é|irbr3 ultimas noticias|ações|irb|ações baratas|bolsa de valores|irb brasil|irbr3 ações|açoes irbr3|irbr3 dividendos|renda variável|investimentos|ações irb|irb brasil açoes|irbr3 irb|irb brasil irbr3|acoes irbr3|dividendos|investir|investir e coçar,2494,https://i.ytimg.com/vi/kKtZkRX7q7s/maxresdefault.jpg
bO9v7EFC0EM,Fechamento de mercado dia 22 de outubro de 2022 #investimentos,2022-10-22 01:00:11,2022-10-21 22:00:11,sexta,22,59,short,1405,117,1,,789,https://i.ytimg.com/vi/bO9v7EFC0EM/maxresdefault.jpg
FWRKljivsXQ,FECHAMENTO DE MERCADO 20/10/2022 #investimentos #bolsadevalores,2022-10-21 01:07:00,2022-10-20 22:07:00,quinta,22,57,short,2278,183,7,,727,https://i.ytimg.com/vi/FWRKljivsXQ/maxresdefault.jpg
OtDiCVzyRVs,OIBR3 GRUPAMENTO O QUE FAZER COM AS AÇÕES da OI (OIBR3)?,2022-10-21 00:12:00,2022-10-20 21:12:00,quinta,21,1109,longo,26786,1883,256,oibr3|oibr4|ações da oi|oibr3 noticias|OIBR|ACOES OI|ACOES OIBR3|DENIS MIYABARA|investir e coçar|bolsa de valores|investimentos|investir|finanças|ibovespa|oibr3 noticias hoje|oibr3 vale a pena|oibr3 grupamento|oibr3 ou oibr4|oibr3 hoje|venda oibr3|oi grupamento|oi agrupamento|oibr3 agrupamento,3911,https://i.ytimg.com/vi/OtDiCVzyRVs/maxresdefault.jpg
CFrLagph1pU,COMO INVESTIR SEM SABER NADA TER SUCESSO? PROFESSOR DO WARREN BUFFETT ENSINA,2022-10-15 00:29:30,2022-10-14 21:29:30,sexta,21,492,longo,2575,308,13,Investir e coçar|Denis miyabara|finanças|bolsa de valores|como investir do zero|como iniciar nos investimentos|como comecar a investir|como comecar a investir do zero|como começar a investir|investir do zero|investidor de sucesso|investidor inteligente|o investidor inteligente|iniciando nos investimentos|como começar nos investimentos|como investir|como investir em ações|como investir na bolsa,2039,https://i.ytimg.com/vi/CFrLagph1pU/sddefault.jpg
-WJadtLAPos,O IMPOSTO ROSA! MULHERES ESTÃO ROUBANDO VOCÊS,2022-10-14 21:00:40,2022-10-14 18:00:40,sexta,18,16,short,1423,89,3,,727,https://i.ytimg.com/vi/-WJadtLAPos/maxresdefault.jpg
pfQizAyX7BQ,como tirar dinheiro da companhia aérea? #investimentos,2022-10-13 00:03:00,2022-10-12 21:03:00,quarta,21,16,short,3264,111,4,,727,https://i.ytimg.com/vi/pfQizAyX7BQ/maxresdefault.jpg
OOOyWpVwQls,ONDE COMPRAR BITCOIN COM POUCO DINHEIRO? [COMPARATIVO],2022-10-12 00:58:56,2022-10-11 21:58:56,terça,21,453,longo,1267,144,25,Investir e coçar|Denis miyabara|finanças|bolsa de valores|onde comprar bitcoin|onde comprar bitcoin com pouco dinheiro|onde comprar bitcoin de forma segura|bitcoin|bitcoin com pouco dinheiro|comprar bitcoin com pouco dinheiro|como comprar bitcoin com pouco dinheiro|onde compro bitcoin|como investir em bitcoin|como comprar bitcoins|investir em bitcoin|investir em bitcoin 2022,2030,https://i.ytimg.com/vi/OOOyWpVwQls/maxresdefault.jpg
W3xrrmlh_oY,FECHAMENTO DE MERCADO 11/10/2022,2022-10-12 00:17:00,2022-10-11 21:17:00,terça,21,61,longo,998,73,2,,727,https://i.ytimg.com/vi/W3xrrmlh_oY/maxresdefault.jpg
mP70C9HHtNo,FECHAMENTO DO MERCADO  10/11/2022 #fechamentodemercado #investimentos,2022-10-11 01:54:23,2022-10-10 22:54:23,segunda,22,48,short,1622,130,3,,782,https://i.ytimg.com/vi/mP70C9HHtNo/maxresdefault.jpg
8fLXpBjhZhA,"🔴FUNDOS IMOBILIÁRIOS (FII) EM PERIGO (HGLG11, HGRE11, HGRU11)? CREDIT SUISSE VAI QUEBRAR?",2022-10-09 23:47:00,2022-10-09 20:47:00,domingo,20,1271,longo,8300,851,39,Investir e coçar|Denis miyabara|finanças|bolsa de valores|educação financeira|onde investir|investimentos|onde investir em 2022|credit suisse|credit|suisse|crise de 2008|nova crise|crise econômica|credit suisse vai quebrar|credit suisse crash|credit suisse ações|crise credit suisse|fundos imobiliários|fiis|fundos imobiliarios credit suisse|hglg11|hgre11|hgru11|fundo imobiliario|fundos imobiliarios|fiis 2022|fii vale a pena|fiis vale a pena,2185,https://i.ytimg.com/vi/8fLXpBjhZhA/maxresdefault.jpg
kr5FfkKTeYo,AÇÕES de MODA para INVESTIR! #investimentos #bolsadevalores,2022-10-09 15:02:50,2022-10-09 12:02:50,domingo,12,15,short,1496,71,8,,780,https://i.ytimg.com/vi/kr5FfkKTeYo/maxresdefault.jpg
xE6Adgy9sTY,Como começar a Investir comprando AÇÕES na bolsa de valores? #bolsadevalores #investimentos,2022-10-08 15:08:27,2022-10-08 12:08:27,sábado,12,51,short,13479,346,4,,771,https://i.ytimg.com/vi/xE6Adgy9sTY/maxresdefault.jpg
P_RT6E8QUJg,"COMO INVESTIR em BITCOIN PIC PAY 1 REAL, VALE A PENA?",2022-10-07 23:47:00,2022-10-07 20:47:00,sexta,20,463,longo,14656,598,29,Investir e coçar|Denis miyabara|finanças|bolsa de valores|picpay|pic pay|criptomoedas picpay|picpay bitcoin|bitcoin picpay|picpay vale a pena|picpay é bom|como comprar bitcoin no picpay|comprar bitcoin no picpay|como comprar bitcoin|como investir em bitcoin|ethereum picpay|picpay ethereum|eth picpay|btc picpay|picpay btc|picpay 2022|bitcoin|bitcoin picpay 1 real|bitcoin pic pay 1 real|bitcoin picpay vale a pena|picpay criptomoeda|picpay cripto,2486,https://i.ytimg.com/vi/P_RT6E8QUJg/maxresdefault.jpg
q8qJuA-Ov2I,FECHAMENTO DE MERCADO 07/10/2022 #investimento #fechamentodemercado,2022-10-07 22:52:43,2022-10-07 19:52:43,sexta,19,61,longo,1082,86,2,,727,https://i.ytimg.com/vi/q8qJuA-Ov2I/maxresdefault.jpg
nUyvcs7Br9I,COMO JUNTAR 100 MIL REAIS INVESTINDO NO TESOURO DIRETO?,2022-10-06 22:07:00,2022-10-06 19:07:00,quinta,19,443,longo,2405,292,15,Investir e coçar|Denis miyabara|finanças|bolsa de valores|finanças pessoais|tesouro direto|como investir|educação financeira|juntar 100 mil|como investir no tesouro direto|como juntar dinheiro|como juntar 100 mil|como juntar 100 mil reais|como juntar cem mil reais|investir no tesouro direto|como juntar 100 mil reais tesouro direto|é possivel juntar 100 mil reais|quanto rende 1000 reais no tesouro direto|rendimento tesouro direto,2418,https://i.ytimg.com/vi/nUyvcs7Br9I/maxresdefault.jpg
JHQGM30wga0,FECHAMENTO DE MERCADO 06/10/22,2022-10-06 20:54:21,2022-10-06 17:54:21,quinta,17,51,short,1638,151,6,,737,https://i.ytimg.com/vi/JHQGM30wga0/maxresdefault.jpg
QzBbNYkZ9U4,FUNDOS IMOBILIARIOS (FIIS) PARA INVESTIR EM OUTUBRO 2022,2022-10-05 22:33:00,2022-10-05 19:33:00,quarta,19,648,longo,8635,826,56,Investir e coçar|Denis miyabara|finanças|bolsa de valores|fundos imobiliários|melhores fiis|fiis para outubro|melhores fiis para 2022|melhores fundos imobiliários|fiis para comprar agora|dividendos mensais|melhores fiis para outubro 2022|fiis para outubro 2022|fiis para investir em outubro 2022|fundos imobiliarios para outubro|fiis outubro 2022|fundos imobiliarios outubro 2022|fiis outubro|fiis recomendados para outubro|fiis mais recomendados outubro,2228,https://i.ytimg.com/vi/QzBbNYkZ9U4/maxresdefault.jpg
nzcM11HGOuM,FECHAMENTO DO JAPÃO 05/10/2022,2022-10-05 20:57:07,2022-10-05 17:57:07,quarta,17,47,short,1718,138,5,,727,https://i.ytimg.com/vi/nzcM11HGOuM/maxresdefault.jpg
hhVU3NClaAs,AÇÕES PARA INVESTIR EM OUTUBRO 2022 NA BOLSA DE VALORES!,2022-10-04 22:05:00,2022-10-04 19:05:00,terça,19,621,longo,6342,765,32,Investir e coçar|Denis miyabara|finanças|bolsa de valores|acoes recomendadas|acoes mais recomendadas|acoes outubro 2022|ações outubro|onde investir outubro 2022|onde investir|educação financeira|açoes baratas|açoes para outubro de 2022|melhores ações|ações para investir em outubro|ações para outubro 2022|ações para investir outubro 2022|ações para investir outubro|acoes recomendadas para outubro|ações para outubro|ações mais recomendadas outubro 2022,2261,https://i.ytimg.com/vi/hhVU3NClaAs/maxresdefault.jpg
YY9oIHk-atw,OIBR3 FOI PARA O ATAQUE!,2022-10-04 15:31:32,2022-10-04 12:31:32,terça,12,37,short,18988,707,13,,727,https://i.ytimg.com/vi/YY9oIHk-atw/maxresdefault.jpg
TGcKHyo0nWc,POR QUE A BOLSA DE VALORES SALTOU DEPOIS DO PRIMEIRO TURNO DAS ELEIÇÕES 2022?,2022-10-04 02:07:00,2022-10-03 23:07:00,segunda,23,605,longo,8185,1011,60,bolsa de valores|como investir na bolsa de valores|investimentos|eleições 2022|IBOVESPA|finanças|economia|investir|ações|denis miyabara|investir e coçar|bolsa subiu|ibovespa subiu|lula|bolsonaro|como investir dinheiro|onde investir|canal de finanças|educação financeira|alta do ibovespa|eleiçoes 2022,2410,https://i.ytimg.com/vi/TGcKHyo0nWc/maxresdefault.jpg
YEF0llS1qCM,FECHAMENTO DE MERCADO 03/10/2022,2022-10-03 22:01:24,2022-10-03 19:01:24,segunda,19,57,short,2181,162,6,,727,https://i.ytimg.com/vi/YEF0llS1qCM/maxresdefault.jpg
bXNAvcNtk5c,TESLA(TSLA) O QUE ACONTECEU COM AS AÇÕES TSLA34?,2022-10-03 18:41:45,2022-10-03 15:41:45,segunda,15,52,short,9762,439,21,,778,https://i.ytimg.com/vi/bXNAvcNtk5c/maxresdefault.jpg
vlfK_sRWbs8,ELEIÇÕES 2022: COMO INVESTIR e SALVAR SEU DINHEIRO segundo GANHADOR do NOBEL? #INVESTIMENTOS,2022-10-03 02:12:00,2022-10-02 23:12:00,domingo,23,642,longo,4747,510,43,Investir e coçar|Denis miyabara|finanças|bolsa de valores|onde investir|ibovespa|eleicoes 2022|eleicao 2022 onde investir|investir|investimentos|renda variável|canal de finanças|como investir|onde investir 2022|ações baratas|investir na eleicao|lula x bolsonaro|melhores investimentos|LULA|BOLSONARO|onde investir eleições 2022|como investir pós eleições|eleições 2022|investimentos eleicos|eleicoes e investimentos|como ficam os investimentos com as eleições,2323,https://i.ytimg.com/vi/vlfK_sRWbs8/maxresdefault.jpg
frYdWvfTLP0,"MXRF11, VGHF11 e DCRA11: RECEBA RENDA PASSIVA DE R$ 400 DE DIVIDENDOS TODO MÊS",2022-10-02 15:07:00,2022-10-02 12:07:00,domingo,12,955,longo,7541,743,52,Investir e coçar|Denis miyabara|finanças|bolsa de valores|fundos imobiliários|ações|fundo imobiliário para quem está começando|melhores fundos imobiliários|melhores fiis|fiis para quem está começando|fiis para iniciantes|viver de renda|vghf11|fundos imobiliários baratos|canal de investimento|como receber renda passiva|dcar11|fiis baratos|mxrf11 vale a pena|fundos imobiliarios|fiis renda passiva|fii renda mensal|mxrf11 dividendos,3046,https://i.ytimg.com/vi/frYdWvfTLP0/maxresdefault.jpg
hTxAEdqiaYY,AÇÕES que PAGAM DIVIDENDOS MENSALMENTE! DIVIDENDOS TODOS OS MESES?#INVESTIMENTOS #dividendos,2022-10-01 10:00:23,2022-10-01 07:00:23,sábado,7,584,longo,4040,495,21,Investir e coçar|Denis miyabara|finanças|bolsa de valores|investir e coçar é só começar|dividendos mensais|dividendos ações|ações dividendos mensais|DIVIDENDOS|ações|economia|educação financeira|ações que pagam dividendos|renda passiva|dividendos|dividendos 2022|dividendos todos os meses|dividendos mensais 2022|carteira de dividendos mensais|melhores dividendos mensais 2022|dividendos para 2022,2092,https://i.ytimg.com/vi/hTxAEdqiaYY/maxresdefault.jpg
zvR_-crRAa0,Fechamento de mercado 30/09/2022 #investimentos #bolsadevalores #irbr3,2022-09-30 21:33:00,2022-09-30 18:33:00,sexta,18,58,short,3364,273,18,,727,https://i.ytimg.com/vi/zvR_-crRAa0/maxresdefault.jpg
UgpgHf6Ipq4,GLOBO PLAY DE GRAÇA? #investimentos #fii #bolsadevalores,2022-09-30 15:32:23,2022-09-30 12:32:23,sexta,12,61,longo,1218,47,2,Globo|Vino11|Rede globo|Globo play de graça|Globo play grátis|Investimentos|Bolsa de valores|Investir|Investir e Coçar|FIIs|Fundo imobiliario|Fundos imobiliarios|Denis Miyabara|Dividendos|FII dividendos|fii,775,https://i.ytimg.com/vi/UgpgHf6Ipq4/maxresdefault.jpg
4zHZprjxLu4,QUANTO RENDEU 1 REAL em BITCOIN NO MERCADO PAGO?,2022-09-29 23:07:00,2022-09-29 20:07:00,quinta,20,489,longo,53182,1957,140,Investir e coçar|Denis miyabara|criptomoedas|mercado pago bitcoin|bitcoin mercado pago|mercado pago|bitcoin mercado pago como funciona|mercado pago bit|bitcoins mercadopago|mercado pago bitcoin vale a pena|comprar bitcoin mercado pago|bitcoin no mercado pago|bitcoin rendimento|quanto rende bitcoin|quanto rende bitcoin mercado pago|rendimento bitcoin mercado pago|quanto rende bitcoin no mercado pago|comprar bitcoins no mercado pago,2763,https://i.ytimg.com/vi/4zHZprjxLu4/maxresdefault.jpg
qPdTPQgl2Zs,"IRB (IRBR3) por R$1,00 | IRB não para de cair",2022-09-29 18:07:00,2022-09-29 15:07:00,quinta,15,24,short,9752,303,21,,727,https://i.ytimg.com/vi/qPdTPQgl2Zs/maxresdefault.jpg
WXzoUovlDP8,BOLHA FINANCEIRA MUNDIAL! INVESTIMENTOS EM PERIGO?,2022-09-28 00:27:00,2022-09-27 21:27:00,terça,21,661,longo,7029,899,53,Investir e coçar|Denis miyabara|finanças|bolsa de valores|investir e coçar é só começar|denis miyabara|crise na bolsa de valores|bolha financeira|robert kiyosaki|pai rico pai pobre|bolha financeira mundial|crise financeira mundial|economia|educação financeira|ibovespa|queda na bolsa de valores|crise da bolsa|bolsa de valores em crise|bolsa de valores hoje|crise da bolsa hoje|bolsa em queda|bolsa de valores em queda|recessao|recessao global,3151,https://i.ytimg.com/vi/WXzoUovlDP8/maxresdefault.jpg
vZdYF50C2QQ,CRISE NA BOLSA DE VALORES! BOLSA DE VALORES EM QUEDA,2022-09-27 10:07:00,2022-09-27 07:07:00,terça,7,876,longo,7425,955,64,Investir e coçar|Denis miyabara|finanças|bolsa de valores|crise da bolsa|bolsa de valores em 2022|bolsa de valores em crise|investir e coçar é só começar|bolsa de valores hoje|crise da bolsa hoje|bolsa em queda|bolsa de valores em queda|recessao|recessao global,2181,https://i.ytimg.com/vi/vZdYF50C2QQ/maxresdefault.jpg
_AIph_PXuRI,ASSESSOR DE INVESTIMENTOS :IMERSÃO DO ZERO AO MERCADO FINANCEIRO,2022-09-26 15:00:32,2022-09-26 12:00:32,segunda,12,46,short,2174,148,13,,2125,https://i.ytimg.com/vi/_AIph_PXuRI/maxresdefault.jpg
sdQpHeOA_x8,Esse indiano que é mais rico que Bezos e Gates!,2022-09-25 15:07:00,2022-09-25 12:07:00,domingo,12,27,short,2658,126,1,,737,https://i.ytimg.com/vi/sdQpHeOA_x8/maxresdefault.jpg
4iE9atp7uh8,"5 AÇÕES BARATAS ABAIXO R$10,00 PODEM SAIR CARO PARA O INVESTIDOR!",2022-09-24 22:47:00,2022-09-24 19:47:00,sábado,19,1167,longo,5795,586,53,bolsa de valores|ações|ações baratas|acoes caras|acoes baratas|investimentos|investir|ação|investir e coçar|denis miyabara|acoes baratas que podem sair caras|ibovespa|economia|finanças|educação financeira|ações para iniciantes|ações dividendos|ações mais baratas|ações mais baratas da bolsa|acoes baratas 2022|ações mais caras|acoes mais caras do brasil,2262,https://i.ytimg.com/vi/4iE9atp7uh8/maxresdefault.jpg
7q6vUG2hhDY,A PRÓXIMA DOMINAÇÃO MUNDIAL?,2022-09-24 18:00:04,2022-09-24 15:00:04,sábado,15,14,short,6104,286,12,,737,https://i.ytimg.com/vi/7q6vUG2hhDY/maxresdefault.jpg
tbKsF2qyakU,Quanto tempo demora para juntar 1 milhão de reais?,2022-09-23 15:47:13,2022-09-23 12:47:13,sexta,12,22,short,65710,2424,68,,1475,https://i.ytimg.com/vi/tbKsF2qyakU/maxresdefault.jpg
n9GU8dwzSxI,IRB (IRBR3) PREJUÍZO! ACHEI DOIS FATOS ESTRANHOS NO COMUNICADO AO MERCADO!,2022-09-23 00:47:00,2022-09-22 21:47:00,quinta,21,875,longo,24010,2112,214,Irbr3|Irb|IRBR|Irb Brasil|Bolsa de valores|Ibovespa|Finanças|Educação financeira|irbr3 acoes|irb brasil acoes|irb brasil ações|ações irb brasil|acoes irb brasil|irb brasil acoes vale a pena|irb brasil ações vale a pena|irbr3 hoje noticias|irbr3 hoje|irbr3 ações hoje|ações irbr3|acoes irbr3|irb brasil resseguros|acoes da irb brasil|oferta de acoes irbr3|investir e cocar|investir e coçar|denis miyabara|irbr3 barsi|irbr3 vale a pena,2572,https://i.ytimg.com/vi/n9GU8dwzSxI/maxresdefault.jpg
BT5T6LF4l5A,ONDE INVESTIR AGORA?,2022-09-22 20:27:22,2022-09-22 17:27:22,quinta,17,51,short,1492,137,13,,737,https://i.ytimg.com/vi/BT5T6LF4l5A/maxresdefault.jpg
Eo90F10xNJI,IRB (IRBR3) ADVINHEM? PREJUÍZO IRBR3,2022-09-22 15:36:10,2022-09-22 12:36:10,quinta,12,7,short,22103,439,70,,737,https://i.ytimg.com/vi/Eo90F10xNJI/maxresdefault.jpg
ZTKo0wN-gQo,"ONDE INVESTIR COM O FIM DA ALTA DE JUROS? AÇÕES, quais setores de ações? FIIS? Renda fixa?",2022-09-22 01:07:00,2022-09-21 22:07:00,quarta,22,784,longo,4499,620,41,taxa de juros|investir|bolsa de valores|onde investir|selic onde investir|onde investir com o fim da alta de juros|selic hoje|renda fixa|tesouro selic|taxa selic aumentou|taxa selic como investir|taxa selic aumento|aumento da taxa selic|taxa selic copom|copom mantem selic|copom selic|selic 13 75|selic fim dos aumentos|selic fim do aumento|copom mantem selic a 13 75|selic alta onde investir|selic alta onde investir 2022|juros|banco central,2024,https://i.ytimg.com/vi/ZTKo0wN-gQo/maxresdefault.jpg
fsGbhMAN-Wk,EM PLENO 2022 TEM GENTE AINDA INVESTINDO NA POUPANÇA,2022-09-21 21:07:00,2022-09-21 18:07:00,quarta,18,37,short,2123,135,21,poupanca|toguro|toguro motivacional|denis miyabara|investir e cocar|investimentos|taxa selic|selic|selic aumento,1041,https://i.ytimg.com/vi/fsGbhMAN-Wk/maxresdefault.jpg
i39wKJR4wl0,CUIDADO AO ESCOLHER AÇÕES PAGADORAS DE DIVIDENDOS!,2022-09-21 15:57:00,2022-09-21 12:57:00,quarta,12,61,longo,1773,138,3,dividendos|luiz barsi|acoes|ações|dividendos mensais|dividendos de ações|bolsa de valores|ibovespa|economia|finanças|educação financeira|investir e cocar|investir e coçar|denis miyabara|barsi|dividendos 2022|ações que pagam dividendos,1672,https://i.ytimg.com/vi/i39wKJR4wl0/maxresdefault.jpg
L7MJRqluNso,IRB (IRBR3) é ALVO DE PROCESSO DOS INVESTIDORES!,2022-09-20 21:30:00,2022-09-20 18:30:00,terça,18,61,longo,7469,382,22,irb brasil|irbr3 hoje|irb brasil resseguros|IRBR3|IRB|LUIZ BARSI|ECONOMIA|INVESTIMENTOS|IBOVESPA|FINANÇAS|CANAL DE FINANÇAS|IRB ACAO|IRB AÇÃO|IRBR3 ACAO|IRBR3 AÇÕES|bolsa de valores|denis miyabara|investir e coçar|irbr3 barsi|irbr3 subscrição|irbr3 follow on|irbr3|irbr3 ações|irb brasil acoes|irbr3 ações vale a pena|acoes da irb brasil|ações irbr3|irbr3 processo|irbr3 vale a pena|irb brasil acoes vale a pena,2084,https://i.ytimg.com/vi/L7MJRqluNso/maxresdefault.jpg
29ZwZnUzmr0,OIBR3 AÇÃO CHEGA A CAIR 13% por causa desse motivo,2022-09-19 21:29:49,2022-09-19 18:29:49,segunda,18,61,longo,8087,391,23,bolsa de valores|oibr3 analise|oibr3 ou oibr4|oibr3 noticias|oibr3 vale a pena|ações baratas|oibr4 vale a pena|comprar ações da oi|OIBR3|OIBR4|acoes oi|ações oi|ações da oi|ibovespa|finanças|educação financeira|investir e coçar,737,https://i.ytimg.com/vi/29ZwZnUzmr0/maxresdefault.jpg
DKKtBKvFUaU,AÇÃO MAIS BARATA SEGUNDO ESSE INDICADOR,2022-09-19 18:17:11,2022-09-19 15:17:11,segunda,15,61,longo,966,82,0,,737,https://i.ytimg.com/vi/DKKtBKvFUaU/maxresdefault.jpg
P3ry7_5aqJQ,5 AÇÕES BARATAS PARA INVESTIR HOJE NA BOLSA DE VALORES segundo INDICADOR DE ANÁLISE DE AÇÕES!,2022-09-18 14:07:00,2022-09-18 11:07:00,domingo,11,707,longo,10973,1114,50,ações baratas|bolsa de valores|ações|melhores ações|educação financeira|acoes baratas para comprar|ações mais baratas da bolsa|ações baratas para comprar hoje|ações baratas para 2022|como investir em açoes|açoes baratas|5 açoes baratas|acoes baratas|finanças|denis miyabara|investir e coçar|acoes baratas para investir|acoes baratas 2022|5 acoes baratas para investir|ações baratas 2022,2852,https://i.ytimg.com/vi/P3ry7_5aqJQ/maxresdefault.jpg
Z62GboGWm84,"NUBANK(NUBR33)E O MEU INVESTIMENTO NA NUCONTA, NUINVEST, CRIPTOMOEDA e CAIXINHA NUBANK?",2022-09-17 18:07:00,2022-09-17 15:07:00,sábado,15,51,short,3021,170,5,bolsa de valores|ipo nubank|nubank|NUBR33|bdr nubank|ações nubank|nubank acoes|pedacinho nubank|acoes do nubank em queda|investir e coçar|nubr33 hoje|nubr33 acoes|nubr3 acoes vale a pena|acoes da nubank|acoes do nubank|ações nubanck|ações nubank como funciona|ações nubank hoje|nubank fecha capital no brasil|nubank fechar capital|nubank fechar capital no brasil|nubank vai fechar capital?|nubank saiu do brasil|nubank sai da b3|nubank vai sair da b3,2159,https://i.ytimg.com/vi/Z62GboGWm84/maxresdefault.jpg
VkssK47yteE,COMO FICA MEU DINHEIRO NA NUCONTA e NUINVEST-NUBANK(NUBR33),2022-09-16 23:34:03,2022-09-16 20:34:03,sexta,20,794,longo,31284,1957,131,bolsa de valores|ipo nubank|nubank|NUBR33|bdr nubank|ações nubank|nubank acoes|pedacinho nubank|acoes do nubank em queda|investir e coçar|nubr33 hoje|nubr33 acoes|nubr3 acoes vale a pena|acoes da nubank|acoes do nubank|ações nubanck|ações nubank como funciona|ações nubank hoje|nubank fecha capital no brasil|nubank fechar capital|nubank fechar capital no brasil|nubank vai fechar capital?|nubank saiu do brasil|nubank sai da b3|nubank vai sair da b3,3009,https://i.ytimg.com/vi/VkssK47yteE/maxresdefault.jpg
VB3xlZ1JDZA,NUBANK (NUBR33) DÁ ADEUS AO BRASIL e FECHA CAPITAL!,2022-09-16 18:20:16,2022-09-16 15:20:16,sexta,15,57,short,12681,544,18,,2824,https://i.ytimg.com/vi/VB3xlZ1JDZA/maxresdefault.jpg
MQDA3dLjo_U,NUBANK (NUBR33) FECHA CAPITAL NO BRASIL! E MINHAS AÇÕES e PEDACINHO DA NUBANK?,2022-09-16 00:34:45,2022-09-15 21:34:45,quinta,21,641,longo,22812,1960,225,bolsa de valores|ipo nubank|nubank|NUBR33|bdr nubank|ações nubank|nubank acoes|pedacinho nubank|acoes do nubank em queda|investir e coçar|nubr33 hoje|nubr33 acoes|nubr3 acoes vale a pena|acoes da nubank|acoes do nubank|ações nubanck|ações nubank como funciona|ações nubank hoje|nubank fecha capital no brasil|nubank fechar capital|nubank fechar capital no brasil|nubank vai fechar capital?|nubank saiu do brasil|nubank sai da b3|nubank vai sair da b3,2864,https://i.ytimg.com/vi/MQDA3dLjo_U/maxresdefault.jpg
8qXbU4Y3kJc,A NOVA IRBR3 (FHER3) TE ENGANOU DE NOVO! CUIDADO,2022-09-15 21:00:07,2022-09-15 18:00:07,quinta,18,57,short,6888,388,15,,63,https://i.ytimg.com/vi/8qXbU4Y3kJc/maxresdefault.jpg
Fww2cac95W4,10 AÇÕES BARATAS PARA COMPRAR NA BOLSA DE VALORES com OS ESTRANGEIROS,2022-09-15 00:33:00,2022-09-14 21:33:00,quarta,21,826,longo,4460,621,33,bolsa de valores|ações baratas|melhores ações|ações mais baratas da bolsa|ações baratas para comprar hoje|finanças|educação financeira|como investir em açoes|bolsa de valores para iniciantes|ações baratas que pagam bons dividendos|melhores ações para comprar hoje|acoes baratas para comprar 2022|melhores ações dividendos 2022|acoes mais baratas|acoes baratas para comprar|melhores ações baratas para comprar|ações baratas para comprar 2022|ações baratas para 2022,1210,https://i.ytimg.com/vi/Fww2cac95W4/maxresdefault.jpg
KJJc8S3ibpk,COGN3 BLACK ROCK AUMENTA PARTICIPAÇÃO e DÁ SINAL PARA O MERCADO,2022-09-14 20:33:36,2022-09-14 17:33:36,quarta,17,44,short,15905,724,26,bolsa de valores|ações baratas|como investir em ações|COGN3|COGNA|CONGA|black rock|cogn3 vale a pena|holder iniciante oibr3|DENIS MIYABARA|INVESTIR E COÇAR,655,https://i.ytimg.com/vi/KJJc8S3ibpk/maxresdefault.jpg
-BuCjfUqcQI,AÇÕES BARATAS PARA COMPRAR QUE PAGAM DIVIDENDOS!,2022-09-14 00:47:00,2022-09-13 21:47:00,terça,21,657,longo,6877,904,55,DIVIDENDOS|ACOES BARATAS|AÇÕES|AÇÕES BARATAS QUE PAGAM DIVIDENDOS|AÇÕES BARATAS|ações que pagam dividendos|dividendos 2022|dividendos mensais|ações que pagam dividendos mensalmente|ações baratas que pagam bons dividendos|investir e coçar|denis miyabara|ações baratas que pagam dividendos|ações baratas dividendos|acoes baratas que pagam dividendos 2022|ações dividendos|ações dividendos 2022|acoes para dividendos|melhores ações para dividendos 2022|ações baratas,1600,https://i.ytimg.com/vi/-BuCjfUqcQI/maxresdefault.jpg
E-NWkQv5z3U,FUNDO DE INVESTIMENTO QUEBRA! SEU DINHEIRO EM PERIGO NOS FUNDOS DE INVESTIMENTOS?,2022-09-12 00:33:00,2022-09-11 21:33:00,domingo,21,1385,longo,7281,696,80,educação financeira|investimentos|bolsa de valores|fundo de investimento|canal de finanças|fundos de investimento|taxa de administração|fundos multimercado|FUNDO ARMINIO FRAGA|tt global equities|SOBRINHO ARMINIO FRAGA|FUNDO SOBRINHO ARMINIO FRAGA|FUNDO DE INVESTIMENTO QUEBROU|FUNDO DE INVESTIMENTO FOI A FALÊNCIA|FUNDO QUEBROU|IBOVESPA|denis miyabara|investir e coçar,3635,https://i.ytimg.com/vi/E-NWkQv5z3U/maxresdefault.jpg
Kb1r8mi0kIE,IRBR3 - OS VENDIDOS PODEM IR À FALÊNCIA COM ESSA NOTÍCIA! CUIDADO COM AS AÇÕES IRBR3,2022-09-09 23:27:01,2022-09-09 20:27:01,sexta,20,578,longo,21822,2266,160,Irbr3|Irb|IRBR|Irb Brasil|Bolsa de valores|Ibovespa|Finanças|Educação financeira|Operar vendido|Short|Short squeeze|irbr3 acoes|irb brasil acoes|irb brasil ações|ações irb brasil|acoes irb brasil|irb brasil acoes vale a pena|irb brasil ações vale a pena|irbr3 hoje noticias|irbr3 hoje|irbr3 ações hoje|ações irbr3|acoes irbr3|irb brasil resseguros|acoes da irb brasil|oferta de acoes irbr3|investir e cocar|investir e coçar|denis miyabara,1423,https://i.ytimg.com/vi/Kb1r8mi0kIE/maxresdefault.jpg
hFs_ahnNlkY,NUBANK: CAIXINHA DA NUBANK VALE A PENA?,2022-09-09 00:49:02,2022-09-08 21:49:02,quinta,21,585,longo,12935,710,63,Nubank|Caixinha nubank|Nubank caixinhas|Nubank vale a pena|Caixinha nubank vale a pena|Investir|Investimentos|Finanças|Educação financeira|Canal de finanças|nubank guardar dinheiro|como guardar dinheiro na caixinha do nubank|guardar dinheiro nubank|nubank caixinha|caixinha nubank vale a pena|caixinha nubank como usar|nubank caixinha como funciona|nubank caixinha rende|rendimento nubank caixinha,2053,https://i.ytimg.com/vi/hFs_ahnNlkY/maxresdefault.jpg
mgz8xp1CuvQ,AÇÕES PARA INVESTIR SETEMBRO 2022 #acoes #ondeinvestir #investimentos,2022-09-08 18:00:27,2022-09-08 15:00:27,quinta,15,29,short,1678,128,1,,0,https://i.ytimg.com/vi/mgz8xp1CuvQ/maxresdefault.jpg
c5-4WUdqIdA,IBOV vs CDI: no LONGO PRAZO o CDI SUPERA a RENDA VARIÁVEL?,2022-09-06 23:30:57,2022-09-06 20:30:57,terça,20,760,longo,4503,361,31,bolsa de valores|renda fixa|educação financeira|como investir|taxa selic|canal de finanças|renda variável|onde investir|IBOVESPA|ibov|cdi|ibov ou cdi|renda fixa ou renda variavel|renda fixa ou bolsa de valores|como começar a investir|investir e coçar|denis miyabara|ibov vs cdi|ibov vs cdi grafico|ibovespa vs cdi|ibovespa vs cdi 20 anos|ibovespa vs cdi grafico,1706,https://i.ytimg.com/vi/c5-4WUdqIdA/maxresdefault.jpg
rJn-O_Qmcvk,WEGE3 onde há fumaça há fogo🔥🚒,2022-09-06 18:00:23,2022-09-06 15:00:23,terça,15,53,short,4979,401,1,WEG|WEGE3,902,https://i.ytimg.com/vi/rJn-O_Qmcvk/maxresdefault.jpg
UpGyaSvfpGQ,PCAR3 VAI TE DAR AÇÕES DE GRAÇA! AÇÕES DO PÃO DE AÇÚCAR (PCAR3) GRÁTIS?,2022-09-06 12:00:31,2022-09-06 09:00:31,terça,9,50,short,2732,157,8,pcar3|pcar3 acoes|pcar3 ações|ações pcar3|ações pao de açucar|ações pcar3 hoje|acoes do pao de acucar de graça|acoes do pao de acucar|ações pao de acucar pcar3|pcar3 acoes pao de acucar|pao de acucar acoes hoje|pão de açucar acoes|grupo pao de acucar acoes|acoes pao de acucar vale a pena|pcar3 vale a pena|acoes pao de acucar|pcar3 ação|pcar3 2022|pcar3 vai subir,436,https://i.ytimg.com/vi/UpGyaSvfpGQ/maxresdefault.jpg
EyyT4MdIo0A,DAY TRADE PODE GERAR MULTA,2022-09-05 21:24:47,2022-09-05 18:24:47,segunda,18,35,short,1607,87,1,,812,https://i.ytimg.com/vi/EyyT4MdIo0A/maxresdefault.jpg
xje6llrQ4K8,PETs E IMPOSTO DE RENDA,2022-09-02 21:01:32,2022-09-02 18:01:32,sexta,18,61,longo,1513,71,3,imposto de renda|imposto de renda 2022|irpf 2022|investir e coçar|denis miyabara|declaração de imposto de renda,656,https://i.ytimg.com/vi/xje6llrQ4K8/maxresdefault.jpg
XA61E8aX_N0,PREÇO DO FOLLOW DO IRBR3,2022-09-02 13:42:20,2022-09-02 10:42:20,sexta,10,46,short,5611,337,24,,656,https://i.ytimg.com/vi/XA61E8aX_N0/maxresdefault.jpg
nSQELM25nU8,IRBR3 LOUISE BARSI REVELA SE VAI SUBSCREVER FOLLOW ON IBR BRASIL (IRBR3)?,2022-09-01 12:28:24,2022-09-01 09:28:24,quinta,9,6,short,23646,699,47,,48,https://i.ytimg.com/vi/nSQELM25nU8/maxresdefault.jpg
yylQwMe5P2M,IRBR3 TÁ MUDANDO!,2022-08-30 22:07:00,2022-08-30 19:07:00,terça,19,44,short,9463,601,36,Irbr3|Ações irbr3|Acoes|Bolsa de valores|Investimentos|Investir e Coçar|Denis Miyabara|irbr3|irb brasil|irb brasil acoes|irb brasil acoes vale a pena|irbr3 hoje|irbr3 ações|irb brasil ações|acoes irb brasil|acoes irb brasil vale a pena|irb brasil ações vale a pena|acoes irbr3|acoes irbr3 noticias|ações irbr3,691,https://i.ytimg.com/vi/yylQwMe5P2M/maxresdefault.jpg
LCIoCf7h_oo,OIBR3 PODE FAZER GRUPAMENTO DAS AÇÕES?,2022-08-30 15:07:00,2022-08-30 12:07:00,terça,12,59,short,20950,927,25,oibr3|ações da oi|oibr3 ou oibr4|oibr3 vale a pena|oibr3 analise|comprar ações da oi|ações oibr3|oibr3 noticias|investir e coçar|denis miyabara|ações oi|investir em oibr3|oibr3 vale a pena comprar|grupamento ações|agrupamento oibr3|oibr3 grupamento|oibr3 agrupamento|oirb3 vai agrupar|oibr3 acoes oi|oi acoes oibr3|oi acoes|oi acoes hoje|oi ações hoje|ações da oibr3,1161,https://i.ytimg.com/vi/LCIoCf7h_oo/maxresdefault.jpg
iPHgS1gtGk0,VOCÊ VAI PERDER DINHEIRO NA RENDA FIXA DE NOVO!,2022-08-30 13:33:00,2022-08-30 10:33:00,terça,10,55,short,1625,110,12,IGP-M|Ipca|Inflação|Renda fixa|Perder dinheiro na renda fixa,656,https://i.ytimg.com/vi/iPHgS1gtGk0/maxresdefault.jpg
HVwYFiN7QhA,"PERDI DINHEIRO NO TESOURO DIRETO, ONDE INVESTIR?",2022-08-25 00:07:00,2022-08-24 21:07:00,quarta,21,429,longo,2757,400,33,Tesouro direto|Tesouro direto caindo|Finanças|Investir e cocar|Denis Miyabara|tesouro direto selic|tesouro direto|tesouro direto prefixado|como funciona o tesouro|como funciona o tesouro direto|perdi dinheiro tesouro direto|perdi dinheiro no tesouro direto|tesouro selic|tesouro ipca|tesouro selic ou ipca|como investir no tesouro direto|tesouro direto 2022|tesouro direto como funciona|como não perder dinheiro no tesouro direto|prejuízo no tesouro,1057,https://i.ytimg.com/vi/HVwYFiN7QhA/maxresdefault.jpg
o5GymyRyiLM,9 ações de crescimento e que pagam dividendos acima da inflação,2022-08-23 21:07:00,2022-08-23 18:07:00,terça,18,6,short,2191,84,2,bolsa de valores|dividendos|ações|denis miyabara|investir e coçar|renda variável|dividendos 2022,80,https://i.ytimg.com/vi/o5GymyRyiLM/maxresdefault.jpg
5tWGjeYE1Ys,"PICPAY MUDA REGRA, VALE A PENA INVESTIR AGORA?",2022-08-22 01:07:00,2022-08-21 22:07:00,domingo,22,483,longo,21392,1026,107,picpay vale a pena|picpay|picpay como funciona|picpay é seguro|picpay 2022|picpay rendimento|canal de finanças|nubank ou picpay|picpay cdb|renda fixa|pic pay|investir no picpay|picpay mudou|picpay rentabilidade|cdb picpay|quanto rende o picpay|educação financeira|rendimento picpay 2022|rendimento picpay hoje|picpay rende quanto|picpay rende todo dia|picpay rendendo 102|picpay rendendo 102 cdi,1587,https://i.ytimg.com/vi/5tWGjeYE1Ys/maxresdefault.jpg
3DZjvQrkuXk,"Hora de voltar para ações,mas antes...",2022-08-21 15:00:01,2022-08-21 12:00:01,domingo,12,61,longo,744,56,1,,0,https://i.ytimg.com/vi/3DZjvQrkuXk/maxresdefault.jpg
gSbHbekox0A,PÃO DE AÇÚCAR (PCAR3) VAI PAGAR SUA COMPRA!,2022-08-16 20:33:00,2022-08-16 17:33:00,terça,17,44,short,4489,210,7,,37,https://i.ytimg.com/vi/gSbHbekox0A/maxresdefault.jpg
odZgXZhpjuM,"Herdeira vai doar a fortuna, mas tem pegadinha...",2022-08-11 10:33:00,2022-08-11 07:33:00,quinta,7,51,short,1409,68,8,,45,https://i.ytimg.com/vi/odZgXZhpjuM/maxresdefault.jpg
99fKG4ULOBs,7 AÇÕES QUE MAIS PAGARAM DIVIDENDOS NOS ÚLTIMOS 12 meses,2022-08-09 15:07:00,2022-08-09 12:07:00,terça,12,61,longo,987,80,2,,72,https://i.ytimg.com/vi/99fKG4ULOBs/maxresdefault.jpg
dgwc601_QQE,DIVIDEND KINGs AS MAIORES PAGADORAS DE DIVIDENDOS DE TODOS OS TEMPOS,2022-08-07 23:57:00,2022-08-07 20:57:00,domingo,20,58,short,1437,111,6,,651,https://i.ytimg.com/vi/dgwc601_QQE/maxresdefault.jpg
1EGx_IxWSbo,QUANTO RENDEU 1 REAL EM BITCOIN NUBANK INVESTIMENTO CRIPTOMOEDA?,2022-08-06 23:45:01,2022-08-06 20:45:01,sábado,20,566,longo,140179,4222,205,bitcoin|nubank|criptomoedas|nubank cripto|NUBANK BITCOIN|NUBANK ETHEREUM|nubank investimento|NUBANK CRIPTOMOEDA|Nubank cripto|criptomoedas nubank|bitcoin nubank|eth|comprar bitcoin nubank|comprar ethereum nubank|vale a pena comprar bitcoin nubank|vale a pena comprar ethereum nubank|Nubank criptomoeda|comprar bitcoin|Nubank Ethereum|cripto nubank|Nubank criptomoeda bitcoin|nubank criptomoedas|nubank investir bitcoin|denis miyabara|investir e coçar,1657,https://i.ytimg.com/vi/1EGx_IxWSbo/maxresdefault.jpg
lzj71nOp-GA,"ONDE INVESTIR PARA TER RENDA MENSAL de R$1244,50?",2022-08-05 23:57:00,2022-08-05 20:57:00,sexta,20,604,longo,3176,438,18,renda extra|renda passiva|renda extra na internet|renda extra 2022|fiis para 2022|fiis para renda passiva|fiis renda passiva|fundos imobiliarios renda passiva|fundos imobiliarios|fundos imobiliarios 2022|fundos imobiliarios rendimento mensal|fiis rendimento mensal|fundos imobiliarios rendimento mensal 2022|rendimento fiis 2022|onde investir renda passiva|onde investir para ter renda passiva|investimentos para renda passiva|denis miyabara|investir e coçar,1100,https://i.ytimg.com/vi/lzj71nOp-GA/maxresdefault.jpg
wBZHMRQ1LEc,Compre ações igual gente grande!,2022-08-05 14:57:00,2022-08-05 11:57:00,sexta,11,57,short,1840,160,0,,0,https://i.ytimg.com/vi/wBZHMRQ1LEc/maxresdefault.jpg
Hsk5pCo-FGM,Qual o banco mais C@GÃ0 da Bolsa de Valores?,2022-08-04 18:00:05,2022-08-04 15:00:05,quinta,15,61,longo,3160,186,7,,1025,https://i.ytimg.com/vi/Hsk5pCo-FGM/maxresdefault.jpg
clnfgfkbMUI,SELIC SUBIU: A MAIOR C@G@D@ DO INVESTIDOR AO INVESTIR NA RENDA FIXA 💩😱!,2022-08-03 23:07:00,2022-08-03 20:07:00,quarta,20,824,longo,4343,754,62,,2188,https://i.ytimg.com/vi/clnfgfkbMUI/maxresdefault.jpg
kEiSZdXgHM4,"COMO JUNTAR R$ 38.077,84 INVESTINDO APENAS R$ 10,00 POR MÊS!",2022-07-27 17:27:00,2022-07-27 14:27:00,quarta,14,1003,longo,2223,361,28,,639,https://i.ytimg.com/vi/kEiSZdXgHM4/maxresdefault.jpg
0dg7vYtz6ek,COMO USAR O CARTÃO DE CRÉDITO A SEU FAVOR? QUAL O MELHOR CARTÃO DE CRÉDITO?,2022-07-24 22:47:00,2022-07-24 19:47:00,domingo,19,487,longo,4713,576,36,,878,https://i.ytimg.com/vi/0dg7vYtz6ek/maxresdefault.jpg
XsQMKi3fFCw,Como investir na bolsa de valores e saber escolher uma ação para investir?,2022-07-20 00:15:00,2022-07-19 21:15:00,terça,21,612,longo,2214,356,45,,985,https://i.ytimg.com/vi/XsQMKi3fFCw/maxresdefault.jpg
S9ijMy7kELI,"COMO INVESTIR EM CRIPTOMOEDAS POR R$ 1,00 com MENOR TAXA?",2022-07-14 23:57:01,2022-07-14 20:57:01,quinta,20,338,longo,4042,345,17,,988,https://i.ytimg.com/vi/S9ijMy7kELI/maxresdefault.jpg
WI032NWVK7g,"RECESSÃO MUNDIAL: E AGORA, ONDE INVESTIR?",2022-07-13 23:01:51,2022-07-13 20:01:51,quarta,20,2611,longo,3139,580,43,,906,https://i.ytimg.com/vi/WI032NWVK7g/maxresdefault.jpg
Vfm933HT9cA,VENDA SEU TESOURO DIRETO COM GANHOS DE BOLSA DE VALORES! [MARCAÇÃO A MERCADO],2022-07-12 00:30:06,2022-07-11 21:30:06,segunda,21,866,longo,1584,251,26,,1266,https://i.ytimg.com/vi/Vfm933HT9cA/maxresdefault.jpg
pRoWjWSLxec,7 MAIORES ERROS DOS INVESTIDORES com INVESTIMENTOS,2022-07-10 22:07:00,2022-07-10 19:07:00,domingo,19,939,longo,3301,536,51,,1370,https://i.ytimg.com/vi/pRoWjWSLxec/maxresdefault.jpg
t8-C5CxDaj4,"AÇÕES BARATAS E ""QUERIDINHAS"" DA BOLSA DE VALORES",2022-07-05 23:27:00,2022-07-05 20:27:00,terça,20,717,longo,4156,581,51,,1305,https://i.ytimg.com/vi/t8-C5CxDaj4/maxresdefault.jpg
HJRqnCA4ra0,NUBANK INVESTIMENTOS CRIPTOMOEDA VALE A PENA? NUBANK BITCOIN,2022-06-28 23:27:00,2022-06-28 20:27:00,terça,20,384,longo,59631,2631,239,,1030,https://i.ytimg.com/vi/HJRqnCA4ra0/maxresdefault.jpg
YbcJ4nZL9fg,BANCO INTER SAIU DA B3 - COMO FICAM AS AÇÕES DO INTER E COMO TRANSFERIR AS BDRs pros EUA? #shorts,2022-06-23 18:00:09,2022-06-23 15:00:09,quinta,15,28,short,8420,239,4,,1739,https://i.ytimg.com/vi/YbcJ4nZL9fg/maxresdefault.jpg
yAlr5kKVyRk,PROTEJA SEU DINHEIRO DA INFLAÇÃO | BRASIL É A NOVA ARGENTINA?,2022-06-22 00:27:01,2022-06-21 21:27:01,terça,21,581,longo,4954,647,79,,2256,https://i.ytimg.com/vi/yAlr5kKVyRk/maxresdefault.jpg
I0yUB-N6YUY,"NUBANK ou POUPANÇA QUANTO RENDE com TAXA SELIC 13,25%?",2022-06-18 23:15:00,2022-06-18 20:15:00,sábado,20,441,longo,16174,552,42,,2013,https://i.ytimg.com/vi/I0yUB-N6YUY/maxresdefault.jpg
dbELARub2Hc,COMO GANHAR DINHEIRO NESSAS HORAS NA BOLSA DE VALORES? A ESTRATÉGIA DOS MILIONÁRIOS,2022-06-15 00:00:10,2022-06-14 21:00:10,terça,21,526,longo,4196,640,72,,1615,https://i.ytimg.com/vi/dbELARub2Hc/maxresdefault.jpg
ZqwCmFXjL8A,3 FORMAS DE GANHAR DINHEIRO DA INTERNET SEM FACULDADE PARA INVESTIR | feat. PETER JORDAN (@einerdtv,2022-06-12 18:00:19,2022-06-12 15:00:19,domingo,15,947,longo,25706,567,69,,1681,https://i.ytimg.com/vi/ZqwCmFXjL8A/maxresdefault.jpg
KaaB52XKjv8,FUNDOS IMOBILIÁRIOS ou IMÓVEIS: VANTAGENS e DESVANTAGENS,2022-05-27 23:30:02,2022-05-27 20:30:02,sexta,20,726,longo,1638,277,64,,1380,https://i.ytimg.com/vi/KaaB52XKjv8/maxresdefault.jpg
uT2tgrjUvOA,FAÇA ISSO PARA PROTEGER SEU DINHEIRO NA NUBANK!,2022-05-26 23:30:09,2022-05-26 20:30:09,quinta,20,303,longo,41243,2070,138,,1179,https://i.ytimg.com/vi/uT2tgrjUvOA/maxresdefault.jpg
9brGpQ2jyi8,5 AÇÕES QUE VALEM MENOS DO QUE TEM EM CAIXA,2022-05-23 23:47:01,2022-05-23 20:47:01,segunda,20,474,longo,7244,1000,86,bolsa de valores|ações|ações baratas|AÇÕES CAIXA|VALOR DE MERCADO|finanças|educação financeira|ibovespa|bolsa de valores para principiantes|acoes baratas|melhores ações|como investir em ações|como investir na bolsa de valores|acoes com pouco dinheiro|acoes com muito dinheiro em caixa|acoes que valem menos|ações que valem menos|acoes com baixo valor|acoes de baixo valor|acoes de baixo caixa|acoes com menos caixa,1305,https://i.ytimg.com/vi/9brGpQ2jyi8/maxresdefault.jpg
VRNk0bHD8Rk,IMPOSTO DE RENDA E SE NÃO DECLARAR?,2022-05-22 22:45:01,2022-05-22 19:45:01,domingo,19,245,longo,11843,578,85,imposto de renda|imposto de renda 2022|irpf 2022|como declarar imposto de renda|declaração imposto de renda|Ir 2022|BOLSA DE VALORES|IBOVESPA|ECONOMIA|finanças|Imposto de renda 202 passo a passo|não declarei ações e agora|nao declarei imposto de renda|ir 2022 como declarar|ir 2022 quem deve declarar|imposto de renda 2022 passo a passo|imposto de renda 2022 como declarar|ir 2022 nao declarei|e se nao declarar imposto de renda|e se eu não declarar imposto de renda,1093,https://i.ytimg.com/vi/VRNk0bHD8Rk/maxresdefault.jpg
TqFfYE5iQMA,8 LIÇÕES QUE APRENDI COM ELON MUSK,2022-05-21 22:30:05,2022-05-21 19:30:05,sábado,19,1087,longo,1744,292,29,ELON MUSK|TESLA|Space X|TSLA|Tsla34|Elon musk Brasil|Elon musk BOLSONARO|Elon musk legendado|Elon musk livro|Bolsa de valores|Ibovespa|AÇÕES|NASDAQ|elon musk conselhos|lições de elon musk|elon musk liçóes|elon musk space x,1652,https://i.ytimg.com/vi/TqFfYE5iQMA/hqdefault.jpg
VWXBzC6-_L0,TRABALHADOR poderá usar até 50% do FGTS em PRIVATIZAÇÃO da ELETROBRÁS (ELET3;ELET6),2022-05-20 21:00:24,2022-05-20 18:00:24,sexta,18,430,longo,51315,3176,326,Investir e coçar|Denis miyabara|FGTS|PRIVATIZAÇÃO|BOLSA DE VALORES|ELETROBRAS|ELETRO|INVESTIR NA ELETROBRAS|INVESTIR SEM DINHEIRO|INVESTIMENTO|investir e coçar é só começar|denis miyabara|elet3 ou elet6|elet3 vale a pena|privatização da eletrobras|IBOVESPA|ações|eletrobras ações|elet3|elet6|fgts|fgts o que é|fgts eletrobras|eletrobras fgts privatização|eletrobras dividendos,3207,https://i.ytimg.com/vi/VWXBzC6-_L0/maxresdefault.jpg
bOcEtpXdeRY,TESOURO DIRETO PARA A APOSENTADORIA COM POUCO DINHEIRO,2022-05-19 22:30:03,2022-05-19 19:30:03,quinta,19,532,longo,2171,268,53,Investir e coçar|Denis miyabara|TESOURO DIRETO|APOSENTADORIA|DINHEIRO|COMO INVESTIR NO TESOURO DIRETO|denis miyabara|bolsa de valores|como ganhar dinheiro na internet|tesouro direto como funciona|tesouro direto 2022|tesouro direto simulador|TESOURO SELIC|ntnb|Tesouro prefixado|tesouro direto diferencas|tesouro direto como funciona 2022|tesouro direto diferenças|diferença tesouro selic e ipca|diferença tesouro direto e selic|tesouro ipca aposentadoria,1556,https://i.ytimg.com/vi/bOcEtpXdeRY/maxresdefault.jpg
4LLDoMtFga8,Vale a pena investir em BITCOIN hoje?,2022-05-16 00:00:02,2022-05-15 21:00:02,domingo,21,524,longo,4812,561,71,bitcoin|criptomoedas|bitcoin hoje|como investir em bitcoin|como comprar bitcoin|investir e coçar|bitcoin caindo|Bitcoin vale a pena|btc|Bitcoin mercado pago|Bitcoin 2022|bitcoins|bitcoin hoje vale a pena|bitcoin hoje vale a pena investir|bitcoin vale a pena 2022|bitcoin vale a pena investir|bitcoins vale a pena investir|bitcoins vale a pena|bitcoin vale a pena investir hoje|bitcoin como funciona 2022|vale a pena investir em bitcoin,1295,https://i.ytimg.com/vi/4LLDoMtFga8/maxresdefault.jpg
9nY3sxUOxjQ,COMO FICA SEU DINHEIRO SE A CORRETORA NU INVEST QUEBRAR? NUBANK VAI QUEBRAR?,2022-05-12 23:02:00,2022-05-12 20:02:00,quinta,20,337,longo,12409,937,98,,1073,https://i.ytimg.com/vi/9nY3sxUOxjQ/maxresdefault.jpg
1W3p811sGoA,E SE A NUBANK (NUBR33) QUEBRAR? O QUE ACONTECE COM SEU DINHEIRO SE A NUBANK QUEBRAR?,2022-05-12 00:02:55,2022-05-11 21:02:55,quarta,21,462,longo,18164,1231,237,nubank|nubr33|investir e Coçar|nubank quebrar|nu stock|ibovespa|ações|nasdaq|nubank ipo|pedacinho nubank|acoes nubank|nubank acoes|nubank acoes bolsa|nubank ações bolsa|nubank acoes despenca|nubank acoes caindo|acoes nubank caindo|acoes nubank despenca|acoes nubank vale a pena|ações nubank caindo hoje|ações nubank caindo|nubank é bom|ações nubank|nubank vai quebrar|nubank vai falir|nubank vai falir 2022|nubank pode quebrar|nubank pode quebrar 2022,1082,https://i.ytimg.com/vi/1W3p811sGoA/maxresdefault.jpg
TRDZwuNZ0oU,"LUIZ BARSI ""FUNDOS IMOBILIÁRIOS SÃO CONTO DO VIGÁRIO"" mas SERÁ QUE ELE ESTÁ CERTO?",2022-05-09 00:02:04,2022-05-08 21:02:04,domingo,21,676,longo,6378,720,82,barsi|luiz barsi|barsi investidor|luiz barsi fiis|luiz barsi fundos imobiliarios|porque luiz barsi nao investe em fundos imobiliarios|barsi e fiis|barsi investe em fiis|barsi investe em fundos imobiliarios|barsi nao investe em fundos imobiliarios|luiz barsi e fundos imobiliarios|luiz barsi e fiis|fundos imobiliários|fiis barsi|fiis luiz barsi|fundos imobiliarios barsi|fundos imobiliarios luiz barsi,1043,https://i.ytimg.com/vi/TRDZwuNZ0oU/maxresdefault.jpg
bCimTeV0mJY,7 PASSOS SIMPLES PARA VOCÊ QUE GANHA POUCO JUNTAR 10 MIL REAIS e INVESTIR EM 2022,2022-05-07 20:30:00,2022-05-07 17:30:00,sábado,17,838,longo,1433,234,22,como juntar dinheiro|como ganhar dinheiro na internet|educação financeira|10 mil reais|como guardar dinheiro|INVESTIR DINHEIRO|DINHEIRO|DINHEIRO NA INTERNET|dinheiro esquecido banco central|como juntar 10 mil reais|como juntar dez mil reais|investir em 2022|investimentos 2022|onde investir em 2022 com pouco dinheiro|como juntar dinheiro ganhando pouco|como juntar dinheiro rapido|como juntar dinheiro rápido|como investir|canal de finanças|juntar dinheiro,1271,https://i.ytimg.com/vi/bCimTeV0mJY/sddefault.jpg
RzZIrMK4FJc,"COMO GANHAR DINHEIRO SEM ""TRABALHAR""? 3 MANEIRAS DE GANHAR RENDA EXTRA e RENDA PASSIVA",2022-04-30 22:37:35,2022-04-30 19:37:35,sábado,19,492,longo,2847,355,20,renda extra|como ganhar renda extra|renda passiva|como ganhar renda extra pela internet|como ganhar renda extra na internet 2022|como ganhar dinheiro na internet|como ganhar dinheiro|como ganhar dinheiro internet|1000 reais de renda passiva|1000 reais de renda extra|como fazer 1000 reais de renda extra|como ganhar dinheiro sem trabalhar|ganhar dinheiro sem trabalhar|como fazer renda extra|renda passiva pelo celular|ganhe renda|ganhar renda extra no celular,790,https://i.ytimg.com/vi/RzZIrMK4FJc/maxresdefault.jpg
8xjx2UJdQLA,3 AÇÕES QUE PAGAM DIVIDENDOS MENSAIS PARA INVESTIR E RECEBER RENDA PASSIVA TODOS OS MESES,2022-04-29 22:44:34,2022-04-29 19:44:34,sexta,19,308,longo,2847,401,38,dividendos|dividendos mensais|renda passiva|melhores dividendos|acoes que pagam dividendos|pagadoras de dividendos|acoes que pagam dividendos todo mes 2022|acoes que pagam dividendos todo mes|acoes que pagam melhores dividendos|acoes pagadoras de dividendos|ações que pagam dividendos mensalmente|ações que pagam dividendos mensalmente 2022|ações que pagam dividendos mensais|acoes pagadoras dividendos|acoes pagadoras dividendos 2022,669,https://i.ytimg.com/vi/8xjx2UJdQLA/maxresdefault.jpg
Pj-S0h-vadc,4 NOVAS AÇÕES DE LUIZ BARSI - BARSI INVESTE EM 4 NOVAS APOSTAS NA BOLSA DE VALORES,2022-04-28 21:30:02,2022-04-28 18:30:02,quinta,18,282,longo,5655,571,51,bolsa de valores|luiz barsi|investimentos|luiz barsi carteira|luiz barsi dividendos|luiz barsi filho|dividendos|Bolsa de valores|finanças|educação financeira|ações|investir|Denis miyabara|Investir e coçar|acoes do barsi|luiz barsi acoes|acoes do luiz barsi|luiz barsi ações para 2022|luiz barsi ações|ações do luiz barsi|onde luiz barsi investe|quais acoes luiz barsi investe|carteira de acoes luiz barsi|acoes que barsi esta comprando|carteira luiz barsi 2022,799,https://i.ytimg.com/vi/Pj-S0h-vadc/maxresdefault.jpg
oc4xoKozW58,💰[REITS] RECEBA ALUGUEL EM DOLAR INVESTINDO COM POUCO DINHEIRO EM REITS | DIVIDENDOS EM DÓLAR,2022-04-20 22:55:11,2022-04-20 19:55:11,quarta,19,561,longo,1593,229,22,reits|investir no exterior|dividendos em dolar|FUNDOS IMOBILIARIOS|BOLSA DE VALORES|reits que pagam dividendos mensais|finanças|IBOVESPA|IFIX|FIIS|FII,475,https://i.ytimg.com/vi/oc4xoKozW58/maxresdefault.jpg
EgSgIjLTUds,"PREFIXADOS VALE A PENA? O QUE NINGUÉM TE CONTA SOBRE PREFIXADO!TESOURO PREFIXADO,CRI,CRA e DEBENTURE",2022-04-14 22:32:18,2022-04-14 19:32:18,quinta,19,888,longo,2674,411,35,tesouro prefixado|tesouro direto|renda fixa,702,https://i.ytimg.com/vi/EgSgIjLTUds/maxresdefault.jpg
cjGv2y4jvdA,[INFLAÇÃO] COMO APROVEITAR DA INFLAÇÃO PARA GANHAR MAIS DINHEIRO E PROTEGER SEU PODER DE COMPRA!,2022-04-08 23:15:40,2022-04-08 20:15:40,sexta,20,686,longo,2633,371,42,INFLACAO|INVESTIR|BOLSA DE VALORES|inflação no brasil|o que é inflação|inflação nos eua|educação financeira|canal de finanças|como proteger dinheiro da inflacao|inflacao alta|inflação alta no brasil|inflação alta onde investir|inflação alta é bom|proteger dinheiro da inflação|ganhar dinheiro na inflação|como ganhar dinheiro na inflação|ganhe dinheiro com a inflação|ganhe dinheiro com a inflação alta|inflação|como se proteger da inflação|inflação brasil,521,https://i.ytimg.com/vi/cjGv2y4jvdA/maxresdefault.jpg
NAx5rbMFJrU,Desse jeito 😂 #shorts,2022-04-08 01:13:01,2022-04-07 22:13:01,quinta,22,6,short,1535,36,3,,0,https://i.ytimg.com/vi/NAx5rbMFJrU/maxresdefault.jpg
eBIhF49sBCU,🏡10 RAZÕES para INVESTIR em FUNDOS IMOBILIÁRIOS (FIIs),2022-04-07 22:00:25,2022-04-07 19:00:25,quinta,19,739,longo,2530,503,67,Dinheiro|bolsa de valores|investimento|investir e coçar|Denis|Denis Miyabara|enriquecer|rico|ficar rico|ganhar dinheiro|como investir|como investir na bolsa|reserva de emergencia|poupança|dinheiro na internet|dolar|como ganhar dinheiro na internet|como ganhar dinheiro|fiis|fii|fundos imobiliarios 2022|fundos imobiliarios fiis|motivos para investir em fiis|razoes para investir em fiis|porque investir em fiis|investir em fiis|investir em fundos imobiliarios,2050,https://i.ytimg.com/vi/eBIhF49sBCU/maxresdefault.jpg
H2vpYo6_UjM,😱 6 EMPRESAS DE COMUNICAÇÃO TEM POR TRÁS UM FIGURÃO DO MERCADO FINANCEIRO e VOCÊ NEM IMAGINA!,2022-04-05 21:00:04,2022-04-05 18:00:04,terça,18,385,longo,1832,214,37,Ellon musk|TESLA|Twitter|TSLA|Twtr|Charlie munger|Warren buffet|Finanças|Bolsa de valores|Investir e coçar|Denis Miyabara|elon musk|empresas de comunicacao|mercado financeiro,752,https://i.ytimg.com/vi/H2vpYo6_UjM/sddefault.jpg
JkX06KTQII4,FUNDOS IMOBILIARIOS BARATOS COMO ESCOLHER OS MELHORES FIIS [PLANILHA ATUALIZADA],2022-03-31 22:00:15,2022-03-31 19:00:15,quinta,19,767,longo,4329,682,49,bolsa de valores|investimento|investir e coçar|Denis Miyabara|ganhar dinheiro|como investir|como investir na bolsa|reserva de emergencia|dinheiro na internet|dolar|FIIS|fundos imobiliarios|escolher fundos imobiliarios|fiis melhores|fiis para 2022|melhores fiis 2022|melhores fiis|fiis fundos imobiliarios|fundos imobiliarios fiis|fundos imobiliarios 2022|fiis 2022|fundos imobiliarios para 2022|como escolher fiis|fundos imobiliários|fundo imobiliário,2646,https://i.ytimg.com/vi/JkX06KTQII4/sddefault.jpg
f6bjLkstx9I,GANHE 3 MIL REAIS SEM FACULDADE COM ESSAS CERTIFICAÇÕES! A ÚLTIMA MUDOU MINHA VIDA,2022-03-25 23:48:36,2022-03-25 20:48:36,sexta,20,384,longo,2552,341,44,profissões do futuro|melhores profissões|como ganhar dinheiro na internet|ASSESSOR DE INVESTIMENTOS|AAI|ANCORD|CPA10|CPA20|CEA|CERTIFICACAO|FACULDADE|5 profissões do futuro|trabalhos do futuro|profissões mais bem pagas|como ganhar dinheiro,712,https://i.ytimg.com/vi/f6bjLkstx9I/maxresdefault.jpg
vh_0UisqoLA,O que NÃO te CONTAM sobre os DIVIDENDOS DE AÇÕES!,2022-03-24 22:47:20,2022-03-24 19:47:20,quinta,19,527,longo,11085,917,118,Dinheiro|bolsa de valores|investimento|investir e coçar|Denis|Denis Miyabara|enriquecer|rico|ficar rico|milionário|ganhar dinheiro|como investir|como investir na bolsa|reserva de emergencia|poupança|dinheiro na internet|dolar|dinheiro|dividendos|grana|internet|como ganhar dinheiro|investimentos|dividendos de acoes|dividendos acoes|acoes dividendos|dividendos ações|dividendos de ações|acoes dividendos 2022,1234,https://i.ytimg.com/vi/vh_0UisqoLA/maxresdefault.jpg
9B7jEAm-96g,DIVIDENDOS SINTÉTICOS com OPÇÕES| Tecnica SECRETA dos BARSI,2022-03-21 23:45:45,2022-03-21 20:45:45,segunda,20,645,longo,20153,1435,63,dividendos|perene|Luiz barsi|put|opções|bolsa de valores|investimentos|dividendos sintéticos|investir|denis miyabara|investir e coçar|investir e coçar é só começar|ibovespa|ações|economia|finanças|educação financeira|ações que pagam dividendos|dividendos 2022|ações dividendos,1806,https://i.ytimg.com/vi/9B7jEAm-96g/maxresdefault.jpg
rFSUKSik_2A,DIVIDENDOS MÉTODO PARA ESCOLHER AÇÕES AS MELHORES AÇÕES de DECIO BAZIN | FAÇA FORTUNA COM AÇÕES,2022-03-21 00:01:54,2022-03-20 21:01:54,domingo,21,643,longo,2566,449,46,dividendos|dividendos decio bazin|decio bazin|faça fortuna com acoes|faca fortuna com acoes livro|dividendos livro|livro sobre dividendos|dividendos melhores|dividedos de acoes|dividendos 2022,527,https://i.ytimg.com/vi/rFSUKSik_2A/maxresdefault.jpg
S1WWZDKCCVk,BOLSA DE VALORES É CASSINO? COMO FUNCIONA E COMO INVESTIR NA BOLSA DE VALORES?,2022-02-21 00:42:04,2022-02-20 21:42:04,domingo,21,649,longo,1213,226,22,bolsa de valores|bolsa de valores como funciona|bolsa de valores para iniciantes|bolsa de valores é cassino|bolsa é cassino|ações|mercado financeiro|como investir na bolsa de valores|investir na bolsa|como funciona a bolsa|como funciona a bolsa de valores|como funciona a bolsa de valores e como investir|como investir na bolsa|investir na bolsa de valores|bolsa de valores como investir|bolsa de valores hoje|bolsa de valores hoje como investir,986,https://i.ytimg.com/vi/S1WWZDKCCVk/sddefault.jpg
cOOzce6juqc,"CDB QUAL o MELHOR CDB NUBANK, NEXT, C6, INTER, PICPAY ou CORRETORA?",2022-02-15 21:35:54,2022-02-15 18:35:54,terça,18,613,longo,21711,591,31,cdb|renda fixa|investir|nubank|c6|inter|picpay|finanças|fgc|melhor cdb|cdb banco itner|cdb nubank|cdb picpay|cdb pic pay|cdb nubank ou inter|cdb nubank 2022|cdb banco inter|cdb c6 bank|cdb c6|cdb inter ou nubank|cdb picpay ou c6|cdb inter ou c6|cdb next|cdb inter ou picpay|cdb inter ou tesouro selic|cdb prefixado|cdb liquidez diaria|banco inter,961,https://i.ytimg.com/vi/cOOzce6juqc/maxresdefault.jpg
wQSe0cF0dmY,COMO GANHAR MAIS QUE 1 SALÁRIO MÍNIMO em MENOS DE 1 MINUTO COM essa DICA,2022-02-07 23:28:51,2022-02-07 20:28:51,segunda,20,57,short,1292,60,1,ganhar mais|como ganhar mais|ganhar dinheiro na internet|ganhar dinheiro rápido|dinheiro|pontos|como ganhar dinheiro|smiles|cartão de crédito|como ganhar um salario minimo|ganhar dinheiro com cartão de crédito|como ganhar dinheiro rapido|como ganhar mais que salario minimo|ganhe mais que salario minimo|como ganhar mais que um salario minimo|ganhar mais dinheiro|salário mínimo|como juntar dinheiro|renda extra|como ter uma renda extra|como ter renda extra,569,https://i.ytimg.com/vi/wQSe0cF0dmY/maxresdefault.jpg
Kwf4IvhOb9s,"TAXA SELIC SUBIU PARA 10,75%| QUANTO RENDE R$1000,00 NA POUPANÇA COM A ALTA DA TAXA SELIC?",2022-02-02 23:30:01,2022-02-02 20:30:01,quarta,20,679,longo,17509,1014,90,TAXA SELIC|SELIC|SELIC 2022|tesouro selic|SELIC SUBIU|aLTA TAXA SELIC|TAXA SELIC SUBIU|TAXA SELIC HOJE|SELIC HOJE|aumento da selic|aumento da selic onde investir|alta da selic|selic subiu|selic aumentou|selic alta|taxa selic|taxa selic subiu|taxa selic aumentou|taxa selic hoje|taxa selic 2022|taxa selic subiu de novo|taxa selic subiu como ficam seus investimentos|selic 10|selic aumentou onde investir|renda fixa,817,https://i.ytimg.com/vi/Kwf4IvhOb9s/maxresdefault.jpg
DjBgiuAJey8,COMO SE PLANEJAR PARA 2022 e SAIR DA PIOR POBREZA com MINHA HISTÓRIA! PLANEJAMENTO FINANCEIRO 2022,2022-01-31 21:55:16,2022-01-31 18:55:16,segunda,18,1051,longo,1959,382,96,pobreza|planejamento|planejar 2022|como sair da pobreza em 2022|investir|investimento|bolsa de valores|finanças|educação financeira|planejamento financeiro 2022|planejamento 2022|planejamento financeiro para 2022|financas 2022|financas para 2022|finanças para 2022|planejamento financeiro|planejamento financeiro pessoal|como se planejar financeiramente|como se planejar para 2022|como se planejar financeiramente 2022|planejando financeiro|2022|dinheiro em 2022,703,https://i.ytimg.com/vi/DjBgiuAJey8/sddefault.jpg
_f9o_8gK92Q,"""NÃO COMPRE AÇÕES BARATAS!"" Olha o que o WARREN BUFFETT INGLÊS DISSE SOBRE AÇÕES DE QUALIDADE",2022-01-28 00:38:08,2022-01-27 21:38:08,quinta,21,483,longo,5963,640,80,ações|msci world quality|msci world|bolsa de valores|investimento|investir|finanças|educação financeira|warren buffett|acoes baratas|warren buffett acoes|acoes warren buffett|acoes do warren buffett|melhores acoes baratas|ações baratas para 2022|ações baratas para comprar hoje|ações baratas na bolsa|ações baratas com bons dividendos|ações baratas|melhores ações|como investir em ações,479,https://i.ytimg.com/vi/_f9o_8gK92Q/maxresdefault.jpg
rNhubtQ7Ea4,GANHOS DE RENDA VARIÁVEL EM RENDA FIXA? ENTENDA A MARCAÇÃO A MERCADO e GANHE DINHEIRO,2022-01-25 22:30:05,2022-01-25 19:30:05,terça,19,801,longo,1218,192,22,bolsa de valores|renda fixa|marcação a mercado|renda Variável|ações|ibovespa|finanças|investimentos|investimentos em renda fixa|investimentos renda fixa|investimento renda fixa|investir em renda variavel|investimentos renda variavel|investimentos renda fixa 2022|day trade|day trade em ações,1276,https://i.ytimg.com/vi/rNhubtQ7Ea4/maxresdefault.jpg
03pxnRefxXQ,"DIVIDENDOS essa AÇÃO VAI PAGAR R$ 1,61 por AÇÃO",2022-01-20 22:49:22,2022-01-20 19:49:22,quinta,19,41,short,3722,218,5,dividendos|dividendos 2022|melhores dividendos|dividendo 2022|acoes que pagam dividendos|ações que pagam dividendos|ações que pagam bons dividendos|bons dividendos|ação que paga dividendos|qual ação paga mais dividendos|alto dividendos|bolsa de valores|ações|maior dividendos da bolsa|ações que pagam dividendos esse mes,451,https://i.ytimg.com/vi/03pxnRefxXQ/maxresdefault.jpg
IriaNwnAZP8,5 PASSOS PARA O SUCESSO RAY DALIO! O fundador do maior fundo de investimentos,2022-01-20 20:30:21,2022-01-20 17:30:21,quinta,17,49,short,1289,73,2,,366,https://i.ytimg.com/vi/IriaNwnAZP8/maxresdefault.jpg
wn1v0Gbfsi4,3 AÇÕES ANTI INFLAÇÃO para PROTEGER O SEU DINHEIRO E MANTER O PODER DE COMPRA!,2022-01-18 22:00:21,2022-01-18 19:00:21,terça,19,486,longo,3057,397,39,acoes|ações anti inflação|açoes para investir 2022|acoes para investir|acoes inflação|ações contra inflação|bolsa de valores|como se proteger da inflação|proteger dinheiro da inflação|acoes 2022|acoes para 2022|proteja seu dinheiro|acoes para proteger dinheiro|acoes que ganham da inflação|como proteger dinheiro da inflação|investimentos|bolsa de valores e inflação,1156,https://i.ytimg.com/vi/wn1v0Gbfsi4/maxresdefault.jpg
UmQFp-4ck4w,RELATÓRIO FOCUS | COMO RECEBER O RELATÓRIO COM AS PREVISÕES DOS ECONOMISTAS PARA INVESTIR MELHOR,2022-01-17 21:22:50,2022-01-17 18:22:50,segunda,18,30,short,882,57,1,,366,https://i.ytimg.com/vi/UmQFp-4ck4w/maxresdefault.jpg
JQSLaVESj5M,A vontade é essa… 😅 #shorts,2022-01-12 21:15:41,2022-01-12 18:15:41,quarta,18,11,short,869,33,1,shorts|dinheiro|bolsa de valores|investimentos|investir|finanças|economia,0,https://i.ytimg.com/vi/JQSLaVESj5M/maxresdefault.jpg
Bwl-pEprpSA,"BITCOIN NÃO É INVESTIMENTO! Olha o que WARREN BUFFETT, o maior investidor do mundo, falou",2022-01-11 21:45:36,2022-01-11 18:45:36,terça,18,43,short,2769,122,12,#InShot,366,https://i.ytimg.com/vi/Bwl-pEprpSA/maxresdefault.jpg
9Jt4U0uhd_U,SOUSMILE FUNCIONA? APARELHO INVISÍVEL VALE A PENA?No meio do TRATAMENTO O QUE MUDOU?(ANTES E DEPOIS),2021-12-19 15:30:01,2021-12-19 12:30:01,domingo,12,1005,longo,28656,672,110,aparelho invisível|quanto custo aparelho invisível|qual o preço aparelho invisível|qual o melhor aparelho invisível|melhor investimento|invista em você|bolsa de valores|investimento|onde investir|melhor investimento 2021|aparelho ortodontico|aparelho dentes|sousmile|aparelho sousmile|sousmile funciona|sou smile|aparelho invisível barato|alinhador invisível|aparelho transparente|sou smile e bom|sousmile antes e depois|sousmile preço,1473,https://i.ytimg.com/vi/9Jt4U0uhd_U/maxresdefault.jpg
bW37H9_pljk,Qual o MELHOR CARTÃO DE CREDITO BLACK XP OU BTG BLACK?[NA PRÁTICA],2021-12-19 00:08:58,2021-12-18 21:08:58,sábado,21,306,longo,6709,441,52,cartão de crédito|cartão Black|btg black|xp black|btg+,366,https://i.ytimg.com/vi/bW37H9_pljk/sddefault.jpg
VPvVEuyHS6M,NOTA PAULISTA VAI SER CANCELADA. CORRE PRA PEGAR SEU DINHEIRO #shorts,2021-12-15 22:33:44,2021-12-15 19:33:44,quarta,19,28,short,1484,71,7,nota fiscal paulista|nota fiscal|nota fiscal paulista vai acabar|nota fiscal paulista como resgatar|resgatar dinheiro nota fiscal paulista|shorts|youtube shorts|shorts youtube|shorts videos youtube,366,https://i.ytimg.com/vi/VPvVEuyHS6M/maxresdefault.jpg
jnZREuMLUG8,IPO NUBANK: SAIBA QUANTO VALERÁ O SEU PEDACINHO DA NUBANK | MEU PEDACINHO NUBANK BDR #shorts,2021-12-09 01:02:54,2021-12-08 22:02:54,quarta,22,21,short,2886,125,7,nubank|nacional|ipo nubank|pedacinho nubank|nubank pedacinho|pedacinho nubank vale a pena|quanto custa pedacinho nubank|nubank pedacinho quanto custa|nubank pedacinho vale a pena|bdr nubank|bdr nubank de graça|nubank bdr|nubank bdrs|nubank bdr gratis|nubank ipo|ipo nubank vale a pena|nubank ipo vale a pena|pedacinho do nubank|pedacinho nubank como funciona|meu pedacinho nubank como funciona|quanto vale pedacinho nubank|quanto vale meu pedacinho nubank,412,https://i.ytimg.com/vi/jnZREuMLUG8/maxresdefault.jpg
wYOyfssiKV4,NUBANK SEU PEDACINHO VAI DIMINUIR. NUSOCIOS QUANTO VAI VALER MEU PEDACINHO DA NUBANK? #shorts,2021-12-02 16:22:17,2021-12-02 13:22:17,quinta,13,55,short,6311,252,6,,366,https://i.ytimg.com/vi/wYOyfssiKV4/maxresdefault.jpg
KHLH9dd6PN4,🔴 IRBR3 AÇÕES - CONDENAÇÃO NA IRB BRASIL (IRBR3) #shorts,2021-11-26 01:08:42,2021-11-25 22:08:42,quinta,22,55,short,11896,778,47,irbr3|irb brasil|irbr3 acoes|irbr3 hoje|irbr3 2021|irbr3 analise|irbr3 vale a pena|irb brasil irbr3|irbr3 acao|irbr3 irb brasil|irb brasil acoes|acoes da irb brasil|irb brasil resseguros|irb brasil ações|ações irbr3|ações irb brasil|ações da irb brasil|shorts|youtube shorts|shorts youtube|irbr3 ações|ações irb|bolsa de valores|irb brasil ações vale a pena|irbr3 dividendos|irbr3 barsi,1090,https://i.ytimg.com/vi/KHLH9dd6PN4/maxresdefault.jpg
Rxa0paw2HFk,"DÓLAR ALTO: DÓLAR MAIS PERTO DE R$7,00 DO R$5,00, ENTENDA | Adeus DISNEY, agora só Beto Carreiro",2021-11-21 23:35:45,2021-11-21 20:35:45,domingo,20,722,longo,2693,425,85,dólar|real|economia|ibovespa|bolsa de valores|finanças|educação financeira|dolar euro|preco do dolar|cotação dolar|acoes|dólar hoje|cotação do dólar|dólar alto|adeus disney|disney|acoes em dolar|dolar subindo|alta do dolar|aumento do dolar,989,https://i.ytimg.com/vi/Rxa0paw2HFk/maxresdefault.jpg
I9AoSVotnak,10 AÇÕES MAIS PROCURADAS pelo INVESTIDOR PESSOA FÍSICA na BOLSA DE VALORES! AMADAS DOS SARDINHAS s2,2021-11-21 18:00:05,2021-11-21 15:00:05,domingo,15,1155,longo,5898,912,145,ações|bolsa de valores|finaças|economia|investimentos|investir|ações baratas|bolsa de valores para principiantes|b3|educação financeira|ibovespa|investidores pessoas fisicas|sardinhas|ações da bolsa|bolsa de valores acoes|acoes da bolsa|melhores acoes da bolsa|melhores ações da bolsa|ações para sardinhas|sardinhas acoes|acoes mais promissoras|boas acoes da bolsa|ações para 2021|como investir em ações|sardinha investidor,2186,https://i.ytimg.com/vi/I9AoSVotnak/maxresdefault.jpg
uZ4LDEnnc5E,DIVIDENDOS - AÇÃO VAI PAGAR DIVIDENDOS DE MAIS DE 12% DE UMA VEZ SÓ! AINDA DA TEMPO #SHORTS,2021-11-20 15:07:01,2021-11-20 12:07:01,sábado,12,15,short,2935,170,11,dividendos|petrobras|petr4|petr3|bolsa de valores|dividendos ações|ações dividendos|acoes que pagam dividendos|acoes pagadoras de dividendos|pagadoras de dividendos|pagadora de dividendos|acao que paga dividendos|qual ação que paga mais dividendos|dividendos de ações|dividendos 2021|acoes dividendos 2021|ações que pagam dividendos|ações pagam dividendos|acoes que pagam dividendo,720,https://i.ytimg.com/vi/uZ4LDEnnc5E/maxresdefault.jpg
RIUR0DVndeo,ASSESSOR DE INVESTIMENTOS: A PROFISSÃO QUE MUDOU MINHA VIDA,2021-11-19 22:13:27,2021-11-19 19:13:27,sexta,19,710,longo,16739,882,193,AAI|mudar de carreira|profissões do futuro|profissões em alta|AGENTE AUTONOMO DE INVESTIMENTOS|agente autonomo de investimentos vale a pena|agente autonomo de investimentos|agente autonomo de investimentos xp|ASSESSOR DE INVESTIMENTOS|ASSESSORIA DE INVESTIMENTOS|financial advisor|BTG|XP|DENIS MIYABARA,1923,https://i.ytimg.com/vi/RIUR0DVndeo/maxresdefault.jpg
UVe6dLrNSSs,FIM do RALI das CRIPTOMOEDAS? Por que o BITCOIN (BTC) despencou mais de 10% nas últimas 24h?,2021-11-16 22:03:30,2021-11-16 19:03:30,terça,19,482,longo,3745,635,116,BITCOIN|BTC|BIDEN|CRIPTOMOEDAS|CRIPTOATIVOS|AÇÕES|ACAO|ACOES|BOLSA DE VALORES|FINANÇAS|EDUCAÇÃO FINANCEIRA|bitcoin hoje|bitcoin agora|bitcoin analise|BITCOIN CAIU|BITCOIN DERRETEU|bitcoin hoje vale a pena|bitcoin biden|biden bitcoin|bitcoin criptomoeda|criptomoedas hoje|criptomoeda hoje|bitcoin 2021|bitcoin vale a pena|bitcoin vai subir|bitcoin caiu|bitcoin caindo|criptomoedas promissoras 2021|bitcoin noticias|bitcoin noticias hoje|bitcoin analise hoje,2026,https://i.ytimg.com/vi/UVe6dLrNSSs/maxresdefault.jpg
_I5dFQ6mvK0,"NUBANK: NÃO ACEITE SEU PEDACINHO DA NUBANK e NUBANK SOCIOS, ANTES DE VER ESSE VIDEO! IPO NUBANK BDRS",2021-11-15 20:07:01,2021-11-15 17:07:01,segunda,17,749,short,146592,5699,578,ipo nubank|nubank bdr vale a pena|nubank bdr gratis|nubank bdr clientes|nubank br|nubank bdr de graça|ipo nubank bdr|nubank br socio|nubank bdrs|bdr nubank|bdrs nubank|como declarar ações bdr|denis miyabara|nubank|nusocios|nubank ipo|ipo da nubank|ipo do nubank|ipo do nubank vale a pena|como participar do ipo do nubank|nubank ipo data|nubank investimento|nubank ipo bdr|nubank é bom|ipo nubank vale a pena|ipo nubank data|BDR NUBANK|nu socios,1810,https://i.ytimg.com/vi/_I5dFQ6mvK0/maxresdefault.jpg
rmOIOHZWiIU,NUBANK SOCIOS - POR QUE IPO DO NUBANK PODE SER UMA ARMADILHA PARA OS INICIANTES NA BOLSA DE VALORES?,2021-11-14 21:20:59,2021-11-14 18:20:59,domingo,18,728,longo,9329,1008,130,nubank|nusocios|ipo nubank|bolsa de valores|nuconta|NU|nuinvet|cartao de credito nubank|nubank ultravioleta|nu socios|nusocio|nubank ipo|ipo da nubank|ipo do nubank|ipo do nubank vale a pena|como participar do ipo do nubank|nubank ipo data|nubank investimento|nubank bdr|nubank bdrs|nubank bdr gratis|nubank bdr clientes|investir em bdrs nubank|nubank ipo bdr|nubank é bom|cartão nubank|bdr nubank|bdrs nubank vale a pena|bdrs nubank,1781,https://i.ytimg.com/vi/rmOIOHZWiIU/maxresdefault.jpg
0N_cOnJ8nXs,"AÇÃO BARATA E ""SEM RISCO"" QUERIDINHA DO BARSI",2021-11-09 00:53:41,2021-11-08 21:53:41,segunda,21,628,longo,9127,1581,124,acao barata|ação barata|ações baratas|ações baratas para 2021|acoes para 2021|acoes barsi|luiz barsi|acoes barsi 2021|acoes baratas barsi|barsi acoes|luiz barsi acoes|barsi ações|luiz barsi ações|acoes baratas para comprar 2021|acao barata barsi|barsi acoes baratas|carteira de ações luiz barsi|acoes do barsi|ações do barsi|ações de luiz barsi|ações preferidas de luiz barsi|barsi acoes 2021|ações que o barsi investe,986,https://i.ytimg.com/vi/0N_cOnJ8nXs/maxresdefault.jpg
gLR-RQeSxcQ,VOCÊ DEVERIA SABER PROBLEMA QUE WARREN BUFFET ESTÁ ENFRENTANDO e FAZER O MESMO NA BOLSA DE VALORES,2021-11-07 01:02:12,2021-11-06 22:02:12,sábado,22,547,longo,6986,1167,158,WARREN BUFFETT|BUFFETT|ACOES|ações|berkshire hathaway|BOLSA DE VALORES|finanças|warren buffett dicas|dicas warren buffett|investidor warren buffett|warren buffet|warren buffett historia|warren buffett entrevista|warren buffett investidor|warren buffett advice|warren buffett speech|warren buffett interview|melhores ações|educação financeira|bolsa de valores|bolsa de valores warren buffett|warren buffett bolsa|warren buffett bolsa de valores,838,https://i.ytimg.com/vi/gLR-RQeSxcQ/maxresdefault.jpg
ijHTK-6jzCA,5 AÇÕES QUE LUIZ BARSI COMPRARIA NESSA CRISE ENQUANTO A BOLSA DE VALORES CAIU [ESTRATÉGIA BÔNUS],2021-10-22 22:03:27,2021-10-22 19:03:27,sexta,19,576,longo,9356,1362,157,BARSI|CRISE NA BOLSA DE VALORES|BOLSA DE VALORES|IBOVESPA|barsi bolsa de valores|luiz barsi|ações luiz barsi|ações barsi|ações do barsi|barsi ações 2021|barsi acoes 2021|acoes barsi 2021|ações barsi 2021|barsi investidor|barsi recomenda|ações que barsi esta comprando|ações que barsi investe|ações que luiz barsi investe|barsi ações|onde barsi investe|bolsa de valores barsi|bolsa de valores hoje|bolsa de valores luiz barsi|ações|luiz barsi ações,1254,https://i.ytimg.com/vi/ijHTK-6jzCA/maxresdefault.jpg
LI023P6jVMo,BOLSA DE VALORES DERRETEU | ESTRATÉGIA PARA OS PRÓXIMOS PASSOS,2021-10-21 23:55:36,2021-10-21 20:55:36,quinta,20,880,longo,14191,2534,338,BOLSA DE VALORES DERRETEU|BOLSA DE VALORES|acoes|ações|bolsa de valores para iniciantes|mercado de ações|melhor investimento|ibovespa|finanças|educação financeira|bolsa de valores hoje|bolsa de valores 2021|bolsa de valores caindo|bolsa de valores caiu|bolsa de valores caindo e agora|bolsa de valores caindo o que fazer|teto de gastos|teto de gastos 2021,1168,https://i.ytimg.com/vi/LI023P6jVMo/maxresdefault.jpg
TFzIrFJe4EM,IRBR3 (IRB BRASIL) LUCROU - SERÁ QUE AGORA AS AÇÕES IRBR3 VÃO SUBIR?,2021-10-21 20:03:46,2021-10-21 17:03:46,quinta,17,314,longo,6677,992,123,irbr3|irb|irb brasil|bolsa de valores|ibovespa|economia|bolsa de valores 2021|acoes irbr|irbr3 analise|irbr3 hoje|irbr3 ações|ações irbr3|irb brasil resseguros|irb brasil acoes|irb brasil ações|ações irb brasil|ações da irb brasil|irbr3 2021|irbr3 ação|ação irb brasil|ação irbr3|irb brasil 2021|acoes irb brasil 2021|irbr3 vale a pena|irbr3 irb brasil,1132,https://i.ytimg.com/vi/TFzIrFJe4EM/maxresdefault.jpg
Ap5P6Qz0zj4,🔴 [URGENTE] TETO DE GASTOS VAI SER ROMPIDO? O QUE VAI ACONTECER COM A BOLSA DE VALORES?,2021-10-21 00:06:47,2021-10-20 21:06:47,quarta,21,589,longo,10104,1515,349,bolsa família|BOLSA DE VALORES|ECONOMIA|IBOVESPA|PAULO GUEDES|TETO DE GASTOS|bolsa de valores hoje|bolsa de valores 2021|bolsa de valores caindo|bolsa de valores caiu|bolsa de valores caiu e agora|teto de gastos governo|teto de gastos 2021,1257,https://i.ytimg.com/vi/Ap5P6Qz0zj4/maxresdefault.jpg
gzaeb6dJ1Kg,BOLSA DE VALORES CAIU: SERÁ QUE O BRASIL MERECE SEU INVESTIMENTO?,2021-10-19 23:33:45,2021-10-19 20:33:45,terça,20,592,longo,7285,1247,280,#InShot,1024,https://i.ytimg.com/vi/gzaeb6dJ1Kg/maxresdefault.jpg
A_dqcKJKv0U,🔴[URGENTE] RELATOR DA REFORMA DO IR DEVE DESCARTAR TRIBUTO SOBRE OS DIVIDENDOS #shorts,2021-10-19 00:20:07,2021-10-18 21:20:07,segunda,21,14,short,7552,619,106,shorts|youtube shorts|shorts youtube|youtube short|short videos|shorts videos|bolsa de valores|imposto de renda|dividenos|bolsa de valores 2021|investimentos|investir,921,https://i.ytimg.com/vi/A_dqcKJKv0U/maxresdefault.jpg
qe1vYT6TUZA,OIBR3 AS AÇÕES DA OI AGORA VÃO DESTRAVAR? QUAIS SÃO OS PRÓXIMOS PASSOS PARA AÇÕES OI (OIBR3/OIBR4)?,2021-10-18 23:51:07,2021-10-18 20:51:07,segunda,20,538,longo,9505,1701,270,OIBR3|OIBR4|ACOES OI|ações oibr3|ações da oi|acoes oi|oibr3 2021|oibr3 noticias|BOLSA DE VALORES|IBOVESPA|educação financeira|ACOES|oibr3 oi|oibr3 ações|ações da oibr3|oibr3 hoje|oibr3 vale a pena|oibr3 oibr4|ações oi|oi ações oibr3|oibr3 acoes oi|ações oi 2021|oibr3 acao|oibr3 ação|ações oi br 3|ações oibr4,1235,https://i.ytimg.com/vi/qe1vYT6TUZA/maxresdefault.jpg
nlfGoxzt50M,O QUE ACONTECEU COM LOJAS AMERICANAS (LAME3/LAME4)? AS AÇÕES LAME3 e LAME4 DISPARAM SERÁ O ADEUS B3?,2021-10-18 15:24:25,2021-10-18 12:24:25,segunda,12,439,longo,7009,1059,149,lame3|lame4|lojas americanas|ações lojas americanas|lojas americanas ações|ações lame4|lame4 ações|lame3 ações|lame4 2021|lame3 lame4|lame3 hoje|lame3 2021|lame4 hoje|lojas americanas acoes|acoes das lojas americanas|lame3 ou lame4|ação lame4|ação lame3|lame3 ação|lame4 ação|lame3 vale a pena|lame4 vale a pena|ações das lojas americanas|ações lojas americanas hoje|lame3 o que aconteceu|lojas americanas ações vale a pena,1345,https://i.ytimg.com/vi/nlfGoxzt50M/maxresdefault.jpg
d7Y91KA_yhk,ESTAGFLAÇÃO O QUE É e COMO PROTEGER SEUS INVESTIMENTOS?,2021-10-18 01:10:27,2021-10-17 22:10:27,domingo,22,599,longo,2172,436,83,inflacao|deflacao|hiperinflação|inflação|estagflação|bolsa de valores|investimentos|ação|economia|ibovespa|educação financeira|canal de finanças,1180,https://i.ytimg.com/vi/d7Y91KA_yhk/maxresdefault.jpg
Zer_F9X_yK0,Eu na BOLSA DE VALORES - Quem mais? #shorts,2021-10-16 20:07:33,2021-10-16 17:07:33,sábado,17,4,short,2650,82,21,,935,https://i.ytimg.com/vi/Zer_F9X_yK0/maxresdefault.jpg
ynMHihPzQ5k,"PCAR3 tem mais ""COISA"" para VENDER fora ASAI3! O preço ALVO vai te CHOCAR!",2021-10-16 00:30:06,2021-10-15 21:30:06,sexta,21,713,longo,5625,769,89,PCAR3|GPA|AÇÃO GPA|AÇÃO PCAR3|PCAR|ASSAI|AÇÃO ASSAI|asai3|assaí atacadista|BOLSA DE VALORES|FINANÇAS|EDUCAÇÃO FINANCEIRA|IBOVESPA|pcar3 vale a pena|acoes pao de acucar|ações pão de açucar|ações pcar3|pcar3 ações|pcar3 pao de acucar|asai3 ações|acoes assai|acoes assai hoje|acoes assai 3|ações assai atacadista|ações do pao de acucar|acoes gpa|ações gpa|gpa ações|pcar3 dividendos|pcar3 analise|pcar3 e asai3|asai3 e pcar3|pcar3 hoje,1586,https://i.ytimg.com/vi/ynMHihPzQ5k/sddefault.jpg
hK4ZHfI9fR4,Skin in the game que fala? | Bolsa de Valores #shorts,2021-10-15 21:52:51,2021-10-15 18:52:51,sexta,18,14,short,1866,43,11,shorts|youtube shorts|short videos|short video|short video youtube|youtube shorts funny|memes|memes shorts|memes short video|short video meme|bolsa de valores|bolsa de valores shorts|bolsa de valores 2021|bolsa de valores hoje|finanças|investimentos|investir|educação financeira,935,https://i.ytimg.com/vi/hK4ZHfI9fR4/maxresdefault.jpg
iZyWn1ZLlBU,"2 AÇÕES QUE VÃO PAGAR BONS DIVIDENDOS AINDA EM 2021, MAS CUIDADO: PODE SER UMA CILADA!",2021-10-15 00:32:09,2021-10-14 21:32:09,quinta,21,574,longo,5562,1020,104,dividendos|dividendos 2021|ações dividendos|ações que pagam dividendos|dividendos ações|dividendos ações 2021|acoes pagadoras de dividendos 2021|top pagadoras de dividendos 2021|acoes que pagam dividendos|finanças|bolsa de valores|ibovespa|mercado financeiro|pagadoras de dividendos|pagadoras de dividendos 2021|melhores ações pagadoras de dividendos|ações que vão pagar dividendos|acoes pagadoras de dividendos|acoes que pagam dividendo,1121,https://i.ytimg.com/vi/iZyWn1ZLlBU/maxresdefault.jpg
_Kpp_JWPSS4,NUBANK VAI QUEBRAR MESMO DEPOIS DO LUCRO? VAI SAIR O IPO DA NUBANK? VOU PODER INVESTIR NUBANK?,2021-10-14 00:42:30,2021-10-13 21:42:30,quarta,21,574,longo,4983,649,79,NU|NUBANK|NU CONTA|NUBANK IPO|IPO NUBANK|NUBANK AÇÕES|nubank ultravioleta|nubank como funciona|nubank rewards|BOLSA DE VALORES|educação financeira|FINANÇAS|IBOVESPA|Fintech|nubank vale a pena|nubank é seguro|cartão nubank|nubank ipo|ipo da nubank|nubank ipo b3|ipo nubank|nubank lucro|nubank lucro liquido|nubank lucro 2021|nubank lucrou|lucro da nubank|lucro do nubank|lucro do nubank 2021|nubank 2021 lucro|lucro nubank|nubank lucro anual,1149,https://i.ytimg.com/vi/_Kpp_JWPSS4/maxresdefault.jpg
ICbtlOZ5EvY,Bolsa de Valores deu um alívio nos investimentos #shorts,2021-10-13 21:26:12,2021-10-13 18:26:12,quarta,18,11,short,880,44,7,shorts|youtube shorts|shorts youtube|bolsa de valores|shorts bolsa de valores|short videos|shorts videos,859,https://i.ytimg.com/vi/ICbtlOZ5EvY/maxresdefault.jpg
UUCgfHnb7qI,POR QUE EU LARGEI A ENGENHARIA E VIREI ASSESSOR DE INVESTIMENTOS?,2021-10-13 01:44:15,2021-10-12 22:44:15,terça,22,2809,longo,4587,722,70,,143,https://i.ytimg.com/vi/UUCgfHnb7qI/maxresdefault.jpg
0vZkR-EuNEY,IPO LUIZ BARSI explica sua ESTRATÉGIA em relação aos IPO - OLHA O QUE ELE FALOU DE OCEANPACT (OPCT3),2021-10-11 23:45:00,2021-10-11 20:45:00,segunda,20,350,longo,4058,608,75,ipo|ipo oceanpact|opct3|opct3 vale a pena|opct3 acoes|opct3 ações|opct3 oceanpact|ipo oceanpact vale a pena|ipo opct3|ipo opct3 vale a pena|ocean pact|oceanpact ações|oceanpact acoes|oceanpact ipo|acoes da oceanpact|ações da ocean pact|ações da oceanpact|ação oceanpact|ocean pact ações|ocean pact ação|ocean pact acoes,806,https://i.ytimg.com/vi/0vZkR-EuNEY/maxresdefault.jpg
wsoq7gjhBSU,"5 AÇÕES ""APOSTAS"" DE LUIZ BARSI PARA 2021 - 5 AÇÕES PARA 2021 BARSI",2021-10-10 22:30:09,2021-10-10 19:30:09,domingo,19,519,longo,6016,1094,111,ações para 2021|acoes 2021|ações 2021|acoes barsi|barsi acoes|ações barsi|ações barsi 2021|melhores ações para 2021|barsi ações|ações 2021 dividendos|barsi investidor|barsi dividendos|3 acoes barsi|acoes que barsi esta comprando|5 ações barsi|ações luiz barsi|ações que o barsi investe|ações que barsi investe|ações que barsi comprou|luiz barsi ações|ações do barsi 2021|carteira de ações luiz barsi|carteira de ações luiz barsi 2021,1040,https://i.ytimg.com/vi/wsoq7gjhBSU/maxresdefault.jpg
wKzYLeTYUrs,IRBR3 LUIZ BARSI CONTOU O MOTIVO DAS AÇÕES IRBR3 ESTAREM TRAVADAS E O QUE VAI FAZER IRBR3 DECOLAR,2021-10-10 00:14:50,2021-10-09 21:14:50,sábado,21,436,longo,12925,1890,264,irbr3|irbr3 luiz barsi|luiz barsi irbr3|irbr3 ações|irbr3 irb brasil|irbr3 acoes|irbr3 barsi|irbr3 2021|irbr3 hoje|ações da irbr3|ações irbr3|acoes irbr3|irb brasil|irb brasil resseguros|irb brasil ações|irb brasil barsi|irb brasil ações vale a pena|irb brasil luiz barsi|irbr3 analise|irbr3 vale a pena|acao irbr3|irbr3 ação|acoes da irb brasil|ações da irb brasil|ações irb brasil|irb brasil acoes vale a pena|irb brasil irbr3|irb brasil 2021,1753,https://i.ytimg.com/vi/wKzYLeTYUrs/sddefault.jpg
5KYTlQgiYGE,CASH3 SERÁ QUE MELIUZ VAI VOLTAR A SUBIR? CASH3 AINDA VALE A PENA?,2021-10-09 00:34:36,2021-10-08 21:34:36,sexta,21,568,longo,5845,746,86,CASH3|AÇÕES CASH3|MELIUZ|cash3 ainda vale a pena|cash3 ações|ações meliuz|acoes da meliuz|cash3 ações 2021|cash3 meliuz|meliuz cash3|meliuz ações|ações cash3|cash3 hoje|cash3 2021|cash3 analise|cash3 acoes|acoes cash3|cash acoes|meliuz acoes|acoes meliuz|cash3 caindo,1017,https://i.ytimg.com/vi/5KYTlQgiYGE/maxresdefault.jpg
knOlBHbrVhk,"BANCO INTER: O QUE VAI ACONTECER COM QUEM TEM CONTA OU AÇÕES BANCO INTER, COM O ADEUS À B3? #Shorts",2021-10-08 15:20:06,2021-10-08 12:20:06,sexta,12,107,short,2589,290,41,bidi4|bidi11|bidi11 nasdaq|banco inter|banco inter ações|ações banco inter|bidi11 hoje|bidi4 hoje|bidi4 2021|bidi11 2021|banco inter vai sair da bolsa|banco inter vai sair da b3|banco inter vai sair do brasil|acoes do banco inter|ações do banco inter|ações do banco inter bidi4|bidi4 nasdaq|SHORTS|shorts youtube|youtube shorts,970,https://i.ytimg.com/vi/knOlBHbrVhk/maxresdefault.jpg
QRn0n5OZH-U,"BANCO INTER DIZ ADEUS A B3! AÇÕES BANCO INTER VAI DEIXAR A BOLSA DE VALORES BRASILEIRA, E AGORA?",2021-10-07 23:30:05,2021-10-07 20:30:05,quinta,20,579,longo,9491,1208,142,banco inter|bidi4|bidi11|banco inter ações|ações banco inter|bidi4 hoje|bidi4 ações|bidi4 2021|bidi4 banco inter|bidi4 ou bidi11|bidi11 banco inter|bidi11 ações|bidi11 2021|bidi11 hoje|banco inter acoes|acoes do banco inter|ações do banco inter|banco inter 2021|banco inter b3|banco inter bdr|banco inter bolsa de valores|banco inter vale a pena|banco inter investimento|bidi11 inter|banco inter vai sair da b3|banco inter vai sair da bolsa,969,https://i.ytimg.com/vi/QRn0n5OZH-U/maxresdefault.jpg
QIMoUlpqLwg,ITAÚSA SINAL QUE OS DIVIDENDOS ITSA4 VOLTARÃO? | ENTENDA O QUE MUDA COM ESSE FATO PRAS AÇÕES ITSA4,2021-10-06 23:15:01,2021-10-06 20:15:01,quarta,20,511,longo,7493,1549,108,ITSA4|ITAUSA|ITAÚSA|AÇÕES ITAUSA|DIVIDENDOS|DIVIDENDOS ITAUSA|ITAUSA 2021|itsa4 vale a pena|BOLSA DE VALORES|AÇÕES|ACAO ITAUSA|itsa4 dividendos|itsa4 analise|itausa dividendos|ITSA3|itsa4 hoje|itsa4 2021|itsa4 itausa|itsa4 ações|ações itausa|itausa ações|acoes da itausa|ações da itausa|itsa|itausa itsa4|itsa4 ou itsa3|itsa3 ou itsa4|dividendos itausa|itausa dividendos 2021|itausa 2021|dividendos itsa4|dividendos itsa4 2021|itausa vale a pena,1652,https://i.ytimg.com/vi/QIMoUlpqLwg/maxresdefault.jpg
MdJLgslKOwI,BIDI11 O QUE FAZER COM AS AÇÕES DO BANCO INTER QUE NÃO PARAM DE CAIR? PRÉVIA VEIO FORTE,2021-10-05 23:55:11,2021-10-05 20:55:11,terça,20,575,longo,5498,648,93,BIDI11|BIDI4|BIDI3|BANCO INTER|INTER|AÇÕES INTER|BOLSA DE VALORES|bidi11 banco inter|bidi4 banco inter|banco inter ações|ações banco inter|acoes do banco inter|acoes banco inter 2021|bidi4 2021|bidi11 2021|bidi11 hoje|bidi4 hoje|bidi4 ou bidi11|bidi11 ou bidi4|bidi4 ações|ações bidi4|bidi11 ações|ações banco inter bidi4|acoes banco inter|banco inter acoes vale a pena|banco inter ação|ação banco inter|bidi4 analise|bidi11 vale a pena,807,https://i.ytimg.com/vi/MdJLgslKOwI/maxresdefault.jpg
S0u0Z_QydDk,XPBR31 VALE A PENA TROCAR BDR NO BRASIL por AÇÕES NOS EUA? BDR XPBR31 ou XP STOCK?,2021-10-05 15:59:39,2021-10-05 12:59:39,terça,12,346,longo,3781,708,86,xp|xp br 31|bdr xp|bdr xp itau|bdr xp investimentos|bdr xpbr31|bdr vale a pena|xpbr31 bdr|xpbr31|xp investimentos|xp inc|bdrs|bdr ou investir no exterior|xpbr 31|xpbr31 ou xp|bdrs xp|xp br31|xp bdr|xp bdrs|xp itau|bdr da xp|bdr da xp na b3|bdr da xp inc|xp stock|xp inc stock|xp bdr ticker|xp bdr itau|xp e itau cisao|cisao xp e itau|bolsa de valores,943,https://i.ytimg.com/vi/S0u0Z_QydDk/maxresdefault.jpg
nQEzB6AM98U,BOLSA DE VALORES CAIU - O QUE FAZER EM MOMENTOS EM QUE A BOLSA ESTÁ CAINDO?,2021-10-05 00:14:33,2021-10-04 21:14:33,segunda,21,752,longo,6053,1350,198,bolsa de valores|bolsa caindo|bolsa derretendo|investimentos|renda variavel|finanças|bolsa de valores 2021|bolsa de valores caiu|bolsa de valores caindo|bolsa de valores hoje|bolsa de valores caindo hoje|bolsa caiu hoje|bolsa caiu ontem|ibovespa hoje|ações caindo|ibovespa caindo|ibovespa caiu|ibovespa caindo hoje,887,https://i.ytimg.com/vi/nQEzB6AM98U/maxresdefault.jpg
W6uQz3877G8,AÇÕES DIVIDENDOS OUTUBRO 2021 - AS MELHORES AÇÕES PAGADORAS DE DIVIDENDOS PARA OUTUBRO 2021,2021-10-04 15:55:35,2021-10-04 12:55:35,segunda,12,413,longo,3706,565,29,DIVIDENDOS|PAGADORAS DIVIDENDOS|DIVIDENDOS MENSAIS|AÇOES|DIVIDENDOS OUTUBRO 2021|DIVIDENDOS OUTUBRO 21|AÇÕES OUT 21|AÇÕES OUTUBRO 2021|dividendos outubro 2021|ações que pagam dividendos|ações pagadoras de dividendos|ações que pagam dividendos outubro|pagadoras de dividendos 2021|pagadoras de dividendos outubro|acoes dividendos|ações dividendos|ações dividendos outubro|ações dividendos outubro 2021|ações para outubro|melhores ações para outubro 2021,1795,https://i.ytimg.com/vi/W6uQz3877G8/maxresdefault.jpg
dr0Z-PyRdUE,AÇÕES PARA OUTUBRO 2021 - AÇÕES MAIS RECOMENDADAS PARA OUTUBRO - AÇÕES PARA INVESTIR EM OUTUBRO,2021-10-02 23:00:09,2021-10-02 20:00:09,sábado,20,504,longo,7342,955,65,AÇÕES|acoes 2021|ações outubro 2021|ações outubro 21|acao outubro 21|investimentos|investir|educação financeira|melhores ações para outubro 2021|melhores ações outubro|ações para outubro|acoes para outubro|ações para outubro 2021|ações para investir em outubro|acoes para outubro 2021|acoes para investir em outubro 2021|acoes mais recomendadas outubro|acoes mais recomendadas para investir em outubro|acoes outubro|acoes outubro 2021|melhores ações,1476,https://i.ytimg.com/vi/dr0Z-PyRdUE/maxresdefault.jpg
KqN4gy-yYiU,"IRBR3 LUIZ BARSI ""IRB BRASIL (IRBR3) PODE DOBRAR e ESSAS DUAS TAMBÉM, DIFERENTE DESSAS OUTRAS AÇÕES""",2021-10-01 23:27:06,2021-10-01 20:27:06,sexta,20,537,longo,18780,2235,227,irbr3|irb brasil|irbr3 barsi|irbr3 luiz barsi|luiz barsi irbr3|irb brasil resseguros|irbr3 ações|irbr3 hoje|irbr3 2021|irbr3 vale a pena|acoes irbr3|ações irbr3|ações da irb|ações da irbr3|ações da irb brasil|irb brasil ações|acoes da irb brasil|irb brasil barsi|irb brasil ações vale a pena|barsi irbr3|barsi irb|barsi irbr|barsi fala sobre irbr3|irbr3 analise|irbr3 dividendos|irbr luiz barsi|irbr analise,1583,https://i.ytimg.com/vi/KqN4gy-yYiU/maxresdefault.jpg
2QiGEfyaA54,BITCOIN DE VOLTA AOS 100K ou É O FIM das CRIPTOMOEDAS? Feat FERNANDA GUARDIAN,2021-09-30 23:39:26,2021-09-30 20:39:26,quinta,20,875,longo,2935,428,81,BITCOIN|CRIPTOMOEDA|criptomoedas|criptomoedas hoje|bitcoin hoje|criptomoedas para iniciantes|NANDA GUARDIAN|CRIPTOATIVO|CRIPTOATIVOS|bitcoin 2021|bitcoin vale a pena|bitcoins|bitcoins 2021|bitcoins hoje|bitcoin vai subir|bitcoin vai cair|bitcoin agora|bitcoin analise|analise bitcoin|bitcoin como investir|bitcoin preço|prec`o bitcoin|criptomoedas promissoras 2021|mercado bitcoin|mercado de criptomoedas|onde comprar bitcoin|bitcoin como funciona,1442,https://i.ytimg.com/vi/2QiGEfyaA54/maxresdefault.jpg
6Lszsp7ha7s,BANCO INTER (BIDI4) - SERIA O COMEÇO DO FIM DAS AÇÕES DO BANCO INTER (BIDI11)?,2021-09-29 23:45:00,2021-09-29 20:45:00,quarta,20,586,longo,12480,1527,140,banco inter pj|banco inter pro|login do banco inter pj|banco inter internet banking|banco inter telefone|banco inter|ações banco inter|bidi4|bidi3|bidi11|banco inter ações|bidi|educação financeira|banco inter mei|ações|finanças|bidi11 analise|bidi4 ações|banco inter acoes|acoes do banco inter|bidi4 banco inter|banco inter bidi4|ações banco inter bidi4|bidi11 ações|bidi11 banco inter|bidi4 hoje|bidi4 2021|bidi11 hoje|bidi11 2021|bidi4 ou bidi11,1457,https://i.ytimg.com/vi/6Lszsp7ha7s/maxresdefault.jpg
zmnJOgvOe28,AVENUE SUA PRIMEIRA CONTA BANCÁRIA NOS ESTADOS UNIDOS e CARTÃO AVENUE! INTERNACIONALIZE-SE,2021-09-28 23:59:15,2021-09-28 20:59:15,terça,20,506,longo,9731,726,74,AVENUE|CARTÃO AVENUE|CARTÃO INTERNACIONAL|CONTA NOS ESTADOS UNIDOS|CONTA CORRENTE NOS ESTADOS UNIDOS|CORRETORA AVENUE|como investir no exterior|avenue corretora|investir nos eua|BOLSA DE VALORES|CONTA EUA|CARTÃO EUA|AVENUE CONTA,1173,https://i.ytimg.com/vi/zmnJOgvOe28/maxresdefault.jpg
n5CvyY2z7Jw,3 SMALL CAPS PROMISSORAS 2021! 3 SMALLCAPS QUE PODEM EXPLODIR,2021-09-27 23:49:07,2021-09-27 20:49:07,segunda,20,533,longo,7287,1210,78,SMALL CAPS|SMALLCAPS|AÇÕES SMALLCAPS|AÇÕES SMALL CAPS|AÇOES|INVESTIMENTOS|small caps 2021|small caps baratas|small caps promissoras 2021|ações baratas|small caps o que é|small caps promissoras|small caps promissoras para 2021|melhores small caps|melhores small caps 2021|acoes small caps|ações small caps|ações small caps mais promissoras|small caps para 2021|small caps para investir em 2021|melhores small caps da bolsa|smallcaps|small cap 2021,1639,https://i.ytimg.com/vi/n5CvyY2z7Jw/maxresdefault.jpg
wML4L-y-4bI,VIIA3 VIA - CHEGOU A HORA DE VENDER VIIA3 (EX-VIA VAREJO VVAR3)? Feat. Rafael Bevilacqua,2021-09-26 22:30:05,2021-09-26 19:30:05,domingo,19,615,longo,16387,1796,149,VIA|viia3|vvar3|VIA varejo|VIA varejo ações|viia3 ações|via3|via3 ações|acoes viia3|acoes da via varejo|via varejo|viia3 via|via varejo vvar3|via varejo acoes|via varejo hoje|acoes vvar3|viia3 2021|via 3 ações|viia 3 ação|viia 3 acoes|via varejo analise|via 3 vale a pena|via 3 analise|via 3 acoes|via 3 ação|viia 3 vale a pena|via varejo ação|acoes via|via varejo acoes hoje|via varejo vale a pena investir|ações via varejo,949,https://i.ytimg.com/vi/wML4L-y-4bI/sddefault.jpg
jADp7AkA0_0,VOCÊ ESTÁ PERDENDO DINHEIRO! MAIOR INFLAÇÃO desde 1994-2 JEITOS de PROTEGER SEU DINHEIRO da INFLAÇÃO,2021-09-24 22:30:04,2021-09-24 19:30:04,sexta,19,514,longo,2884,448,45,ipca|inflação|ipca+|inflação 2021|inflação brasil|inflação brasil 2021|inflação no brasil|inflação no brasil 2021|proteger seu dinheiro|como proteger dinheiro da inflação|como proteger meu dinheiro da inflação|como proteger meu dinheiro|proteja seu dinheiro|proteger meu patrimonio|como proteger meu patrimonio|como proteger seu patrimônio da inflação|como proteger seus investimentos|investimentos e inflação,957,https://i.ytimg.com/vi/jADp7AkA0_0/sddefault.jpg
BSN72dvKTC8,OPERE NA BOLSA DE VALORES DE UM JEITO DIFERENTE E GANHE DINHEIRO INDEPENDENTE DO CENÁRIO!,2021-09-24 00:01:04,2021-09-23 21:01:04,quinta,21,496,longo,3477,523,39,bolsa de valores|day trade|bovespa|AÇÕES|FINANÇAS|ibovespa|operar ações|analista|analista de ações,503,https://i.ytimg.com/vi/BSN72dvKTC8/maxresdefault.jpg
faeJS8aosxM,TAXA SELIC SUBIU! O MAIOR RISCO DA SUBIDA DA TAXA SELIC HOJE |RISCO SECRETO DO AUMENTO DA TAXA SELIC,2021-09-22 23:31:35,2021-09-22 20:31:35,quarta,20,510,longo,4565,753,65,TAXA SELIC|SELIC 6.25|TAXA DE JUROS|AUMNTO SELIC|taxa selic hoje|taxa selic 2021|taxa selic subiu|selic hoje|selic hoje 2021|taxa selic subiu de novo|taxa selic subindo onde investir|selic subindo onde investir|selic subiu e agora|selic subiu|selic 2021|selic subindo|selic subindo 2021|taxa de juros selic|juros selic hoje|taxa selic 2021 hoje|elevação da taxa selic|banco central selic 2021|taxa selic banco central,1262,https://i.ytimg.com/vi/faeJS8aosxM/maxresdefault.jpg
bv-c_ObceE8,Faixa Branca e Faixa Preta? #Shorts,2021-09-22 18:24:51,2021-09-22 15:24:51,quarta,15,18,short,1906,47,18,,0,https://i.ytimg.com/vi/bv-c_ObceE8/maxresdefault.jpg
E1Wl6cM6e2g,IRB BRASIL (IRBR3) NOVO CEO ASSUMIU NO LUGAR DO TONHÃO e AGORA O QUE MUDA PRAS AÇÕES IRBR3?,2021-09-21 22:30:03,2021-09-21 19:30:03,terça,19,525,longo,5932,895,126,irbr|irb|irbr3|ações irb|irbr3 irb brasil|irb brasil irbr3|irbr3 2021|irbr3 hoje|irbr3 analise|irbr3 vale a pena|irbr3 ações|ações irbr3|ações irb brasil|irb brasil ações|irb brasil resseguros|acoes da irb brasil|ações irbr|irbr3 acoes|irbr3 ação|irb brasil acoes|irb brasil ação|irb brasil hoje|irb brasil acoes hoje|irb brasil 2021|irbr3 barsi|acoes irb brasil|ações da irbr3 vale a pena|irb brasil|irb brasil ceo|novo ceo irb|ceo irbr3,721,https://i.ytimg.com/vi/E1Wl6cM6e2g/maxresdefault.jpg
sgeWXHraFLc,VIA(VIIA3) APRESENTA O QUE FALTAVA PARA SE EQUIPARAR A MAGALU(MGLU3)| Número veio antes do esperado,2021-09-21 15:26:14,2021-09-21 12:26:14,terça,12,429,longo,7173,1036,96,VIA varejo|viia3|VIA|ações via varejo|viia3 2021|viia3 hoje|viia3 ações|vvar3 acoes|vvar3 ações|via varejo ações|via varejo ações 2021|acoes via varejo 2021|acoes da via 2021|viia3 acoes|viia3 analise|via 3 vale a pena|via 3 ações|via 3 acoes|via 3 ação|via 3 ou vvar3|viia3 vale a pena|viia3 acao|via varejo acoes|magazine luiza|ações mglu3|mglu3 analise|mglu3 2021|mglu3 hoje|mglu3 ações|acoes mglu3|magalu ações|viia3 via|mglu3 acoes,1244,https://i.ytimg.com/vi/sgeWXHraFLc/sddefault.jpg
N2JmQtGwMlc,BOLSA DE VALORES CAINDO! O QUE FAZER NESSE MOMENTO DE AGONIA?,2021-09-21 00:26:52,2021-09-20 21:26:52,segunda,21,764,longo,8914,1301,171,IBOVESPA|BOLSA DE VALORES|BOLSA DERRETENDO|BOLSA DE VALORES CAINDO|AÇÕES|ECONOMIA|INVESTIMENTOS|ibovespa em queda|ibovespa hoje|bolsa de valores caindo|bolsa de valores|bolsa caindo|bolsa de valores 2021|bolsa de valores hoje|bolsa de valores derretendo|bolsa caiu|bolsa de valores caiu|bolsa caindo hoje|bolsa de valores queda|bolsa de valores caindo hoje|bolsa de valores caindo o que fazer|porque a bolsa de valores está caindo|queda na bolsa de valores hoje,1435,https://i.ytimg.com/vi/N2JmQtGwMlc/maxresdefault.jpg
4b0OnZxIErc,FIIs para 2021! Fundo Imobiliario ainda vale a pena? Existe uma classe para poder se beneficiar!,2021-09-20 00:22:33,2021-09-19 21:22:33,domingo,21,425,longo,2469,401,46,fiis|fiis para 2021|fundos imobiliarios|fundos imobiliarios 2021|fundos imobiliarios fiis|fundos imobiliarios fii|fii fundos imobiliarios|fiis 2021|fii 2021|melhor fii 2021|fundos imobiliarios vale a pena|fiis vale a pena|fiis melhores|melhores fiis|melhores fundos imobiliarios 2021|melhores fundos imobiliários para 2021|fundos imobiliarios para 2021|fii para 2021|fiis caindo|fiis caindo 2021|fundos imobiliários|fiis recomendados|fundo imobiliario 2021,2416,https://i.ytimg.com/vi/4b0OnZxIErc/maxresdefault.jpg
gAUcJJrQr7A,DIAGRAMA O COMEÇO DE UMA GRANDE HISTÓRIA (PARTE I) | PRÓXIMOS EP. CANAL DA DIAGRAMA NO YOUTUBE,2021-09-19 15:42:19,2021-09-19 12:42:19,domingo,12,726,longo,1249,185,57,investimentos|investir e coçar|BOLSA de valores|ações,211,https://i.ytimg.com/vi/gAUcJJrQr7A/maxresdefault.jpg
O3bwr60i1Sc,BOLSA DE VALORES EM QUEDA? O que fazer em momentos em que dá vontade de DESISTIR DAS AÇÕES EM QUEDA?,2021-09-19 00:47:19,2021-09-18 21:47:19,sábado,21,899,longo,6721,1009,235,bolsa de valores|bolsa de valores hoje|bolsa de valores 2021|crise da bolsa de valores|queda da bolsa|bolsa em queda|bolsa em queda hoje|bolsa em queda o que fazer|bolsa de valores caindo|bolsa de valores caindo hoje|bolsa de valores caindo o que fazer|o que fazer com a bolsa caindo|bolsa de valores em queda|renda variável|mercado de ações|acoes em queda|acoes em queda 2021|acoes em queda o que fazer|ações caindo|ações caindo hoje,1362,https://i.ytimg.com/vi/O3bwr60i1Sc/sddefault.jpg
nnZXXW86o2M,"DIVIDENDOS DE R$8,10! CORRE QUE AINDA DÁ TEMPO",2021-09-17 00:18:52,2021-09-16 21:18:52,quinta,21,369,longo,15366,2149,232,vale3|vale|dividendos|vale3 dividendos|dividendos vale|bolsa de valores|vale3 analise|vale3 vale a pena|dividendos mensais 2020|vale3 2021|vale3 hoje|vale3 ações|vale3 acoes|acoes da vale|vale 2021|vale acoes|ações da vale|dividendos vale3|dividendos vale 2021|dividendos da vale3|dividendos da vale|acoes vale3|vale3 ação|dividendos vale 3|melhores dividendos 2021|melhores dividendos|maiores dividendos|acoes que pagam dividendos,1392,https://i.ytimg.com/vi/nnZXXW86o2M/sddefault.jpg
0YrNMBaQdyg,"PETROBRAS (AÇÕES PETR4, PETR3) CRISE ou OPORTUNIDADE? TRETA ENTRE ARTHUR LIRA e SILVA E LUNA!",2021-09-16 23:08:39,2021-09-16 20:08:39,quinta,20,724,longo,2596,487,55,petr4|petrobras|petr3|Petrobrás|ações petrobras|bolsa de valores|finanças|petrobras ações|acoes petrobras|petr4 petrobras|petrobras petr4|petr4 hoje|petr4 2021|petr4 ações|petr4 vale a pena|petrobras 2021|petrobras hoje|acoes da petrobras|ações da petrobras|ações petr4|petr4 analise|petr4 dividendos|petr3 ou petr4|petr3 petr4|acao petrobras,970,https://i.ytimg.com/vi/0YrNMBaQdyg/maxresdefault.jpg
0KQmeehso4Y,BRADESPAR (BRAP4) VAI DAR AÇÕES DE GRAÇA E AINDA PAGAR DIVIDENDOS DE 50%? SAIBA ATÉ QUANDO COMPRAR,2021-09-15 23:22:14,2021-09-15 20:22:14,quarta,20,620,longo,15626,2071,115,bradespar|brap3|brap4|vale3|açoes bradespar|ibovespa|finanças|ações|dividendos|bonificação de ações|bradespar ações|bradespar dividendos 2021|dividendos bradespar|bradespar vale a pena|acoes bradespar|bradespar brap4|bradespar analise|bradespar e vale|bradespar ação|dividendos brap4|dividendos brap4 2021|brap4 dividendos|brap4 vale a pena|brap4 bradespar|brap4 ações|ações bradespar|acoes brap4|dividendos 2021|bradespar dividendos,2245,https://i.ytimg.com/vi/0KQmeehso4Y/maxresdefault.jpg
5JQZkJw1ueg,VENDA SUAS RENDAS FIXAS AGORA!,2021-09-14 23:18:06,2021-09-14 20:18:06,terça,20,2216,longo,5834,952,59,,1352,https://i.ytimg.com/vi/5JQZkJw1ueg/maxresdefault.jpg
sgIBA6cTAKE,VIIA3 (EX VIA VAREJO) VAI EMITIR DÍVIDA BILIONÁRIA! DEBENTURE VIA VAI PREJUDICAR A AÇÃO VIIA3?,2021-09-12 22:00:13,2021-09-12 19:00:13,domingo,19,421,longo,15372,1562,167,via varejo|via|viia3|viia3 via varejo|viia3 via|acoes via|ações viia3|viia3 hoje|viia3 2021|viia3 ações|via ações|via varejo ações|via varejo 2021|acoes da via varejo|ações da via varejo|via varejo acoes|vvar3|nova vvar3|vvar3 acoes|via varejo ação|ação via varejo|vvar3 2021|vvar3 hoje|vvar3 ações|via 3 vale a pena|viia3 vale a pena|via 3 acoes|acoes vvar|acoes vvar3|vvar3 via varejo|vvar3 via 3|vvar3 vale a pena|ações via varejo,1044,https://i.ytimg.com/vi/sgIBA6cTAKE/maxresdefault.jpg
yo5LrgJxgxo,4 INDICADORES PARA COMPRAR OU VENDER UMA AÇÃO! ELES UTILIZAM ESSES FUNDAMENTOS,2021-09-11 22:07:00,2021-09-11 19:07:00,sábado,19,554,longo,2444,444,63,,871,https://i.ytimg.com/vi/yo5LrgJxgxo/maxresdefault.jpg
BS-ksLBLZHA,"ESSE INDICADOR QUE LUIZ BARSI AMA, PODE MUDAR O JEITO QUE VOCÊ ANALISA UMA AÇÃO! - INDICADORES BARSI",2021-09-09 00:00:02,2021-09-08 21:00:02,quarta,21,559,longo,5865,809,65,bbas3|bbas3 vale a pena|bbas3 dividendos|bbas3 analise|barsi banco do brasil|barsi bbas3|luiz barsi banco do brasil|luiz barsi bbas3|barsi e banco do brasil|barsi empresas|luiz barsi filho|luiz barsi dividendos|banco do brasil|bbas3 2021|bbas3 hoje|bbas3 banco do brasil|banco do brasil bbas3|bbas3 barsi|banco do brasil barsi|banco do brasil acoes|bbas3 ações|indicadores de ações|luiz barsi indicadores|barsi indicadores|indicadores barsi,844,https://i.ytimg.com/vi/BS-ksLBLZHA/maxresdefault.jpg
Rg0nzvJU_sQ,CASH3 MELIUZ DESPENCOU 35% EM UM MES E VAI TER DESDOBRAMENTO CASH3. VALE A PENA CASH3?,2021-09-07 23:30:06,2021-09-07 20:30:06,terça,20,507,longo,12045,1163,95,cash3|desdobramento cash3|cash3 ações|cash3 desdobramentos|cash3 desdobramento|cash3 meliuz|meliuz cash3|meliuz ações|cash3 2021|cash3 hoje|desdobramento meliuz|meliuz desdobramento|cash3 meliuz analise|cash3 meliuz desdobramento|desdobramento de ações|cash3 ainda vale a pena|cash3 vai desdobrar|ações cash3|ações meliuz|ações meliuz vale a pena|meliuz|cash3 analise|cash3 vale a pena,817,https://i.ytimg.com/vi/Rg0nzvJU_sQ/maxresdefault.jpg
yVoWq5paKP0,O SEGREDO DOS PRÉ-FIXADOS! NÃO CAIA EM FURADA!,2021-09-07 00:30:08,2021-09-06 21:30:08,segunda,21,573,longo,2695,537,62,renda fixa 2021|renda fixa e renda variavel|tesouro direto|melhores investimentos renda fixa 2021|tesouro direto prefixado|renda fixa x renda variável|taxa selic hoje 2021|valor taxa selic 2021|taxa selic 2021|tesouro selic 2024 ou 2027|cdi hoje|cdb prefixado 2021|tesouro ipca+|melhor cdb 2021|cdb 200 cdi|o segredo dos pré-fixados|denismiyabara|como investir em renda fixa 2021|o que é renda fixa e como funciona|o que é renda fixa prefixada,793,https://i.ytimg.com/vi/yVoWq5paKP0/sddefault.jpg
MrXvR0Dt9Nc,DIVIDENDOS SETEMBRO 2021 - PAGADORAS DE DIVIDENDOS PARA SETEMBRO - AÇÕES QUE PAGAM DIVIDENDOS,2021-09-05 12:00:09,2021-09-05 09:00:09,domingo,9,357,longo,2920,459,49,dividendos setembro|dividendos para setembro 2021|dividendos setembro 2021|pagadoras de dividendos setembro 2021|pagadoras de dividendos setembro|dividendos para setembro|ações que pagam dividendos setembro|ações que pagam dividendos em setembro|pagadoras de dividendos|ações que pagam dividendos|acoes que pagam dividendos|acoes dividendos setembro|ações dividendos setembro|dividendos 2021|dividendos de ações|dividendos de ações setembro,1715,https://i.ytimg.com/vi/MrXvR0Dt9Nc/maxresdefault.jpg
JoTddd-onVg,MELHORES AÇÕES SETEMBRO 2021 - AÇÕES MAIS RECOMENDADAS PARA SETEMBRO - AÇÕES PARA INVESTIR SETEMBRO,2021-09-03 23:30:01,2021-09-03 20:30:01,sexta,20,734,longo,5685,702,108,ações setembro|ações setembro 2021|ações para setembro|ações para setembro 2021|ações mais recomendadas para setembro|ações recomendadas para setembro|ações recomendadas setembro|ações para investir em setembro|melhores ações para setembro|melhores ações para investir em setembro|acoes para setembro|acoes setembro 2021|ações recomendadas setembro 2021|acoes para setembro 2021|melhores acoes setembro 2021|ações|melhores ações setembro,1355,https://i.ytimg.com/vi/JoTddd-onVg/maxresdefault.jpg
8RdY5irhFCM,SMALL CAPS para SETEMBRO 2021 - SMALL CAPS MAIS RECOMENDADAS PARA INVESTIR EM SETEMBRO,2021-09-01 22:30:00,2021-09-01 19:30:00,quarta,19,592,longo,4523,653,65,small caps|small cap|small caps setembro|small caps para setembro|small caps setembro 2021|small caps para setembro 2021|melhores small caps|small caps para investir|melhores small cap|small cap setembro|small caps mais recomendadas|small caps para investir em setembro|small caps para investir em setembro 201|small caps 2021|small cap 2021|small caps promissoras|melhores small caps 2021|melhores small caps setembro 2021|ações small caps|small caps baratas,1217,https://i.ytimg.com/vi/8RdY5irhFCM/maxresdefault.jpg
xm3xzR2T1N8,WARREN BUFFETT CONTA QUAL O MELHOR INVESTIMENTO PARA A SUA APOSENTADORIA,2021-09-01 00:00:30,2021-08-31 21:00:30,terça,21,514,longo,2520,536,41,warren buffett|warren buffet|warren buffet berkshire|berkshire hathaway|investimentos warren buffett|warren buffet quotes|warren buffett tips|warren buffet dicas|dicas de warren buffett|warren buffet carteira|investimentos warren buffet|warren buffett frases|fundo warren buffett|warren buffett fortuna|warren buffett investment strategy|warren buffett 2021|warren buffett interview,726,https://i.ytimg.com/vi/xm3xzR2T1N8/maxresdefault.jpg
5PxN5gh2WV0,SELIC e INFLAÇÃO | ENTENDA ESSA RELAÇÃO DE UMA VEZ POR TODAS #Shorts,2021-08-27 22:12:03,2021-08-27 19:12:03,sexta,19,54,short,884,77,11,shorts|shorts youtube|youtube shorts|videos curtos|videos curtos shorts,727,https://i.ytimg.com/vi/5PxN5gh2WV0/sddefault.jpg
GzycBc4czA0,"IRBR3 LUIZ BARSI AFIRMA ""QUEM NÃO ENTRAR VAI SE ARREPENDER”",2021-08-25 22:36:32,2021-08-25 19:36:32,quarta,19,1635,longo,10505,1676,249,,1383,https://i.ytimg.com/vi/GzycBc4czA0/maxresdefault.jpg
mhPMuo2TLII,MEUS INVESTIMENTOS EM 2021 #Shorts,2021-08-18 01:13:06,2021-08-17 22:13:06,terça,22,17,short,1938,63,19,shorts|shorts youtube|youtube shorts,0,https://i.ytimg.com/vi/mhPMuo2TLII/maxresdefault.jpg
V8MyV8oeITs,"É Brazel, não tá fácil não =/ como tá a carteira de vocês em 2021? #Shorts",2021-08-14 21:07:21,2021-08-14 18:07:21,sábado,18,17,short,1916,93,31,,0,https://i.ytimg.com/vi/V8MyV8oeITs/sddefault.jpg
q1TqZkdqEt0,MELHOR FERRAMENTA para saber se VENDEU o IMÓVEL BARATO ou CARO? Você pode estar VIVENDO uma ILUSÃO!,2021-08-09 23:30:03,2021-08-09 20:30:03,segunda,20,488,longo,1294,206,20,melhor ferramenta|seu imóvel barato|vivendo uma ilusão|educação financeira|investimentos|lucro|investir e coçar|denis miyabara|como avaliar um imóvel|preço do imóvel|avaliação de imóveis|imovel barato ou caro|financiamento imobiliário|juro atrelado ao IPCA|imóveis|caixa econômica|juros imobiliários|comprar imóvel|financiamento caixa 2021|financiamento imobiliário caixa 2021|financiamento com ipca caixa|financiamento com ipca|financiamento imobiliário 2021,725,https://i.ytimg.com/vi/q1TqZkdqEt0/maxresdefault.jpg
mPoZ4vYr7lg,IPO RAIZEN - MAIOR IPO 2021 OU PIOR IPO 2021?,2021-08-05 23:12:03,2021-08-05 20:12:03,quinta,20,2254,longo,12511,1537,136,,45,https://i.ytimg.com/vi/mPoZ4vYr7lg/maxresdefault.jpg
XZM0Mjt--Mo,E AI?,2021-07-29 23:48:03,2021-07-29 20:48:03,quinta,20,29,short,1690,53,19,,0,https://i.ytimg.com/vi/XZM0Mjt--Mo/sddefault.jpg
CKq3p8C4_6c,"QUEM NAO ENTROU NO IPO DO TC, TA COMO?",2021-07-28 21:00:29,2021-07-28 18:00:29,quarta,18,6,short,1161,25,7,,0,https://i.ytimg.com/vi/CKq3p8C4_6c/maxresdefault.jpg
yr8QHq2X59E,começando a investir,2021-07-28 00:15:28,2021-07-27 21:15:28,terça,21,24,short,835,30,6,,0,https://i.ytimg.com/vi/yr8QHq2X59E/sddefault.jpg
V68Hd157uac,NEXT JOY cartão - NÃO cometa esse ERRO com seu filho! NEXT JOY banco digital para menor de 18 anos,2021-07-23 23:30:06,2021-07-23 20:30:06,sexta,20,455,longo,66422,2086,173,next joy|next banco|banco next|next joy para crianças|banco para menores|next para menores|banco next para menores|banco para menor de idade|banco para menores de idade|banco next vale a pena|banco next vale a pena 2021|nextjoy|next joy como criar conta|next joy tem pix|next joy cartao|next joy cartao de credito|next cartao|conta para menores|banco para menor de 18 anos|banco digital para menor de 18 anos,832,https://i.ytimg.com/vi/V68Hd157uac/sddefault.jpg
spyPwvWB32U,DEBENTURE É BOM OU RUIM PARA MINHA AÇÃO? SQIA3 COGN3 OIBR3,2021-07-17 22:52:11,2021-07-17 19:52:11,sábado,19,596,longo,2123,413,34,debenture|emissão dívida|bolsa de valores|economia|renda variável|ibovespa|Canal de finanças|sqia3|oibr3|cogn3|acoes cogn3|acoes cogna|sinqia|acoes sinqia|acoes da sinqia|cogna acoes|cogn3 cogna|cogna ações|cogn3 ações|cogn3 2021|cogn3 hoje|oibr3 2021|oibr3 hoje|oibr3 acoes|oibr3 ações|debentures|cogn3 analise|cogna analise,753,https://i.ytimg.com/vi/spyPwvWB32U/sddefault.jpg
t-A8GAxsEcs,NUBANK LANÇA FUNDOS DE INVESTIMENTOS SERÁ QUE VALE A PENA? FUNDOS NU ULTRAVIOLETA,2021-07-14 00:17:05,2021-07-13 21:17:05,terça,21,526,longo,5949,780,49,NUBANK|FUNDOS DE INVESTIMENTOS|NUBANK FUNDOS DE INVESTIMENTOS|NU ULTRAVIOLETA|CARTÃO DE CRÉDITO|ROXINHO|NUCONTA|nubank ultravioleta|investimento nubank|investir nubank|investir no nubank|investir na nubank|nubank investimento|fundo de investimento nubank|nubank fundos|fundos nubank|cartão nubank|nubank é bom|cartão de crédito nubank|cartao nubank ultravioleta|nubank investimento vale a pena|nubank ultravioleta como pedir|nubank fundos de investimento,1739,https://i.ytimg.com/vi/t-A8GAxsEcs/maxresdefault.jpg
F_lAMb46Qe4,"BOLSA REAGINDO REDORMA TRIBUTÁRIA, VAGAS DE EMPREGO EUA e DÓLAR SUBINDO #SHORTS",2021-06-30 21:41:41,2021-06-30 18:41:41,quarta,18,60,short,934,69,8,fechamento de mercado|bolsa de valores|economia|renda variável|ações|investimentos|shorts,689,https://i.ytimg.com/vi/F_lAMb46Qe4/hqdefault.jpg
hMCw-6Ik_Y0,VALE E BANCOS CAINDO E TENSÃO COM A SUPER QUARTA (TAXA SELIC | COPOM e FOMC) #SHORTS,2021-06-16 01:44:48,2021-06-15 22:44:48,terça,22,61,short,2927,194,7,fechamento do mercado|fechamento bolsa de valores|bolsa de valores|ibovespa|shorts,910,https://i.ytimg.com/vi/hMCw-6Ik_Y0/maxresdefault.jpg
q61SOzrvKiY,TENSÃO NOS EUA AFETA NOVO RECORDE DO IBOVESPA #SHORTS,2021-06-09 23:06:57,2021-06-09 20:06:57,quarta,20,60,short,3118,218,23,tensão nos eua|recorde do ibovespa|novo recorde ibovespa|tensao nos eua afeta novo recorde da ibovespa|ibovespa hoje|pontos ibovespa|ibovespa em tempo real|ibovespa fechamento|fechamento ibovespa|inflação nos estados unidos|inflação eua|curto prazo|bolsa hoje|bolsa americana|novo recorde do ibovespa|denis miyabara|investir|finanças|inflação eua 2021|inflação estados unidos hoje|o que afeta a inflação do eua|o que afeta a inflaçao estados unidos no brasil,688,https://i.ytimg.com/vi/q61SOzrvKiY/sddefault.jpg
HPwA-e_hTw0,"Alta da bolsa interrompida, Aumento venda no varejo e Emprego nos EUA #SHORT",2021-06-08 22:09:04,2021-06-08 19:09:04,terça,19,60,short,1370,92,9,fechamento mercado|shorts|bolsa de valores|economia|renda variavel|alta da bolsa interrompida|indice ibovespa cai|ibovespa cai|aumento venda no varejo|emprego nos eua|emprego nos estados unidos|pontos ibovespa|redorde ibovespa|oitava alta consecutiva|denis miyabara|investir e coçar é só começar|fechamento de mercado|ibov|pontos bovespa|130 mil pontos|Ibovespa fechou a menos|via varejo subindo|Braskem caindo|mercado hoje|mercado financeiro|investir,4702,https://i.ytimg.com/vi/HPwA-e_hTw0/maxresdefault.jpg
KyDpB41jl0c,"AÇÃO VAI PAGAR R$ 1,35 de DIVIDENDOS | Saiba a DATA COM para RECEBER OS DIVIDENDOS DA AÇÃO #SHORTS",2021-05-14 19:48:23,2021-05-14 16:48:23,sexta,16,31,short,4647,265,15,AÇÃO VAI PAGAR DIVIDENDOS|DIVIDENDOS|AÇÃO|AÇÕES|RECEBER OS DIVIDENDOS|DIVIDENDOS DA AÇÃO|COMO RECEBER MEUS DIVIDENDOS|COMO RECEBER DIVIDENDOS|DIVIDENDOS DE AÇÕES|DENIS MIYABARA|INVESTIR E COÇAR É SÓ COMEÇAR|SHORTS,152,https://i.ytimg.com/vi/KyDpB41jl0c/maxresdefault.jpg
fDhlBvseb6Y,"Qual melhor BANCO DIGITAL, C6 Bank ou Next? Quem Tem o Melhor Cartão de Crédito 2021? NEXT ou C6?",2021-05-06 22:39:42,2021-05-06 19:39:42,quinta,19,566,longo,7244,411,71,next ou c6bank|next ou c6|next c6|melhor banco digital|melhor banco digital 2021|c6 bank|bancos digitais|c6 bank ou next|c6 bank vale a pena|qual o melhor banco digital|melhor conta digital|contas digitais|next é bom|c6 ou next vale a pena|melhor conta digital 2021|c6 ou next|banco digital|next joy|conta c6 bank|banco next|c6 bank é bom|cartão next|next ou c6 bank|Qual melhor cartão Digital|C6 Bank ou Next|qual conta digital é melhor,820,https://i.ytimg.com/vi/fDhlBvseb6Y/sddefault.jpg
5jtf5EbqspM,"TAXA SELIC SUBIU, É BOM OU RUIM? O QUE MUDA COM SELIC SUBINDO? INFLAÇAO TAXA SELIC 2021",2021-05-05 21:59:49,2021-05-05 18:59:49,quarta,18,572,longo,8910,1153,94,selic|taxa selic|aumento selic|COPOM|taxa selic hoje|selic hoje|reunião copom|copom hoje|copom selic|taxa selic hoje 2021|fed|taxa de juros|super quarta|o que é taxa selic|selic vai subir|selic subiu|fomc|selic 2021|bolsa de valores|investidor|renda variavel|canal de finanças|tesouro selic|taxa selic 2021|como funciona|tesouro direto|taxa selic vai subir|selic subir|onde investir|alta é bom|inflação|receita federal|banco central|subiu,4787,https://i.ytimg.com/vi/5jtf5EbqspM/maxresdefault.jpg
rPkplp6QKNo,AÇÕES NO DIA A DIA ABEV3,2021-05-04 18:34:58,2021-05-04 15:34:58,terça,15,17,short,1657,66,4,#InShot|ações ambev|acoes da ambev|abev3|abev3 2021|abev3 hoje|abev3 analise|abev3 dividendos|abev3 vale a pena|ambev ações|abev3 ações|ações da ambev|açoes ambev|ambev 2021|investir ambev|ações abev3,210,https://i.ytimg.com/vi/rPkplp6QKNo/maxresdefault.jpg
fFKcbidHAsM,"ESSA AÇÃO VAI PAGAR R$2,01 DE DIVIDENDOS - CORRE QUE AINDA DÁ TEMPO #SHORTS",2021-05-04 18:24:09,2021-05-04 15:24:09,terça,15,16,short,9962,507,35,#shorts|acoes que pagam dividendos|dividendos|dividendos 2021|melhores dividendos|maiores dividendos|ações que pagam dividendos|pagadoras de dividendos|dividendos de ações|youtube shorts|melhores ações pagadoras de dividendos|acoes que pagam melhores dividendos|maiores dividendos para 2021|acoes que pagam dividendos em maio|ações com maiores dividendos|melhores dividendos 2021|dividendos 2021 melhores|boas pagadoras de dividendos 2021,285,https://i.ytimg.com/vi/fFKcbidHAsM/maxresdefault.jpg
e9TyPhTiqZY,AÇÕES NO DIA A DIA TPIS3 | O que TRIUNFO PARTICIPAÇÕES TPIS3 FAZ? #SHORTS,2021-05-03 01:28:17,2021-05-02 22:28:17,domingo,22,16,short,3815,129,15,,0,https://i.ytimg.com/vi/e9TyPhTiqZY/maxresdefault.jpg
AGni7jJZaBU,5 AÇÕES AGRO PARA INVESTIR l Ações AGRONEGÓCIO em qual AÇÃO INVESTIR?COMO INVESTIR NO SETOR AGRO?,2021-05-01 21:08:36,2021-05-01 18:08:36,sábado,18,783,longo,10370,1046,77,agro|soja|agricultura|bolsa de valores|renda variável|como ganhar dinheiro|Ações AGRONEGÓCIO|AGRONEGÓCIO em qual AÇÃO INVESTIR|COMO INVESTIR EM AGRO|COMO INVESTIR EM SETOR AGRO|AGRO3|SOJA3|SLCE3|EDUCAÇÃO FINANCEIRA|ações do agronegócio|como investir em ações|setor agro|IPO SOJA3|SLC AGRICOLA|agro BOLSA DE VALORES|empresas agro na bolsa de valores|agro na bolsa de valores|setor agricola 2021|setor agro 2021|setor agro na bolsa|agronegocio 2021,3011,https://i.ytimg.com/vi/AGni7jJZaBU/maxresdefault.jpg
EaJZQnmdG8g,3 AÇÕES PAGADORAS DE DIVIDENDOS MENSAIS - AÇÕES QUE PAGAM DIVIDENDOS MENSAIS 2021,2021-04-30 22:05:11,2021-04-30 19:05:11,sexta,19,501,longo,6733,997,146,DIVIDENDOS MENSAIS|DIVIDENDOS|AÇÕES DIVIDENDOS|ações que pagam dividendos|pagadoras de dividendos|pagadoras de dividendos 2021|melhores pagadoras de dividendos|ações pagadoras de dividendos|ações pagadoras de dividendos mensais|acoes que pagam dividendos mensais|dividendos mensais 2021|ações que pagam dividendos mensais|como receber dividendos mensais|ações que pagam dividendos mensalmente|dividendos mensais ações|dividendos 2021|ações dividendos mensais,4189,https://i.ytimg.com/vi/EaJZQnmdG8g/maxresdefault.jpg
SXoBo6v8-9M,BOLSA DE VALORES O SEGREDO QUE ELES NÃO QUEREM QUE VOCÊ SAIBA! SAIA NA FRENTE NA BOLSA DE VALORES,2021-04-22 00:24:29,2021-04-21 21:24:29,quarta,21,818,longo,9306,1722,113,IBOVESPA|EWZ|EWZS|BOLSA DE VALORES|CANAL DE FINANÇAS|RENDA VARIÁVEL|RENDA VARIAVEL|ibovespa hoje|o que é ibovespa|educação financeira|finanças pessoais|ações|ibovespa dolarizado|ibov|avenue|corretora avenue|como investir no exterior|como investir na bolsa|como investir na bolsa de valores|day trade|INDICE BRASILEIRO AÇÕES|bolsa de valores|onde investir|ibovespa 2021|mercado de ações|canal de finanças|economia|ibovespa,554,https://i.ytimg.com/vi/SXoBo6v8-9M/maxresdefault.jpg
e1wN6JIKZMc,COMO INVESTIR PARA VIVER DE RENDA? INVESTIMENTOS para VIVER de RENDA,2021-04-20 23:00:07,2021-04-20 20:00:07,terça,20,808,longo,4552,741,83,investimentos para viver de renda|viver de renda 2021|viver de renda|como viver de renda|como viver de rendimentos|investimentos|onde investir|viva de renda|investimentos a longo prazo|investir em ações|educação financeira|renda investimento|como viver de dividendos|fiis|fundos imobiliarios|fiis 2021|acoes que pagam dividendos|acoes pagadoras de dividendos|tesouro direto|investir para o futuro|Fundos imobiliários|renda extra 2021|bolsa de valores,1474,https://i.ytimg.com/vi/e1wN6JIKZMc/sddefault.jpg
OGH0zXwBhdc,BANCOS - AÇÕES DE BANCOS PODEM DISPARAR E VOCÊ DEVERIA SABER DISSO,2021-04-16 22:30:01,2021-04-16 19:30:01,sexta,19,531,longo,26212,3530,333,bolsa de valores|canal de finanças|ações bancos|acoes bancos|acao banco|ação banco|itub4|itau|itub3|santander|sanb4|sanb3|sanb11|banco do brasil|bbas3|bradesco|bbdc4|bbdc3|bpac11|bpac4|bpac|itausa|bancos digitais|bancos|setor bancario|setor bancario acoes|banco inter|ações de bancos|ações de bancos para 2021|acoes de bancos|acoes do setor bancario|ações dos bancos|bbdc4 2021|itub4 2021|bbas3 2021|melhores bancos para investir|investir em bancos,665,https://i.ytimg.com/vi/OGH0zXwBhdc/sddefault.jpg
INWFUW9J-nI,BOLSA DE VALORES ESTÁ ACONTECENDO UM FENOMENO NA BOLSA DE VALORES QUE VOCÊ DEVERIA SABER,2021-03-24 23:33:53,2021-03-24 20:33:53,quarta,20,543,longo,27433,3478,314,bolsa de valores|value investing|growth investing|ações|warren buffett|como ganhar dinheiro|investir na bolsa|CANAL DE FINANÇAS|IBOVESPA|bolsa de valores como investir|VALUE STOCKS|GROWTH STOCKS|AÇÕES DE VALOR|ações de crescimento|bolsa de valores 2021|bolsa de valores hoje|bolsa de valores investir|onde investir na bolsa de valores|investir na bolsa de valores|como investir na bolsa|melhores acoes|acoes de valor|acoes growth|melhores acoes growth,863,https://i.ytimg.com/vi/INWFUW9J-nI/maxresdefault.jpg
xzS0TQlEu2E,SOUSMILE FUNCIONA? QUANTO CUSTA APARELHO INVISÍVEL? |  APARELHO SOUSMILE O MELHOR INVESTIMENTO,2021-03-18 22:29:36,2021-03-18 19:29:36,quinta,19,716,longo,26543,901,157,aparelho invisível|quanto custo aparelho invisível|qual o preço aparelho invisível|qual o melhor aparelho invisível|melhor investimento|invista em você|bolsa de valores|investimento|onde investir|melhor investimento 2021|aparelho ortodontico|aparelho dentes|sousmile|aparelho sousmile|sousmile funciona|sou smile,58,https://i.ytimg.com/vi/xzS0TQlEu2E/sddefault.jpg
-FkoFBHYJX8,4 Lições de Warren Buffett em sua Recente Carta aos Acionistas,2021-03-11 01:49:29,2021-03-10 22:49:29,quarta,22,499,longo,2673,468,65,warren bufft|bolsa de valores|lições warren buff|warren buffett|berkshire hathaway|educação financeira|4 lições warren buffett|waren buffet|warren buffet|finanças|liçoes bolsa de valores|warren buffett historia|stock market|como investir em ações|mercado de ações|warren buffett frases,925,https://i.ytimg.com/vi/-FkoFBHYJX8/maxresdefault.jpg
xs8whk_VZ2s,QUEDA NA BOLSA - COMO PROTEGER SEU DINHEIRO NA BOLSA DE VALORES?,2021-03-09 00:59:00,2021-03-08 21:59:00,segunda,21,3284,longo,10973,1298,81,bolsa de valores|educação financeira|canal de finanças|bolsa caiu|bolsa caiu hoje|ibovspa|bolsa de valores 2021|bolsa de valores hoje|ibovespa hoje|denis miyabara|investir e coçar é só começar|investir e cocar|investir|investimentos|renda variavel|QUEDA NA BOLSA - COMO PROTEGER SEU DINHEIRO NA BOLSA DE VALORES?|DENIS MYABARA|como proteger seu dinheiro|dinheiro na bolsa de valor|queda na bolsa|próximas eleições|proteger meu dinheiro|economia|meu dinheiro,1936,https://i.ytimg.com/vi/xs8whk_VZ2s/maxresdefault.jpg
FNNyeOC-j-M,DIVIDENDOS DE AÇÕES QUE PAGARAM 1% AO MÊS! MAIORES PAGADORAS DE DIVIDENDOS,2021-02-16 23:31:09,2021-02-16 20:31:09,terça,20,402,longo,9204,1480,122,dividendos|dividendo|barsi|Luiz barsi|dividendos 2021|dividendos 2020|ações|bolsa de valores|onde investir 2021|dividendo yield|dividendos ações|pagadoras de dividendos|empresas perenes|melhores dividendos para 2021|acoes que pagam dividendos todo mes|ações que pagam dividendos|pagadoras de dividendos 2021|acoes que pagam dividendos|melhores pagadoras de dividendos|dividendos mensais|ações dividendos|ações 2021|melhores ações 2021|dividendos de ações,601,https://i.ytimg.com/vi/FNNyeOC-j-M/sddefault.jpg
8oyQ5zvp0nk,XPart definição de proporção de ações^^ Saiba quantas ações você vai ganhar de XPart! ITUB4 ITSA4 XP,2021-02-10 23:20:38,2021-02-10 20:20:38,quarta,20,2914,longo,8066,1486,94,,100,https://i.ytimg.com/vi/8oyQ5zvp0nk/maxresdefault.jpg
e6l6BqwM8Ko,ITAU ITAUSA XP - ENTENDA DE UMA VEZ POR TODAS ESSA RELAÇÃO,2021-02-03 00:08:49,2021-02-02 21:08:49,terça,21,2882,longo,6723,1115,76,Itub|Itsa|Itub4|Itsa4|Xp|Xpart|Xpart sa|Ações itub4|Itub itsa|Itaú xp|Itub4 xp|Itsa4 xp|XP investimentos,1352,https://i.ytimg.com/vi/e6l6BqwM8Ko/sddefault.jpg
X6o2wJrYyxA,MELHORES ações dos grandes BANCOS - O que fazer com as AÇÕES dos Bancos ITUB4 BBAS3 SANB11 BBDC4?,2021-01-31 23:30:04,2021-01-31 20:30:04,domingo,20,639,longo,5408,873,114,Itub4|Itub3|Bbas3|Bbdc4|Bbdc3|Sanb3|Sanb4|Sanb11|Acoes bancos|Ações bancos|Bancões|itub4 analise|itub4 ações|itub4 itau|acoes dos grandes bancos|acoes de bancos|bancos acoes|banco ações|melhores bancos ações|melhores bancos para investir|bbdc4 analise|bbdc4 dividendos|bbdc4 bradesco|acoes bradesco|acoes itau|bbas3 ações|bbas3 banco do brasil|bbas3 hoje|melhor ação de banco|acao de bancos|itub4 hoje|ações dos bancos|itub4 ou itsa4|itub4 2020,855,https://i.ytimg.com/vi/X6o2wJrYyxA/sddefault.jpg
Nm3_Iiko7xQ,CVC VAI VIRAR PÓ! SAIBA COMO SAIR DESSA (CVCB1 CVCB3 CVCB11),2021-01-19 00:22:22,2021-01-18 21:22:22,segunda,21,2871,longo,9053,778,69,Cvc|Cvcb|Cvc acoes|Cvcb1|Cvcb11|Bolsa de valores|Canal de finanças|SUBSCRIÇÃO CVC|CVC AÇÕES,1440,https://i.ytimg.com/vi/Nm3_Iiko7xQ/maxresdefault.jpg
JAuD--gPzUs,COMO INVESTIR NO EXTERIOR? feat. Fernando Martin,2020-12-09 23:30:00,2020-12-09 20:30:00,quarta,20,1269,longo,592,83,14,exterior|investimentos exterior|investimentos eua|investir eua|investir nos estados Unidos|investimentos estados Unidos|começar a investir no exterior|como investir no exterior,104,https://i.ytimg.com/vi/JAuD--gPzUs/maxresdefault.jpg
npl55-v1Ps8,ITUB4 ITSA4 e XP l Como ficam os acionistas do ITAÚ e ITAÚSA com a NEWKO? ACOES ITSA4 E ACOES ITUB4,2020-11-30 01:49:45,2020-11-29 22:49:45,domingo,22,3516,longo,9577,1020,52,itsa4|ITUB4|ações itausa|acoes itau|itau acoes|itub4|itub3itub4|itub3 itub4 ou itsa4|itub4 2020|itsa4 2020|itsa4 ações|ações itsa4|itsa4 hoje|itsa4 analise|itsa3 ou itsa4|itsa3 ações|itsa3 dividendos|itsa3 2020|itsa3 ou itsa4 qual a diferença|itsa3 itsa4|itub4 ações|acoes itub4|itub4 hoje|itsa4 dividendos 2020|xp investimentos|ações itau|itau acao|ação itausa|ação itasa|acao itau|acoes itsa4,919,https://i.ytimg.com/vi/npl55-v1Ps8/sddefault.jpg
8W2RRyomFeM,OIBR3 AÇÕES OI -SAIBA TUDO SOBRE OI E COMO TER UMA VISÃO JEDI SOBRE A BOLSA DE VALORES l com GL FLIX,2020-11-18 23:18:17,2020-11-18 20:18:17,quarta,20,3939,longo,14049,2331,226,oibr3|oi|oibr3 ações|oibr3 analise|oibr3 ou oibr4|oibr3 hoje|oibr3 noticias|oibr|oibr3 vale a pena|oibr 2020|oibr3 2020|acoes da oi|ações oibr3|oibr3 oi|acoes oi|oi ações|oi acoes oibr3|oi 2020|oibr3 acao|acao oibr3|acao oi|acao da oi|ação da oi|oibr3 gl flix|gl flix oibr|gl flix oibr3,641,https://i.ytimg.com/vi/8W2RRyomFeM/sddefault.jpg
6HTXLDr4R7s,"COMPRAR ou ALUGAR? O que VALE MAIS A PENA, ALUGAR OU COMPRAR APARTAMENTO?",2020-10-28 23:30:01,2020-10-28 20:30:01,quarta,20,835,longo,3919,671,183,comprar ou alugar|comprar ou alugar 2020|comprar ou alugar imovel 2020|alugar ou financiar|comprar ou alugar imovel|comprar ou alugar apartamento|comprar ou alugar qual a melhor opcao|denis miyabara|investir e coçar é só começar|alugar ou financiar imovel|alugar ou financiar 2020|melhor comprar ou alugar|alugar imovel|alugar vale a pena?|alugar apartamento vale a pena|alugar ou comprar|alugar ou comprar apartamento,1663,https://i.ytimg.com/vi/6HTXLDr4R7s/maxresdefault.jpg
BkGq1gqMczc,"BBDC4, BBAS3, ITUB4, SANB11 COMPRAR ou VENDER os GRANDES BANCOS? (COM RECOMENDAÇÃO)",2020-09-11 22:00:03,2020-09-11 19:00:03,sexta,19,1060,longo,22347,3428,581,melhores ações|melhores bancos|ações dos bancos|itub4|itub3|bbdc4|bbdc4 bradesco|bbas3|sanb11|sanb4|grandes bancos|setor bancario acoes|acoes de banco na bolsa|ações bancos|ações de bancos brasileiros|ações de bancos baratas|ações setor bancario|vale investir em bancos|hora de comprar bancos|resultado bancos|analise setorial|ações descontadas|santander|itau|bradesco|banco do brasil|melhores ações 2020|melhores ações para investir|melhores ações para 2020,963,https://i.ytimg.com/vi/BkGq1gqMczc/maxresdefault.jpg
bStv54OaC_8,BANCO NEXT BRADESCO NEXTJOY - CONTA DIGITAL NEXT PARA MENOR | NEXT BANCO PARA MENORES DE 18,2020-08-23 22:00:07,2020-08-23 19:00:07,domingo,19,473,longo,73603,3309,388,next para menor|banco next menor de 18|conta nextjoy|conta para menor de idade banco next|nextjoy conta digital|banco next conta nextjoy|banco next conta para menor de 18|next menor de 18|nextjoy|next|next bradesco|conta digital para menores|conta digital next|conta digital para menor|next banco bradesco|banco next Bradesco|banco para menores|conta digital para menor de 18|conta next|banco digital next|banco para menor|banco next 2020|next conta kids,1959,https://i.ytimg.com/vi/bStv54OaC_8/maxresdefault.jpg
xTyMQx0kOtU,"BIDI1, BIDI2, BIDI3, BIDI9, BIDI10, BIDI13 l NÃO COMETA ESSE ERRO COM AS AÇÕES BANCO INTER",2020-08-23 16:24:52,2020-08-23 13:24:52,domingo,13,1584,longo,2583,307,31,,491,https://i.ytimg.com/vi/xTyMQx0kOtU/maxresdefault.jpg
ivJYynC6G5w,WEG AINDA VALE A PENA INVESTIR EM WEGE3? WEG ESTÁ CARA? VENDER WEGE3? FEAT PEDRO BRESSER LEVANTE,2020-08-19 00:00:10,2020-08-18 21:00:10,terça,21,1989,longo,2133,325,37,denis miyabara|growth|growth acoes|acoes de crescimento|ações de crescimento|top acoes de crescimento|acoes growth|melhores ações|levante|levante investimentos|pedro bresser|growth stocks|stock growth|levante ideias|weg|wege|weg3|wege3,338,https://i.ytimg.com/vi/ivJYynC6G5w/maxresdefault.jpg
Aop8Cfw7W7k,BANCO NEXT ÁGORA INVESTIMENTOS - BANCO NEXT INVESTIMENTO NEXT VALE A PENA? ÁGORA É CONFIÁVEL?,2020-08-16 21:00:01,2020-08-16 18:00:01,domingo,18,1075,longo,35208,2363,187,next|Banco Next|Banco next é bom|Banco next é confiavel|banco digital next|banco next como funciona|next banco bradesco|next banco vale a pena|cartão next vale a pena|banco next é bom|next banco|NEXT VALE A PENA?|CARTÃO NEXT|conta digital next|next agora|next agora investimentos|banco next 2020|banco digital next 2020|investimento next|investir next|ágora investimentos|banco next credito|banco next cartão de crédito|next bradesco|next é bom,2247,https://i.ytimg.com/vi/Aop8Cfw7W7k/maxresdefault.jpg
q1wmui1gyhc,LUIZ BARSI deixa escapar 3 AÇÕES PERENES durante entrevista - MELHORES AÇÕES QUE PAGAM DIVIDENDOS,2020-08-15 20:00:11,2020-08-15 17:00:11,sábado,17,256,longo,17094,2922,294,acoes hoje|ações que pagam dividendos|acoes que pagam dividendo 2020|ações que pagam dividendos mensais|empresas perenes|melhores ações|melhores ações para investir|melhores ações 2020|ações dividendos|dividendos 2020|dividendos|dividendos de ações|melhores ações para investir em 2020|melhores pagadoras de dividendos|dividendos ações|açoes que mais pagam dividendos|empresas pagadoras de dividendos|pagadoras de dividendos|empresas perenes que pagam dividendos,1502,https://i.ytimg.com/vi/q1wmui1gyhc/maxresdefault.jpg
wsM1HW-fRaM,BDR AÇÕES - O que NINGUÉM te conta sobre as BDRs (Brazilian Depositary Receipts) - BDRS vale a pena?,2020-08-11 22:55:27,2020-08-11 19:55:27,terça,19,206,longo,12848,1193,115,BDR|BDRS|AÇÕES AMERICANAS|APPLE|AMAZON|AMZN|DISNEY|bdrs que pagam dividendos|bdrs vale a pena|brazilian depositary receipt|brazilian depositary receipt (bdr)|bdrs brazil|bdrs|bdrs listados|bdrs mais liquidas|melhores bdrs 2020|bdr significado|bdr o que é|bdrs o que é|melhores bdrs|bdrs patrocinados|bdrs que mais pagam dividendos|bdr b3|bdr disney|bdr dividendos|bdrs 2020|melhor bdr 2020|o que é bdr|bdr investimento|bdr ações|INVESTIR EM BDR,1100,https://i.ytimg.com/vi/wsM1HW-fRaM/sddefault.jpg
Nhei5jXY_PE,INVESTIR NO EXTERIOR DE GRAÇA!AVENUE CORRETAGEM ZERO! SAIBA O QUE MUDOU PARA VOCÊ,2020-08-05 01:42:57,2020-08-04 22:42:57,terça,22,526,longo,18996,1759,171,Avenue|investir no exterior|avenue securities|investir no dia|INVESTIMENTO AVENUE SECURITIES|avenue securities brasil|avenue investimentos|avenue securities corretora|avenue securities e confiavel|investir fora do brasil|investimento avenue|como investir no exterior morando no brasil|avenue corretora|INVESTIR E COÇAR|como investir no exterior|Iinvestimento no exterior|investimento no exterior|avenue|como investir fora do pais|investir fora do pais,1543,https://i.ytimg.com/vi/Nhei5jXY_PE/sddefault.jpg
8oRyNptbnfI,AVENUE O QUE ACONTECE SE A AVENUE SECURITIES QUEBRAR?,2020-08-04 21:00:02,2020-08-04 18:00:02,terça,18,655,longo,13128,1558,195,INVESTIMENTO AVENUE SECURITIES|avenue securities brasil|avenue securities|avenue investimentos|avenue securities corretora|avenue securities e confiavel|corretora avenue|investir fora do brasil|investimento avenue|como investir no exterior morando no brasil|avenue corretora|DENIS MIYABARA|INVESTIR E COÇAR|como investir no exterior|Iinvestimento no exterior|investimento no exterior|avenue|como investir fora do pais|investir fora do pais|investir no exterior,1585,https://i.ytimg.com/vi/8oRyNptbnfI/maxresdefault.jpg
0kD4_42HV24,ITSA4 O QUE NINGUÉM TE CONTA SOBRE O MOMENTO DAS AÇÕES ITAUSA ITSA4! RESULTADOS ITAUSA.,2020-07-26 15:33:30,2020-07-26 12:33:30,domingo,12,713,longo,55979,5498,390,ITAUSA|ITSA4|ITSA|ITAU|itausa|itausa dividendos|itausa 4|itausa vale a pena|itsa4|itsa3 ou itsa4|itsa4 dividendos|itsa4 analise|itsa4 vale a pena|itsa4 ou itsa3|itsa4 ou itub4|itsa4 2021|itausa 2021|dividendos|ações dividendos|itau|ações itausa|itausa 2020|itausa ou itub|itsa3|itaú|dividendos itsa4 2021|ações|bolsa de valores|dividendos itausa|resultado itaúsa|itaúsa 1t 2021|itaúsa investir|dividendos itaúsa|itsa4 vale a pena?|itaúsa vale a pena?,1196,https://i.ytimg.com/vi/0kD4_42HV24/maxresdefault.jpg
x-45pV4sRrU,O QUE EU FAÇO FORA DO YOUTUBE?,2020-07-14 22:00:11,2020-07-14 19:00:11,terça,19,720,longo,7136,1189,380,assessor de investimentos|escritório|agente autônomo de investimentos|xp investimentos|denis miyabara|investir e cocar|investir e coçar é só começar|aai|agente autonomo de investimentos xp,1442,https://i.ytimg.com/vi/x-45pV4sRrU/maxresdefault.jpg
8cRRtKDCtDQ,"IRBR3 ENTENDA COMO COMPRAR AÇÕES COM 25,6% DE DESCONTO! SÓ ATÉ HOJE | LIVE DO JAPÃO",2020-07-09 15:49:38,2020-07-09 12:49:38,quinta,12,2718,longo,9116,958,170,IRBR|IRBR3|irbr3|irb brasil|acao irbr|irbr|irb|irbr3 acao|irbr3 ações|irbr3 irb brasil|ações irbr3|ação da irb brasil|irbr3 2020|irbr3 hoje|irbr3 dividendos|irb brasil irbr3|irb brasil ações|ação irbr3|ações da irb brasil|ações da irbr3|irb brasil ação|acao irb|irb brasil 2020|irb brasil dividendos|irbr3 caiu|irbr3 analise|ações irb|acoes irbr3|acoes irb|acoes irb brasil|irbr3 acoes|irbr3 irb|irbr3 vale a pena|irb brasil resseguros,1487,https://i.ytimg.com/vi/8cRRtKDCtDQ/maxresdefault.jpg
IVCtkZczk-8,AÇÕES QUE MAIS CAÍRAM NO PRIMEIRO SEMESTRE! PIORES AÇÕES 1º SEMESTRE 2020 FEAT. FERNANDO ESTEVES,2020-07-07 22:00:07,2020-07-07 19:00:07,terça,19,1582,longo,1187,150,31,acoes que cairam em 2020|acao caiu|ações para iniciantes|ações caindo|piores acoes da bolsa|piores acoes|piores ações para investir|ações 2020|ações que cairam na bolsa|ações que cairam ontem|qual ação comprar|bolsa de valores|ações|ações cairam|ações cairam primeiro semestre 2020|investimento|ibovespa 2020|ibovespa hoje,1542,https://i.ytimg.com/vi/IVCtkZczk-8/maxresdefault.jpg
YNS2gXMzlZ8,CARTEIRA A PROVA DE BARSI - AÇÕES A PROVA DE BARSI! 5 SETORES DO BARSI NA BOLSA DE VALORES,2020-07-06 00:06:00,2020-07-05 21:06:00,domingo,21,472,longo,5955,940,169,Luiz barsi|barsi|ações garantem o futuro|agr|bolsa de valores|luiz barsi filho|luis barsi|eternit|eter3|ações eternit|ações|ação|onde investir|investir ações|small caps|luiz barsi 2020|luiz barsi carteira|ações do barsi|barsi ações|como ganhar dinheiro|ganhar dinheiro|bolsa de valores luiz barsi,1498,https://i.ytimg.com/vi/YNS2gXMzlZ8/sddefault.jpg
oy4WKglYcjc,COMO CALCULAR O PREÇO MÉDIO? O QUE É PREÇO MÉDIO DE UMA AÇÃO NA BOLSA DE VALORES?,2020-07-04 19:00:17,2020-07-04 16:00:17,sábado,16,108,longo,22012,889,112,preço médio|preço medio ações|preço médio day trade|preco medio acao|como calcular preço medio|como calcular preço médio das ações|como calcular preço médio da acao fii|o que é preço medio|calcular preço medio fii|calcular preço medio|calcular preço médio ações|calcular preço medio de ações|calcular preço medio de venda|preço médio de venda|baixar preço médio|calculo preço medio ações|fazer preco medio acoes|aumentar posição|daytrade|preço médio de ações,1494,https://i.ytimg.com/vi/oy4WKglYcjc/maxresdefault.jpg
xlwDUug1bKs,COMO CONTROLAR SEUS INVESTIMENTOS? PLANILHA DE CONTROLE FINANCEIRO FEAT. FERNANDO ESTEVES | LIVE,2020-07-02 22:51:14,2020-07-02 19:51:14,quinta,19,1702,longo,1556,201,73,carteira de investimentos|como controlar seus investimentos|planilha de investimentos|excel|controlar investimentos|planilha de controle financeiro|controle financeiro|controle financeiro excel|excel investimentos|planilha investimentos ações|planilha investimentos excel|denis miyabara|planilha ações|controle de ações|planilha de ações|controlar açoes|planilha para controle de ações|planilha acompanhamento ações|planilha ações ir|planilha acoes ir,1553,https://i.ytimg.com/vi/xlwDUug1bKs/maxresdefault.jpg
sZTGSV55keU,CLICK CONTA para MENORES de 18 anos - BRADESCO CLICK CONTA - Como abrir conta para MENOR DE IDADE?,2020-06-26 22:00:20,2020-06-26 19:00:20,sexta,19,461,longo,66044,2855,199,banco para menores|melhor conta para menor de 18|banco para menor de 18 anos|conta para menor|conta digital para menor de 18 anos|conta para menores de 18 anos|conta para menores|menores de 18 anos|conta digital para menores|conta para menor banco inter|conta para menores banco inter|conta para menor de idade|conta para menor de 18|bradesco click conta|click conta|click conta bradesco|click conta bradesco app|click conta do bradesco|click do bradesco,1777,https://i.ytimg.com/vi/sZTGSV55keU/maxresdefault.jpg
9oZ3lait4tw,LUIZ BARSI ENTRA PESADO NESSA AÇÃO!GANHE JUNTO COM O MAIOR INVESTIDOR DA BOLSA DE VALORES LUIZ BARSI,2020-06-19 00:23:17,2020-06-18 21:23:17,quinta,21,275,longo,27319,4288,380,BARSI|Luis barsi|bolsa de valores|eternit|eter3|ações eternit|luiz barsi|ações|ação|onde investir|investir ações|small CAPS|luiz barsi 2020|luiz barsi carteira|ações do barsi|barsi ações|luiz barsi filho|como ganhar dinheiro|ganhar dinheiro|bolsa de valores luiz barsi,1507,https://i.ytimg.com/vi/9oZ3lait4tw/sddefault.jpg
wIRrxN842Z4,96k hora de vender tudo e esperar?,2020-06-15 01:49:15,2020-06-14 22:49:15,domingo,22,3648,longo,4283,603,50,,145,https://i.ytimg.com/vi/wIRrxN842Z4/maxresdefault.jpg
Rh9t6pkOdHc,COMO INVESTIR EM AÇÕES? ESTRATÉGIAS PARA INVESTIR EM AÇÕES! APRENDA TÉCNICA PARA INVESTIR EM AÇÕES!,2020-06-10 01:00:10,2020-06-09 22:00:10,terça,22,523,longo,3897,619,95,ações|investir em ações|melhores ações|ações 2020|small caps 2020|acoes 2020|ações 2020 crise|GROWTH STOCKS|GROWTH INVESTING|VALUE INVESTING|MGLU3|STBP3|warren buffett|melhores acoes para 2020|ações para 2020|como investir em ações|investindo em ações|estrategia de acoes|quais ações comprar|acoes hoje|ações hoje|como investir na bolsa|como investir|estratégia em ações|como ganhar dinheiro na bolsa|comprar ações|small cap,106,https://i.ytimg.com/vi/Rh9t6pkOdHc/maxresdefault.jpg
A34btJK256I,VVAR3 FOLLOW ON ULTIMO DIA PARA TIRAR SUAS DÚVIDAS SOBRE O FOLLOW-ON VIA VAREJO,2020-06-09 00:05:28,2020-06-08 21:05:28,segunda,21,3543,longo,4950,521,38,vvar3|via varejo|vvar3 follow on|vvar3 2020|vvar3 analise|via varejo follow on|follow on|follow on vvar3|follow on via varejo|follow on da via varejo|vvar3 dividendos|vvar3 cotação|vvar3 via varejo|via varejo ações|via varejo acoes|via varejo acoes 2020|vvar3 acoes|acoes vvar3|via varejo 2020|via varejo hoje|via varejo analise|vvar3 vale a pena|acoes via varejo vvar3|ações da via varejo|acao da via varejo|via varejo acao|ações via varejo,1717,https://i.ytimg.com/vi/A34btJK256I/maxresdefault.jpg
AUSKPwgajZU,VVAR3 FOLLOW-ON VIA VAREJO! TUDO SOBRE A OFERTA SUBSEQUENTE DE AÇÕES DA VIA VAREJO,2020-06-08 00:06:32,2020-06-07 21:06:32,domingo,21,4078,longo,6030,678,50,vvar3|via varejo|vvar3 follow on|vvar3 2020|vvar3 analise|via varejo follow on|follow on|follow on vvar3|follow on via varejo|follow on da via varejo|vvar3 dividendos|vvar3 cotação|vvar3 via varejo|via varejo ações|via varejo acoes|via varejo acoes 2020|vvar3 acoes|acoes vvar3|via varejo 2020|via varejo hoje|via varejo analise|vvar3 vale a pena|acoes via varejo vvar3|ações da via varejo|acao da via varejo|via varejo acao|ações via varejo,1719,https://i.ytimg.com/vi/AUSKPwgajZU/maxresdefault.jpg
a7IvQWVg13g,3 Ações Que Podem Se Beneficiar Da Crise!,2020-06-03 01:24:10,2020-06-02 22:24:10,terça,22,2037,longo,3376,514,47,DENIS MIYABARA|INVESTIR E COÇAR|RENDA VARIÁVEL|BOLSA DE VALORES|CANAL DE FINANÇAS|EDUCAÇÃO FINANCEIRA,1352,https://i.ytimg.com/vi/a7IvQWVg13g/hqdefault.jpg
oEiOorjpIaY,A CORRIDA DA VACINA! QUAL AÇÃO PODE EXPLODIR A QUALQUER MOMENTO? AVENUE CORRETORA,2020-05-31 18:00:28,2020-05-31 15:00:28,domingo,15,723,longo,6971,874,98,Vacina|Crise|Vacina corona|Avenue|Corrida da vacina|Investir no exterior|Investimento no exterior|Diversificar a carteira|Investir eua|avenue securities brasil|avenue securities|avenue investimentos|corretora avenue|investir fora do brasil|investimento avenue|como investir no exterior morando no brasil|avenue corretora|denis miyabara|investir e coçar|como investir no exterior|investimento no exterior|avenue|como investir fora do pais|investir fora do pais,106,https://i.ytimg.com/vi/oEiOorjpIaY/sddefault.jpg
Zb1EZCtsuQw,BANCO NEXT PERGUNTAS E RESPOSTAS ll - BANCO NEXT VALE A PENA? NEXT É BOM? BANCO NEXT COMO FUNCIONA?,2020-05-24 15:51:33,2020-05-24 12:51:33,domingo,12,572,longo,18279,1560,406,banco next|next|banco next perguntas e respostas|NEXT perguntas e respostas|cartão next|next banco|next cartão|banco next é bom|banco next vale a pena|next é bom|next vale a pena|conta digital next|banco digital next|banco next bradesco|conta next|next vantagens|nextbanco|banconext|banco next é confiavel|banco next como funciona|banco next app|cartão next vale a pena|nubank|next é bom?|next vale a pena?|banco next cartao de credito|next bradesco,106,https://i.ytimg.com/vi/Zb1EZCtsuQw/maxresdefault.jpg
lXOkWCKS8Kw,COMO USAR A TECNOLOGIA PARA AJUDAR A ORGANIZAR SUA CARTEIRA l WALTER DA FLIPER,2020-05-20 23:27:13,2020-05-20 20:27:13,quarta,20,3854,longo,802,76,1,,0,https://i.ytimg.com/vi/lXOkWCKS8Kw/maxresdefault.jpg
Fl_ni-NrvR4,COMO GANHAR DINHEIRO NO TESOURO DIRETO NA CRISE -AULA DO JAPÃO,2020-05-13 01:50:13,2020-05-12 22:50:13,terça,22,2289,longo,2078,233,33,TESOURO DIRETO|COMO INVESTIR|como investir no tesouro direto|como investir no tesouro selic|TESOURO|tesouro ipca|tesouro prefixado|TESOURO DIRETO NA CRISE|COMO GANHAR DINHEIRO NO TESOURO DIRETO NA CRISE|o que é tesouro direto|investir tesouro direto|AULA DO JAPÃO|TESOURO DIRETO INVESTIR E COÇAR|INVESTIMENTOS,62,https://i.ytimg.com/vi/Fl_ni-NrvR4/maxresdefault.jpg
nfxpTOb5iPA,TESOURO DIRETO NA CRISE! COMO FUNCIONA O TESOURO DIRETO? COMO INVESTIR NO TESOURO DIRETO,2020-05-07 23:00:14,2020-05-07 20:00:14,quinta,20,1035,longo,11191,1196,91,tesouro direto|tesouro direto simulador|tesouro direto taxas|tesouro direto como funciona|tesouro direto como investir|tesouro direto rendimento|tesouro direto selic|taxas tesouro direto hoje|TESOURO DIRETO NA CRISE|tesouro direto 2020|tesouro selic|tesouro prefixado|tesouro ipa|tesouro|tesouro direto vale a pena|tesouro selic 2020|b3 tesouro direto|como resgatar tesouro direto|TAXA SELIC CAIU|SELIC CAIU|selic 3|CORTE NA TAXA|denis miyabara,1736,https://i.ytimg.com/vi/nfxpTOb5iPA/maxresdefault.jpg
goHd3xpa9NE,Como OPERAR VENDIDO na bolsa? O que é OPERAR VENDIDO na BOLSA DE VALORES?,2020-05-05 22:00:13,2020-05-05 19:00:13,terça,19,494,longo,4772,653,100,como operar vendido|como operar vendido na bolsa de valores|operar vendido|o que é operar vendido|como operar na bolsa de valores|como operar|operar vendido mini indice|operar na bolsa|bolsa de valores|day trade|mercado futuro|aluguel de ações|RENDA VARIÁVEL|CANAL DE FINANÇAS|EDUCAÇÃO FINANCEIRA|day trading|Swing trade|renda variavel 2020|operar vendido na pratica|operar vendido na bolsa|denis miyabara|investir e coçar|operar vendido o que é,2234,https://i.ytimg.com/vi/goHd3xpa9NE/maxresdefault.jpg
o34iZpajk2s,Bolsa De Valores Como Proteger Sua Carteira?,2020-05-04 00:56:50,2020-05-03 21:56:50,domingo,21,3125,longo,1765,233,26,DENIS MIYABARA|INVESTIR E COÇAR|RENDA VARIÁVEL|BOLSA DE VALORES|CANAL DE FINANÇAS|EDUCAÇÃO FINANCEIRA,1352,https://i.ytimg.com/vi/o34iZpajk2s/maxresdefault.jpg
8jAMA0Wz-4Q,BOLSA DE VALORES E AGORA QUEM PODERÁ NOS DEFENDER,2020-04-25 13:39:06,2020-04-25 10:39:06,sábado,10,2790,longo,1794,248,10,bolsa de valores|ação|ações|canal de finanças,1428,https://i.ytimg.com/vi/8jAMA0Wz-4Q/sddefault.jpg
an7lS_CT1zw,BOLSA DE VALORES E AGORA QUEM PODERÁ NOS DEFENDER?,2020-04-25 12:43:04,2020-04-25 09:43:04,sábado,9,876,longo,1143,187,11,,1374,https://i.ytimg.com/vi/an7lS_CT1zw/sddefault.jpg
LtPpbOJymhM,INVESTIR E COÇAR l MEU SUADO E RICO DINHEIRINHO | LIVE DO JAPÃO,2020-04-23 00:23:13,2020-04-22 21:23:13,quarta,21,3313,longo,1086,175,14,investir e cocar|investir e coçar|investir e coçar é só começar|denis miyabara|live do japão,1059,https://i.ytimg.com/vi/LtPpbOJymhM/maxresdefault.jpg
oSko-OnlX-U,WARREN BUFFET 2 AÇÕES QUE BUFFET COMPROU ANTES DA CRISE!,2020-04-19 16:06:54,2020-04-19 13:06:54,domingo,13,764,longo,1435,349,26,warren buffet|warren buffet ações|acoes warren buffet|ações warren buffet|acoes da berkshire hathaway|acoes do warren buffet|warren buffett investimentos|warren buffet investidor|warren buffett|BUFFET|BUFFETT|WAREN BUFET|BUY AND HOLD|2 AÇÕES QUE BUFFET COMPROU ANTES DA CRISE|AÇÕES QUE BUFFET COMPROU ANTES DA CRISE|BUFFET COMPROU ANTES DA CRISE|BUFFET COMPROU|ações|bolsa de valores|canal de finanças|denis miyabara|investir e coçar|BERKSHIRE HATHAWAY,2705,https://i.ytimg.com/vi/oSko-OnlX-U/maxresdefault.jpg
fJLCvMcWpS4,BANCO NEXT PERGUNTAS E RESPOSTAS - Banco NEXT é bom? Cartão de crédito BANCO NEXT 2020,2020-04-15 00:33:41,2020-04-14 21:33:41,terça,21,896,longo,28546,1835,524,DENIS MIYABARA|INVESTIR E COÇAR|investir e cocar|investir e coçar|next|banco next|next banco|banco next 2020|next credito|next é bom|banco next vale a pena 2020|banco next vale a pena|banco next é bom|banco next investimento|next cartão de credito|conta digital next|conta next|next banco digital|banco digital|banco next cartao de credito|next como funciona|next cartao|next conta digital|banco next perguntas e respostas|banco next como funciona,3191,https://i.ytimg.com/vi/fJLCvMcWpS4/sddefault.jpg
Mmo9K5oCJdk,AVENUE corretora AVENUE tem taxa de resgate?,2020-04-12 16:51:03,2020-04-12 13:51:03,domingo,13,248,longo,15635,982,108,avenue|corretora avenue|Taxa de resgate avenue|qual a taxa de resgate da avenue|avenue tem taxa de resgate|avenue corretora|bolsa de valores|investir no exterior|investir nos EUA|Denis miyabara|Taxa de resgate|avenue exterior|investir na avenue|avenue vale a pena|avenue é bom|corretora avenue vale a pena,1553,https://i.ytimg.com/vi/Mmo9K5oCJdk/sddefault.jpg
Fm2qdoRd0uk,O QUE FAZER COM AS AÇÕES?  BOLSA DE VALORES ENTRAR OU ESPERAR? LIVE DO JAPÃO,2020-03-26 02:09:33,2020-03-25 23:09:33,quarta,23,2983,longo,2065,303,13,live|investir e coçar|investir e cocar|denis miyabara|live do japão|o que fazer com as acoes|acoes|ações|bolsa de valores|entrar na bolsa de valores|bolsa entrar ou sair|onde investir,1584,https://i.ytimg.com/vi/Fm2qdoRd0uk/maxresdefault.jpg
1CXh5moFHXk,ONDE INVESTIR COM A CRISE? O QUE FAZER COM AS AÇÕES? LIVE DO JAPÃO,2020-03-24 01:33:14,2020-03-23 22:33:14,segunda,22,2835,longo,1891,285,20,investir e cocar|denis miyabara|investir e coçar|investir e coçar é só começar|bolsa de valores|canal de finanças|ONDE INVESTIR|onde investir com a crise|o que fazer com as ações,1519,https://i.ytimg.com/vi/1CXh5moFHXk/maxresdefault.jpg
kvxYhGuj3gI,SELIC 3.75% E BOLSA DE VALORES NÃO PARA DE CAIR! ONDE INVESTIR AGORA? LIVE DO JAPÃO,2020-03-19 01:10:34,2020-03-18 22:10:34,quarta,22,2969,longo,1867,343,12,SELIC|CORTE NA SELIC|onde investir em 2020|ONDE INVESTIR|RENDA FIXA|TESOURO DIRETO|TAXA SELIC|BOLSA CAINDO|BOLSA DE VALORES|selic caiu|RENDA VARIAVEL|SELIC 3.75%|RENDA FIXA MORREU|onde investir meu dinheiro|ONDE INVESTIR AGORA|CORTE NA TAXA SELIC|COPOM|O QUE FAZER COM MINHAS AÇÕES|AÇÕES|GANHAR DINHEIRO|INVESTIR E COÇAR|TESOURO SELIC|DENIS MIYABARA|SELIC CAIU|BC REDUZ JUROS|TAXA SELIC ATUAL|SELIC 2020,1502,https://i.ytimg.com/vi/kvxYhGuj3gI/maxresdefault.jpg
vUUGe5IanUs,O QUE FAZER COM AS AÇÕES? COMPRAR OU VENDER? AÇÕES PETR4 VALE3 SQIA3 CNTO3 | LIVE DO JAPÃO,2020-03-17 01:24:20,2020-03-16 22:24:20,segunda,22,2282,longo,2977,387,40,investir e cocar|investir|investir e coçar|investir e coçar é só começar|denis miyabara|ações|o que fazer com as ações|comprar ou vender|melhores ações|como investir em ações|petra|vale|sinqia|centauro|ações cnto3|acoes petr4|acoes vale3|sqia3 acoes|cnto03|sqia3|vale3|petr4|acoes sinqia|acoes centauro|acoes petra|petr4 2020|petr4 dividendos|cnto3 2020|cnto3 analise|vale3 2020|vale3 dividendos|sqia3 analise|sqia3 2020|bolsa de valores,992,https://i.ytimg.com/vi/vUUGe5IanUs/maxresdefault.jpg
chZq-GdMlZY,O QUE FAZER COM AS AÇÕES? BOLSA CAIU! BOLSA DE VALORES DESPENCANDO | LIVE DO JAPÃO,2020-03-10 02:28:59,2020-03-09 23:28:59,segunda,23,2592,longo,3332,591,45,investir|investir e cocar|investir e coçar|investir e coçar é só começar|live do japão|coronavirus|bolsa de valores|bolsa caiu|bolsa de valores 2020|china coronavirus|coronavirus brasil|bolsa despencou|o que fazer com as acoes|acoes|ações caindo|ações despencando,1535,https://i.ytimg.com/vi/chZq-GdMlZY/maxresdefault.jpg
ha0eXgU6M3o,CORONA DAY! O QUE FAZER COM AS AÇÕES? LIVE DO JAPÃO,2020-02-27 02:30:25,2020-02-26 23:30:25,quarta,23,1913,longo,3778,589,60,DENIS MIYABARA|INVESTIR E COÇAR|RENDA VARIÁVEL|BOLSA DE VALORES|CANAL DE FINANÇAS|EDUCAÇÃO FINANCEIRA|live|live do japão|corona virus|corona day,1504,https://i.ytimg.com/vi/ha0eXgU6M3o/maxresdefault.jpg
aYQbBXHy0Y0,GUIA BÁSICO DE OPÇÕES! OPÇÕES DE AÇÕES - ENTENDA DE UMA VEZ POR TODAS! MERCADO DE OPÇÕES B3,2020-02-20 22:45:02,2020-02-20 19:45:02,quinta,19,740,longo,40743,3053,163,DENIS MIYABARA|INVESTIR E COÇAR|BOLSA DE VALORES|EDUCAÇÃO FINANCEIRA|opções de ações|mercado de opções|opções b3|opções ações|opcoes acoes|opções binarias|operando opcoes acoes|acoes opcoes diferenca|operando ações|como operar opcoes|como operar opções|como operar opções na bolsa|opcoes de acoes|acoes 2020|opção de compra|opção de venda|mercado financeiro|como investir|ENTENDA DE UMA VEZ|MERCADO DE OPÇÕES B3|RENDA VARIÁVEL|guia básico de opções,2414,https://i.ytimg.com/vi/aYQbBXHy0Y0/maxresdefault.jpg
UMz7hY-ZcT4,BOLSA CAIU! O QUE ACONTECEU COM A BOLSA? OPORTUNIDADE OU PESADELO? | LIVE DO JAPÃO,2020-01-28 01:44:36,2020-01-27 22:44:36,segunda,22,2752,longo,4798,919,39,investir eocar|investir e coçar|investir e coçar é só começar|denis miyabara|finanças|live do japão|live|renda variÁvel|bolsa de valores|bolsa caindo|bolsa de valores caindo,1359,https://i.ytimg.com/vi/UMz7hY-ZcT4/maxresdefault.jpg
hvVbyLEA_Uk,Qual o melhor PEDÁGIO ELETRÔNICO? - C6 TAGGY VALE A PENA? VELOE pedágio é bom? SEM PARAR pedagio,2019-12-26 22:00:04,2019-12-26 19:00:04,quinta,19,605,longo,32430,1853,176,DENIS MIYABARA|investir e cocar|c6 bank|c6|veloe|veloe tag|veloe é bom|veloe estacionamento|c6 bank é bom|c6 taggy estacionamento|c6 taggy shopping|c6 taggy vale a pena|c6 taggy como funciona|sem parar|sem parar onde instalar|estacionamento automatico|sem parar vale a pena|c6 taggy|sem parar pedagio|pedagio eletronico|veloe pedagio é bom|veloe pedagio|conect car|sem parar sem mensalidade|c6 pedagio|pedagio eletronico qual o melhor,1383,https://i.ytimg.com/vi/hvVbyLEA_Uk/maxresdefault.jpg
ce854DDtEaw,BANCO NEXT VS. BANCO INTER: INTER ou NEXT? NEXT é bom? Banco INTER vale a pena? Melhor conta digital,2019-12-24 21:00:03,2019-12-24 18:00:03,terça,18,520,longo,36101,2639,359,DENIS MIYABARA|INVESTIR E COÇAR|next|next banco|banco next|next é bom|banco next vale a pena|conta digital next|banco next e|banco next e bom|banco inter|banco intermedium|inter banco|conta digital inter|inter ou next|next vs inter|next ou inter|a melhor conta digital|a melhor conta digital 2019|banco inter cartao de credito|inter banco abrir conta|inter banco cartao de credito|inter banco como funciona|cartao next|cartao next credito,1392,https://i.ytimg.com/vi/ce854DDtEaw/maxresdefault.jpg
Sxrkd7jG2gk,ORIGINAL BANCO ORIGINAL VALE A PENA? CARTÃO DE CRÉDITO BANCO ORIGINAL [ATUALIZAÇÃO],2019-12-19 22:14:03,2019-12-19 19:14:03,quinta,19,881,longo,36581,1709,239,DENIS MIYABARA|INVESTIR E COÇAR|banco original|original banco|banco original gratis|banco original é bom é confiavel|banco original digital|conta digital banco original|cartao original|cartão original|banco original 2019|banco original cartão|original|banco original vale a pena|cartão de crédito|BANCO ORIGINAL CONTA FREE|cartão conta free original|banco original como funciona|banco original cartao de credito|original banco digital,1604,https://i.ytimg.com/vi/Sxrkd7jG2gk/maxresdefault.jpg
yKptyKqOqKQ,XP INVESTIR NAS AÇÕES DA XP Inc. - XP Investimentos VALE A PENA? AÇÕES DA XP PELA AVENUE CORRETORA!,2019-12-15 13:59:13,2019-12-15 10:59:13,domingo,10,686,longo,1940,305,31,DENIS MIYABARA|INVESTIR E COÇAR|RENDA VARIÁVEL|BOLSA DE VALORES|CANAL DE FINANÇAS|EDUCAÇÃO FINANCEIRA|INVESTIR FORA DO BRASIL|CORRETORA AVENUE|AVENUE|XP|xp investimentos|xp inc|xp inc ipo|xp inc nasdaq|NASDAQ|IPO XP|INVESTIR NAS AÇÕES DA XP|INVESTIR NAS AÇÕES DA XP INC|AÇÕES XP|XP AÇÕES|XP INVESTIMENTOS VALE A PENA|INVESTIR EUA|IPO|avenue corretora abrir conta|ipo xp investimentos|ipo xp nasdaq|ipo da xp|ipo xp como participar|grupo xp,1398,https://i.ytimg.com/vi/yKptyKqOqKQ/sddefault.jpg
TCyBudroGko,IVVB11 VALE A PENA INVESTIR? AÇÕES IVVB11 analise - ETF IVVB11 vale a pena?,2019-12-05 22:00:12,2019-12-05 19:00:12,quinta,19,482,longo,2935,603,33,DENIS MIYABARA|INVESTIR E COÇAR|BOLSA DE VALORES|investir e cocar|ivvb11|ivvb11 dividendos|ivvb11 vale a pena|etf ivvb11|etf vale a pena|etf|sp500|ações ivvb11|ação ivvb11|ivvb11 analise|s&p 500|ivvb11: vale a pena investir?|vale a pena investir em etf|ivvb11 paga dividendos|ivvb11 açoes|ivvb11 acao|etf ivvb11 rentabilidade|etf ivvb11 vale a pena|investir no exterior|ivvb|ivvb11 eduardo cavalcanti|ivvb11 como funciona|IVVB11 DIVIDENDOS,1294,https://i.ytimg.com/vi/TCyBudroGko/maxresdefault.jpg
UjsP_6An9TE,AVENUE SECURITIES É CONFIAVEL? COMO INVESTIR NO EXTERIOR? INVESTIR FORA DO BRASIL AVENUE CORRETORA,2019-12-02 02:58:44,2019-12-01 23:58:44,domingo,23,1169,longo,12681,935,177,INVESTIMENTO AVENUE SECURITIES|avenue securities brasil|avenue securities|avenue investimentos|avenue securities corretora|avenue securities e confiavel|corretora avenue|investir fora do brasil|investimento avenue|como investir no exterior morando no brasil|avenue corretora|DENIS MIYABARA|INVESTIR E COÇAR|como investir no exterior|Iinvestimento no exterior|investimento no exterior|avenue|como investir fora do pais|investir fora do pais,1496,https://i.ytimg.com/vi/UjsP_6An9TE/sddefault.jpg
mp321wOrmi0,INVESTIMENTO NEXT! BANCO NEXT É BOM? Novidades do banco NEXT - Como investir no BANCO NEXT?,2019-11-26 22:10:10,2019-11-26 19:10:10,terça,19,673,longo,18369,1136,120,denis miyabara|investir e cocar|investir e coçar é só começar|investimento do banco next|investimento next|banco next|next banco|next investimento|banco next investimento|investir next|investimento banco next|next investimentos|#next conta fácil|#next digital|investimentos next|banco sem tarifa|next é bom|investir no next|como investir no next|next vale a pena|next|next conta digital|next novidades|next cdb|next ibov|banco next é bom,1984,https://i.ytimg.com/vi/mp321wOrmi0/maxresdefault.jpg
f54Bv2ylads,COMO INVESTIR NO EXTERIOR? ABRIR CONTA AVENUE CORRETORA! COMO INVESTIR FORA DO BRASIL?,2019-11-24 23:00:11,2019-11-24 20:00:11,domingo,20,1049,longo,2695,270,58,DENIS MIYABARA|INVESTIR E COÇAR|investir e coçar é só começar|avenue investimentos|avenue corretora|avenue brasil|avenue corretora site|avenue securities|avenue corretora brasil|INVESTIR EUA|COMO INVESTIR NO EXTERIOR|CORRETORA AVENUE|corretora avenue é boa|avenue|como investir fora do brasil|como investir no exterior|investimento fora do brasil|avenue securities corretora|investir no exterior|investindo fora do brasil,1205,https://i.ytimg.com/vi/f54Bv2ylads/maxresdefault.jpg
tvC9uoxYP9k,Banco NEXT ATUALIZAÇÃO -  NOVIDADES do NEXT - Banco digital NEXT é bom? NEXT banco vale a pena?,2019-11-21 22:00:14,2019-11-21 19:00:14,quinta,19,510,longo,29274,3035,380,DENIS MIYABARA|INVESTIR E COÇAR|next|banco next|banco next como funciona|banco next 2019|conta digital next|banco next é bom|banco next vale a pena|banco next vale a pena 2019|next banco|next bradesco|next banco digital|banco digital next é bom|next banco é bom|next banco vale a pena|banco sem taxas|banco digital next|cartão next vale a pena|cartao next 2019|Banco NEXT ATUALIZAÇÃO|atualizacao next|banco next é confiavel|novidades do next,1822,https://i.ytimg.com/vi/tvC9uoxYP9k/maxresdefault.jpg
y0W1wDN5N18,SuperApp BANCO INTER - Vejam tudo sobre o novo app do BANCO INTER (BIDI3 BIDI4 BIDI11)!,2019-11-19 21:00:12,2019-11-19 18:00:12,terça,18,744,longo,6612,756,103,DENIS MIYABARA|INVESTIR E COÇAR|super app banco inter|banco inter|inter banco|app banco inter|app do banco inter|novo app banco inter|novo app do banco inter|banco inter vale a pena|banco inter é bom|banco intermedium|inter|banco inter é seguro|super app banco inter como baixar|super app banco inter link|super app banco inter ios|sede banco inter|investir e cocar|atualização banco inter|super app|banco inter ações|bidi4|bidi11|bidi,1055,https://i.ytimg.com/vi/y0W1wDN5N18/maxresdefault.jpg
DXccgaoyJow,DIVIDENDOS DE AÇÕES 2020 MAIORES QUE A SELIC! Taxa SELIC CAIU e agora?,2019-11-18 01:16:01,2019-11-17 22:16:01,domingo,22,3848,longo,1327,223,21,dividendos|dividendos de ações|dividendos como funciona|ações pagadoras de dividendos|melhores ações pagadoras de dividendos 2019|dividendos 2019|dividendos 2020|calendario dividendos|ações que pagam dividendos mensalmente|ações que pagam dividendos|dividendos mensais|tesouro direto|bolsa de valores|educação financeira|DIVIDENDOS MAIORES QUE A SELIC|taxa selic|TAEE11|BRDT3|TIET11|TRPL4|EGIE3|GGBR4|SAPR11|KLBN11|onde investir|canal de finanças|taxa de juros,888,https://i.ytimg.com/vi/DXccgaoyJow/maxresdefault.jpg
E8m6Tn5NVwE,"BANCO INTER (BIDI4) NÃO PARA DE CAIR! BIDI3, BIDI4 e BIDI1 - O QUE ACONTECEU COM BANCO INTER? LIVE",2019-11-13 02:55:59,2019-11-12 23:55:59,terça,23,2739,longo,6129,644,34,BIDI4|BIDI11|BANCO INTER|BIDI3|O QUE ACONTECEU COM BANCO INTER|O QUE ACONTECEU COM BANCO|o que aconteceu com as ações do banco inter|ações banco inter|BANCO INTER AÇÕES|banco inter ações grafico|banco inter ações bidi11|BIDI4 CAINDO|bidi4 caindo muito|BIDI4 OU BIDI11|BIDI É UM BOM INVESTIMENTO?|AÇÕES INTER|BIDI4 NOTICIAS|BIDI4 BANCO INTER|AÇÕES BIDI4|DENIS MIYABARA|INVESTIR E COÇAR|bidi4 ações|ações do banco inter|bidi4 acoes|banco inter ações,922,https://i.ytimg.com/vi/E8m6Tn5NVwE/sddefault.jpg
CWdhfnYFsQM,OIBR3 ANUNCIO E BIDI4 l BIDI11 AQUISIÇÃO. EXPLICANDO FATOS RELEVANTES l LIVE DO JAPÃO,2019-11-07 01:32:00,2019-11-06 22:32:00,quarta,22,2236,longo,4538,548,31,DENIS MIYABARA|INVESTIR E COÇAR|OIBR3|OIBR4|OI|OI AÇÕES|BIDI3|BIDI4|BIDI11|BANCO INTER|BANCO INTER AÇÕES|LIVE DO JAPÃO|oibr3 vale a pena|oibr3 analise|bidi4 ou bidi11|bidi4 caindo|BIDI|bolsa de valores|swing trade|RENDA VARIAVEL|position trade|canal de financas|educação financeira,938,https://i.ytimg.com/vi/CWdhfnYFsQM/maxresdefault.jpg
B6RAakrSMkg,BOLSA MÁXIMA HISTÓRICA E AGORA PARA ONDE VAI? BOLSA VAI SUBIR? BOLSA VAI CAIR? | LIVE DO JAPÃO,2019-10-24 21:35:51,2019-10-24 18:35:51,quinta,18,3847,longo,1109,185,4,live do japão|denis miyabara|máxima histórica|investir e cocar|investir e coçar|investir e coçar é só começar|bolsa de valores|bolsa vai subir ou cair|bolsa vai subir ou vai cair|bolsa vai subir|bolsa vai cair|mercado financeiro|bolsa maxima historica,960,https://i.ytimg.com/vi/B6RAakrSMkg/maxresdefault.jpg
0Y4znENiJ9o,INVESTIMENTOS para FILHOS - COMO INVESTIR para o futuro dos filhos? Melhores investimentos,2019-10-12 15:00:01,2019-10-12 12:00:01,sábado,12,697,longo,1288,197,41,dia das crianças|investir e cocar|denis miyabara|O melhor investimento para seus filhos|investimentos pensando nos filhos|como investir para o futuro dos filhos|abrir conta corretora filho|educação financeira para os filhos|gestao financeira na adolescencia|conta investimento para filhos|investimento do futuro|investimento para crianças|educação financeira para jovens|investimento para menor|investimento para filhos|educação financeira|educação|financeira|criança,1064,https://i.ytimg.com/vi/0Y4znENiJ9o/maxresdefault.jpg
9S4tzNLgeZI,BBDC4 dividendos EXTRAORDINÁRIOS - ações BRADESCO bbdc3 ou bbdc4 | RAPIDINHA DO JAPÃO #45,2019-10-07 14:31:05,2019-10-07 11:31:05,segunda,11,56,short,1961,167,19,bbdc|bbdc4|bradesco ações|bbdc4 dividendos|bbdc4 hoje|ações bradesco|ações bradesco bbdc3|acoes bradesco hoje|aÇÕes bradesco|bradesco|investir e cocar|investir e coçar|bradesco bbdc4|bradesco bbdc3 ou bbdc4|BBDC4 dividendos EXTRAORDINÁRIOS - ações BRADESCO bbdc3 ou bbdc4 | RAPIDINHA DO JAPÃO #45|rapidinha do japão|bbdc 3|bbdc 4|bbdc3 ou 4|BBDC4 DIVIDENDOS EXTRAORDINÁRIOS|DIVIDENDOS EXTRAORDINÁRIOS AÇÕES BADESCO|DIVIDENDOS EXTRAORDÁRIOS|DENIS MIYABARA|BANCO,3170,https://i.ytimg.com/vi/9S4tzNLgeZI/maxresdefault.jpg
bwNtQDbNwAA,IPO VIVARA! IPO VIVA3 lock up Vivara ações l LIVE DO JAPÃO,2019-10-02 16:28:17,2019-10-02 13:28:17,quarta,13,2438,longo,1164,196,8,vivara ipo|ipo vivara|viva3|vivara|vivara ações|ações vivara|ações viva3|viva3 ações|ipo viva3|ipo|acoes vivara|viva 3|abertura de capital viva3|abertura de capital vivara|live do japão|investir e coçar|vale a pena entrar em ipo|denis miyabara|investir e cocar,980,https://i.ytimg.com/vi/bwNtQDbNwAA/maxresdefault.jpg
CGDw7z70138,Onde investir meu dinheiro? Como investir seu dinheiro no mês de setembro? - LIVE,2019-09-06 16:51:24,2019-09-06 13:51:24,sexta,13,3071,longo,1509,202,45,#denismiyabara|#investirecocar|onde investir meu dinheiro|onde investir em 2019|onde investir em ações|investir em ações|Onde investir seu dinheiro? Como investir meu dinheiro no mês de setembro? - LIVE|como investir|finanças pessoais|canal de finanças,820,https://i.ytimg.com/vi/CGDw7z70138/maxresdefault.jpg
7_bk3FZTFcU,BPAN4 ações e BPAC4 - (BPAN11 analise)  BPAN4 vale a pena?  - RAPIDINHA DO JAPÃO #4,2019-08-27 14:41:07,2019-08-27 11:41:07,terça,11,82,longo,2475,188,30,bpan4 analise|bpan4 2019|bpan4|bpan4 vale a pena|bpan4 dividendos|banco pan ações|banco panamericano|banco pan investimentos|bpac11|bpac4|btg|banco pan|bpac11 vale a pena|bpac11 analise|açõe bpac11|bpac11 dividendos|bpac11 analise fundamentalista|banco btg|bpan4 ações|bpan11|bpan11 analise|bpan11 ações,846,https://i.ytimg.com/vi/7_bk3FZTFcU/maxresdefault.jpg
KSiG5Ho8Y2A,"UNITS BANCO INTER (BIDI3,BIDI4 e BIDI11) SUA SEGUNDA SEGUNDA CHANCE - RAPIDINHA DO JAPÃO #5",2019-08-26 15:10:54,2019-08-26 12:10:54,segunda,12,87,longo,3243,257,84,bidi3|unitização banco inter|banco inter|bidi4 ou bidi11|investir e cocar|bidi4|bidi4 bidi11|bidi11|açoes do banco inter|banco inter acoes|follow on banco inter|tendencia bidi4|bidi11 vale a pena|units banco inter|ações do banco inter|bidi11 desdobramento|banco inter ações|ações bidi4|bidi4 vale a pena?|units vale a pena?|denis miyabara|ações banco inter|bidi 4|bidi 11|canal de finanças|banco inter vale a pena|units|units bidi4|bidi3 bidi4 bidi11,825,https://i.ytimg.com/vi/KSiG5Ho8Y2A/maxresdefault.jpg
LvdMZKkjXQY,LIVE: BOLSA DE VALORES CAIU! BOLSA MENSTRUOU E AGORA ? AÇÕES PREICSAM REAGIR,2019-08-15 22:11:49,2019-08-15 19:11:49,quinta,19,2284,longo,3942,610,90,bolsa menstruou|bolsa de valores caiu|investir e coçar|bolsa caiu|bolsa|bolsa de valores|bolsa de valores hoje|bolsa de valores como funciona|como investir|educação financeira|Live|denis miyabara|bolsa de valores para iniciantes|investir na bolsa de valores|investir em ações|como investir na bolsa|onde investir|AÇOES|AÇÕES|ACOES|ACÕES|BOLSA DE VALORES HOJE|investir ações|mercado de ações|mercado financeiro|canal de finanças,1119,https://i.ytimg.com/vi/LvdMZKkjXQY/maxresdefault.jpg
_euz035z9i4,DIA DOS PAIS! MELHOR PRESENTE QUE VOCÊ PODE DAR [TAPA NA CARA DELE] FELIZ DIA DOS PAIS!,2019-08-11 15:11:24,2019-08-11 12:11:24,domingo,12,617,longo,2096,336,137,investir e cocar|presente dia dos pais simples|presente dia dos pais 2019|presente dia dos pais|presente para o dia dos pais|dia dos pais presente|presente de dia dos pais|ideias de presentes para o dia dos pais|melhor presente|finanças familiar|pai rico pai pobre|dia dos pais 2019 brasil|dia dos pais homenagens|dia dos pais musica|dia dos pais 2019|presente para o pai|feliz dia dos pais|dia dos pais|denis miyabara|pai|pais|papai|finanças pessoais|finanças,1605,https://i.ytimg.com/vi/_euz035z9i4/maxresdefault.jpg
aDQfOUg02Lk,JURO REAL ABAIXO DE 2%. O QUE É JURO REAL É COMO CALCULAR A TAXA REAL DE UM INVESTIMENTO?,2019-08-08 22:25:00,2019-08-08 19:25:00,quinta,19,995,longo,1240,155,61,como calcular a taxa real de um investimento|juro real abaixo de 2|juro real calculo|INVESTIR E COCAR|juro real|definição de taxa de juros real|juro real e juro nominal|taxa de juros real e nominal|taxa de juro real|juros reais|taxa real de juros|taxa de juros nominal e real|2%|juros reais e nominais|taxa juros real|taxa de juros|taxa selic|tesouro selic|DENIS MIYABARA|como investir|selic caiu|onde investir|corte taxa de juros brasil|6%|corte selic,1787,https://i.ytimg.com/vi/aDQfOUg02Lk/maxresdefault.jpg
56x9g8eg6Gw,"BIDI4,BPAN4,PINE4-BANCOS DIGITAIS, NOVA BOLHA?",2019-08-08 22:17:50,2019-08-08 19:17:50,quinta,19,5291,longo,4276,507,44,bpan4|investir e cocar|bpan 4|bidi4|bancos digitais|banco pine|pine4|pine 4|denis miyabara|bidi4 ou bidi11|bidi11 ou bidi4|bidi4 caindo|bidi11 vale a pena|bpan4 eduardo cavalcanti|banco digital|bpan4 vale a pena|bidi4 hoje|bidi3|bidi11|banco inter|banco pan|pine4 ações|pine4 analise|pine4 vale a pena|bidi4f|bolsa de valores|banco inter vale a pena|renda variavel|mercado financeiro|renda variável|educação financeira|bidi 4|inter|live do japão,1803,https://i.ytimg.com/vi/56x9g8eg6Gw/maxresdefault.jpg
tQVr54vTGSg,RESUMÃO DO JAPÃO: PINE4 vale a pena? Ações do banco PINE.,2019-08-07 17:57:02,2019-08-07 14:57:02,quarta,14,169,longo,16918,886,116,pine4 vale a pena|investir e coçar|pine4 ações|pine 4|banco pine4|ações pine|pine4|ações do banco pine|banco pine|pine4 dividendos|pine4 fundamentus|pine4 noticias|pine4 analise|pine4 investing|pine3|banco pine noticias|banco pine banco safra|pine4 grafico|denis miyabara|como investir|bolsa de valores|renda variável|investimentos|como investir em ações|banco pine acoes|banco pine ação|banco pine é confiavel|investir e cocar,1177,https://i.ytimg.com/vi/tQVr54vTGSg/maxresdefault.jpg
QfXwGYrirz0,CIEL3 vale a pena? Ação cielo vai subir? Ciel3 2019,2019-08-06 22:11:28,2019-08-06 19:11:28,terça,19,1033,longo,7381,636,122,ciel3 vale a pena|ação ciel3|acoes ciel3|ações cielo vai subir|desvalorização ciel3|cielo ações|cotação ciel3|ciel3 1t19|INVESTIR E COCAR|ciel3 analise|ciel3 2019|ciel3 dividendos|ciel3 2t19|ciel3 analise tecnica|ciel3 ações|ação cielo|ações ciel3 2019|ações cielo perspectivas 2019|ciel3 analise fundamentalista|ações cielo|cielo analise|ciel3 eduardo cavalcanti|cartao cielo|DENIS MIYABARA|ciel3|ciel 3|cielo,1479,https://i.ytimg.com/vi/QfXwGYrirz0/maxresdefault.jpg
R52XAeP6-c0,RESUMÃO DO JAPÃO: BPAN4 subiu 25%! Banco pan tá voando!,2019-08-06 19:41:38,2019-08-06 16:41:38,terça,16,109,longo,2824,314,127,banco pan digital|banco panamericano 2019|banco pan como funciona|bpan4 alta|banco pan ações subindo|bpan4 cotação|bpan4 fundamentus bpan4 noticias|banco pan cotação|banco pan|banco pan conta digital|bpan4 ações|investir e coçar|bpan4 paga dividendos|bpan 4|banco pan financiamento|banco panamericano|banco pan analise|banco pan oficial|BPAN4|bpan4 2019|bpan4 vale a pena|banco pan ações|bpan4 analise|banco pan investimentos|denis miyabara,854,https://i.ytimg.com/vi/R52XAeP6-c0/sddefault.jpg
AvxzMs9gZKc,RESUMÃO DO JAPÃO:GUERRA COMECIAL EUA E CHINA! Por que a bolsa caiu tanto?,2019-08-05 20:14:31,2019-08-05 17:14:31,segunda,17,176,longo,4966,550,130,RESUMÃO DO JAPÃO|investir e coçar|bolsa de valores|mercado financeiro|educação financeira|guerra comercial|guerra comercial eua x china|guerra comercial entre eua e china|guerra comercial entre estados unidos e china|eua x china|bolsa caindo|bolsa de valores hoje|denis miyabara|eua vs china|xi jinping|trump|guerra comercial eua e china|guerra comercial china estados unidos 2019|eua e china descomplica|eua x china descomplica,1287,https://i.ytimg.com/vi/AvxzMs9gZKc/maxresdefault.jpg
kkcvwc-Pb3s,RESUMÃO:MGLU3 DESDOBRAMENTO! DESDOBRAMENTO MAGAZINE LUIZA ENTRO AGORA OU DEPOIS,2019-08-04 19:19:18,2019-08-04 16:19:18,domingo,16,193,longo,14935,812,129,desdobramento magazine luiza|mglu3 2019|mglu3 desdobramento|DESDOBRAMENTO MGLU3|MGLU3 COTAÇÃO|DENIS MIYABARA|MAGAZINE LUIZA|magazine luiza ações|MGLU3|analise mglu3|MGLU3 ANALISE|MGLU 3|desdobramento|INVESTIR E COCAR|mglu3 vale a pena|AÇÕES|BOLSA DE VALORES|RENDA VARIAVEL|mglu3 fundamentus|mglu3 dividendos|MGLU3 HOJE|magazine luiza analise fundamentalista|renda variável|Resumão da live|desdobramento mglu3|mglu3|ações magazine luiza,2704,https://i.ytimg.com/vi/kkcvwc-Pb3s/maxresdefault.jpg
fevjRIIO3Ss,MGLU3 DESDOBRAMENTO! DESDOBRAMENTO MAGAZINE LUIZA ENTRO AGORA OU DEPOIS,2019-08-04 17:15:35,2019-08-04 14:15:35,domingo,14,5129,longo,3724,414,41,MGLU3|mglu3 desdobramento|mglu3 2019|desdobramento magazine luiza|DESDOBRAMENTO MGLU3|INVESTIR E COCAR|MGLU 3|desdobramento|MGLU3 COTAÇÃO|mglu3 vale a pena|MAGAZINE LUIZA|DENIS MIYABARA|AÇÕES|BOLSA DE VALORES|RENDA VARIAVEL|educação financeira|como investir|magazine luiza cartão|MGLU3F|mglu3 fundamentus|mglu3 dividendos|MGLU3 ANALISE|analise mglu3|MGLU3 HOJE|magazine luiza ações|magazine luiza analise fundamentalista|renda variável,1169,https://i.ytimg.com/vi/fevjRIIO3Ss/sddefault.jpg
P7kjupFRnts,"RESUMÃO:BANCO INTER BIDI9, BIDI10 e BIDI12! NOVAS AÇÕES? SOPA DE NUMERUZINHOS",2019-08-02 22:02:47,2019-08-02 19:02:47,sexta,19,153,longo,5593,397,40,denis miyabara|investir e cocar|BIDI3|BIDI4|BIDI11|BIDI9|BIDI10|BIDI12|BANCO INTER|DIREITO DE SUBSCRIÇÃO|FOLLOW ON|RECIBO DE SUBSCRIÇÃO|AÇÕES|bolsa de valores|FOLLOW ON BANCO INTER|DIREITO DE SUBSCRIÇÃO BANCO INTER|NOVAS AÇÕES|bidi4 banco inter|cotação bidi11|units banco inter|ações do banco inter|banco inter ações|units,2072,https://i.ytimg.com/vi/P7kjupFRnts/maxresdefault.jpg
liAPTVNcueE,"LIVE: TUDO SOBRE BIDI9,BIDI10 E BIDI12! SOPA de NUMEROS",2019-08-02 21:33:03,2019-08-02 18:33:03,sexta,18,3313,longo,1128,164,55,,0,https://i.ytimg.com/vi/liAPTVNcueE/maxresdefault.jpg
b4ss_JrAEt8,CORTE NA TAXA SELIC 6%! SELIC VAI CAIR ! ONDE INVESTIR?,2019-07-31 22:59:10,2019-07-31 19:59:10,quarta,19,2903,longo,2399,387,64,corte taxa de juros brasil|corte da taxa selic|6%|investir e cocar|taxa selic 2019|TAXA SELIC HOJE|CORTE DA SELIC|selic|SELIC VAI CAIR|CORTE DE JUROS|JUROS A 6%|selic o que é|selic 2019|taxa selic|denis miyabara|selic ou ipca|taxa de juros|bolsa de valores|copom|baixa juros para 6%|baixa juros|TESOURO SELIC|tesouro direto|educação financeira|finanças pessoais|BANCEN|INVESTIMENTOS|ONDE INVESTIR|como investir|AÇÕES|ACOES,1154,https://i.ytimg.com/vi/b4ss_JrAEt8/maxresdefault.jpg
RvOteANvq5M,DIVIDENDOS DE AÇÕES COMO FUNCIONA? SAIBA AS AÇÕES QUE PAGAM DIVIDENDOS e FUNDOS DE DIVIDENDOS,2019-07-30 22:01:00,2019-07-30 19:01:00,terça,19,770,longo,2483,343,57,dividendos|INVESTIR E COCAR|dividendos 2019|dividendos de ações paga imposto de renda|ações que pagam dividendos|dividendos de ações 2019|ações dividendos 2019|ações dividendos|FUNDOS DE DIVIDENDOS|melhores dividendos 2019|dividendos de ações|dividendos mensais|dividendos de ações na pratica|dividendos itsa4|dividendos o que é|meus dividendos|DENIS MIYABARA|bolsa de valores|renda variável|canal de finanças|agenda dividendos|dividendos itausa,1918,https://i.ytimg.com/vi/RvOteANvq5M/maxresdefault.jpg
UwHfK_4REAQ,RESUMÃO AÇÕES BANCO INTER (BIDI11) DISPAROU EM ALTA APÓS RESULTADOS INVESTIMENTO ALTO DA SOFTBANK,2019-07-30 19:58:18,2019-07-30 16:58:18,terça,16,263,longo,11991,928,198,ações banco inter|banco inter|ações bidi11|bidi11|disparou em alta|resultados investimento|investimento alto softbank|soft bank|banco inter vale a pena|banco inter ações|banco inter investimentos|ações do banco INTER|ipo do nubank|nubank ou banco inter?|banco inter resultados|resultados banco inter|ações banco inter 2021|bidi4 ações|bidi3 bidi4|denis miyabara|investir e coçar é só começar|banco inter softbank,2939,https://i.ytimg.com/vi/UwHfK_4REAQ/maxresdefault.jpg
VdWmItlUzF4,"BANCO INTER DISPAROU! INVESTIMENTO BILIONARIO DA SOFTBANK  BIDI11, BIDI4, BIDI3 20% de ALTA",2019-07-30 16:32:05,2019-07-30 13:32:05,terça,13,4330,longo,3796,438,60,bidi4|bidi4 banco inter|bidi3 banco inter|bidi4 para bidi11|bidi11 ou bidi4|bidi11|banco inter|bidi4 ou bidi11|bidi4 bidi11|cotação bidi11|bidi11 ações|units bidi11|bidi11 vale a pena|units banco inter|units bidi4|unitização banco inter|ações do banco inter|bidi11 desdobramento|units|banco inter ações|ações bidi4|bidi4 vale a pena?|units inter|units ações|banco inter vale a pena?|banco inter investimentos|follow on bidi4|bolsa de valores,936,https://i.ytimg.com/vi/VdWmItlUzF4/maxresdefault.jpg
u4Kd3Yaj2jw,FGTS LIBERADO! ONDE INVESTIR O FGTS! INVESTIMENTO FGTS 500 REAIS,2019-07-28 16:12:23,2019-07-28 13:12:23,domingo,13,855,longo,1716,204,62,INVESTIMENTO FGTS 500 REAIS|investir e cocar|fgts 500 reais|fgts extrato|onde investr fgts|500 reais fgts|dinheiro fgts|fgts 2019 tabela|meu fgts|fgts caixa|ONDE INVESTIR 500 REAIS|fgts saque|como consultar fgts|fgts liberado|fgts|fgts regras|fgts 2019|fgts liberado 2019|liberação fgts 2019|saque fgts 2019|saldo fgts|valor saque fgts|novas regras fgts|fgts 500|denis miyabara|onde investir|canal de finanças|bolsonaro fgts|saque fgts,1789,https://i.ytimg.com/vi/u4Kd3Yaj2jw/maxresdefault.jpg
2bS63Fa9H0U,"FOLLOW ON BANCO INTER - ÚLTIMAS DÚVIDAS BIDI3,BIDI4 e BIDI11",2019-07-25 18:16:48,2019-07-25 15:16:48,quinta,15,3719,longo,2478,241,44,follow on banco inter follow on bidi4 follow on bidi11|follow on banco inter vale a pena|bidi11 follow on|follow on bidi4|banco inter follow on|bidi4|bidi11|bidi3|follow on bidi11|investir e cocar|banco inter|bidi4 para bidi11|follow on|bidi4 ou bidi11|bidi11 ações|follow on ações|açoes banco inter|bidi4 cotação|ações banco inter|banco inter ações|desdobramento do banco inter|bolsa de valores|banco inter desdobramento|denis miyabara,1059,https://i.ytimg.com/vi/2bS63Fa9H0U/maxresdefault.jpg
6IK3X9xGeKs,Live Teste,2019-07-24 21:03:16,2019-07-24 18:03:16,quarta,18,2963,longo,658,105,20,,0,https://i.ytimg.com/vi/6IK3X9xGeKs/maxresdefault.jpg
l1fVs1YjglI,BPAN4 BANCO PAN AÇÕES. ANALISE BPAN4 COTAÇÃO. BPAN4 vale a pena?,2019-07-23 21:58:17,2019-07-23 18:58:17,terça,18,1026,longo,8306,776,105,banco pan digital|banco panamericano 2019|banco pan como funciona|bpan4 alta|banco pan ações subindo|bpan4 cotação|bpan4 fundamentus bpan4 noticias|banco pan cotação|banco pan|banco pan conta digital|bpan4 ações|investir e coçar|bpan4 paga dividendos|bpan 4|banco pan financiamento|banco panamericano|banco pan analise|banco pan oficial|BPAN4|bpan4 2019|bpan4 vale a pena|banco pan ações|bpan4 analise|banco pan investimentos|denis miyabara,1938,https://i.ytimg.com/vi/l1fVs1YjglI/sddefault.jpg
badz8FBZzVI,BIDI3 o que aconteceu? 300% de ALTA AÇÕES BANCO INTER- BIDI4 e BIDI11!,2019-07-23 11:53:33,2019-07-23 08:53:33,terça,8,413,longo,7924,402,113,BIDI3 o que aconteceu|bidi3|BIDI3 ACOES|BIDI3 AÇÕES|bidi4 banco inter|bidi4 para bidi11|bidi11|investir e cocar|banco inter|bidi4 bidi11|bidi11 ações|bidi4 ou bidi11|ações bidi4|cotação bidi11|bidi4|ações do banco inter|units bidi11|units bidi4|units banco inter|bidi11 vale a pena|units|bidi4 vale a pena?|units inter|banco inter ações|banco inter vale a pena?|denis miyabara|bolsa de valores|educação financeira,1126,https://i.ytimg.com/vi/badz8FBZzVI/maxresdefault.jpg
kmfL2dX_paU,VVAR3 VIA VAREJO AÇÕES VALE A PENA? VVAR3 NOVA MGLU3?,2019-07-21 14:57:49,2019-07-21 11:57:49,domingo,11,798,longo,28599,2640,282,VVAR3|VIA VAREJO|ações via varejo 3|vvar3 ações|via varejo ações|via varejo hoje|via varejo cotação|vvar3 hoje|via varejo analise fundamentalista|ações vvar3|via varejo analise|VVAR3 ANALISE|ações via varejo analise|via varejo vvar3|VIA VAREJO ACOES|VIA VAREJO ACOES VALE A PENA|ações via varejo dividendos|ações via varejo|vvar|Denis miyabara|vvar3 eduardo cavalcanti|vai varejo|VVAR3 NOVA MGLU3|cotação vvar3|vvar3 2020|vvar3 via varejo,2466,https://i.ytimg.com/vi/kmfL2dX_paU/maxresdefault.jpg
Bw__caNTvCo,UNITS BIDI11 sua segunda chance! BANCO INTER AÇÕES (BIDI4) - COTAÇÃO BIDI11,2019-07-18 21:58:49,2019-07-18 18:58:49,quinta,18,542,longo,18752,1050,238,tendencia bidi4|cotação bidi11|bidi11 ações|units bidi11|bidi11 vale a pena|units banco inter|bidi11|units bidi4|unitização banco inter|ações do banco inter|bidi11 desdobramento|units|banco inter ações|bidi4 ou bidi11|ações bidi4|bidi4 vale a pena?|units vale a pena?|bidi4 para bidi11|units inter|bidi4|bidi4 bidi11|units ações|bidi4 banco inter|banco inter|investir e cocar|banco inter vale a pena?|denis miyabara|ações banco inter,2321,https://i.ytimg.com/vi/Bw__caNTvCo/maxresdefault.jpg
tM3FeJsiAAQ,BIDI11 FOLLOW ON BANCO INTER vale a pena? FOLLOW ON BIDI11 e FOLLOW ON BIDI4,2019-07-16 21:57:49,2019-07-16 18:57:49,terça,18,590,longo,5830,373,106,follow on bidi11|follow on banco inter vale a pena|bidi11 cotação|bidi11 follow on|FOLLOW ON BIDI4|banco inter follow on|bidi11 ações|investir e cocar|follow on|follow on ações|açoes banco inter|bidi4 cotação|bidi4 ou bidi11|ações banco inter|bidi4|bidi11|banco inter ações|bidi4 para bidi11|banco inter|desdobramento do banco inter|bolsa de valores|banco inter desdobramento|denis miyabara|inter|unit banco inter|banco inter unit|educação financeira,1915,https://i.ytimg.com/vi/tM3FeJsiAAQ/maxresdefault.jpg
KlAtBdJ76Oo,BIDI4 para BIDI11- UNITs BANCO INTER VALE A PENA?  Ações BANCO INTER,2019-07-14 14:57:47,2019-07-14 11:57:47,domingo,11,809,longo,9668,479,83,units b3|Investir e cocar|UNITs BANCO INTER VALE A PENA?|banco inter ações|UNITS|ações bidi4 hoje|bidi11|ações banco inter|units o que é|Denis Miyabara|units bidi4|bidi4 vale a pena|units inter|bidi4|bidi4 ou bidi11|ações unit|units ou preferenciais|preferenciais e units|ações units|ações do banco inter vale a pena|units ações|banco inter|Bidi4 para bidi11|UNIT|investir na bolsa|canal de finanças|investimentos|units banco inter|banco inter units,2046,https://i.ytimg.com/vi/KlAtBdJ76Oo/maxresdefault.jpg
CaOGCAsOLvE,BANCO ORIGINAL CARTÃO DE CRÉDITO. BANCO ORIGINAL É BOM? BANCO ORIGINAL TEM ANUIDADE?,2019-07-04 21:58:47,2019-07-04 18:58:47,quinta,18,743,longo,53540,1663,268,banco original cartão|banco original cartão de credito|cartão banco original|cartão do banco original|cartão do banco original é bom|cartão de credito banco original é bom|banco original é bom|banco original tem anuidade|cartão banco original tem anuidade|credito do banco original tem anuidade|cartão banco original pontos|taxas|compras parceladas|cartão internacional|economia|finanças|planejamento financeiro|dinheiro|cartão de crédito|canal de finanças,2154,https://i.ytimg.com/vi/CaOGCAsOLvE/maxresdefault.jpg
d8ii2Y4DRxo,Ações BANCO INTER vale a pena? Desdobramento BANCO INTER. BIDI4 AÇÕES.,2019-07-02 21:58:14,2019-07-02 18:58:14,terça,18,873,longo,15547,899,134,bidi4|desdobramento banco inter|ações banco inter 2019|investir e coçar|bidi4 desdobramento|bidi4 ações|bidi4 caindo|ações banco inter bidi11|bidi4 ta caro|ações banco inter hoje|banco inter|ações banco inter vale a pena|banco inter ações na bolsa|bidi4 banco inter|ações banco inter|banco inter ações|banco inter investimento|banco inter vale a pena?|bidi4 analise fundamentalista|banco inter é bom|cartão banco inter|banco inter desdobramento,2206,https://i.ytimg.com/vi/d8ii2Y4DRxo/maxresdefault.jpg
H6uTn-HXTTQ,INVESTIR NA BOLSA DE VALORES: COMO OPERAR NO MERCADO DE AÇÕES SIMULADOR DE BOLSA DE VALORES GRÁTIS!,2019-06-27 22:05:39,2019-06-27 19:05:39,quinta,19,1382,longo,17561,628,47,investir e cocar|simulador de bolsa de valores gratis|AÇÕES SIMULADOR|bolsa de valores 2019|simulador bolsa de valores gratis|bull xp investimentos|simulador bolsa de valores|bull xp|investimentos em ações|bolsa de valores como funciona|como investir na bolsa|investimento na bolsa|investir na bolsa|bolsa para iniciantes|denis miyabara|COMO OPERAR NO MERCADO DE AÇÕES|SIMULADOR DE BOLSA DE VALORES GRÁTIS|como investir em ações|mercado de ações,1897,https://i.ytimg.com/vi/H6uTn-HXTTQ/maxresdefault.jpg
6Oq3Mxz4_CY,MEU PAG é BOM? cartão de crédito PAG É SEGURO? CARTAO PAG! VALE A PENA?,2019-06-25 21:58:13,2019-06-25 18:58:13,terça,18,546,longo,29196,1304,421,investir e cocar|meu pag é bom|meu pag cartão de crédito|cartao meu pag é confiavel|meu pag é seguro|meu pag|meu pag cartao|cartão de crédito pag é seguro|cartão meu pag|pag|cartao pag|cartão pag é bom|cartão pag|cartao pag como funciona|cartao meu pag fraude|cartão pag vale a pena|golpe pag|solicitar cartão pag|cartão de crédito|cartao de credito alta renda|pag cartao virtual|cartão de crédito alta renda|cartão pag paga anuidade|denis miyabara|next,1918,https://i.ytimg.com/vi/6Oq3Mxz4_CY/maxresdefault.jpg
yN0kKJf2D1c,BANCO C6 BANK É BOM? BANCO C6 BANK ABRIR CONTA e PEDIR CARTAO C6 BANK!,2019-06-23 14:58:41,2019-06-23 11:58:41,domingo,11,759,longo,27700,963,187,banco c6 bank|banco c6 bank é bom|C6 BANK|convite c6 bank|c6 bank vale a pena|banco c6 é bom|c6 bank convite|investir e cocar|c6 bank app|c6 bank tem anuidade|c6 bank cartao de credito|c6 bank abrir conta|cartao de credito c6 bank|cartao c6 bank chegou|abrindo conta c6 bank|c6|cartao c6 bank|conta digital c6 bank|banco c6|c6 bank cartao de credito tem anuidade?|c6bank|BANCO C6 HAVAN|denis miyabara|banco digital|CARTAO DE CREDITO|#c6 bank,1760,https://i.ytimg.com/vi/yN0kKJf2D1c/maxresdefault.jpg
na0p9c2TS6o,"Melhores programas de CASHBACK: NUBANK rewards, cash back banco ORIGINAL e cartao TRIGG.",2019-06-18 21:58:49,2019-06-18 18:58:49,terça,18,611,longo,13304,569,67,melhores programas de cashback|investir e coçar|programas de cashback|melhores cashback|cashback melhores|cashback nubank|cashback original vale a pena|cashback banco original|melhor cashback|trigg cashback|cashback trigg como funciona|cashback|cash back|nubank rewards|banco original|dinheiro de volta|denis miyabara|cashback como funciona|nubank|cartão de crédito|conta digital|trigg|melhor app cashback|app cashback|banco inter|next|cartao de credito,1820,https://i.ytimg.com/vi/na0p9c2TS6o/maxresdefault.jpg
tPVWB6wSOl4,BANCO INTER VS NUBANK. QUAL A MELHOR CONTA DIGITAL PARA INVESTIR? INVESTIMENTO BANCO INTER E NUCONTA,2019-06-16 14:58:49,2019-06-16 11:58:49,domingo,11,550,longo,2599,232,61,investir e coçar|investimento banco inter e nuconta|qual a melhor conta digital para investir|banco inter vs nuconta|banco inter vs nubank 2019|nubank vs inter|investir nubank ou inter|banco inter vs nubank|investir no banco nubank|banco nubank investimento|nubank vs inter 2019|conta digital|investir no banco inter|banco inter investimentos|nubank investimentos|investimento|INVESTIR|COMO INVESTIR|nubank vale a pena|banco inter vale a pena|banco inter,2149,https://i.ytimg.com/vi/tPVWB6wSOl4/maxresdefault.jpg
uUY9Jh_qnII,COMO INVESTIR NO BANCO NEXT?BANCO NEXT VALE A PENA? BANCO NEXT É BOM?,2019-06-13 22:05:01,2019-06-13 19:05:01,quinta,19,634,longo,54039,2247,368,como investir no banco next|como investir no next|investir no banco next vale a pena|investir next vale a pena|investir banco next é bom|investir next é bom|vale a pena investir no banco next|vale a pena investir no next|investir pelo banco next|investir pelo next|investimento no banco next|investimento no next|investimento pelo banco next|investimento pelo next|investimento banco next|investimento next|investir|finanças|economia|dinheiro|planejamento financeiro,2479,https://i.ytimg.com/vi/uUY9Jh_qnII/maxresdefault.jpg
4bAt_jLPnTs,TUDO SOBRE RENDA FIXA! INVESTIMENTO RENDA FIXA? COMO INVESTIR RENDA FIXA?,2019-06-09 21:59:22,2019-06-09 18:59:22,domingo,18,879,longo,1481,93,24,tudo sobre renda fixa|renda fixa vale a pena|renda fixa|cdb|LCI|LCA|CRI|CRA|DEBENTURE|TESOURO DIRETO|POUPANÇA|INVESTIMENTO RENDA FIXA|INVESTIMENTO|COMO INVESTIR RENDA FIXA|como investir em renda fixa|renda fixa ou tesouro direto|cri e cra debentures|renda fixa 2019|renda fixa melhor investimento|renda fixa ou variavel|investir em renda fixa|denis miyabara|investir e cocar|qual o melhor investimento para 2019|como investir,1801,https://i.ytimg.com/vi/4bAt_jLPnTs/maxresdefault.jpg
AAIgmTbTbTk,CREDICARD ZERO É BOM? CARTÃO CREDICARD ZERO COMO FUNCIONA? CARTAO CREDICARD ZERO 2019,2019-06-06 21:57:46,2019-06-06 18:57:46,quinta,18,509,longo,2547,164,107,investir e cocar|cartao credicard zero 2019|credicard zero 2019|cartão credicard zero como fazer|cartao credicard zero como funciona|cartão credicard zero|como pedir um credicard zero|o que é credicard zero|credicard zero solicitar|cartao credicard|credicard zero|credicard|credicard zero vale a pena|credicard zero como ser aprovado|credicard zero é bom|credicard zero anuidade|credicard zero app|credicard zero vs nubank,1934,https://i.ytimg.com/vi/AAIgmTbTbTk/maxresdefault.jpg
0fb9EXEXBn4,"CASHBACK COMO FUNCIONA? PONTOS MULTIPLUS, APP MELIUZ E AME DIGITAL.",2019-06-04 21:57:42,2019-06-04 18:57:42,terça,18,792,longo,2866,172,38,investir e cocar|app meliuz|meliuz e ame|meliuz e ame digital|cashback como funciona|ame app|ame app como funciona|cashback meliuz|meliuz como funciona|conta ame digital|aplicativos cashback|cashback ame|cashback|ame digital|MULTIPLUS|pontos multiplus|cash back|programas de cashback|meliuz americanas|ofertas multiplus|promoções multiplus|multiplus milhas|melhores cashback|denis miyabara|cartao meliuz|aplicativo ame,2027,https://i.ytimg.com/vi/0fb9EXEXBn4/maxresdefault.jpg
SsZAITSAR6s,Como abrir conta para menor de 18 anos? Como abrir conta no banco sendo menor?,2019-06-02 21:58:50,2019-06-02 18:58:50,domingo,18,571,longo,80899,3781,521,banco para menor de 18 anos|conta digital para menores|conta para menor|conta digital para menor de 18 anos|banco para menor|banco para menor de idade|conta kids|banco para menores|nubank|conta digital para menor de 18|menor de 18 anos|banco digital para|banco inter para menor de 18|conta para menor de 18 anos banco inter|banco digital para menores|menor de idade pode ter conta em banco|como abrir uma conta para menor de 18 anos|qual a melhor conta para menor,1223,https://i.ytimg.com/vi/SsZAITSAR6s/maxresdefault.jpg
V0LCzury2aU,Como juntar dinheiro rápido? Como juntar 10 mil reais em um ano em 5 passos!,2019-05-28 21:58:13,2019-05-28 18:58:13,terça,18,708,longo,10125,741,104,como juntar dinheiro: R$10 mil em um ano|investir e cocar|como juntar dinheiro em um ano|10 mil em um ano|como juntar 10 mil reais em um ano|juntar dinheiro|como juntar dez mil reais em um ano|como juntar dinheiro rapido|juntar 10 mil em um ano|10 mil reais|como guardar dinheiro|5 passos para investir|como juntar dinheiro ganhando pouco|como juntar dinheiro rapido e facil|denis miyabara|r$10000|5 passos para investir no tesouro direto|r$10 mil|10K|5 PASSOS,1798,https://i.ytimg.com/vi/V0LCzury2aU/maxresdefault.jpg
xkpdVMxhp3M,BANCO NEXT. PERGUNTAS E RESPOSTAS DO CARTÃO NEXT.,2019-05-14 21:57:41,2019-05-14 18:57:41,terça,18,544,longo,38991,1784,828,next faq|next perguntas|investir e coçar|investir e cocar|next banco|cartão next|banco next|banco next como funciona|banco next app|banco next cartão de crédito|next cartão|banco next na faixa|next banco é bom|next banco bradesco|banco next é bom|nextbanco|banco next é confiavel|perguntas e respostas|banconext|banco inter|next|next banco 2019|denis miyabara|next entrar|BANCONEXT|conta digital next|banco digital next,1717,https://i.ytimg.com/vi/xkpdVMxhp3M/maxresdefault.jpg
1rmTFk80LpI,1 MILHÃO COM TESOURO DIRETO! TESOURO DIRETO É A MELHOR OPÇÃO? VEJA COM  TESOURO DIRETO SIMULADOR,2019-05-07 21:58:15,2019-05-07 18:58:15,terça,18,651,longo,1242,72,16,1 milhão com tesouro direto|1 milhao com tesouro direto|um milhao com tesouro direto|tesouro direto é a melhor opção?|TESOURO DIRETO É A MELHOR OPÇÃO|1 milhão com 30|1 milhao com acoes|tesouro direto|tesouro selic|como juntar um milhao de reais|como juntar 1 milhão de reais|meu primeiro milhao|primeiro milhão|1 milhão|TESOURO DIRETO SIMULADOR|SIMULADOR|TESOURO DIRETO VALE A PENA|TESOURO DIRETO 2019|selic ou ipca|simulador tesouro direto,1705,https://i.ytimg.com/vi/1rmTFk80LpI/maxresdefault.jpg
vRL4COvcnB8,Fui ILUDIDO pelo TRIGG! Cartão de crédito TRIGG é bom?,2019-04-30 19:29:31,2019-04-30 16:29:31,terça,16,641,longo,10282,360,143,trigg|investir e coçar|cartão trigg|trigg limite|cartao trigg 2019|trigg cartao virtual|trigg cartão de crédito|cartão trigg tem anuidade|trigg e bom|como solicitar trigg|cartao trigg visa|trigg e confiavel|trigg cartao de credito é bom|Cartão de crédito TRIGG é bom?|cartao trigg chegou|como fazer cartao trigg|trigg limite inicial|cartao trigg como pedir|cartao trigg dc|cartao trigg vale a pena|cartão trig é bom|vale a pena ter cartão trig|frank trigg,1878,https://i.ytimg.com/vi/vRL4COvcnB8/maxresdefault.jpg
sfnHwquGusQ,RECUSADO pelo Banco NEON! E agora? Saiba como SER APROVADO PELO BANCO,2019-04-23 21:57:50,2019-04-23 18:57:50,terça,18,482,longo,13648,364,83,recusado pelo banco neon|neon me recusou|como ser aprovado pelo banco|recusado pelo banco|saiba como ser aprovado|banco neon tempo de aprovação|DENIS miyabara|investir e coçar é só começar|investir e cocar|investir e coçar|banco neon cartao de credito|banco neon|conta digital|contas digitais|banco digital|banco neon vale a pena|cartão de crédito neon|cartão de crédito|cartão neon|cartão neon é bom|neon|banco neon é seguro|neon cartão de crédito,1964,https://i.ytimg.com/vi/sfnHwquGusQ/maxresdefault.jpg
M_ir1o_g5A8,NUBANK(NUCONTA) vs BANCO INTER! QUAL A MELHOR CONTA DIGITAL? COMPARAÇÃO,2019-04-09 22:37:12,2019-04-09 19:37:12,terça,19,528,longo,7994,834,140,banco inter vs nuconta|qual a melhor conta|inter vs nuconta|qual a melhor conta digital|melhor conta digital|nuconta vs inter|nubank vs banco inter|banco inter vs nubank|investir e cocar|investir e coçar é só começar|nubank vs inter|inter vs nubank|investir e coçar|inter|banco inter|conta digital|denis miyabara|nubank|nuconta|banco inter vale a pena|nubank vale a pena|cartao nubank|cartao banco inter|cartão de crédito|comparação de cartão de crédito,1134,https://i.ytimg.com/vi/M_ir1o_g5A8/maxresdefault.jpg
ADn4VZs6M1k,BANCO NEXT VANTAGENS E DESVANTAGENS! BANCO NEXT vale a pena?,2019-04-02 21:57:49,2019-04-02 18:57:49,terça,18,606,longo,105408,6210,826,banco next vantagens|banco next desvantagens|banco next vantagens e desvantagens|next vantagens e desvantagens|next desvantagens|banco next vale a pena|vale a pena banco next|banco next é confiavel|next é confiavel|banco next bradesco|next bradesco|bradesco next|banco digital next|banco next é bom|next é bom|banco digital|banco next funciona|next funciona|investimentos|educação financeira|dinheiro|finanças|bancos digitais|denis miyabara|investir|cartão,1188,https://i.ytimg.com/vi/ADn4VZs6M1k/maxresdefault.jpg
qbEPEtpooT8,Bettina é uma fraude? Verdade?,2019-03-26 21:58:49,2019-03-26 18:58:49,terça,18,153,longo,1629,44,13,denis miyabara|investir e coçar|investir e cocar|investir e coçar é só começar|bettina|betina|empiricus|empiricus propaganda|bettina empiricus|the noite 18/03|18/03|money times bettina|money times|1 milhão|1 milhao|riqueza|fortuna|propaganda|bettina rudolph|bettina meme|poupança|rica|bettina jovem pan|bettina the noite|jovem pan|notas de 100|bettina um milhão|silvio santos|bettina anuncio|bettina farsa|bettina panico|bettina comercial,1682,https://i.ytimg.com/vi/qbEPEtpooT8/maxresdefault.jpg
yIhzDIKU-4U,Bettina é uma fraude? Mentira?,2019-03-26 21:57:44,2019-03-26 18:57:44,terça,18,130,longo,1580,22,2,denis miyabara|investir e coçar|investir e cocar|investir e coçar é só começar|bettina|betina|empiricus|empiricus propaganda|bettina empiricus|the noite 18/03|18/03|money times bettina|money times|1 milhão|1 milhao|riqueza|fortuna|propaganda|bettina rudolph|bettina meme|poupança|rica|bettina jovem pan|bettina the noite|jovem pan|notas de 100|bettina um milhão|silvio santos|bettina anuncio|bettina farsa|bettina panico|bettina comercial,1682,https://i.ytimg.com/vi/yIhzDIKU-4U/maxresdefault.jpg
4IKaWtZbjsI,Bettina é uma fraude? Verdade ou mentira?,2019-03-26 21:57:41,2019-03-26 18:57:41,terça,18,302,longo,1237,35,13,denis miyabara|investir e coçar|investir e cocar|investir e coçar é só começar|bettina|betina|empiricus|empiricus propaganda|bettina empiricus|money times bettina|1 milhão|1 milhao|riqueza|fortuna|propaganda|bettina rudolph|bettina meme|poupança|rica|bettina jovem pan|bettina the noite|jovem pan|bettina um milhão|bettina anuncio|bettina farsa|bettina panico|bettina comercial|jovem pan betina|silvio santos|notas de 100,1682,https://i.ytimg.com/vi/4IKaWtZbjsI/maxresdefault.jpg
oVXHmT6_TPU,"Como juntar 1 milhão de reais começando com R$ 20,70? Primeiro milhão!",2019-03-19 22:37:44,2019-03-19 19:37:44,terça,19,702,longo,5664,304,43,investir e coçar é só começar|investir e coçar|investir e cocar|denis miyabara|Como juntar 1 milhão de reais|juntar 1 milhao de reais|juntar 1 milhao|juntar 1 milhão de reais|Como juntar um milhão de reais|como juntar 1 milhão|Primeiro milhão|como investir|Bolsa de valores|liberdade financeira|Como ficar milionário|milionária|como ficar rico|investimentos|primeiro milhao|1 milhão|1 milhao|betina|juntar dinheiro|milhao|milhão|canal de finanças|me poupe,2246,https://i.ytimg.com/vi/oVXHmT6_TPU/maxresdefault.jpg
COvxnCbar0I,BANCO INTER Vale a Pena? Saiba tudo sobre a CONTA e CARTÃO do BANCO  INTER,2019-03-12 22:03:17,2019-03-12 19:03:17,terça,19,575,longo,6456,487,131,investir e coçar é só começar|investir e cocar|conta banco inter|investir e coçar|banco inter cartão|banco inter vale a pena|cartão inter|cartão banco inter|inter|banco inter é de graça|banco inter cartao de credito|cartao inter|banco inter|banco digital inter|banco inter é bom|como abrir conta inter|cartão de crédito|banco digital|banco inter como funciona|intermedium|investimento|denis miyabara|cartao de credito|inter banco digital|conta digital,1980,https://i.ytimg.com/vi/COvxnCbar0I/maxresdefault.jpg
MvgqDLIrsbM,PORTABILIDADE DA PREVIDÊNCIA PRIVADA,2019-03-05 22:01:50,2019-03-05 19:01:50,terça,19,641,longo,1900,79,13,investir e coçar é só começar|investir e coçar|portabilidade de previdencia|portabilidade|como fazer portabilidade da previdencia|portabilidade da previdencia|denis miyabara|investir e cocar|previdência privada|previdencia privada|previdencia privada como funciona|previdência privada como funciona|previdencia privada vale a pena|como fazer portabilidade|APOSENTAR|APOSENTADORIA|PREVIDENCIA|REFORMA DA PREVIDENCIA|PGBL|VGBL|TESOURO DIRETO OU PREVIDENCIA PRIVADA,1514,https://i.ytimg.com/vi/MvgqDLIrsbM/maxresdefault.jpg
sAhjFG0oMDk,NOVO CARTÃO NUBANK l CONTACTLESS E PLATINUM #sounu,2019-02-26 22:00:58,2019-02-26 19:00:58,terça,19,544,longo,6535,198,518,novo cartao nubank platinum|denis miyabara|investir e coçar|investir e cocar|investir e coçar é só começar|cartão nubank|nubank cartao|limite nubank|nubank como funciona|nubank conta|nubank aumentar limite|convite nubank|cartao de credito nubank|cartao de credito|banco nubank|como aumentar limite nubank|nubank cartão de crédito|cartão nubank como fazer|cartão de crédito|cartão de credito nubank|rewards nubank|nuconta|contactless|novo cartão nubank,2645,https://i.ytimg.com/vi/sAhjFG0oMDk/maxresdefault.jpg
yFJ_LCvFa5Q,FUNDOS IMOBILIÁRIOS! COMO INVESTIR EM FUNDOS IMOBILIARIOS,2019-02-19 21:58:49,2019-02-19 18:58:49,terça,18,530,longo,2570,68,12,investir e coçar é só começar|investir e coçar|investir e cocar|denis miyabara|como investir em fundos imobiliarios|me poupe|melhores fundos imobiliarios|fundos imobiliarios 2019|fundos imobiliarios|fundos imobiliários|fiis|fii|investimentos|melhores fundos imobiliarios 2019|fundo imobiliario|fundos de investimento|pit money|fundos imobiliarios easynvest|aluguel|dividendos|imoveis|imóvel|viver de renda|fundos imobiliarios rendimento mensal|como investir|imovel,2333,https://i.ytimg.com/vi/yFJ_LCvFa5Q/maxresdefault.jpg
JEx8WuL4ql0,NÃO TOME NO COE! Bolsa para iniciantes e leigos,2019-02-05 21:10:12,2019-02-05 18:10:12,terça,18,555,longo,2641,50,3,denis miyabara|investir e coçar é só começar|investir e coçar|investir e cocar|educação financeira|finanças pessoais|canal de finanças|COE|bolsa para iniciantes|iniciantes|comece|coe investimento|coe me poupe|coe significado|renda variavel|investir|iniciante|me poupe|leigos|leigo|coe para investir|como funciona coe|títulos do tesouro|renda fixa|investimentos|bolsa de valores|como investir|bolsa para leigos|capital protegido,2755,https://i.ytimg.com/vi/JEx8WuL4ql0/maxresdefault.jpg
zbmo52Wl6TY,ETF VALE A PENA? INICIE NA BOLSA! DEIXE DE SER BUNDÃO,2019-01-29 21:49:47,2019-01-29 18:49:47,terça,18,438,longo,2055,113,12,denis miyabara|investir e coçar é só começar|investir e coçar|investir e cocar|etf|etfs|bova11|me poupe|b3|canal de finanças|investir|investimentos|educação finanças|bolsa de valores|fundo de investimento|bovespa|como investir|melhores etfs|ações|netflix|negociados em bolsa|divo11|ivvb11|ibrax11|etfs vale a pena|etf me poupe|etf bova11|etf renda fixa|etf o que é|etf bovespa|ação|etf vale a pena|dividendos|investimento|como investir na bolsa,1752,https://i.ytimg.com/vi/zbmo52Wl6TY/maxresdefault.jpg
R49nsspScnc,BOLSA DE VALORES PARA INICIANTES!,2019-01-22 22:21:04,2019-01-22 19:21:04,terça,19,543,longo,3140,252,28,denis miyabara|investir e coçar é só começar|investir e coçar|investir e cocar|bolsa de valores para leigos|bolsa valor|bolsa de valores|2019|bolsa|iniciantes|para iniciantes|como investir na bolsa|investir|como investir|investir passo a passo|bolsa passo a passo|passo a passo|investir bolsa de valores|investimento|na bolsa|como funciona|valores|me poupe|o primo rico|economirna|canal de finanças|educação financeira|finanças pessoais,2087,https://i.ytimg.com/vi/R49nsspScnc/maxresdefault.jpg
Ifuk3Y_rMtE,Melhores fundos de Investimento 2018!,2019-01-15 23:32:36,2019-01-15 20:32:36,terça,20,617,longo,1370,42,18,investir e coçar|investir e coçar é só começar|fundos de investimento|fundos de investimentos|fundo de investimento|melhores fundos de investimento|melhores fundos|melhores fundos de investimento 2018|fundo multimercado|fundo renda fixa|melhores fundos de investimentos 2018|educação financeira|denis miyabara|investimentos|bolsa de valores|melhores fundos de investimentos 2019|renda fixa|melhores fundos de investimentos|fundos de investimento vale a pena,1865,https://i.ytimg.com/vi/Ifuk3Y_rMtE/maxresdefault.jpg
HuHxsX_Rgxg,Descubra 5 erros da MENTALIDADE POBRE e PARE DE SER POBRE!,2019-01-08 21:58:41,2019-01-08 18:58:41,terça,18,225,longo,2887,182,15,denis miyabara|investir e coçar é só começar|investir e coçar|investir e cocar|riqueza|pobre|rico|pobre de dinheiro|os 5 erros que as pessoas pobres cometem|5 erros que as pessoas pobres cometem|5 erros que os pobres cometem|o erro mais bizarro das pessoas pobres|canal de finanças|educação financeira|como ficar rico|rico e pobre|pobres|erro|maior erro|dos pobres|mentalidade|de pobre|cabeça|mindset|pensamento|comportamento|como multiplicar dinheiro,1734,https://i.ytimg.com/vi/HuHxsX_Rgxg/maxresdefault.jpg
5SJe9zGCx6k,Planejamento 2019! 5 passos que mudarão sua vida,2018-12-31 20:58:15,2018-12-31 17:58:15,segunda,17,544,longo,1486,52,15,denis miyabara|investir e coçar é só começar|investir e cocar|investir e coçar|como se planejar|dicas de planejamento|planejamento|2019|planejamento 2019|metas para o ano novo|como planejar o ano|planejar|metas 2019|orçamento 2019|orçamento|como planejar 2019|mercado financeiro|finanças pessoais|economia|finanças|como juntar dinheiro|planejamento financeiro 2019|canal de finanças|controle financeiro pessoal|onde investir|educação financeira,2241,https://i.ytimg.com/vi/5SJe9zGCx6k/maxresdefault.jpg
YpeBcMQwCUs,Decimo terceiro Caiu e já Sumiu? Seus problemas acabaram,2018-12-18 22:36:33,2018-12-18 19:36:33,terça,19,642,longo,1506,26,5,parcela decimo terceiro 2018|Décimo terceiro salário|décimo terceiro salário|decimo terceiro|decimo terceiro 2018|investir e coçar é só começar|investir e cocar|investir e coçar|canal de finanças|décimo terceiro|13 salário|13º|parcela decimo terceiro|primeira parcela decimo terceiro|decimo terceiro calculo|como calcular decimo terceiro proporcional|investir em 2019|décimo terceiro como funciona|décimo terceiro proporcional|como investir|denis miyabara,2426,https://i.ytimg.com/vi/YpeBcMQwCUs/maxresdefault.jpg
hGhxUidoNbA,Segredo da Resiliência Revelado!,2018-12-11 22:26:18,2018-12-11 19:26:18,terça,19,258,longo,1454,39,9,denis miyabara|investir e coçar é só começar|investir e cocar|investir e coçar|autodesenvolvimento|autoajuda|vídeo motivação|resiliência|Palestra sobre Resiliência|inspiracional|autoconhecimento|resiliencia|motivacional|psicologia|video motivacional|emocional|o que é resiliência|frases|canal de finanças|educação financeira|resiliencia o que é|the secret|motivação|motivador|vídeo de motivação|acredite|o segredo|segredo da resiliencia,2510,https://i.ytimg.com/vi/hGhxUidoNbA/maxresdefault.jpg
cQc6gfby9TM,MELHORES INVESTIMENTOS para 2019? AGORA VAI ou NÃO VAI?,2018-12-04 22:29:36,2018-12-04 19:29:36,terça,19,431,longo,1575,47,5,denis miyabara|investir e coçar é só começar|investir e cocar|investir e coçar|Melhor investimento|Melhor investimento para 2019|melhores investimentos 2019|tesouro direto 2018|tesouro direto 2019|Melhores investimentos para 2019|Melhores investimentos financeiros 2019|Melhores criptomoedas para investir 2019|Melhores empresas para investir 2019|Melhores moedas para investir 2019|melhores ações para investir 2019|renda fixa|canal de finanças|onde investir 2019,2488,https://i.ytimg.com/vi/cQc6gfby9TM/maxresdefault.jpg
bf0r46NtVxg,TESOURO DIRETO 2019 VALE APENA? Tesouro direto como funciona? ENTENDA,2018-11-28 00:17:26,2018-11-27 21:17:26,terça,21,503,longo,4370,322,35,denis miyabara|investir e coçar é só começar|investir e coçar|Tesouro Direto|Tesouro nacional|INVESTI R$50.000 NO TESOURO DIRETO|passo a passo de como investir|Tesouro|investir no tesouro selic|me poupe|tesouro direto 2019|tesouro direto vale a pena|renda fixa|tesouro selic|Tesouro direto como funciona|tesouro direto selic|investir tesouro direto|como investir tesouro direto|direto|nacional|educação financeira|como investir|o que é|selic|2018,2500,https://i.ytimg.com/vi/bf0r46NtVxg/maxresdefault.jpg
q0lGD-FbvAo,BLACK FRIDAY II de III: GANHE DINHEIRO GASTANDO I Pare de ser MONGONGO!,2018-11-21 21:58:37,2018-11-21 18:58:37,quarta,18,681,longo,2033,40,5,denis miyabara|investir e coçar|investir e cocar|investir e coçar é só começar|red friday 2018|blak flayd lojas 2018|blak flayd 2018|blak flayd lojas 2018 data|red friday 2018 data|red friday americanas 2017|blak flayd casas bahia 2017|blak flayd casas bahia 2018|black friday|black|fraday|2018|black friday 2018|black fraude|BLACKFRIDAY|investimentos|nubank|next|score|multiplus|multiplus fidelidade|pontos multiplus|multiplus pontos|multiplus como funciona,2893,https://i.ytimg.com/vi/q0lGD-FbvAo/maxresdefault.jpg
lsxHdQiPhLw,SCORE consulta! Como aumentar o meu SCORE URGENTE! Viagra do SCORE,2018-11-13 20:36:15,2018-11-13 17:36:15,terça,17,401,longo,14423,1991,123,como aumentar meu score urgente|score consulta|como aumentar meu score|investir e cocar|aumentando seu score|consulta score|aumentar score|denis miyabara|como aumentar o score|como aumentar score rapido|como aumentar o score do cpf|como aumentar seu score|boa vista|débito automático|cpf|consulta cpf|canal de finanças|educação financeira|como aumentar score|serasa score|banco next|cartão de crédito|serasa consumidor|aumentar score 2019,2289,https://i.ytimg.com/vi/lsxHdQiPhLw/maxresdefault.jpg
JKDNQDhy8WM,NUBANK CARTAO CHEGOU!!! NUBANK como funciona? NUCONTA vale a pena?,2018-11-06 22:26:49,2018-11-06 19:26:49,terça,19,738,longo,8410,561,133,denis miyabara|investir e coçar é só começar|investir e coçar|investir e cocar|nubank|nuconta|conta nubank|vantagens do nubank|nu bank|nuconta é bom|ganhar dinheiro nubank|nubank é confiavel|nubank app|fazer cartao nubank|de credito|credito|o que é|conta|taxas|tem taxas|quais|cartao de credito|é bom|nu|confiavel|fintech|canal de finanças|finanças pessoais|conta digital|digital|saque na nuconta|debito|rendimento|nu conta|vale a pena|CDI|sem taxa,2412,https://i.ytimg.com/vi/JKDNQDhy8WM/maxresdefault.jpg
-IF34CxvL38,NUBANK como FUNCIONA? Cartão NUBANK e NUCONTA vale a pena?,2018-10-30 23:05:22,2018-10-30 20:05:22,terça,20,734,longo,11358,339,175,nubank passo a passo|passo a passo nubank|passo a passo nuconta|nuconta passo a passo|nubank funciona|nubank como funciona|como funciona nubank|investir e coçar|cartão nubank|denis miyabara|investir e cocar|investir e coçar é só começar|conta nubank|nubank é bom|cartao de credito|cartão de crédito|nubank o que é|nubank vale a pena|nuconta vale a pena|nuconta como funciona|como funciona nuconta|Cartão nubank e nuconta|o que é nubank|nubank 2019,2141,https://i.ytimg.com/vi/-IF34CxvL38/maxresdefault.jpg
7CdwOTT7U3o,CDB PREFIXADO VALE A PENA? COMO FUNCIONA? O que NINGUÉM te conta!,2018-10-23 22:58:22,2018-10-23 19:58:22,terça,19,293,longo,16596,549,71,cdb prefixado|cdb|pré ou pós fixado|educação financeira|renda fixa|prefixado ou ipca|prefixados|cdb prefixado vale a pena|cdb prefixado 2018|melhores cdb prefixado 2018|cdb prefixado como funciona|cbd prefixado simulador|cdb prefixado melhor taxa|denis miyabara|investir e coçar é só começar|investir e coçar|investir e cocar|investirecocar|investirecoçar|investir e cocar e so comecar|cdb prefixado 7 anos|cdb prefixado caixa|cdb prefixado me poupe,1958,https://i.ytimg.com/vi/7CdwOTT7U3o/maxresdefault.jpg
1ruMsoLb-Bw,O que é e como investir NASDAQ?,2018-10-16 23:00:39,2018-10-16 20:00:39,terça,20,256,longo,13584,621,35,denis miyabara|denismiyabara|investir|coçar|investirecocar|investirecoçar|investir e coçar|investir e cocar|investir e coçar é só começar|investir e cocar e so comecar|nasdaq|o que é nasdaq?|o que e nasdaq?|nasdaq (stock exchange)|nasdaq empresas|nasdaq bolsa de valores|o que é nasdaq e dow jones|nasdaq omx group|indice nasdaq|nasdaq cotação|codigo nasdaq|diferença nasdaq e nyse|nasdaq como investir|nasdaq ao vivo|como operar nasdaq|nasdaq como fundiona,1580,https://i.ytimg.com/vi/1ruMsoLb-Bw/maxresdefault.jpg
IplUh6Uh7bk,PAI RICO RICO PAI POBRE !,2018-10-02 22:55:16,2018-10-02 19:55:16,terça,19,190,longo,5496,89,10,pai rico pai pobre ilustradamente|pai rico pai pobre seja uma pessoa melhor|pai rico pai pobre ensinamentos|pai rico pai pobre filme|denis miyabara|investir e coçar é só começar|investir e coçar|investir e cocar|pai rico pai pobre|pai rico pobre|pai pobre pai rico|robert kiyosaki|Resumo pai rico pai pobre|pai rico pai pobre completo|pai rico pai pobre audiobook|pai rico pai pobre resumo|pai rico pai pobre filme completo|pai rico pai pobre audio livro,2616,https://i.ytimg.com/vi/IplUh6Uh7bk/maxresdefault.jpg
T956DmDdPDU,BANCO NEXT VALE A PENA? É CONFIÁVEL? COMO FUNCIONA? Tudo sobre o Banco Next,2018-08-28 15:00:05,2018-08-28 12:00:05,terça,12,343,longo,492441,19430,2766,banco next|next banco|banco next vale a pena|banco next é confiavel|banco next é bom|banco next vale a pena 2020|banco next cartao de credito|banco next investimento|banco next poupança|next conta digital|banco digital next|vale a pena banco next|tudo sobre o banco next|BANCO NEXT VALE A PENA? É CONFIÁVEL?Tudo sobre o Banco Next|banco next é seguro|next|como funciona banco next|banco next como funciona|investir|investir e coçar é só começar|denis miyabara,2358,https://i.ytimg.com/vi/T956DmDdPDU/maxresdefault.jpg
8v4Vjd3GYiQ,POUPANÇA VALE A PENA INVESTIR? QUANTO VALE A POUPANÇA HOJE? PARE de ser MONGONGO,2018-08-21 17:01:01,2018-08-21 14:01:01,terça,14,232,longo,2060,112,18,investir e cocar|investir e coçar|investir e cocar e so comecar|investir e coçar é só começar|denis miyabara|denismiyabara|investirecocar|poupança itau|poupança vale a pena|investir poupança|investir poupança vale a pena|poupança e coisa pra otario|nathalia arcuri|poupança rendimento|poupança ou tesouro direto|poupança ou tesouro selic|poupança me poupe|o que rende mais que a poupança|poupança ou renda fixa|tesouro direto vale mais que poupança|poupança,1849,https://i.ytimg.com/vi/8v4Vjd3GYiQ/sddefault.jpg
ocAE8RnU8CQ,COMPRAR ou ALUGAR imóvel? IMÓVEL na PLANTA VALE A PENA? A VERDADE NUMÉRICA,2018-08-14 21:31:43,2018-08-14 18:31:43,terça,18,430,longo,1232,98,13,comprar|alugar|comprar ou alugar apartamento|comprar apartamento|comprar ou alugar|investir e coçar é só começar|investir e cocar e so comecar|investir e coçar|investir e cocar|alugar ou financiar|denis miyabara|COMPRAR OU alugar|comprar ou alugar me poupe|comprar ou alugar primo rico|comprar ou alugar imóvel|imovel comprar ou alugar|comprar na planta vale a pena|alugar ou comprar|alugar ou comprar apartamento|investirecocar|denismiyabara,1920,https://i.ytimg.com/vi/ocAE8RnU8CQ/maxresdefault.jpg
1AK_xZuiUw0,TESOURO DIRETO – A minha experiência ao INVESTIR PELA PRIMEIRA VEZ e o PRIMEIRO TÍTULO que comprei!,2018-08-05 02:19:51,2018-08-04 23:19:51,sábado,23,376,longo,2050,178,25,denis miyabara|investir e cocar|investir e coçar|investir e coçar é só começar|finanças pessoais|educação financeira|como investir no tesouro direto|canal de finanças|tesouro direto selic|tesouro direto me poupe|tesouro direto como investir|banco next vale a pena|banco next é bom|banco next cartao de credito|banco next ou inter|banco next comercial|tesouro direto|xp investimentos tesouro direto|renda fixa|como investir,1405,https://i.ytimg.com/vi/1AK_xZuiUw0/maxresdefault.jpg
loGcxVvD0mo,O que é CDB? CDB comece por aqui!,2018-07-30 01:01:43,2018-07-29 22:01:43,domingo,22,395,longo,898,84,9,denis miyabara|investir e coçar é só começar|investir e cocar|investir e coçar|O que é CDB?|CDB do Banco Bradesco|o que e cdb|o que é cdb|canal de finanças|educação financeira|finanças pessoais|cdb ou tesouro direto|cdb ou tesouro selic|cdb me poupe|cdbs|cdb|cdb ou selic|imposto de renda|prefixado|pos fixado ou prefixado|tesouro direto|tesouro direto como funciona|o que é cdb e cdi|o que é cdb cdi lca lci,1516,https://i.ytimg.com/vi/loGcxVvD0mo/hqdefault.jpg
Gm9vAm6OyOQ,O Que é CDI? Investir em CDI? Entenda isso HOJE de forma SIMPLES e pare de PERDER DINHEIRO!,2018-07-03 03:29:48,2018-07-03 00:29:48,terça,0,177,longo,1805,134,9,cdi|o que e cdi|denis miyabara|o que é cdi|investir e cocar|investir e coçar|investir e coçar é só começar|cdi o que é|finanças pessoais|educação financeira|canal de finanças|o que é cdb|investimentos|investir|taxa|certificado de deposito interfinanceiro|certificado de deposito interbancario|emissão|bancaria|finanças|onde investir|titulos|papel|taxa cdi|investir em cdi|me poupe|cdi multscan|cdi me poupe|o primo rico|economirna|tesouro direto|renda fixa,2905,https://i.ytimg.com/vi/Gm9vAm6OyOQ/maxresdefault.jpg
