id,tema,formato,views,titulo
PoY4WqA1k5Q,alerta macro,longo,224209.0,RECESSÃO GLOBAL ECONÔMICA 2023 VAI PEGAR TODO MUNDO!
flmY3ta0ClE,alerta macro,short,74453.0,🚨CUIDADO NOVO GOLPE DO PIX (esse é profissional) #investimentos
p9wkMT4RV40,alerta macro,longo,48558.0,O Brasil deu calote no Tesouro Direto? A verdade dos R$ 100 mil
21Z-frnEeTk,alerta macro,longo,41974.0,OIBR3 VENDEU E AGORA O QUE VAI ACONTECER COM AS AÇÕES DA OI?
tpobf1e1OtM,alerta macro,longo,33147.0,A Crise Já Está Acontecendo (e Só os Espertos Estão Vendo)
JDtxzQthFlk,alerta macro,longo,32340.0,MORTE DO BITCOIN? O ALERTA QUE O MERCADO NÃO QUER OUVIR
UBRkjhD3KsY,alerta macro,longo,31992.0,NOVA CRISE dos FUNDOS IMOBILIÁRIOS TUDO O QUE É PRECISO SABER para APROVEITAR!
Q_jaMdPDVmw,alerta macro,short,27221.0,SELIC 15% Banco Central sobe a Taxa de Juros
KipoLyz63nQ,alerta macro,longo,26139.0,"COMO FICAM AS AÇÕES DO SETOR ELÉTRICO COM A REFORMA TRIBUTÁRIA? TAEE11, ALUP11, EGIE3, TRPL4, AURE3"
PD1RWSRnB2w,alerta macro,longo,26108.0,A BOLHA IMOBILIÁRIA DO AIRBNB VAI SER A MELHOR HORA PARA FICAR RICO | Robert Kiyosaki
3sfCQWv2kIQ,alerta macro,longo,24096.0,DIVIDENDOS E JCP VÃO ACABAR COM A NOVA REFORMA TRIBUTÁRIA?
Kb1r8mi0kIE,alerta macro,longo,21822.0,IRBR3 - OS VENDIDOS PODEM IR À FALÊNCIA COM ESSA NOTÍCIA! CUIDADO COM AS AÇÕES IRBR3
KMIsVEOcaLM,alerta macro,longo,20413.0,"CUIDADO com Tesouro Direto IPCA+ 8,32% (veja antes do Copom)"
3UPWzmICZMI,alerta macro,longo,19495.0,ALERTA DE CRISE! O QUE os GRANDES INVESTIDORES SABEM e VOCÊ PRECISA DESCOBRIR!
tb0nwpl9mFw,alerta macro,longo,17853.0,NÃO INVISTA no TESOURO DIRETO AGORA SEM SABER DISSO (CUIDADO)
Kwf4IvhOb9s,alerta macro,longo,17509.0,"TAXA SELIC SUBIU PARA 10,75%| QUANTO RENDE R$1000,00 NA POUPANÇA COM A ALTA DA TAXA SELIC?"
tRzZue7R400,alerta macro,longo,17022.0,NOVA BOLHA de CARROS VAI ESTOURAR!
GXRoC612i9Y,alerta macro,short,16327.0,Meta fiscal 2024 #investimentos
2YO2sa_Hheg,alerta macro,longo,15411.0,"NOVO ETF de DIVIDENDOS MENSAIS: QQQI11 (esse sim vale a pena, mas CUIDADO)"
5Nqd3fbrqfA,alerta macro,longo,13885.0,COMO a BOLHA IMOBILIÁRIA do AIRBNB (AIRB34) PODE TE QUEBRAR? Proteja-se
EbyQWs4bnwg,alerta macro,longo,13350.0,DOLAR: É O MELHOR MOMENTO PARA INVESTIR EM DÓLAR? Vale a pena comprar dolar agora?
8oRyNptbnfI,alerta macro,longo,13128.0,AVENUE O QUE ACONTECE SE A AVENUE SECURITIES QUEBRAR?
lsxHdQiPhLw,alerta macro,longo,13017.0,SCORE consulta! Como aumentar o meu SCORE URGENTE! Viagra do SCORE
VRNk0bHD8Rk,alerta macro,longo,11843.0,IMPOSTO DE RENDA E SE NÃO DECLARAR?
xuWgbJYAR3Q,alerta macro,longo,11611.0,"OIBR3 OI AÇÕES VENDEU TUDO E SALTOU 5,05%! E AGORA O QUE VAI ACONTECER COM AS AÇÕES DA OIBR3?"
eOHjUFjZMmM,alerta macro,longo,11534.0,SERÁ O FIM DO DOLAR? O DÓLAR VAI ACABAR?
A2LToPzQWHs,alerta macro,longo,11320.0,Esses Investidores Viram a BOLHA ANTES e Agora Alertam de Novo!
nfxpTOb5iPA,alerta macro,longo,11191.0,TESOURO DIRETO NA CRISE! COMO FUNCIONA O TESOURO DIRETO? COMO INVESTIR NO TESOURO DIRETO
3kVJPfu4ZA8,alerta macro,longo,11111.0,CUIDADO! ALTA DO IBOVESPA ESTÁ TE ENGANANDO! ENTENDA O MOVITO E NÃO SEJA ENGANADO
pUKCifqvcAY,alerta macro,longo,10956.0,3 AÇÕES QUE PODEM EXPLODIR COM A CRISE! AÇÕES PODEM SE BENEFICIAR DA CRISE | RESUMÃO DO JAPÃO
_jMeRDGONpo,alerta macro,longo,10919.0,SELIC 15%! Agora Tá MUITO Fácil Ter 1 Milhão (obrigado Lula)
PWotyrtMXBs,alerta macro,longo,10792.0,Os Sinais de Alerta da Crise que Ninguém Está Levando a Sério
00e3MwrSp7Y,alerta macro,longo,10691.0,CIEL3 OLHA O QUE O BANCO CENTRAL FEZ COM AS AÇÕES CIELO! E AGORA O QUE SERÁ DA CIEL3 CIELO?  | #252
geVmik82NiY,alerta macro,longo,10433.0,BANCOS DIGITAIS VÃO QUEBRAR? BANCOS QUEBRANDO MEU DINHEIRO ESTÁ SEGURO?
IK3zhglmbqg,alerta macro,short,10406.0,"TAXA SELIC CAIU 11,25% #INVESTIMENTOS"
YSeUX3vHSVE,alerta macro,longo,10200.0,BANCO NEXT INVESTIMENTOS DEPOIS DA CRISE! Investimento NEXT vale a pena? [ATUALIZAÇÃO]
Ap5P6Qz0zj4,alerta macro,longo,10104.0,🔴 [URGENTE] TETO DE GASTOS VAI SER ROMPIDO? O QUE VAI ACONTECER COM A BOLSA DE VALORES?
7tAEOQw0Jo0,alerta macro,longo,10065.0,CRISE nos FUNDOS IMOBILIÁROS: Entenda isso antes que seja tarde (com estatística)
qtbczPm6RHY,alerta macro,longo,9742.0,Fim do IPCA+ 8%? Como intervenção do governo pode afetar seus títulos?
kadbN2su14M,alerta macro,longo,9546.0,"SELIC a 14,5%: INICIO DO FIM e DOMINÂNCIA FISCAL!"
pW5xKI_LUnc,alerta macro,longo,9082.0,IRBR3 PREJUÍZO DE SEMPRE e UM ALERTA PARA O INVESTIDOR!
5jtf5EbqspM,alerta macro,longo,8910.0,"TAXA SELIC SUBIU, É BOM OU RUIM? O QUE MUDA COM SELIC SUBINDO? INFLAÇAO TAXA SELIC 2021"
WtlXXTT1kdI,alerta macro,longo,8783.0,PREVIDÊNCIA: COLAPSO da MAIOR PIRÂMIDE FINANCEIRA do BRASIL
VsCxPvllxMk,alerta macro,longo,8732.0,🚨PERIGO: LULA ABANDONA META FISCAL 2024 e HADDAD TENTA JUNTAR OS CACOS - BOLSA DESPENCA
z2ponq_ewNE,alerta macro,short,8637.0,DIAS TRABALHADOS PARA PAGAR IMPOSTO
PTc7hh-TbgY,alerta macro,longo,8593.0,O REIT para DIVIDENDOS MENSAIS em DÓLAR
Je2UTeWuYbQ,alerta macro,longo,8558.0,🔥CRISE: COMO os MAIORES INVESTIDORES ESTÃO PROTEGENDO SEUS INVESTIMENTOS
UA3rJPz7IVk,alerta macro,longo,8334.0,20 ações prontas para explodir em dividendos – antes do governo morder!
zQslqpk2DMQ,alerta macro,longo,8187.0,"OIBR3 OI - OI escolhe o DONO da INFRACO e agora, o que vai acontecer com as AÇÕES da OI (OIBR3)?"
BO60fVY81nY,alerta macro,longo,8158.0,"VVAR3 AÇÕES VIA VAREJO "" ACHAMOS UM POTE DE OURO NA CRISE"" ROBERTO FULCHEBERGUER"
3AolJm9VUlk,alerta macro,short,7838.0,AESB3: O QUE É DIREITO DE RECESSO? DIRETO DE RECESSO VALE A PENA? #investimentos
UnbDpXuPdDI,alerta macro,longo,7729.0,AÇÕES VVAR3 VIA VAREJO FRAUDE FISCAL CONFIRMADA NA VIA VAREJO | RAPIDINHA DO JAPÃO #198
cMeLn4wEXYU,alerta macro,longo,7709.0,CUIDADO COM ESSA AÇÃO: A NOVA IRBR3!
uJqQirEVPbQ,alerta macro,longo,7690.0,BBAS3: CUIDADO O RESULTADO PODE TE ENGANAR ...
A_dqcKJKv0U,alerta macro,short,7552.0,🔴[URGENTE] RELATOR DA REFORMA DO IR DEVE DESCARTAR TRIBUTO SOBRE OS DIVIDENDOS #shorts
CEkcJHiMhcI,alerta macro,longo,7529.0,8 Cisnes Negros que Podem te Deixar Rico ou Quebrar em 2026
vZdYF50C2QQ,alerta macro,longo,7425.0,CRISE NA BOLSA DE VALORES! BOLSA DE VALORES EM QUEDA
QfXwGYrirz0,alerta macro,longo,7381.0,CIEL3 vale a pena? Ação cielo vai subir? Ciel3 2019
8qXbU4Y3kJc,alerta macro,short,6888.0,A NOVA IRBR3 (FHER3) TE ENGANOU DE NOVO! CUIDADO
snxQ1p3vyGg,alerta macro,short,6848.0,Taxa selic caiu hora de escolher as ações #investimentos
1veWCITSiBY,alerta macro,short,6690.0,Imposto de Renda é sempre Missão Impossível #impostoderenda
j_BQWFN9mUg,alerta macro,short,4980.0,Revolta com tributação das LCIs e LCAs
oMnXltEe4P8,alerta macro,short,4818.0,Explicando imposto da melhor forma possível 🤨 #shorts
3NT1aGdqvE4,alerta macro,short,4719.0,CUIDADO com esse FUNDO IMOBILIÁRIO 👀 #investimentos
YC2nYyNUGLY,alerta macro,short,4562.0,Mícron (MU) ignora BOLHA de IA e dispara na bolsa de valores
DfJ_EL4u3oE,alerta macro,short,4397.0,IMPOSTO DE RENDA Será que dá problema?
VFSyKmYClkY,alerta macro,short,4379.0,POUPANÇA: MEDO DO CONFISCO OU APRENDEMOS A INVESTIR?
GkJfil4AXsQ,alerta macro,short,4099.0,CUIDADO Novo Velho Golpe
i2d35g7kkVM,alerta macro,short,3257.0,E se eu não declarar imposto de renda
r_HW3POssic,alerta macro,short,3163.0,[URGENTE] IRBR3 RENÚNCIA DO PRESINTE!
CGE1io9zrVc,alerta macro,short,2954.0,IMPOSTO de RENDA 2024 #investimentos
hMCw-6Ik_Y0,alerta macro,short,2925.0,VALE E BANCOS CAINDO E TENSÃO COM A SUPER QUARTA (TAXA SELIC | COPOM e FOMC) #SHORTS
6OU9pRS8HCg,alerta macro,short,2875.0,CUIDADO o DREX VEM AI #drex
UgRPCygEDG0,alerta macro,short,2802.0,"Taxa de juros alta, vai matando o Brasil"
XEfMJdEEdH8,alerta macro,short,2677.0,Explicando imposto #investimentos
raBPI00SkZw,alerta macro,short,2404.0,Fechamento do Japão 07/02/2023 #investimentos #economia #fechamentodemercado
jUTHaCY1USo,alerta macro,short,2383.0,"Taxação Shein, Shopee e Aliexpress"
zY9TJhHhweA,alerta macro,short,2261.0,"PEGUE SEU DINHEIRO ESQUECIDO, ANTES DO GOVERNO"
o5GymyRyiLM,alerta macro,short,2191.0,9 ações de crescimento e que pagam dividendos acima da inflação
d2qiOaiUyJU,alerta macro,short,2056.0,FECHAMENTO DE MERCADO 13/12/2022 #investimentos #economia
1rb6KX8WkQE,alerta macro,short,1959.0,FECHAMENTO DO JAPÃO 06/02/2023 #investimentos #economia #fechamentodemercado
ZVdNnIxU2qc,alerta macro,short,1929.0,Fechamento de mercado 02/02/2023 #investimentos #economia #fechamentodemercado
ZsXBvZOy3_g,alerta macro,short,1858.0,NOVA BOLHA de CARROS VAI ESTOURAR?
O4BPlS5Gpjg,alerta macro,short,1797.0,Fechamento de mercado 20/01/2023 #investimentos #economia #fechamentodemercado
i39wKJR4wl0,alerta macro,short,1773.0,CUIDADO AO ESCOLHER AÇÕES PAGADORAS DE DIVIDENDOS!
zn80aDliWCw,alerta macro,short,1627.0,FECHAMENTO DE MERCADO 19/01/2023 #investimentos #economia
2PcLVsomyLI,alerta macro,short,1624.0,"DÓLAR R$4,45? A CULPA É DO BIG MAC do @McDonalds  #investimentos"
asTbw492yKw,alerta macro,short,1621.0,FECHAMENTO DE MERCADO 28/11/2022 #investimentos #economia
YdPFLqR57Kg,alerta macro,short,1620.0,Urgente Aprenda a Investir (tem planilha de aposentadoria na descrição)
6rOtEqeSfBk,alerta macro,short,1601.0,Fechamento do Japão 09/02/2023 #investimentos #economia #fechamentodemercado
Y5B-Xo3KMiU,alerta macro,short,1575.0,Fechamento de mercado 01/02/2023 #investimentos #economia #fechamentodemercado
SB5ijf9c_nI,alerta macro,short,1556.0,Fechamento de mercado 27/01/2023 #investimentos #bolsadevalores #economia
xje6llrQ4K8,alerta macro,short,1513.0,PETs E IMPOSTO DE RENDA
cR-1MYWnYco,alerta macro,short,1431.0,Fechamento do Japão 13/02/2023 #investimentos #economia #fechamentodemercado
-WJadtLAPos,alerta macro,short,1423.0,O IMPOSTO ROSA! MULHERES ESTÃO ROUBANDO VOCÊS
qVuMgeaRGB8,alerta macro,short,1407.0,Fechamento do Japão 27/02/2023 #investimentos #economia #fechamentodemercado
927FLH7NUQ4,alerta macro,short,1371.0,O que é ARCABOUÇO FISCAL?
_b1LUdtW79Q,alerta macro,short,1349.0,FECHAMENTO de mercado 31/01/2023 #investimentos #economia #fechamentodemercado
__St8JLxmA0,alerta macro,short,1281.0,Fechamento do Japão 08/02/2023 #investimentos #economia #fechamentodemercado
JxOx0ADmCDk,alerta macro,short,1265.0,BOLHA DOS CARROS TÁ ESTOURANDO
NLUt8CnAS1U,alerta macro,short,1134.0,FECHAMENTO de MERCADO 09/12/2022 #investimentos #economia
lcCd86HDQfA,alerta macro,short,1102.0,FECHAMENTO DE MERCADO 12/12/2022 #investimentos #economia
OhX2JWQRBcw,alerta macro,short,992.0,FECHAMENTO DE MERCADO 02/12/2022 #investimentos #economia #fechamentodemercado
8vCg-i10mrU,alerta macro,short,969.0,Fechamento de mercado 23/01/2023 #investimentos #economia #fechamentodemercado
F_lAMb46Qe4,alerta macro,short,934.0,"BOLSA REAGINDO REDORMA TRIBUTÁRIA, VAGAS DE EMPREGO EUA e DÓLAR SUBINDO #SHORTS"
_WFbhuOmbaY,alerta macro,short,913.0,Banco quebrou! Por onde peço meu dinheiro de volta? #investimentos
aflEfLDQuRA,alerta macro,short,895.0,FECHAMENTO DE MERCADO 08/12/2022 #INVESTIMENTOS #economia
LS96liQ2lAE,alerta macro,short,886.0,FECHAMENTO DE MERCADO 29/11/2022 #ECONOMIA #INVESTIMENTOS
5PxN5gh2WV0,alerta macro,short,884.0,SELIC e INFLAÇÃO | ENTENDA ESSA RELAÇÃO DE UMA VEZ POR TODAS #Shorts
hFjfw0LdyDI,alerta macro,short,877.0,FECHAMENTO DE MERCADO 30/11/2022 #investimentos #economia
QTnNPGlU-ZE,alerta macro,short,795.0,Lembrando o Lula quando o dólar foi adotado #investimentos
IqHIW_5bv7U,alerta macro,short,680.0,FECHAMENTO de MERCADO 06/12/2022 #fechamentodemercado #investimentos #economia
y01H-C18IwU,alerta macro,short,,Dólar quase na máxima da pandemia
_WHHib_xvJ4,caso com nome,short,195255.0,Caixinha Turbo da Nubank melhorou #investimentos
_I5dFQ6mvK0,caso com nome,longo,146592.0,"NUBANK: NÃO ACEITE SEU PEDACINHO DA NUBANK e NUBANK SOCIOS, ANTES DE VER ESSE VIDEO! IPO NUBANK BDRS"
1EGx_IxWSbo,caso com nome,longo,140179.0,QUANTO RENDEU 1 REAL EM BITCOIN NUBANK INVESTIMENTO CRIPTOMOEDA?
U53EJSYX-ew,caso com nome,longo,113575.0,BANCO NEXT ou NUBANK? Conta NUBANK ou NEXT qual o melhor? NEXT vale a pena? NUBANK como funciona?
k08bpBRzm3U,caso com nome,longo,95898.0,SANTANDER USE O TRUQUE DOS BANCOS A SEU FAVOR! SANTANDER DÁ 10 DIAS DE DINHEIRO DE GRAÇA
es9ap7LDRXo,caso com nome,longo,87777.0,"QUANTO RENDE 100, 1000 e 10.000 REAIS NA NUBANK? VALE A PENA INVESTIR COM POUCO DINHEIRO NA NUCONTA?"
9tn6b8FaE24,caso com nome,short,84036.0,NUBANK vs Mercado Pago? #investimentos
QjiF99_cINk,caso com nome,longo,82264.0,5 ETFs AMERICANOS que PAGAM DIVIDENDOS MENSAIS (NÃO É O ETF da NUBANK)
bStv54OaC_8,caso com nome,longo,73603.0,BANCO NEXT BRADESCO NEXTJOY - CONTA DIGITAL NEXT PARA MENOR | NEXT BANCO PARA MENORES DE 18
XBJqP2JTkkQ,caso com nome,short,66791.0,BARSI ABRIU SUA CARTEIRA DE AÇÕES NA BOLSA DE VALORES #investimentos
sZTGSV55keU,caso com nome,longo,66044.0,CLICK CONTA para MENORES de 18 anos - BRADESCO CLICK CONTA - Como abrir conta para MENOR DE IDADE?
HJRqnCA4ra0,caso com nome,longo,59631.0,NUBANK INVESTIMENTOS CRIPTOMOEDA VALE A PENA? NUBANK BITCOIN
AGg907HZ8bs,caso com nome,short,54157.0,Elon Musk deixou de ser Trilionário #bolsadevalores
VWXBzC6-_L0,caso com nome,longo,51315.0,TRABALHADOR poderá usar até 50% do FGTS em PRIVATIZAÇÃO da ELETROBRÁS (ELET3;ELET6)
vpvA5jH766g,caso com nome,longo,49620.0,A GRANDE CRISE: MEGA INVESTIDORES ESTÃO se PREPARANDO! WARREN BUFFETT e MICHAEL BURRY JÁ APOSTARAM
fa7ziMZUink,caso com nome,longo,43728.0,💣IRBR3 - BARSI COMPRA AÇÕES DA IRB BRASIL E REVELA PREÇO ALVO PARA AS AÇÕES  IRBR3!
ViYvYbRE45c,caso com nome,longo,42849.0,BARSI e MICHAEL BURRY INVESTINDO na MESMA COISA (você deveria saber)
uT2tgrjUvOA,caso com nome,longo,41243.0,FAÇA ISSO PARA PROTEGER SEU DINHEIRO NA NUBANK!
ce854DDtEaw,caso com nome,longo,36101.0,BANCO NEXT VS. BANCO INTER: INTER ou NEXT? NEXT é bom? Banco INTER vale a pena? Melhor conta digital
HjjPWgeKL-g,caso com nome,longo,35025.0,"AÇÃO QUE VAI PAGAR R$ 2,73 POR AÇÃO É QUERIDINHA DO LUIZ BARSI E SUBIU +100% 2021"
Yh69A0lg0Y4,caso com nome,short,33061.0,Calculando o prejuízo no Day Trade #investimentos
GxfFM28dK3Q,caso com nome,short,32803.0,Isso pode ser 80% da Tesla (leia a legenda)
VkssK47yteE,caso com nome,longo,31284.0,COMO FICA MEU DINHEIRO NA NUCONTA e NUINVEST-NUBANK(NUBR33)
qCl00c8pw-c,caso com nome,short,30651.0,Bitcoin abaixo dos 80k! Paulo Guedes falou sobre o Bitcoin
cxZ-x25SB4A,caso com nome,longo,29722.0,O que fazer com as AÇÕES da NUBANK (NUBR33)?
nPT42rC0Rpc,caso com nome,longo,28919.0,IPO NUBANK BDR - COMO CANCELAR SEU PEDACINHO NUBANK [NA PRÁTICA] -PROGRAMA NU SOCIOS #shorts
IcN3m7whpl8,caso com nome,longo,28894.0,"Esse Gráfico Acertou as CRISES 1929, 2008 e 2020… Agora Ele Aponta CRISE 2026"
V3oQxu9nark,caso com nome,longo,28308.0,NUBANK IPO:AÇÃO DISPARA em estreia na Bolsa de Valores de Nova York 35%ALTA|VENDER OU FICAR NUSOCIOS
HcFPNuRqn6g,caso com nome,longo,27915.0,IRB BRASIL (IRBR3) OFERTA DE AÇÕES! IRBR3 DILUIÇÃO PESADA DOS ACIONISTAS
yN0kKJf2D1c,caso com nome,longo,27700.0,BANCO C6 BANK É BOM? BANCO C6 BANK ABRIR CONTA e PEDIR CARTAO C6 BANK!
9oZ3lait4tw,caso com nome,longo,27319.0,LUIZ BARSI ENTRA PESADO NESSA AÇÃO!GANHE JUNTO COM O MAIOR INVESTIDOR DA BOLSA DE VALORES LUIZ BARSI
oEP2vCtksfw,caso com nome,longo,26046.0,"IRB (IRBR3) GRUPAMENTO DE AÇÕES NA BOLSA DE VALORES! IRBR3 R$ 21,00!"
evoFoAeUhAE,caso com nome,longo,24939.0,"IRBR3 AÇÕES IRB BRASIL ""VAI ESPERAR CAIR 47%?"" DISSERAM SOBRE IRBR3 IRB BRASIL"
n9GU8dwzSxI,caso com nome,longo,24010.0,IRB (IRBR3) PREJUÍZO! ACHEI DOIS FATOS ESTRANHOS NO COMUNICADO AO MERCADO!
ZhcfVg2Nah0,caso com nome,longo,23659.0,IRBR3 AÇÕES - ACIONISTAS VÃO PROCESSAR A IRB BRASIL IRBR3! SAIBA MAIS
nSQELM25nU8,caso com nome,short,23646.0,IRBR3 LOUISE BARSI REVELA SE VAI SUBSCREVER FOLLOW ON IBR BRASIL (IRBR3)?
8zboA3IwM3Q,caso com nome,longo,23374.0,PETR4 URGENTE Bolsonaro DEMITE presidente da PETROBRÁS! SAI Castelo Branco ENTRA Luna e Silva
uZTUsJDBQHM,caso com nome,longo,22999.0,"IRBR3 IRB BRASIL - SE FECHAR O CAPITAL, QUAL VAI SER O VALOR DA AÇÃO?"
m62uYKy8558,caso com nome,longo,22985.0,VALE3 CANCELAMENTO AÇÕES da VALE E DIVIDENDOS GORDOS! CANCELAMENTO DE AÇÕES VALE3
XeVUtJV8A-A,caso com nome,longo,22944.0,"IRB BRASIL AÇÕES IRBR3: AUMENTO DE CAPITAL por R$ 1,00?"
S_53lKIKUx0,caso com nome,longo,22843.0,VVAR3 Via Varejo e MGLU3 Magazine Luiza - O que aconteceu com as ações VVAR3 e com as ações MGLU3?
MQDA3dLjo_U,caso com nome,longo,22812.0,NUBANK (NUBR33) FECHA CAPITAL NO BRASIL! E MINHAS AÇÕES e PEDACINHO DA NUBANK?
ScownMYMyWE,caso com nome,longo,22774.0,PETROBRAS (PETR4) - NÃO VENDA AÇÕES PETR4 e PETR3 ANTES DE ASSISTIR! WARREN BUFFET e SILVA LUNA
i94pjyZKO9Y,caso com nome,longo,22443.0,"IRBR3 COMPRE SÓ HOJE AÇÕES IRB BRASIL IRBR3 COM 25,6% DE DESCONTO | RAPIDINHA DO JAPÃO #263"
ya6Pf7mqUZM,caso com nome,longo,22187.0,IRBR3 LUIZ BARSI VAI CUTUCAR A FERIDA DE IRB BRASIL! AGORA AS AÇÕES IRBR3 SOBEM?
Eo90F10xNJI,caso com nome,short,22103.0,IRB (IRBR3) ADVINHEM? PREJUÍZO IRBR3
cOOzce6juqc,caso com nome,longo,21711.0,"CDB QUAL o MELHOR CDB NUBANK, NEXT, C6, INTER, PICPAY ou CORRETORA?"
tOeSmhwb4pk,caso com nome,longo,20819.0,VVAR3 MGLU3 COMPRAR OU VENDER? O QUE ESTÁ ACONTECENDO COM VIA VAREJO E MAGAZINE LUIZA?
9B7jEAm-96g,caso com nome,longo,20152.0,DIVIDENDOS SINTÉTICOS com OPÇÕES| Tecnica SECRETA dos BARSI
g0tz8tznpkk,caso com nome,longo,19929.0,Vvar3 Olha o que ele falou sobre o Resultado do 2 Trimestre 2020 das ações Via Varejo | #266
ALMY397cmkg,caso com nome,longo,19737.0,COSAN (CSAN3) ESTÁ de GRAÇA e EU VOU TE PROVAR! CSAN3 VALE a PENA INVESTIR? Barsi acha que sim
s5BYj_5aIG8,caso com nome,longo,19470.0,OIBR3 OI olha o Felipe Miranda (EMPIRICUS) falou das ações OIBR3 depois do acordo entre OIBR3 e BTG!
IH8WY3FPQUE,caso com nome,longo,19445.0,"BANCO INTER SAI DO BRASIL, MAS E O MEU DINHEIRO?"
sztzU9EOQiU,caso com nome,longo,19424.0,ITAÚ (ITUB4) AÇÕES ITAU VAI PAGAR O MAIOR DIVIDENDO DA SUA VIDA! ITUB4 ITSA4 XPART SA
yn5oNzqErQI,caso com nome,longo,19326.0,"BRADESCO BBDC4 BONIFICAÇÃO! AÇÕES BRADESCO, BONIFICAÇÃO DAS AÇÕES BBDC4 BBDC3"
KqN4gy-yYiU,caso com nome,longo,18780.0,"IRBR3 LUIZ BARSI ""IRB BRASIL (IRBR3) PODE DOBRAR e ESSAS DUAS TAMBÉM, DIFERENTE DESSAS OUTRAS AÇÕES"""
Bw__caNTvCo,caso com nome,longo,18752.0,UNITS BIDI11 sua segunda chance! BANCO INTER AÇÕES (BIDI4) - COTAÇÃO BIDI11
rR7c-XTX0ck,caso com nome,longo,18326.0,BIDI4 AÇÕES BANCO INTER CAIU! O QUE ACONTECEU COM AS AÇÕES DO BANCO INTER? | RESUMÃO DO JAPÃO
kd4617tJoL8,caso com nome,longo,18215.0,"[URGENTE] XPART ITAÚ - FED APROVA SEPARAÇÃO DE ITAÚ E XP - COMO FICA O ACIONISTA DE ITAÚ, ITAUSA XP?"
BBMK1Bpyi5E,caso com nome,longo,18188.0,"IRB BRASIL (IRBR3) BARSI AFIRMA ""QUEM NÃO COMPRAR VAI SE ARREPENDER"" - resumo da live (ações IRBR3)"
A5M-b88lkiw,caso com nome,longo,18187.0,QUANTO RENDEU 1 REAL em BITCOIN na NUBANK DEPOIS que o BITCOIN SUBIU?
1W3p811sGoA,caso com nome,longo,18164.0,E SE A NUBANK (NUBR33) QUEBRAR? O QUE ACONTECE COM SEU DINHEIRO SE A NUBANK QUEBRAR?
G2QNQH1W0T8,caso com nome,longo,17793.0,IRBR3 IRB BRASIL- B3 COMUNICA AÇÕES IRB BRASIL AÇÃO IRBR3 CAI -10%
0IPodyMj0q8,caso com nome,longo,17610.0,NOVO ETF DIVIDENDOS MENSAIS do ITAÚ na B3 (DIVD11) VALE A PENA?
sZtR98so5Ek,caso com nome,longo,17533.0,Como COMPRAR ações da TESLA no Brasil? TESLA AÇÕES NASDAQ TSLA34
CmyTyapJVj8,caso com nome,longo,17509.0,WEG WEGE3 DESDOBRAMENTO! AÇÕES WEGE3 VÃO DESDOBRAR. AINDA DÁ TEMPO?
YCuAd3Gim8A,caso com nome,longo,17378.0,AÇÕES IRBR3 - NOVA DIRETORIA IRB BRASIL IRBR3 NÃO ESTÁ DE BRINCADEIRA! | RAPIDINHA #274
HpAzu1tUBqI,caso com nome,longo,17124.0,FUNDO do PRIMO RICO de PREVIDÊNCIA PRIVADA AFUNDOU?
q1wmui1gyhc,caso com nome,longo,17094.0,LUIZ BARSI deixa escapar 3 AÇÕES PERENES durante entrevista - MELHORES AÇÕES QUE PAGAM DIVIDENDOS
kJhRRlU7xvw,caso com nome,longo,17077.0,MAGAZINE LUIZA (MGLU3) MÍNIMA DO ANO: HORA DE COMPRAR AÇÕES MGLU3?
WilRE6j5akw,caso com nome,longo,16979.0,NUBANK DESPENCANDO -30%! O QUE FAZER COM NUBR33 COMPRAR OU VENDER? 2 JEITOS DE COMPRAR A AÇÃO
VmAyHjnh_cU,caso com nome,longo,16978.0,"OIBR3 AÇÕES - O QUE ACONTECEU COM AÇÕES OI? INFRACO, BTG E DIGITAL COLONY"
fSc3R7-F2D0,caso com nome,longo,16895.0,IRBR3 MAIS UM PREJUÍZO! BARSI PISTOLA e O PERIGO EMBUTIDO EM TANTO PREJUIZO DE IRB BRASIL
Ok1A4f2uuFA,caso com nome,longo,16595.0,UNIÃO ENTRE BANCO DO BRASIL (BBAS3) E VIA (VIIA3) PODE AJUDAR AS AÇÕES BBAS3 e SALVAR VIIA3?
I0yUB-N6YUY,caso com nome,longo,16174.0,"NUBANK ou POUPANÇA QUANTO RENDE com TAXA SELIC 13,25%?"
wPCRNeg8eIE,caso com nome,longo,16172.0,BIDI4 ESSE CARA TÁ DESOVANDO AS AÇÕES DO BANCO INTER! COMPRAR OU VENDER BIDI11? ENTENDA O PORQUÊ
vH0a1DbgK9A,caso com nome,longo,15985.0,"BANCO INTER (BIDI4,BIDI11) O QUE VAI ACONTECER AÇÕES DOS ACIONISTAS DO BANCO INTER?"
QAsqgHgxGzc,caso com nome,short,15812.0,CUIDADO COM o QUE BANCO do BRASIL ESTÁ FAZENDO com SEU DINHEIRO
QiKvj7GGIUA,caso com nome,longo,15633.0,IRBR3 AÇÕES - IRB BRASIL IRBR3 VAI EMITIR DEBENTURE E AGORA?
d8ii2Y4DRxo,caso com nome,longo,15547.0,Ações BANCO INTER vale a pena? Desdobramento BANCO INTER. BIDI4 AÇÕES.
Uk9yCoCZleM,caso com nome,longo,15152.0,"XP e ITAÚ - AÇÕES XPART COM DATA e FONTE DIRETA DO ALTO ESCALÃO XP - XPART, ITUB4, ITSA4"
YhB_3EA6cxA,caso com nome,longo,15152.0,ITAÚ ITUB4 - O MAIOR PAGADOR DE DIVIDENDOS DO MUNDO! DIVIDENDOS ITUB4 AÇÕES ITAÚ
kkcvwc-Pb3s,caso com nome,longo,14935.0,RESUMÃO:MGLU3 DESDOBRAMENTO! DESDOBRAMENTO MAGAZINE LUIZA ENTRO AGORA OU DEPOIS
1YmcNyOfJ_M,caso com nome,longo,14889.0,"IRBR3 AÇÕES IREX CEO DA IRB ""O marco regulatório da infraestrutura é música para o setor de seguros"""
uOK-nw2g0hc,caso com nome,longo,14498.0,DIVIDENDOS: TÃO TROCANDO A TAESA (TAEE11) por ESSA AÇÃO...
RnPnLvBCanU,caso com nome,longo,14422.0,IRBR3 IRB BRASIL INTELIGÊNCIA ERA ISSO QUE FALTAVA PARA AÇÕES IRBR3!
kKtZkRX7q7s,caso com nome,longo,14413.0,🔴IRB BRASIL(IRBR3) 2 NOTICIAS BOAS e 1 RUIM!
kjNLbhUfsF0,caso com nome,longo,14356.0,"NUBANK(NUBR33) VAI DERRETER ATÉ R$2,00 segundo EMPIRICUS e CITAM 4 MOTIVOS PARA VOCÊ ENTRAR VENDIDO!"
VgqYYCs04Mo,caso com nome,longo,14243.0,IPO CAIXA SEGURIDADE VALE A PENA? - SERÁ QUE OS BARSI VÃO ENTRAR NO IPO DA CAIXA SEGURIDADE CXSE3?
lfvzUlXExDI,caso com nome,longo,14132.0,IRBR3 IRB BRASIL - AÇÕES IRBR3 TEM PREJUIZO DE 62 MILHÕES E SÓ SOBE! SAIBA PORQUE!
-DoTvXsPlJY,caso com nome,longo,13961.0,AÇÕES IRBR3 - NOVA CARTA DE SQUADRA ESTÃO COMPRADOS OU VENDIDOS EM IRB BRASIL IRBR3? | #277
WyoinAgkydQ,caso com nome,longo,13885.0,"IRBR3 IRB BRASIL - AÇÕES IRBR3 IRB BRASIL REAGEM +20%, agora VAI?"
3R0Wi_x_sPk,caso com nome,longo,13655.0,ITUB4 AÇÕES ITAU RESULTADO 1T21 l ITAUSA (ITSA4) VEM FORTE. O QUE ESPERAR DAS AÇÕES DOS BANCOS?
XqBP3JCB6fI,caso com nome,longo,13601.0,VVAR3 1 BILHÃO DE LUCRO EM 2020|VIA VAREJO REVERTE PREJUÍZO e quer ser o MAIORl Resultado Via Varejo
7WHp_unTs2Y,caso com nome,longo,13479.0,COMO IRB (IRBR3) LUCROU E AÇÃO CAIU QUASE 10% ?
HlTcCPbkMMs,caso com nome,longo,13464.0,MMXM3 ações e OSXB3 especulação ou investimento? Ações de EIKE BATISTA DISPARAM NA BOLSA DE VALORES
fJj367I1MnQ,caso com nome,longo,13414.0,🚨ALERTA do Morgan Stanley que pode MUDAR seus investimentos
na0p9c2TS6o,caso com nome,longo,13304.0,"Melhores programas de CASHBACK: NUBANK rewards, cash back banco ORIGINAL e cartao TRIGG."
Fgx8h4l5cAc,caso com nome,longo,13163.0,IRBR3 IRB BRASIL - GAMESTOP BRASILEIRA! SAIBA QUEM SÃO AÇÕES ESCOLHIDAS BRASILEIRAS | EFEITO REDDIT
zAdpmJyRZyc,caso com nome,longo,13116.0,VVAR3 VIA VAREJO VS MGLU3 MAGAZINE LUIZA - AÇÕES VVAR3 E AÇÕES MGLU3 QUAL MELHOR AÇÃO PRA INVESTIR?
wjP9BgbLJhI,caso com nome,longo,13060.0,"BANCO INTER (BIDI3,BIDI4,BIDI11) O QUE ESTÁ ACONTECENDO COM AS AÇÕES DO BANCO INTER? | #265"
zpEcwbSk8l0,caso com nome,longo,12955.0,WEG AÇÕES WEGE3 POR QUE AS AÇÕES DA WEG CAÍRAM COM RECORDE DE LUCRO?
hFs_ahnNlkY,caso com nome,longo,12935.0,NUBANK: CAIXINHA DA NUBANK VALE A PENA?
wKzYLeTYUrs,caso com nome,longo,12925.0,IRBR3 LUIZ BARSI CONTOU O MOTIVO DAS AÇÕES IRBR3 ESTAREM TRAVADAS E O QUE VAI FAZER IRBR3 DECOLAR
wsM1HW-fRaM,caso com nome,longo,12848.0,BDR AÇÕES - O que NINGUÉM te conta sobre as BDRs (Brazilian Depositary Receipts) - BDRS vale a pena?
Q1iqd5D4hKE,caso com nome,longo,12820.0,IRBR3 AÇÕES IRB BRASIL CVM VAI INVESTIGAR A UBS APÓS RELATÓRIO DE VENDA DAS AÇÕES DA IRB BRASIL
qQD1T_IdUBc,caso com nome,longo,12814.0,AÇÕES IRBR3 IRB BRASIL por que IRBR3 não para de cair? O que aconteceu com IRB Brasil? | #261
YeFo4mlAG78,caso com nome,longo,12794.0,"BANCO INTER (BIDI11,BIDI4,BIDI3) VOCÊ VAI PODER COMPRAR AS AÇÕES BIDI4 COM DESCONTO DE 20% | #258"
VB3xlZ1JDZA,caso com nome,short,12681.0,NUBANK (NUBR33) DÁ ADEUS AO BRASIL e FECHA CAPITAL!
D09WGIvm-vg,caso com nome,longo,12604.0,IRBR3 AÇÕES IRB BRASIL - O que aconteceu com as AÇÕES da IRB BRASIL IRBR3?
r01ykxBlGCg,caso com nome,longo,12574.0,"XP,  ITUB4 E ITSA4 l NÃO VENDA AÇÕES DO ITAU - ITUB3, ITUB4 E ITSA4 - ANTES DE VER ESSE VIDEO!"
579FluzSIi4,caso com nome,longo,12573.0,"AÇÕES EXPONENCIAIS, XP QUAL AÇÃO COMPRAR? AÇÕES XP A MAIS EXPONENCIAL QUE JÁ EXISTIU"
6Lszsp7ha7s,caso com nome,longo,12480.0,BANCO INTER (BIDI4) - SERIA O COMEÇO DO FIM DAS AÇÕES DO BANCO INTER (BIDI11)?
jTikHHV30BI,caso com nome,longo,12453.0,XPART JÁ TEM DIA PARA ACONTECER A CISÃO ITAÚ E XP! Será que dá TEMPO de VOCÊ PARTICIPAR? ITAU XPART
9nY3sxUOxjQ,caso com nome,longo,12409.0,COMO FICA SEU DINHEIRO SE A CORRETORA NU INVEST QUEBRAR? NUBANK VAI QUEBRAR?
RwUvDYZ4PFQ,caso com nome,longo,12190.0,"IRBR3 AÇÕES - A ÚLTIMA CHANCE DE COMPRAR AÇÕES IRBR3 IRB BRASIL POR R$6,93 | RAPIDINHA #280"
d1knh4e3kYA,caso com nome,longo,12138.0,BIDI11 BANCO INTER DERRETE NOVAMENTE! O QUE ACONTECEU COM AS AÇÕES DO BANCO INTER (BIDI3/BIDI4)?
tP6feS5yYOI,caso com nome,longo,12102.0,"IRBR3 AÇÕES IRB BRASIL - PREJUIZO DE 65 MILHÕES PRA IRB BRASIL IRBR3, e AGORA?"
UwHfK_4REAQ,caso com nome,longo,11991.0,RESUMÃO AÇÕES BANCO INTER (BIDI11) DISPAROU EM ALTA APÓS RESULTADOS INVESTIMENTO ALTO DA SOFTBANK
AX3y8RsePPE,caso com nome,longo,11917.0,ITAUSA XP vai RECOMPRAR a XPart do ITAÚ (ITUB4) e ITAUSA (ITSA4)
KHLH9dd6PN4,caso com nome,short,11896.0,🔴 IRBR3 AÇÕES - CONDENAÇÃO NA IRB BRASIL (IRBR3) #shorts
kPs-c94Fpxs,caso com nome,longo,11866.0,A MELHOR SMALLCAP 2021 - SMALL CAPS para 2021 | feat Eduardo Guimarães
KUeqRUoxvXI,caso com nome,longo,11638.0,"XPART [ATUALIZAÇÃO] ITAU, ITAUSA e XP atualizam XPART para acionistas bolsa de valores"
o5gfHDrrrs8,caso com nome,longo,11584.0,IRBR3 IRB BRASIL - O que acontece com as ações IRBR3 que só caem depois do resultado 1T21?
W66dURMh_b4,caso com nome,longo,11496.0,IRBR3 IRB BRASIL AÇÕES - ALIENAÇÃO DE AÇÕES IRBR3 | O QUE E ALIENAÇÃO DE AÇÕES?
D7zy9j7hqeU,caso com nome,longo,11388.0,IRBR3 IRB BRASIL - PREJUÍZO de novo nas AÇÕES IRBR3! Onde vai parar IRB Brasil?
NcpTTfkwITc,caso com nome,longo,11382.0,IRB IRBR3 LUCROU | IRBR3 VALE A PENA INVESTIR NA IRB?
l5Q6XkPiRO0,caso com nome,longo,11264.0,BANCO DO BRASIL BBAS3 - O QUE VAI ACONTECER COM AS AÇÕES BBAS3?
35y9Qc1jwGA,caso com nome,longo,10999.0,IRBR3 AÇÕES - está ACONTECENDO UM MOVIMENTO COM AS AÇÕES IRBR3 IRB BRASIL QUE VOCÊ DEVERIA SABER
WnSbUgfwEOI,caso com nome,longo,10991.0,ITAÚ (ITUB4) VS XP | XPart SA aprovada com uma RESSALVA! Ainda dá tempo de comprar ITUB4 e ITUB3
J77D8OvXdXw,caso com nome,longo,10929.0,IRBR3 IRB BRASIL -CEO DEMITIDO! IBradesco e Itaú Unibanco procuram novo presidente para o IRB Brasil
etxk7jxesuw,caso com nome,longo,10883.0,🚨PETR4-DIVIDENDOS da PETROBRAS COMPROMETIDOS! AINDA VALE A PENA INVESTIR NA PETROBRAS?
0ruiaZx9rZw,caso com nome,longo,10728.0,"VVAR3 VIA VAREJO VS. MGLU3 MAGAZINE LUIZA - AÇÕES VVAR3 OU MGLU3 AÇÕES, RESULTADOS 3T20"
RHQhWK7EvEo,caso com nome,longo,10711.0,IRBR3 IRB BRASIL - O QUE ACONTECEU COM AS AÇÕES IRB BRASIL? AÇÕES IRBR3 SUBIU
XMwEOgX5z8Y,caso com nome,longo,10646.0,IRBR3 IRB BRASIL - O QUE ACONTECEU COM AS AÇÕES DA IRB BRASIL? AÇÕES IRBR3 DISPARAM
qnWje5V23Ps,caso com nome,longo,10578.0,Dividendos Tributados! Veja o impacto da nova lei no seu bolso
X2tPMIui4MY,caso com nome,longo,10573.0,IRBR3 IRB BRASIL DOBRA A META E MAIS UM MÊS NO PREJUÍZO | SERÁ QUE TEM REVERSÃO NAS AÇÕES IRBR3?
gPasBF3j7eU,caso com nome,short,10559.0,INVESTIDOR DEIXA BARSI PARA TRÁS na IRBR3
BS5D7DQJAyA,caso com nome,longo,10501.0,IRBR3 IRB BRASIL FEZ AS PAZES COM A SUSEP? AÇÕES IRBR3 ESTÃO PRONTAS PARA RETOMADA? | RAPIDINHA #273
5oEALeMn7R0,caso com nome,longo,10294.0,AÇÕES IRBR3 IRB GOVERNO INTERVÉM! FATO RELEVANTE AÇÃO IRB BRASIL | RAPIDINHA DO JAPÃO #190
CCRNOmg4w2Q,caso com nome,longo,10212.0,BIDI3 BIDI4 BIDI11 - O que aconteceu com as AÇÕES do Banco Inter BIDI4? Chegou a hora de vender?
kbxtNbganmM,caso com nome,longo,10206.0,IRBR3 IRB BRASIL - O QUE ESPERAR DE IBBR3? CEO IRB BRASIL FALA SOBRE AÇÕES IRBR3 2020 E IRBR3 2021
TFhx-qQDxyI,caso com nome,longo,10107.0,MXRF11 Faz Jogada Milionária e compra outro FII. DIVIDENDOS vão AUMENTAR?
MGa1XvvvcR0,caso com nome,longo,10043.0,PETROBRAS (PETR3 PETR4) O QUE ACONTECEU COM AÇÕES PETROBRÁS PETR4 PETR3? PETROBRAS GANHA 16 BILHÕES!
9jtsACnMhoU,caso com nome,longo,10014.0,"Banco Inter Ações com [DESCONTO] | AÇÕES BIDI3, BIDI4 e BIDI11 o que aconteceu BANCO INTER e STONE?"
KwJn6ag7nL4,caso com nome,longo,9993.0,WEGE3 AÇÕES WEG - Será que as AÇÕES da WEG WEGE3 ainda VALEM A PENA?A melhor growth para 2021? WEG3
E9olA4ESzNY,caso com nome,longo,9810.0,IRBR3 AÇÕES - CVM ESTÁ DE OLHO NAS AÇÕES IRB BRASIL IRBR3
bXNAvcNtk5c,caso com nome,short,9762.0,TESLA(TSLA) O QUE ACONTECEU COM AS AÇÕES TSLA34?
0kswCjm2eoI,caso com nome,longo,9755.0,[POSI3] POSITIVO NOVA MAGAZINE LUIZA (MGLU3)? AÇÕES POSI3 | RAPIDINHA DO JAPÃO #90
qPdTPQgl2Zs,caso com nome,short,9752.0,"IRB (IRBR3) por R$1,00 | IRB não para de cair"
d-0pq1_izY8,caso com nome,longo,9674.0,IRBR3 pode PRECISAR DE MAIS DINHEIRO! Ações IRB Brasil já cai 6%
KlAtBdJ76Oo,caso com nome,longo,9668.0,BIDI4 para BIDI11- UNITs BANCO INTER VALE A PENA?  Ações BANCO INTER
CzBDUvFo1dE,caso com nome,longo,9585.0,"Fusão entre Lojas Americanas e B2W ENTENDA TODOS OS DETALHES PARA O ACIONISTA E OS R$ 3,33 - LAME4"
-646CV83EN4,caso com nome,longo,9548.0,BANCO INTER VAI EMITIR NOVAS AÇÕES l SAIBA COMO VOCÊ PODE SE BENEFICIAR DESSE FOLLOW ON BIDI11 BIDI4
QRn0n5OZH-U,caso com nome,longo,9491.0,"BANCO INTER DIZ ADEUS A B3! AÇÕES BANCO INTER VAI DEIXAR A BOLSA DE VALORES BRASILEIRA, E AGORA?"
q_8QjdRV-VQ,caso com nome,longo,9408.0,"DESDOBRAMENTO BANCO INTER (BIDI11, BIDI4, BIDI3) l O que fazer com ações BANCO INTER BIDI11 BIDI4 ?"
ijHTK-6jzCA,caso com nome,longo,9356.0,5 AÇÕES QUE LUIZ BARSI COMPRARIA NESSA CRISE ENQUANTO A BOLSA DE VALORES CAIU [ESTRATÉGIA BÔNUS]
doxAkFZnGc8,caso com nome,longo,9340.0,"PETROBRAS (PETR4) DIVIDENDOS R$2,37 VS. INTERVENÇÃO BOLSONARO - O QUE SERÁ DAS AÇÕES PETR4?"
rmOIOHZWiIU,caso com nome,longo,9329.0,NUBANK SOCIOS - POR QUE IPO DO NUBANK PODE SER UMA ARMADILHA PARA OS INICIANTES NA BOLSA DE VALORES?
WsNm5Vtqu-Y,caso com nome,longo,9267.0,PETR4 CHEGOU A HORA DE COMPRAR AÇÕES DA PETROBRAS? APROVEITE A VOLATILIDADE!
qNT1lYuIYqU,caso com nome,longo,9132.0,AMER3 DISPARA 180% e O MAIOR INVESTIDOR PESSOA FÍSICA das AMERICANAS?
0N_cOnJ8nXs,caso com nome,longo,9127.0,"AÇÃO BARATA E ""SEM RISCO"" QUERIDINHA DO BARSI"
fwWG6AIP52Q,caso com nome,longo,9103.0,Se você é JOVEM DEVERIA INVESTIR em AÇÕES | Como investe Nicolas Agnezi?
V0QiKv_9txg,caso com nome,longo,9083.0,AMER3 LOJAS AMERICANAS VAI DESAPARECER! O que vai acontecer com as ações LAME3 e LAME4?
nD5i5wYRQDE,caso com nome,longo,8976.0,IRBR3 IRB BRASIL REGISTRA NOVO PREJUÍZO 2021 É O FIM das AÇÕES IRBR3?
-IF34CxvL38,caso com nome,longo,8939.0,NUBANK como FUNCIONA? Cartão NUBANK e NUCONTA vale a pena?
iVpAUkEHgxc,caso com nome,longo,8937.0,ITSA4 ITAUSA XP - Como ficam os acionistas da ITAUSA ITSA4 na SEPARAÇÃO de ITUB4 ITAÚ e XP?
qHPulWye9Ew,caso com nome,longo,8893.0,BANCO INTER VEM COM TUDO l LAME4 PEGANDO IMPULSO l IRBR3 VAI À LUTA - RESUMÃO DO JAPÃO
B1BDzXTXRqE,caso com nome,longo,8807.0,ETER3 O QUE ACONTECEU COM AS AÇÕES DA ETERNIT ? BARSI VENDEU AÇÕES ETER3 ETERNIT E AGORA?
1qIL3wyfWT4,caso com nome,longo,8745.0,AÇÕES IRB BRASIL (IRBR3) CONFIRMA FRAUDE! Mas isso é bom ou ruim pras ações IRBR3? | RAPIDINHA #256
thdPxPfTvbo,caso com nome,longo,8710.0,BIDI11 AGORA É PRA VALER BANCO INTER VAI TE OBRIGAR A TROCAR SUAS AÇÕES DA B3 PARA NASDAQ!
8lubN5BNVhA,caso com nome,longo,8593.0,BANCO INTER 2020 O QUE ACONTECEU? AÇÕES BIDI3 BIDI4 BIDI11 VOLTOU A SUBIR! | RAPIDINHA DO JAPÃO #116
X93iKMoWf24,caso com nome,longo,8510.0,IRBR3 BARSI VS ESQUADRA! QUEM VENCERÁ ESTÁ BATALHA DE AÇÕES NA BOLSA DE VALORES? AÇÕES IRB BRASIL
XgCGy76WQX8,caso com nome,longo,8498.0,IRBR3 AÇÕES - ERRATA DESCONTO PRORROGADO! AÇÕES IRB BRASIL IRBR3 | RAPIDINHA DO JAPÃO #264
YbcJ4nZL9fg,caso com nome,short,8418.0,BANCO INTER SAIU DA B3 - COMO FICAM AS AÇÕES DO INTER E COMO TRANSFERIR AS BDRs pros EUA? #shorts
ItzD4UVR3og,caso com nome,longo,8393.0,"B2W (BTOW3) e LOJAS AMERICANAS (LAME3, LAME4) ANUNCIAM FUSÃO AMER3. NÃO COMPRE ANTES DE ASSISTIR"
snlLvdEa9OQ,caso com nome,longo,8329.0,IRBR3 PREJUÍZO DE NOVO e NOVA PROJEÇÃO DA UBS para ações IRB BRASIL!
8fLXpBjhZhA,caso com nome,longo,8300.0,"🔴FUNDOS IMOBILIÁRIOS (FII) EM PERIGO (HGLG11, HGRE11, HGRU11)? CREDIT SUISSE VAI QUEBRAR?"
DxofhQMlrws,caso com nome,longo,8230.0,IRB BRASIL AÇÕES (IRBR3) VAI A LUTA! SERÁ QUE ISSO VAI AJUDAR AS AÇÕES DA IRBR3? | RAPIDINHA #260
XBzB11otEps,caso com nome,longo,8228.0,NUBANK DESENCANTOU É HORA DE INVESTIR NAS AÇÕES NUBR33?
DoCjENQsUdM,caso com nome,longo,8028.0,NUBANK (NU) PREJUÍZO PESADO e AGORA O QUE FAZER COM AÇÕES DA NUBANK (NUBR33) DEPOIS DE 66 MILHÕES?
7DoJ5O4eELo,caso com nome,longo,8025.0,NUBANK AÇÕES DESPENCAM 60%! FIM DO LOCK UP e REMUNERAÇÃO DA DIRETORIA DA NUBR33 ABALAM O MERCADO
BP6JGu0jvXM,caso com nome,longo,8019.0,POR ISSO VOCÊ NÃO DEVERIA COMPRAR AÇÕES DA NUBANK (NUBR33)
M_ir1o_g5A8,caso com nome,longo,7994.0,NUBANK(NUCONTA) vs BANCO INTER! QUAL A MELHOR CONTA DIGITAL? COMPARAÇÃO
TjHuX14YBJc,caso com nome,longo,7944.0,XP ITAÚ E ITAÚSA - RESUMO da LIVE das AÇÕES ITAUSA ITSA4 ITUB4
badz8FBZzVI,caso com nome,longo,7924.0,BIDI3 o que aconteceu? 300% de ALTA AÇÕES BANCO INTER- BIDI4 e BIDI11!
4aUQQbmCPGQ,caso com nome,longo,7859.0,IRBR3 IRB BRASIL - Novo LUCRO das ações IRBR3 - O que aconteceu com as ações IRB Brasil?
G0fa4yk0C3M,caso com nome,longo,7851.0,IRBR3 IRB BRASIL - SEMANA CHEIA DE EMOÇÕES PARA AÇÕES IRBR3 | IRBR3 ATUALIZAÇÃO
hHNxsy3Dy50,caso com nome,longo,7723.0,SMALL CAPS com Dividendos e Crescimento? Ainda vale a pena investir SMALL CAP?
lNZ0eVX-S3o,caso com nome,short,7639.0,NUBANK EM PERIGO
PIVYwUw1pXY,caso com nome,longo,7608.0,IPO REDE D'OR O MAIOR IPO DO ANO | VALE A PENA INVESTIR NO IPO REDE D'OR SAO LUIZ?
F4FYdgv5G5M,caso com nome,longo,7538.0,SEU DINHEIRO EM PERIGO! BINANCE VAI QUEBRAR?
H6CHVrmR5hM,caso com nome,short,7522.0,NUBANK(NUBR33) acionista fique ligado! #shortssprintbrasil #investimentos
L7MJRqluNso,caso com nome,short,7469.0,IRB (IRBR3) é ALVO DE PROCESSO DOS INVESTIDORES!
mIJyXscsmKk,caso com nome,short,7459.0,Apple Vision Pro chegou 😱
aNs6mZvRRpk,caso com nome,longo,7425.0,IRBR3 IRB BRASIL -  PREJUÍZO E A AÇÃO IRBR3 CAI 10% POR UM FATO!
DPcG8vKKL6M,caso com nome,short,7285.0,Barsi não aguenta mais esperar o jacaré abrir a boca #dividendos
69ypFUc62A4,caso com nome,short,6367.0,"Nova aposta do maior investidor do mundo, Warren Buffett"
wYOyfssiKV4,caso com nome,short,6311.0,NUBANK SEU PEDACINHO VAI DIMINUIR. NUSOCIOS QUANTO VAI VALER MEU PEDACINHO DA NUBANK? #shorts
XQlBsjdzNDo,caso com nome,short,5738.0,NUBANK liquidação extra judicial pelo Banco Central? #nubank
Rrp59x8wgNU,caso com nome,short,5505.0,AÇÕES da TESLA (TSLA) DISPARARAM POR ISSO...
jVeG4ttTTYQ,caso com nome,short,4393.0,CEO da APPLE VENDE SUAS AÇÕES 😱 #investimentos
Jvf7Bo0YVlw,caso com nome,short,4387.0,Tesla: seu carro vai trabalhar para você #investimentos #tsla
u6VSYJIPh0M,caso com nome,short,4343.0,Nubank (ROXO34) fim do Home Office #bolsadevalores
qXSvAXoTjK0,caso com nome,short,3995.0,Caixinha da Nubank é seguro? #caixinhaturbo #nubank
qwEzQcsulHI,caso com nome,short,3939.0,Golpe do FGC no caso Banco Master #bancomaster
NRVXli9p4cg,caso com nome,short,3880.0,A PAGADORA DE DIVIDENDOS DO MAIOR INVESTIDOR DO MUNDO (Warren Buffett) #investimentos
bJYvKtskH4Q,caso com nome,short,3498.0,"AMER3, VIIA3 e MGLU3 QUEBRARÃO? Olha o que o Barsi previu😱 #investimentos"
-5aUBGBr_7o,caso com nome,short,3338.0,ações da nubank desapareceram #investimentos
gPcSkJg3SrQ,caso com nome,short,3260.0,Quem recebeu o PEDACINHO da NUBANK vai pagar IMPOSTO DE RENDA?
9-mT4tn1JHc,caso com nome,short,3112.0,3 Livros de Finanças para sair da Classe Média #finanças #investimentos
Z62GboGWm84,caso com nome,short,3021.0,"NUBANK(NUBR33)E O MEU INVESTIMENTO NA NUCONTA, NUINVEST, CRIPTOMOEDA e CAIXINHA NUBANK?"
uDi4gzeKiP8,caso com nome,short,3000.0,TESLA (TSLA) SALVANDO VIDA #bolsadevalores
jnZREuMLUG8,caso com nome,short,2886.0,IPO NUBANK: SAIBA QUANTO VALERÁ O SEU PEDACINHO DA NUBANK | MEU PEDACINHO NUBANK BDR #shorts
Bwl-pEprpSA,caso com nome,short,2769.0,"BITCOIN NÃO É INVESTIMENTO! Olha o que WARREN BUFFETT, o maior investidor do mundo, falou"
479BNjbqEdE,caso com nome,short,2694.0,NUBANK DINHEIRO PROTEGIDO NO CARNAVAL #INVESTIMENTOS
z-hRzq_fjbQ,caso com nome,short,2182.0,BARSI PREVISÃO sobre AMER3 # investirecocarshorts
YCOwMqnuiZ4,caso com nome,short,2090.0,Banco Master vai começar a pagar
vNmZ0an77fw,caso com nome,short,1941.0,nubank suspende a negociação  NUCOIN... #investimentos
QCLBBuk9l6Q,caso com nome,short,1815.0,Warren Buffett sente cheiro de crise #investirecocar
HzKa0ELHN44,caso com nome,short,1759.0,FUNDO IMOBILIÁRIO: Os BARSI NÃO INVESTEM por isso...
q8ThaI9zV7o,caso com nome,short,1720.0,NUBANK PROTEJA O SEU DINHEIRO nas CAIXINHAS da NUBANK #investimentos
mI-Z3Q6qRME,caso com nome,short,1630.0,Warreb Buffett tá investindo pesado lá #investimentos
_xDuxSuyDF8,caso com nome,short,1617.0,Elon Musk não para 😱
vOQ6547-Esk,caso com nome,short,1503.0,"Petróleo disparou, João Dória deixa PSDB e OIBR3 vai fazer GRUPAMENTO #investimentos #investir"
pG3uXylk89M,caso com nome,short,1454.0,DESDOBRAMENTO BANCO do BRASIL (BBAS3)
ZxRV_bcAhto,caso com nome,short,1435.0,COMO SE PROTEGER DINHEIRO NA NUBANK?
azhytHLGDwM,caso com nome,short,1410.0,DESCOBRI A AÇÃO QUE O BARSI ESTÁ COMPRANDO #investimentos
E-kfdHmZc7k,caso com nome,short,1348.0,AÇÃO de DIVIDENDOS da CARTEIRA do WARREN BUFFETT AUMENTOU PELO 14 ANO 😱 #investimentos
Ske7zZEbjjI,caso com nome,short,1303.0,Os Barsi não investem em fundos imobiliários por isso...
o6-5clPkw7I,caso com nome,short,1252.0,Cybercab da Tesla (TSLA) rodando sem volante #investimentos
5TH6E9yfcPU,caso com nome,short,1040.0,Aluguel de ações nos Estados Unidos! #investimentos
rN6OL-_kGF0,caso com nome,short,1013.0,Apple vai dominar o mundo com esse novo serviço #investimentos
Bfxr91FoRjg,caso com nome,short,955.0,FUNDOS IMOBILIÁRIOS 2023 |esse foi o primeiro dos 3 FIIs que a. Carol Borges trouxe pros Tanakas
o2xutK8Jfak,caso com nome,short,525.0,IRBR3 AÇÕES SUMIRAM? #investimentos #IRBR3 #IRB
DAMFBdliOng,caso com nome,short,,Taxa de juros alta tá matando o empreendedor - Caio Maia ChilliBeans
T956DmDdPDU,educativo / iniciante,longo,439698.0,BANCO NEXT VALE A PENA? É CONFIÁVEL? COMO FUNCIONA? Tudo sobre o Banco Next
SsZAITSAR6s,educativo / iniciante,longo,80899.0,Como abrir conta para menor de 18 anos? Como abrir conta no banco sendo menor?
V68Hd157uac,educativo / iniciante,longo,66422.0,NEXT JOY cartão - NÃO cometa esse ERRO com seu filho! NEXT JOY banco digital para menor de 18 anos
uUY9Jh_qnII,educativo / iniciante,longo,54039.0,COMO INVESTIR NO BANCO NEXT?BANCO NEXT VALE A PENA? BANCO NEXT É BOM?
NlfD3fqIFU8,educativo / iniciante,longo,25234.0,COMO CRIAR SUA RESERVA DE EMERGENCIA e ONDE COLOCAR O SEU DINHEIRO PARA COMEÇAR A INVESTIR
oy4WKglYcjc,educativo / iniciante,longo,22011.0,COMO CALCULAR O PREÇO MÉDIO? O QUE É PREÇO MÉDIO DE UMA AÇÃO NA BOLSA DE VALORES?
QKOeeYXAHWo,educativo / iniciante,short,18827.0,PIX VAI MUDAR! Entenda
SdbUviFI6iY,educativo / iniciante,longo,18661.0,Melhores INVESTIMENTOS para 2022 - [DICA SECRETA DOS MILIONÁRIOS]
mp321wOrmi0,educativo / iniciante,longo,18369.0,INVESTIMENTO NEXT! BANCO NEXT É BOM? Novidades do banco NEXT - Como investir no BANCO NEXT?
Zb1EZCtsuQw,educativo / iniciante,longo,18279.0,BANCO NEXT PERGUNTAS E RESPOSTAS ll - BANCO NEXT VALE A PENA? NEXT É BOM? BANCO NEXT COMO FUNCIONA?
-i92WlceaNU,educativo / iniciante,short,17825.0,Como saber se roubaram seu dinheiro no INSS! #inss
P_RT6E8QUJg,educativo / iniciante,longo,14655.0,"COMO INVESTIR em BITCOIN PIC PAY 1 REAL, VALE A PENA?"
sfnHwquGusQ,educativo / iniciante,longo,13648.0,RECUSADO pelo Banco NEON! E agora? Saiba como SER APROVADO PELO BANCO
1ruMsoLb-Bw,educativo / iniciante,longo,13064.0,O que é e como investir NASDAQ?
UjsP_6An9TE,educativo / iniciante,longo,12681.0,AVENUE SECURITIES É CONFIAVEL? COMO INVESTIR NO EXTERIOR? INVESTIR FORA DO BRASIL AVENUE CORRETORA
nhNUgNW0l0o,educativo / iniciante,short,12463.0,Educação Financeira - nunca teremos
OkPxd7LMLNI,educativo / iniciante,short,11958.0,Qual valor para começar na bolsa de valores? #investimentos
JlYnjiG5m2o,educativo / iniciante,longo,10844.0,COMO INVESTIR NO JAPÃO? BOLSA DE VALORES JAPONESA
SXoBo6v8-9M,educativo / iniciante,longo,9306.0,BOLSA DE VALORES O SEGREDO QUE ELES NÃO QUEREM QUE VOCÊ SAIBA! SAIA NA FRENTE NA BOLSA DE VALORES
zi-3dBiJVu4,educativo / iniciante,longo,8397.0,COMO INVESTIR NA AÇÃO QUE VAI DOMINAR O MUNDO? ELE COPIA TUDO!
HpwffFuuGsQ,educativo / iniciante,longo,7929.0,FUGA de INVESTIDORES ESTRANGEIROS na BOLSA DE VALORES: COMO ISSO PODE AFETAR SEUS INVESTIMENTOS?
gHSVfc3NcaQ,educativo / iniciante,longo,7732.0,COMO DOBRAR O SEU DINHEIRO COM ESSE INVESTIMENTO e QUAIS SÃO AS PEGADINHAS?
kS1Mf2KZ-iA,educativo / iniciante,longo,7637.0,BOLSA de VALORES ARGENTINA COMO INVESTIR?
p1EyBcFpaIs,educativo / iniciante,longo,7609.0,MEU PAG CARTÃO - Cancelei o meu cartão de crédito  MEUPAG - SAGA COMO AUMENTAR O SCORE?
NVjomGesYGo,educativo / iniciante,short,7495.0,COMO TOMAR BANHO DE GRAÇA NO AEROPORTO SEM SER NA PIA #investimentos #cartaodecredito
F8AKWAU4z3A,educativo / iniciante,short,6611.0,IMPORTANTE a PREPARAÇÃO para INVESTIR. COMO VOCÊ SE PREPARA?
JLLBp4NT8io,educativo / iniciante,short,5199.0,4 DICAS JAPONESAS PARA GANHAR DINHEIRO RÁPIDO
mJ7uJpgK-wU,educativo / iniciante,short,3642.0,Como acompanhar a bolsa de valores em feriados? #investimentos
pfQizAyX7BQ,educativo / iniciante,short,3264.0,como tirar dinheiro da companhia aérea? #investimentos
sdQpHeOA_x8,educativo / iniciante,short,2658.0,Esse indiano que é mais rico que Bezos e Gates!
_azFR-_Vgro,educativo / iniciante,short,1822.0,COMO JUNTAR DINHEIRO RÁPIDO e FÁCIL com ESSA TÉCNICA #investimentos
l7fTHwu-5vc,educativo / iniciante,short,1761.0,Por onde começar a estudar os investimentos? #investimentos
CKq3p8C4_6c,educativo / iniciante,short,1161.0,"QUEM NAO ENTROU NO IPO DO TC, TA COMO?"
EKej2Soxyl8,educativo / iniciante,short,906.0,COMO FOI a SUA EXPERIÊNCIA com a BOLSA de VALORES em 2023? #investimentos
UmQFp-4ck4w,educativo / iniciante,short,882.0,RELATÓRIO FOCUS | COMO RECEBER O RELATÓRIO COM AS PREVISÕES DOS ECONOMISTAS PARA INVESTIR MELHOR
oe-MQSC4oU0,educativo / iniciante,short,318.0,Como começar a investir na bolsa de valores? #investimentos
aDL4MMF6AnE,outros,short,8017722.0,Pra ficar rico você só precisa de 1 centavo #investimentos
vZ_8A1FYxgo,outros,short,143633.0,Pobre ou rico? #rico #investimentos
-b6Jdl4zFKg,outros,short,121082.0,Investimento de longo prazo #investimentos
_TLq_UyTZTI,outros,short,119684.0,PIX POR APROXIMAÇÃO NÃO FUNCIONA no IPHONE #pix
ADn4VZs6M1k,outros,longo,105408.0,BANCO NEXT VANTAGENS E DESVANTAGENS! BANCO NEXT vale a pena?
CaOGCAsOLvE,outros,longo,53540.0,BANCO ORIGINAL CARTÃO DE CRÉDITO. BANCO ORIGINAL É BOM? BANCO ORIGINAL TEM ANUIDADE?
6pnS6s-nEck,outros,short,49110.0,BITCOIN não para de cair #bitcoin
xkpdVMxhp3M,outros,longo,38991.0,BANCO NEXT. PERGUNTAS E RESPOSTAS DO CARTÃO NEXT.
F2Lq95npHew,outros,short,37285.0,Quando você erra o trade “sem querer” #investimentos
Sxrkd7jG2gk,outros,longo,36581.0,ORIGINAL BANCO ORIGINAL VALE A PENA? CARTÃO DE CRÉDITO BANCO ORIGINAL [ATUALIZAÇÃO]
Aop8Cfw7W7k,outros,longo,35208.0,BANCO NEXT ÁGORA INVESTIMENTOS - BANCO NEXT INVESTIMENTO NEXT VALE A PENA? ÁGORA É CONFIÁVEL?
imv9myxsReU,outros,short,33421.0,Sua esposa(marido) é sua maior sócia #investimentos
hvVbyLEA_Uk,outros,longo,32430.0,Qual o melhor PEDÁGIO ELETRÔNICO? - C6 TAGGY VALE A PENA? VELOE pedágio é bom? SEM PARAR pedagio
tvC9uoxYP9k,outros,longo,29274.0,Banco NEXT ATUALIZAÇÃO -  NOVIDADES do NEXT - Banco digital NEXT é bom? NEXT banco vale a pena?
6Oq3Mxz4_CY,outros,longo,29196.0,MEU PAG é BOM? cartão de crédito PAG É SEGURO? CARTAO PAG! VALE A PENA?
9Jt4U0uhd_U,outros,longo,28653.0,SOUSMILE FUNCIONA? APARELHO INVISÍVEL VALE A PENA?No meio do TRATAMENTO O QUE MUDOU?(ANTES E DEPOIS)
fJLCvMcWpS4,outros,longo,28546.0,BANCO NEXT PERGUNTAS E RESPOSTAS - Banco NEXT é bom? Cartão de crédito BANCO NEXT 2020
G0-vTHNtGwE,outros,short,28119.0,Vocês entenderam tudo errado …
QU0j2KCQWlk,outros,short,27702.0,QUAL A MELHOR CONTA EM BANCO PARA MENOR DE IDADE? [TUDO GRATUITO] #investimentos
INWFUW9J-nI,outros,longo,27433.0,BOLSA DE VALORES ESTÁ ACONTECENDO UM FENOMENO NA BOLSA DE VALORES QUE VOCÊ DEVERIA SABER
7ROq8DvhJOE,outros,short,26672.0,VAZOU o QUANTO CAZEmiro está ganhando na COPA DO MUNDO!  #INVESTIMENTOS
1VKgdEqrZnY,outros,short,26294.0,Perfil de Investidor #investimentos
ZqwCmFXjL8A,outros,longo,25707.0,3 FORMAS DE GANHAR DINHEIRO DA INTERNET SEM FACULDADE PARA INVESTIR | feat. PETER JORDAN (@einerdtv
SRAL8DZOMbM,outros,short,24670.0,C6 vai te cobrar TAXA! #C6 #C6BANK #INVESTIMENTOS
OaorU5U0g5I,outros,short,24461.0,Dinheiro não muda Ninguém
YbB8QAKvZbo,outros,short,23853.0,Só hoje a PRATA caiu -30%
bX1-CfUnKO0,outros,short,23698.0,"ROLO envolvendo FELIPE NETO e BIS, vai me lascar #investimentos"
PUMWmQq-7rQ,outros,short,22063.0,Quando eu compro uma ação ela...
5tWGjeYE1Ys,outros,longo,21392.0,"PICPAY MUDA REGRA, VALE A PENA INVESTIR AGORA?"
mEPaACyjI24,outros,longo,20749.0,4 LIÇÕES que APRENDI LAVANDO LOUÇA aos 13 ANOS no JAPÃO e ME TRANSFORMARAM!
M-Lc-25ALoc,outros,longo,19610.0,SMALL CAPS 2020 - As melhores SMALL CAPS para INVESTIR em 2020
nqFbK1Q8jSs,outros,longo,19320.0,BOLSA DE VALORES DERRETEU HOJE! O QUE ACONTECEU COM A BOLSA DE VALORES ?
Nhei5jXY_PE,outros,longo,18996.0,INVESTIR NO EXTERIOR DE GRAÇA!AVENUE CORRETAGEM ZERO! SAIBA O QUE MUDOU PARA VOCÊ
bgkCS6-fHSg,outros,short,18393.0,Tanaka a BYD lançou um Carro que pode matar o mercado de carro de luxo europeu
wEZS_2h3Uec,outros,short,17356.0,Faça isso para ficar rico
MaoD7SPEuso,outros,longo,17333.0,4 PASSOS PARA SE TORNAR UM ASSESSOR DE INVESTIMENTOS (AAI) - Agente Autônomo de Investimentos
RIUR0DVndeo,outros,longo,16739.0,ASSESSOR DE INVESTIMENTOS: A PROFISSÃO QUE MUDOU MINHA VIDA
8wQSB5fNGd0,outros,short,16287.0,IPO SPACEX os funcionários milionários
GpdXuQipVaQ,outros,longo,16115.0,A Klabin ia pagar dívida — e torrou meio bilhão na própria ação
Mmo9K5oCJdk,outros,longo,15635.0,AVENUE corretora AVENUE tem taxa de resgate?
baVSgDPw2Iw,outros,short,15591.0,Funcionários da SPACEX ficaram milionários no IPO SPCX
lt2LWbwu3mc,outros,longo,15582.0,O COBRE É O NOVO PETRÓLEO? Descubra Antes que Dispare (MAIS)! Vale a Pena Invesitr em Cobre?
KTdqPfN3kl4,outros,longo,15396.0,A última chance de ficar rico com esse investimento
1QUnhC0wzJo,outros,longo,14526.0,MELHORES SMALL CAPS MAIS RECOMENDADAS PARA JUNHO 2020! SMALL CAPS PARA INVESTIR EM JUNHO 2020
LjXo21mFv-A,outros,longo,14213.0,O QUE ACONTECEU COM A BOLSA DE VALORES? O QUE FAZER PARA PROTEGER SEUS INVESTIMENTOS?
LI023P6jVMo,outros,longo,14191.0,BOLSA DE VALORES DERRETEU | ESTRATÉGIA PARA OS PRÓXIMOS PASSOS
r5RKuxQyQ7o,outros,longo,13927.0,7 FORMAS de ARRANCAR DINHEIRO do BANCO!
nnmVFI-wJwI,outros,longo,13852.0,BOLSA DE VALORES CAINDO: SEJA INTELIGENTE E FUJA DO RISCO!
rbgGC6nE4yc,outros,longo,13817.0,UMA das MAIORES GERADORAS de VALOR da BOLSA - PODE ENTRAR NUM NOVO CICLO
2EpDcEwW1rU,outros,longo,13736.0,Quem Entender Isso Vai Lucrar – Quem Ignorar Vai Chorar (última chance de investir)
qs-yW0Wd4B8,outros,longo,13641.0,8 Hábitos da Classe Média Que Te Mantêm POBRE
djSdW-BmI9c,outros,short,13320.0,Só te falta dinheiro
kqb-qa8Mp94,outros,longo,12990.0,A MENTIRA sobre a MÁGICA dos 100K...
Ee2vZq4iF_I,outros,longo,12162.0,TOP 3 SMALL CAPS AGOSTO 2020 - MELHORES SMALL CAPS MAIS RECOMENDADAS PARA AGOSTO 2020
otJyLJxSm0k,outros,short,11964.0,BITCOIN DERRETENDO 🫠 #bitcoin
rSQKtz8l3jA,outros,short,11529.0,Trump impõe 50% de tarifas ao Brasil #grosso #investimentos
cep1uHoUQog,outros,longo,11147.0,AVENUE CORRETORA É CONFIAVEL? Corretora AVENUE SECURITIES vale a pena?
nzUG17EtEz0,outros,short,10876.0,Patrimônio do Renato Cariani
gOph6uGgzCA,outros,short,10585.0,IPO SPACEX fez 4400 FUNCIONÁRIOS milionários
IZKixPqYnxY,outros,short,10582.0,Dia da Liberdade
cwiyiDFWUHQ,outros,longo,10436.0,9 REGRAS DO DINHEIRO PARA SAIR DA CLASSE MÉDIA (xô pobreza)
vRL4COvcnB8,outros,longo,10282.0,Fui ILUDIDO pelo TRIGG! Cartão de crédito TRIGG é bom?
aBDW9M7GloU,outros,longo,10147.0,O PIOR IPO DO ANO PODE SER A MAIOR OPORTUNIDADE DE 2021!
cyfMCAIuLcg,outros,short,10014.0,"KOMPRA KAI, Já assistiram essa série? #investimentos"
zmnJOgvOe28,outros,longo,9731.0,AVENUE SUA PRIMEIRA CONTA BANCÁRIA NOS ESTADOS UNIDOS e CARTÃO AVENUE! INTERNACIONALIZE-SE
0hApEI1gqqU,outros,short,9256.0,O gigante acordou…não pera
FC-eKTK3ozE,outros,longo,9087.0,FGC (FUNDO GARANTIDOR DE CRÉDITO) FUNCIONA MESMO?
N2JmQtGwMlc,outros,longo,8914.0,BOLSA DE VALORES CAINDO! O QUE FAZER NESSE MOMENTO DE AGONIA?
8INUmhxwifQ,outros,longo,8672.0,8 GRANDES RISCOS PARA OS INVESTIMENTOS 2021! NÃO COMECE A INVESTIR ANTES DE VER ESSE VIDEO
Pzp6k3goCG0,outros,longo,8569.0,12 HABITOS dos RICOS SILENCIOSOS!
y6bde2gKrbY,outros,short,8378.0,Capitalismo malvadão faz mais uma vítima
LqS7HsLuDLQ,outros,longo,8227.0,COMPRAR IMÓVEL É MESMO FURADA? VALE A PENA MORAR DE ALUGUEL?
TGcKHyo0nWc,outros,longo,8185.0,POR QUE A BOLSA DE VALORES SALTOU DEPOIS DO PRIMEIRO TURNO DAS ELEIÇÕES 2022?
UVAn6jV7ncM,outros,longo,7829.0,O Que o MERCADO NÃO TE CONTA sobre Investir com Tensões Geopoliticas!
-S7T4IfqMos,outros,short,7786.0,O importante é o que ninguém vê #investimentos
wuYTb5b7vAk,outros,short,7744.0,Ganhe dinheiro com o emagrecimento da Maiara e Maraisa #investimentos
clGYBPdxIbE,outros,short,7690.0,"O BITCOIN, no Brasil é diferente #bitcoin"
T7W5b7TaiWI,outros,longo,7614.0,SMALL CAPS 2021 - SMALL CAPS JANEIRO 2021! AS MELHORES SMALLCAPS MAIS RECOMENDADAS PARA JANEIRO 2021
d_rSDzy6ggo,outros,short,7483.0,A revolução dos bichos é tão atual que me assusta
rwUqWF1WTZs,outros,short,7473.0,Bitcoin derreteu 😱 Abaixo dos 80k #bitcoin
qkzqPRdmCE4,outros,short,7311.0,VÃO TAXAR a REBECA ANDRADE! TAXA OLÍMPICA #investirecocarshorts
j-HJDAqUGqU,outros,short,6945.0,Setembro tá chegando #investimentos
XGeWq4kQelM,outros,short,6277.0,IPVA a vista ou parcelado? #investimentos
7q6vUG2hhDY,outros,short,6104.0,A PRÓXIMA DOMINAÇÃO MUNDIAL?
PLBe0eosD1Y,outros,short,5998.0,OPÇÕES nos EUA na AVENUE (CALL e PUT)
6aN-W7cAakk,outros,short,5895.0,Primeira compra de BITCOIN ^^ #bitcoin
442xPLdS8PY,outros,short,5467.0,Corrida pela riqueza #investimentos
x1KPkX96ISo,outros,short,5270.0,REVOLTANTE! DINHEIRO do BOLSA FAMÍLIA nas BETS (JOGO DO TIGRINHO)
TNWxP6GAlyE,outros,short,5242.0,Só quem arrisca…
bV6-nSQuO2M,outros,short,5224.0,Por causa dela vou investir nessa ação #investimentos
SjsWbVYm4nA,outros,short,5205.0,JANJOMETRO no AR
BmIjCy68aCM,outros,short,5039.0,Bitcoin em 11 anos #bitcoin
SFcmx9IFEe8,outros,short,5031.0,Viciado em Bolsa de Valores? Conheça isso... #investir
c-y-2OvLt38,outros,short,4979.0,"Tanaka, esqueci de alguma coisa? #bolsadevalores"
sMesFHDNwg4,outros,short,4965.0,QUANTO GANHA CADA SELEÇÃO NA COPA DO MUNDO 2022? #investimentos
KIegMrRFD-U,outros,short,4789.0,Ricos não fazem PIX #investimentos
21_VXVDBIQM,outros,short,4735.0,Estude sobre investimentos #investimentos
1bREi5mQ9O4,outros,short,4607.0,REVELADA AÇÃO SECRETA DO MAIOR INVESTIDOR DO MUNDO
DqYnTh0GUVo,outros,short,4507.0,Tá comprando Bitcoin? #bitcoin
-cXwdpxG1zw,outros,short,4404.0,Lula vai ajudar veio da Havan (Luciano Hang)
GxSnURskyiM,outros,short,4313.0,Quando alguém tenta me ensinar sobre investimentos #investir #investimentos
UtAh0wPldkc,outros,short,4205.0,BITCOIN NÃO PARA DE CAIR #bitcoin
jP-2D__z0DI,outros,short,4199.0,Você não vai se aposentar #investimentos
s70vepZQHVA,outros,short,4020.0,Estude enquanto eles… #investimentos
4toiL2Z2Ybk,outros,short,3863.0,Ficar Rico é Fácil #investimentos
v499R23vxoE,outros,short,3747.0,BLACKROCK ESTÁ COMPRANDO ou VENDENDO UMA AÇÃO DÁ PARA SABER? #investimentos
cRjZKPHR_2g,outros,short,3708.0,ELE GANHOU 40X com BYD que lançou o DOLPHIN MINI
LQbC7DOJtlU,outros,short,3681.0,SMALL CAPS OUTUBRO 2023 #investimentos
JWiIAVIXWg4,outros,short,3539.0,Relacionamento e dinheiro
eHxuG-IQ-q4,outros,short,3525.0,NETFLIX ASSINATURA VAI AUMENTAR?
o0SGnZBrQbs,outros,short,3284.0,Olha só quem ganhou 😱
no-q_r8dSsc,outros,short,3208.0,A grande jogada de Messi #investimentos
Hsk5pCo-FGM,outros,short,3160.0,Qual o banco mais C@GÃ0 da Bolsa de Valores?
q61SOzrvKiY,outros,short,3118.0,TENSÃO NOS EUA AFETA NOVO RECORDE DO IBOVESPA #SHORTS
EFdSlLfl-Qg,outros,short,2836.0,Vou ficar rico em 2026 desse jeito
yuaR-k-k5Zk,outros,short,2815.0,ONDE GRACYANNE INVESTIRIA O PRÊMIO DO BBB
xRApDB0y7J4,outros,short,2794.0,Investidor vai ganhar Hambúrguer de graça #investir
TIgvF_A5Cwg,outros,short,2689.0,Quem é o vilão do trabalhador?
6LKKXkRJRLU,outros,short,2686.0,Emprestimo Consignado para CLT
Lmc9vgiN_7c,outros,short,2683.0,CASAIS INTELIGENTES ENRIQUECEM… opa pera #investimentos
Ghb_kPqYT14,outros,short,2657.0,Os melhores investidores são #investimentos
Zer_F9X_yK0,outros,short,2650.0,Eu na BOLSA DE VALORES - Quem mais? #shorts
sorHpU9ut2c,outros,short,2611.0,A SELEÇÃO BRASILEIRA NÃO É A MAIS CARA =/ #INVESTIMENTOS
zTifMOUNQJA,outros,short,2582.0,FECHAMENTO DE MERCADO 17/01/2023 #investimentos
5IDpJVtwHxU,outros,short,2567.0,Melhor exercício para o investidor #investimentos
kAgt00PCF0E,outros,short,2530.0,SMALLCAPS JUNHO 2023 #investimentos
b7mDN8r3aM0,outros,short,2460.0,Walter Salles Fortuna #investirecocar
hpmVHv716nE,outros,short,2374.0,FECHAMENTO DO JAPÃO 23/11/2022  #investimentos
UAKNZOR09Wg,outros,short,2312.0,DINHEIRO ESQUECIDO NO FGC PODE SER SEU
n2rNI2yaZ8w,outros,short,2310.0,Sócio do THE ROCK #investimentos
FWRKljivsXQ,outros,short,2278.0,FECHAMENTO DE MERCADO 20/10/2022 #investimentos #bolsadevalores
VVBI0vYw8U8,outros,short,2202.0,A morte dos cursos de inglês #investimentos
YEF0llS1qCM,outros,short,2181.0,FECHAMENTO DE MERCADO 03/10/2022
_AIph_PXuRI,outros,short,2174.0,ASSESSOR DE INVESTIMENTOS :IMERSÃO DO ZERO AO MERCADO FINANCEIRO
B9DjKHFa51Q,outros,short,2166.0,Pai do João Fonseca #investimentos
hzU8vdiSk9M,outros,short,2142.0,QUANTO CUSTOU A VIAGEM DO LULA PARA O EGITO?
hUosb0HS0v8,outros,short,2135.0,19 de agosto de 2026
d95fNXEOiHw,outros,short,2132.0,O maior investimento que existe
WJ8ID7StPfQ,outros,short,2128.0,DAY TRADE MODO EASY
Gbs_6h0iB1U,outros,short,2099.0,"Ficar rico é fácil, só fazer planejamento financeiro #investimentos"
iQ0hnkj6YXY,outros,short,2077.0,Networking com Investidores e CEOs
F4y6q8U6uO4,outros,short,1994.0,Curando dor de adulto
5ANY-gTI4HY,outros,short,1990.0,FECHAMENTO DE MERCADO 25/10/2022#fechamentodemercado #investimentos #bolsadevalores
8J0IsdYynoo,outros,short,1964.0,Casais Inteligentes Enriquecem Juntos #investimentos
mhPMuo2TLII,outros,short,1938.0,MEUS INVESTIMENTOS EM 2021 #Shorts
5qbIfXTivZg,outros,short,1921.0,Fazendo as contas de quanto sobra para investir esse mês
0WdsO8Bid3E,outros,short,1914.0,"Copo Stanley de graça, CORRE"
bv-c_ObceE8,outros,short,1906.0,Faixa Branca e Faixa Preta? #Shorts
hK4ZHfI9fR4,outros,short,1866.0,Skin in the game que fala? | Bolsa de Valores #shorts
BgMS-BEW64s,outros,short,1860.0,FECHAMENTO DE MERCADO 24/10/2022 #INVESTIMENTOS #fechamentodemercado
Lt9oIsHOB1k,outros,short,1834.0,Robô day trader perde tudo
uhnitQ1Nak0,outros,short,1831.0,De onde vem a fortuna da presidente de Palmeiras? #investimentos
_jdvnXyBeNM,outros,short,1822.0,"Primeiro você começa, depois você melhora #daytrade"
uDnhTkUHwvw,outros,short,1782.0,Casais Inteligentes Enriquecem Juntos
fwmLV9zGjJg,outros,short,1777.0,Finanças depois do Carnaval #investirecocar
SOS5k6ttXjs,outros,short,1769.0,ONDE NÃO INVESTIR? #investimentos
gmii8VD7cfk,outros,short,1764.0,Quanto o Ramon Dino ganhou no Mr Olympia? #investimentos
nzcM11HGOuM,outros,short,1718.0,FECHAMENTO DO JAPÃO 05/10/2022
XZM0Mjt--Mo,outros,short,1690.0,E AI?
VMNAYobSmZs,outros,short,1690.0,SMALLCAPS DEZEMBRO 2023 #investimentos
NgfUkvdL6Ic,outros,short,1678.0,REGRA 50/30/20 #finanças
JHQGM30wga0,outros,short,1638.0,FECHAMENTO DE MERCADO 06/10/22
mP70C9HHtNo,outros,short,1622.0,FECHAMENTO DO MERCADO  10/11/2022 #fechamentodemercado #investimentos
dd267zOOJFY,outros,short,1620.0,FGTS: QUANTO VOCÊ VAI RECEBER? #investirecocarshorts
EyyT4MdIo0A,outros,short,1607.0,DAY TRADE PODE GERAR MULTA
OAXShc_xoE8,outros,short,1596.0,SMALLCAPS MAIS RECOMENDADAS JULHO 2024
jfnEGa9e814,outros,short,1590.0,"INTERNET, COMIDA e BEBIDA DE GRAÇA NO AEROPORTO?"
Q0KzQ7xdvRw,outros,short,1588.0,Fechamento de mercado 25/01/2023 #investimentos
NAx5rbMFJrU,outros,short,1535.0,Desse jeito 😂 #shorts
JLGftOXTHBU,outros,short,1520.0,FECHAMENTO DE MERCADO 05/01/2023 #investimentos
VPvVEuyHS6M,outros,short,1484.0,NOTA PAULISTA VAI SER CANCELADA. CORRE PRA PEGAR SEU DINHEIRO #shorts
hry1B6zzUeM,outros,short,1479.0,Recuperações judiciais disparam no Brasil
j1fKRYksUQA,outros,short,1473.0,Truque do dinheiro infinito #investimentos
p56gabU2ei8,outros,short,1471.0,FECHAMENTO DE MERCADO 09 /01/2023 #investimentos
yciowxQV4yM,outros,short,1452.0,DINHEIRO ESQUECIDO de FALECIDOS
3K95Nn4eSTI,outros,short,1440.0,Robôs em Linha de produção da BMW
nqSvzt116mY,outros,short,1422.0,FECHAMENTO DE MERCADO 04/01/2023 #investimentos
VGQ-oHmxukE,outros,short,1418.0,Ganhe dinheiro com ETS #investimentos
odZgXZhpjuM,outros,short,1409.0,"Herdeira vai doar a fortuna, mas tem pegadinha..."
bO9v7EFC0EM,outros,short,1405.0,Fechamento de mercado dia 22 de outubro de 2022 #investimentos
4C7tK8qjHmg,outros,short,1400.0,João Fonseca Pai #investimentos
6dva45xU3go,outros,short,1387.0,Fechamento de mercado 26/01/2026 #investimentos
nr6n-s5yFIc,outros,short,1383.0,Onde a WANDINHA investiria na Bolsa de Valores Brasileira? #investimentos
YeX6RzPCmfw,outros,short,1380.0,ROLEX Qual o melhor momento para comprar ou vender seu relógio de luxo? #investimentos
HPwA-e_hTw0,outros,short,1370.0,"Alta da bolsa interrompida, Aumento venda no varejo e Emprego nos EUA #SHORT"
WIkEQSTS8to,outros,short,1341.0,A AÇÃO QUE MAIS SUBIU FOI #shortssprintbrasil #investimentos
Oa3IntwFRsY,outros,short,1332.0,Aquela tia chata dos almoços de domingo
V6p1I9Tn1Sk,outros,short,1310.0,Fechamento de mercado 22/11/2022 #investimentos
Ri2cS1_tP9I,outros,short,1308.0,INVESTIR NO EXTERIOR COM POUCO DINHEIRO #investimentos
IriaNwnAZP8,outros,short,1289.0,5 PASSOS PARA O SUCESSO RAY DALIO! O fundador do maior fundo de investimentos
B7pTiwxsWaI,outros,short,1286.0,Mentalidade de escassez te impede de crescer
Anljp-ug3eU,outros,short,1283.0,Arminio Fraga fecha fundo de investimentos
nCOT6jiEQ6Q,outros,short,1212.0,Max Titanium VAI SER VENDIDA?
ORoTPH57oVw,outros,short,1202.0,estão tirando dinheiro dos seus pais! #investimentos
kpNRw8FT8aQ,outros,short,1200.0,FECHAMENTO DE MERCADO 25/11/2022
4UEwZVSVoP8,outros,short,1182.0,Agora você se diverte ao perder dinheiro na bolsa de valores
Jq0uHTjO26Y,outros,short,1139.0,Truque do dinheiro infinito #investimentos
GIU1s4psVcw,outros,short,1118.0,Dor de corno do mercado (NVDA) #bolsadevalores
N-3EDqqN7r4,outros,short,1110.0,FECHAMENTO DO MERCADO 10/01/2023 #investimentos
q8qJuA-Ov2I,outros,short,1082.0,FECHAMENTO DE MERCADO 07/10/2022 #investimento #fechamentodemercado
cPQXNrhZC1c,outros,short,1077.0,FECHAMENTO DO JAPÃO 21/11/2022 #investimentos
W3xrrmlh_oY,outros,short,998.0,FECHAMENTO DE MERCADO 11/10/2022
7-Lh4xzZsKc,outros,short,996.0,Copie os investimentos do maior investidor do mundo #shortssprintbrasil
x4Bvv2HlJ7o,outros,short,992.0,FECHAMENTO DE MERCADO 24/01/2023 #investimentos
-K6Pr1H_R9w,outros,short,980.0,Investimento longo prazo #investimentos
DKKtBKvFUaU,outros,short,966.0,AÇÃO MAIS BARATA SEGUNDO ESSE INDICADOR
75yjplOc2zc,outros,short,936.0,MELHOR FORMA DE GARANTIR A FACULDADE DOS FILHOS! [CORRE]
ICbtlOZ5EvY,outros,short,880.0,Bolsa de Valores deu um alívio nos investimentos #shorts
JQSLaVESj5M,outros,short,869.0,A vontade é essa… 😅 #shorts
qe2uhtQwQRM,outros,short,860.0,BITCOIN (BTC) e a dor de C*RNO #bitcoin
HEd1_H-v4AU,outros,short,837.0,A AÇÃO MAIS RECOMENDADA PARA INVESTIR EM DEZEMBRO 2022 #investimentos
yr8QHq2X59E,outros,short,835.0,começando a investir
HKTwPbn8INc,outros,short,834.0,jogador de futebol não cuida bem do dinheiro que ganha? #investimentos
xQz3RDpvqC0,outros,short,806.0,TOP 5 CRIPTOMOEDAS PROMISSORAS e BARATAS em 2022 para INVESTIR
IKg19qkJ65Y,outros,short,781.0,Ação que mais subiu no século 21 #shortssprintbrasil #investimentos
XRozwvLPRdw,outros,short,781.0,Fechamento de mercado 05/12/2022 #fechamentodemercado #investimentos
Fi9tK0j_E_8,outros,short,769.0,IPO REDDIT (RDDT) VALE A PENA? #investimentos
1Sk7tNDHh0o,outros,short,747.0,FECHAMENTO DO MERCADO 01/12/2022 #investimentos
bL1dNFjJKGo,outros,short,747.0,Fechamento de mercado 18/01/2023 #investimentos
dc3o6w2vIvQ,outros,short,734.0,Tem gente que bebe a Heineken e tem gente que recebe da Heineken 🍺 #shorts
fwshZ9M262E,outros,short,695.0,VÃO PERDOAR A SUA DÍVIDA
8OXj_HBROGY,outros,short,690.0,Aluguel de imóveis disparou! #investimentos
LeOSuEk9GJY,outros,short,679.0,FECHAMENTO DE MERCADO 07/12/2022 #INVESTIMENTOS #fechamentodemercado
FnHOSAhw-P0,outros,short,678.0,SMALLCAPS MARÇO 2024
WmzGmrLciLI,outros,short,659.0,a melhor técnica para se livrar das dívidas #investimentos
cx2KQevsih0,outros,short,645.0,Warren Buffet é o maior acionista dessas 8 empresas #investimentos
nNoA94qDz0M,outros,short,639.0,Onde a Wandinha investiria na bolsa de valores? #investimentos #wandinha
1uD2nKm7W9o,outros,short,601.0,ARREPENDIMENTO DO INVESTIDOR #nvda
vs3y6FchVng,outros,short,592.0,FECHAMENTO DE MERCADO 11/01/2023 #investimentos
StMdrrvfnvs,outros,short,540.0,FECHAMENTO DE MERCADO 24/11/2022 #investimentos
UUDBP-FFn5U,outros,short,528.0,Qual ação tá boa hoje? #investirecocarshorts
Aj4JoTWoMNY,outros,short,497.0,ETHEREUM (ETH) NÃO PARA DE SUBIR
FbeWRqYxkdI,outros,short,474.0,Toda vez eu penso: Só? #investidor
X7KBoP9P7Pc,outros,short,465.0,GASOLINA ou ETANOL? #investimentos
uBjDWMuTO2w,outros,short,464.0,Quanto Palmeiras Recebeu pelo Paulista? #investimentos
71kkmDuZdgY,outros,short,387.0,VICIADO em BOLSA de VALORES
eJEOk5QR5X8,outros,short,380.0,Qual ticker de ação você Tatuaria? #investimentos
stJ3nOyYlTk,outros,short,1.0,10 MAIS RICOS DO BRASIL!
Mostrando os primeiros 500 resultados,outros,longo,,
SXDDs3m-Jt4,outros,short,,A AÇÃO MAIS RECOMENDADA OUTUBRO 2022
f8OTCsbuou8,outros,short,,Bitcoin derreteu 😱 abaixo de 80k #bitcoin
Dx48rShFJr8,plano de renda,longo,83423.0,A VERDADE sobre A MÁGICA DEPOIS DOS 100 MIL REAIS que NINGUÉM TE CONTA...
tbKsF2qyakU,plano de renda,short,65710.0,Quanto tempo demora para juntar 1 milhão de reais?
Y4WHQiKcv1g,plano de renda,longo,61635.0,DIVIDENDOS MENSAIS: 4 ÚNICOS ETFs que PAGAM MENSALMENTE na B3! (tem ETF pagando 1% a.m.)
4zHZprjxLu4,plano de renda,longo,53181.0,QUANTO RENDEU 1 REAL em BITCOIN NO MERCADO PAGO?
OSNXkhCSDb0,plano de renda,longo,42833.0,6 ETFs que PAGAM DIVIDENDOS MENSAIS
wYb9_xSNFV8,plano de renda,short,42510.0,QUANTO TEMPO para JUNTAR 1 MILHÃO de REAIS? #investimentos
4iU_GVA9skk,plano de renda,longo,32665.0,NOVO ETF de BITCOIN que PAGA DIVIDENDOS MENSAIS (COIN11)
Fb0l4KEq27o,plano de renda,longo,32545.0,6 ETFs que MAIS PAGARAM DIVIDENDOS MENSAIS em 2025 e devem continuar em 2026
E3WE9hLjrNA,plano de renda,longo,32533.0,Como funciona a Renda Fixa? guia para começar a investir: GUIA DEFINITIVO RENDA FIXA COMPLETO[AULÃO]
dHYQtxnMSrw,plano de renda,longo,31506.0,ÚLTIMA CHANCE de GANHAR MUITO DINHEIRO na RENDA FIXA (NTN-B IPCA+7%)
kflcJjhVg5k,plano de renda,longo,27826.0,TRXF11: O que está por trás do buraco de R$ 22?
tU5hfeII8Gk,plano de renda,longo,27418.0,TOP 3 ETFs que PAGAM DIVIDENDOS MENSAIS
FMkraPWpexQ,plano de renda,short,27301.0,POV meu dinheiro saindo da renda fixa e indo parar na bolsa de valores #bolsadevalores
hHveRO4TSP4,plano de renda,longo,26601.0,"ESSA AÇÃO VAI PAGAR R$3,27 de DIVIDENDOS, MAS PRECISA CORRER QUE A DATA-EX TÁ AÍ"
Z-5VgjzigKg,plano de renda,longo,25686.0,ETF de OPÇÕES TÁ PAGANDO MUITO e MENSALMENTE!
Xi__i6FuNd4,plano de renda,longo,25503.0,"DIVIDENDOS AÇÃO VAI PAGAR R$ 4,80* POR AÇÃO EM DIVIDENDOS!AURA33"
IB1mBcF00jc,plano de renda,longo,20429.0,"ETF JEPI39 PAGA DIVIDENDOS MENSAIS, mas vale a pena?"
nnZXXW86o2M,plano de renda,longo,15366.0,"DIVIDENDOS DE R$8,10! CORRE QUE AINDA DÁ TEMPO"
XL8OKui3njE,plano de renda,short,13564.0,Esse negócio de independência financeira acho que não existe 🤣#investimentos
bo8CNE_RCuo,plano de renda,longo,13193.0,"DIVIDENDOS AÇÃO PAGARÁ R$4,02! QUE ACONTECERÁ COM AS AÇÕES SMILES! SMLS3 DIVIDENDOS DE R$4,02"
Qir3HW9SWJI,plano de renda,longo,12338.0,"AÇÃO VAI PAGAR R$2,17 de DIVIDENDOS, SERÁ QUE AINDA DA TEMPO DE COMPRAR ESSA AÇÃO?"
V0LCzury2aU,plano de renda,longo,10125.0,Como juntar dinheiro rápido? Como juntar 10 mil reais em um ano em 5 passos!
fFKcbidHAsM,plano de renda,short,9960.0,"ESSA AÇÃO VAI PAGAR R$2,01 DE DIVIDENDOS - CORRE QUE AINDA DÁ TEMPO #SHORTS"
Rgfh5HuNdJo,plano de renda,longo,9372.0,DIVIDENDOS: PLANO para RECEBER 10 MIL REAIS de RENDA PASSIVA
XiglNJkiv2Y,plano de renda,longo,9272.0,"DIVIDENDOS R$ 2,86 POR AÇÃO - AINDA DÁ TEMPO DE INVESTIR?"
yHQvEitHtbE,plano de renda,longo,8355.0,CASA11: Dividendos Mensais dos Fundos Imobiliários Americanos!
WnO8EodjyUM,plano de renda,longo,8353.0,"AÇÃO VAI PAGAR R$2,42 e AINDA DA TEMPO DE ENTRAR! AÇÃO QUE PAGA BONS DIVIDENDOS - DATA COM"
spU7CkRVINE,plano de renda,longo,7790.0,"QUANTO RENDE 25, 50 e 100 mil EM UMA CARTEIRA PARA RENDA PASSIVA?"
WDhpzY00J64,plano de renda,longo,7654.0,RALI DE FIM DE ANO AÇÕES? BOLSA DE VALORES VOLTARÁ AOS 135 MIL PONTOS? feat ENRICO COZZOLINO
frYdWvfTLP0,plano de renda,longo,7541.0,"MXRF11, VGHF11 e DCRA11: RECEBA RENDA PASSIVA DE R$ 400 DE DIVIDENDOS TODO MÊS"
8QGJ6tRQh6I,plano de renda,short,4931.0,Dinheiro na transição da renda fixa para bolsa de valores #bolsadevalores
BooCl9y-7Oc,plano de renda,short,4698.0,Renda fixa ou Renda Variável?
KyDpB41jl0c,plano de renda,short,4647.0,"AÇÃO VAI PAGAR R$ 1,35 de DIVIDENDOS | Saiba a DATA COM para RECEBER OS DIVIDENDOS DA AÇÃO #SHORTS"
zk9goHV9BeA,plano de renda,short,4123.0,Bolsa de Valores bate novo recorde 153 mil pontos #bolsadevalores
Oo4UA9TyJ4Y,plano de renda,short,3933.0,Quanto tempo demora para juntar 1 milhão de reais? #previdência
03pxnRefxXQ,plano de renda,short,3722.0,"DIVIDENDOS essa AÇÃO VAI PAGAR R$ 1,61 por AÇÃO"
fpb_cCkZKCE,plano de renda,short,2171.0,Qual o melhor momento para comprar renda fixa? #investimentos
3n6ojgoNFoE,plano de renda,short,2090.0,Juntar 100 mil reais até 2025? #investimentos
V8MyV8oeITs,plano de renda,short,1916.0,"É Brazel, não tá fácil não =/ como tá a carteira de vocês em 2021? #Shorts"
iPHgS1gtGk0,plano de renda,short,1625.0,VOCÊ VAI PERDER DINHEIRO NA RENDA FIXA DE NOVO!
wQSe0cF0dmY,plano de renda,short,1292.0,COMO GANHAR MAIS QUE 1 SALÁRIO MÍNIMO em MENOS DE 1 MINUTO COM essa DICA
pc2jfXJm6V8,plano de renda,short,694.0,"4 fundos imobiliários base R$10,00 #investimentos"
Q1WMbZZn2Ik,produto / comparativo,short,74625.0,O QUE RENDE MAIS CDB ou LCI/LCA? #investimentos
0kD4_42HV24,produto / comparativo,longo,55979.0,ITSA4 O QUE NINGUÉM TE CONTA SOBRE O MOMENTO DAS AÇÕES ITAUSA ITSA4! RESULTADOS ITAUSA.
fDUsjBJQmC4,produto / comparativo,longo,52928.0,🚨 O AVISO MAIS IMPORTANTE para QUEM INVESTE em FIIs (NÃO IGNORE!)
6O3WAZjKAKY,produto / comparativo,longo,41706.0,ONDE INVESTIR e NÃO INVESTIR com LULA PRESIDENTE?
aYQbBXHy0Y0,produto / comparativo,longo,40743.0,GUIA BÁSICO DE OPÇÕES! OPÇÕES DE AÇÕES - ENTENDA DE UMA VEZ POR TODAS! MERCADO DE OPÇÕES B3
u3_TFANhdvA,produto / comparativo,longo,34457.0,ITSA4 AÇÕES - PODE SER A SUA ULTIMA CHANCE COM AS AÇÕES ITAÚSA ITSA4 2021
bgRfeWD0Ilw,produto / comparativo,longo,34420.0,OIBR3 AÇÕES - WARREN BUFFET DEIXA PISTAS PARA O ACIONISTA OIBR3! WARREN BUFFET INVESTIRIA EM OIBR3?
jdnxy6RUkqM,produto / comparativo,short,31914.0,O véio dos dividendos #dividendos
cCXRxC3UpCg,produto / comparativo,longo,30174.0,AÇÕES para 2020! Quais as melhores acoes para 2020? Ações para investir em 2020!
N9XW5Bqteyw,produto / comparativo,longo,29703.0,OIBR3 NÃO VAI MAIS VENDER A OI MÓVEL? AÇÕES OIBR3 VAI INCORPORAR A OI MÓVEL?
kmfL2dX_paU,produto / comparativo,longo,28599.0,VVAR3 VIA VAREJO AÇÕES VALE A PENA? VVAR3 NOVA MGLU3?
TlV__t9YncA,produto / comparativo,short,27410.0,ITSA4 voltar a pagar dividendos obesos #dividendos
pVZLTmmGm_k,produto / comparativo,longo,26898.0,OIBR3 OI - O QUE ACONTECEU COM AS AÇÕES DA OI? POR QUE AS AÇÕES OIBR3 CAIU? OIBR3 OIBR4
OtDiCVzyRVs,produto / comparativo,longo,26786.0,OIBR3 GRUPAMENTO O QUE FAZER COM AS AÇÕES da OI (OIBR3)?
xzS0TQlEu2E,produto / comparativo,longo,26543.0,SOUSMILE FUNCIONA? QUANTO CUSTA APARELHO INVISÍVEL? |  APARELHO SOUSMILE O MELHOR INVESTIMENTO
OGH0zXwBhdc,produto / comparativo,longo,26212.0,BANCOS - AÇÕES DE BANCOS PODEM DISPARAR E VOCÊ DEVERIA SABER DISSO
j71eHPEdrHA,produto / comparativo,longo,25553.0,"STBP3 SANTOS BRASIL - Investir nas AÇÕES STBP3 vale a pena, ainda?"
XRl_3LjuuN4,produto / comparativo,longo,25171.0,AÇÕES VVAR3 FOLLOW ON! FOLLOW ON VIA VAREJO VVAR3 É ANUNCIADO e AGORA O QUE FAZER? | RAPIDINHA #245
KZ-5DyPJdx8,produto / comparativo,longo,23883.0,OIBR3 CHEGOU NO TOPO? O QUE ACONTECEU COM AS AÇÕES DA OI OIBR3? | RAPIDINHA #271
BkGq1gqMczc,produto / comparativo,longo,22347.0,"BBDC4, BBAS3, ITUB4, SANB11 COMPRAR ou VENDER os GRANDES BANCOS? (COM RECOMENDAÇÃO)"
aWC2feyFI1E,produto / comparativo,longo,22247.0,AÇÕES VVAR3 FOLLOW ON! VIA VAREJO VAI FAZER FOLLOW ON! JUSTO AGORA FULCHERBERGER? VVAR3 2020 | #230
r6VZvfPgELk,produto / comparativo,longo,22243.0,"AÇÕES BARATAS, AÇÃO SOBE 15% E PODE SUBIR MAIS! AÇÕES COM TENDÊNCIA DE ALTA 2021"
-lWZgsVR3T0,produto / comparativo,longo,21711.0,DESDOBRAMENTO DE AÇÕES - Ações MGLU3 DESDOBRAMENTO RADL3 ações - Comprar ou Vender?
RAtoXqIHz3c,produto / comparativo,longo,21519.0,OIBR3 AÇÕES - ELE RECOMENDOU VENDA DAS AÇÕES DA OI (OIBR3)!
LCIoCf7h_oo,produto / comparativo,short,20950.0,OIBR3 PODE FAZER GRUPAMENTO DAS AÇÕES?
S55HqFyrjkI,produto / comparativo,longo,20306.0,STBP3 PODE SER A ULTIMA CHANCE DE VOCÊ DOBRAR SEU CAPITAL COM AS AÇÕES SANTOS BRASIL!
YxLzaSN2a1M,produto / comparativo,longo,19996.0,"🟡 ETF de BITCOIN (BTC) no BRASIL,VALE a PENA?(🟢VANTAGENS e 🛑DESVANTAGENS)"
pYkfwk1c9ms,produto / comparativo,longo,19856.0,8 Fundos Imobiliários de Tijolos Baratos
_10GFQDTE1o,produto / comparativo,longo,19728.0,GESTOR que DESCOBRIU FRAUDE na IRBR3 DIZ: INVESTIDORES de FUNDOS IMOBILIÁRIOS e VAREJO CORREM RISCO
YY9oIHk-atw,produto / comparativo,short,18988.0,OIBR3 FOI PARA O ATAQUE!
HwkzwPK3Xds,produto / comparativo,longo,18974.0,FIIS FUNDO IMOBILIARIO -  E AGORA? O que fazer com seus fundos de investimento imobiliário?
dAr1RIrKpiw,produto / comparativo,longo,18875.0,AÇÕES OIBR3 e OIBR4 POR QUE UMA SOBE E A OUTRA CAI? AÇÃO OI OIBR3 OU OIBR4? RAPIDINHA #272
TY8oLvUt2Qg,produto / comparativo,longo,18623.0,RECEBA DIVIDENDOS TODOS os MESES de AÇÕES SEGURAS (mesmo começando do zero!)
T4D2Y66L6Sc,produto / comparativo,longo,18119.0,VVAR3 AÇÕES - PREÇO DO FOLLOW-ON VIA VAREJO VVAR3 É ANUNCIADO! (BOATOS) | RAPIDINHA DO JAPÃO #247
5cNIB0wBCbY,produto / comparativo,longo,18041.0,VIA (VIIA3) POR QUE AS AÇÕES DERRETARAM 14% EM DOIS DIAS MESMO COM AUMENTO DE 103% NO LUCRO 2T21?
-onMEo58v2s,produto / comparativo,longo,17836.0,VVAR3 AÇÕES VIA VAREJO E ARMA SECRETA DO FULDERBERGUERZEVERS | VIA VAREJO VVAR3 3T20
M0sYiLwvUNk,produto / comparativo,short,17717.0,A BLACKROCK está COMPRANDO essas AÇÕES brasileiras #investimentos
LfWMRYbI8n0,produto / comparativo,longo,17690.0,ALASKA MELHOR FUNDO DE AÇÕES! HAJA CORAÇÃO! FUNDO QUE MAIS RENDEU NO 1º SEMESTRE
H6uTn-HXTTQ,produto / comparativo,longo,17561.0,INVESTIR NA BOLSA DE VALORES: COMO OPERAR NO MERCADO DE AÇÕES SIMULADOR DE BOLSA DE VALORES GRÁTIS!
kipRQb0ksus,produto / comparativo,short,17412.0,Fundos Imobiliários Junho 2023 #investimentos
cQHjIdGuloU,produto / comparativo,longo,17364.0,AÇÕES MAIS RECOMENDADAS ABRIL 2021 | AÇÕES ABRIL 2021 - MELHORES AÇÕES PARA INVESTIR EM ABRIL
Q-vbdL4isTk,produto / comparativo,longo,17290.0,TOP 5 AÇÕES MAIS RECOMENDADAS PARA JUNHO 2020! TEM UMA NOVIDADE! MELHORES AÇÕES PARA INVESTIR JUNHO
-N9VlsW1K5g,produto / comparativo,longo,17169.0,AÇÃO VVAR3 2020 - VIA VAREJO É NOTIFICADA PELA CVM! Roberto Fulcherberguer FALOU DEMAIS NAS LIVES?
Fo_0zRzDo8E,produto / comparativo,longo,16974.0,CSN MINERAÇÃO IPO - IPO CMIN3 VALE A PENA? AÇÕES CMIN3 CSN MINERAÇÃO IPO VALE A PENA?
tQVr54vTGSg,produto / comparativo,longo,16918.0,RESUMÃO DO JAPÃO: PINE4 vale a pena? Ações do banco PINE.
PAUkyVamgkM,produto / comparativo,longo,16849.0,OIBR3 AÇÕES - OLHA O QUE O CEO DA TIM FALOU SOBRE A COMPRA DA OI OIBR3 | RAPIDINHA #281
-UOFWJPilQ4,produto / comparativo,longo,16832.0,FIIs NÃO PARAM DE CAIR! HORA de VENDER os FUNDOS IMOBILIÁRIOS?
FkQ8-a7t0qI,produto / comparativo,longo,16792.0,VIIA3 CEO DA VIA NÃO ENTENDE O VALOR DE MERCADO E REVELA O MÚLTIPLO QUE VIIA3 DEVERIA SER NEGOCIADA!
lzOW-yThAQs,produto / comparativo,longo,16754.0,"VVAR3 VIA VAREJO - PRECIFICADO O FOLLOW-ON VIA VAREJO! AÇÕES VVAR3 E AGORA, COMPRAR OU VENDER? #249"
VNhDscwYFcs,produto / comparativo,longo,16465.0,IPO CAIXA SEGURIDADE -QUANTO CXSE3 VAI PAGAR DE DIVIDENDOS? DIVIDENDOS CAIXA SEGURIDADE VALE A PENA?
wML4L-y-4bI,produto / comparativo,longo,16387.0,VIIA3 VIA - CHEGOU A HORA DE VENDER VIIA3 (EX-VIA VAREJO VVAR3)? Feat. Rafael Bevilacqua
rNldyrlpPno,produto / comparativo,longo,16354.0,VVAR3 AÇÕES VIA VAREJO acumula ALTA de 66% O FUTURO DA VVAR3 VIA VAREJO vale a pena?
eJgR7acR9fQ,produto / comparativo,longo,16148.0,AÇÕES ESQUECIDAS NA BOLSA 2020! 3 AÇÕES ESQUECIDAS PELOS INVESTIDORES NA BOLSA DE VALORES 2020
gA-R4Iu3_I4,produto / comparativo,longo,15996.0,"IRBR3 HOJE CAIU 20,93% DEPOIS DO GRUPAMENTO DAS AÇÕES! O QUE ACONTECEU COM IRBR3?"
7CdwOTT7U3o,produto / comparativo,longo,15972.0,CDB PREFIXADO VALE A PENA? COMO FUNCIONA? O que NINGUÉM te conta!
KJJc8S3ibpk,produto / comparativo,short,15905.0,COGN3 BLACK ROCK AUMENTA PARTICIPAÇÃO e DÁ SINAL PARA O MERCADO
mKRWNOPGjr8,produto / comparativo,longo,15899.0,Top 8 ações de Dividendos 2024
kmLvxBoALa0,produto / comparativo,longo,15733.0,ETF Irlandeses na Avenue: O Segredo que a Ricos usam em Silêncio
0KQmeehso4Y,produto / comparativo,longo,15626.0,BRADESPAR (BRAP4) VAI DAR AÇÕES DE GRAÇA E AINDA PAGAR DIVIDENDOS DE 50%? SAIBA ATÉ QUANDO COMPRAR
0sKpoPOOizo,produto / comparativo,longo,15586.0,OIBR3 noticias - OIBR3 2019 acoes OI analise | RAPIDINHA DO JAPÃO #23
sgIBA6cTAKE,produto / comparativo,longo,15372.0,VIIA3 (EX VIA VAREJO) VAI EMITIR DÍVIDA BILIONÁRIA! DEBENTURE VIA VAI PREJUDICAR A AÇÃO VIIA3?
cMaLhDPz_fc,produto / comparativo,longo,15255.0,"OIBR3 AÇÃO OI PODE MULTIPLICAR DE VALOR ALGUMAS VEZES, DIZ CEO DA OI RODRIGO DE ABREU"
acvkUGM8jNo,produto / comparativo,longo,15194.0,AÇÕES VVAR3 FOLLOW ON! VIA VAREJO SOLTA FATO RELEVANTE SOBRE FOLLOW ON VVAR3 2020 | RAPIDINHA #231
9qeoLj51wsQ,produto / comparativo,longo,15187.0,AÇÕES PAGADORAS DE DIVIDENDOS 2021 - MELHOR AÇÃO QUE PAGA DIVIDENDOS (DEVE PAGAR 11%)
0Tx9Dxoto5I,produto / comparativo,longo,14814.0,"CHINA vai deixar muita gente RICA, mas depende de um INGREDIENTE! ONDE INVESTIR PARA APROVEITAR?"
mE2A50FTBg4,produto / comparativo,longo,14640.0,VENDIDOS nos FUNDOS IMOBILIÁRIOS | ENTENDA ANTES que SEJA TARDE
qRIfN8aDNj8,produto / comparativo,longo,14452.0,VVAR3 VIA VAREJO VAI EMITIR NOVAS AÇÕES! EMISSÃO DE NOVAS AÇÕES VVAR3 E PREÇO ALVO! RAPIDINHA #127
6UDsO5ldo1o,produto / comparativo,longo,14406.0,OIBR3 PODE SUBIR 150%! RECOMENDAÇÃO DE COMPRA | RAPIDINHA DO JAPÃO #123
iMdi0z-dB3Y,produto / comparativo,longo,14386.0,VVAR3 VIA VAREJO o que esperar das AÇÕES da VIA VAREJO? VIA VAREJO COMPRA UMA START UP E LEVA 300!
qMhP2Ou8tM8,produto / comparativo,longo,14155.0,OIBR3 CAI 13% GRUPAMENTO DA AÇÃO PRÓXIMO E SAÍDA DA RECUPERAÇÃO JUDICIAL LONGE?
MYBOjH3oHmo,produto / comparativo,longo,14155.0,BHIA3 VIIA1 FOLLOW ON VIA (VIIA3): VALE A PENA INVESTIR? NOVA EMISSÃO DE AÇÕES VIIA3 é FURADA?
FcjCAk971ko,produto / comparativo,longo,14069.0,MELHORES AÇÕES PARA JUNHO 2021 - AÇÕES MAIS RECOMENDADAS JUNHO | AÇÕES JUNHO 2021
VD11x_Q-D6M,produto / comparativo,longo,14062.0,🔴OIBR3 INFRACO É VENDIDA MAS E AGORA O QUE SERÁ DAS AÇÕES DA OI OIBR3?
drzvC5Gy8as,produto / comparativo,longo,13676.0,OIBR3 SUBINDO 10% e PASSOU DE 1 REAL! O QUE ACONTECEU COM AÇÕES DA OI (OIBR3)?
jg2V_6HQ6A8,produto / comparativo,longo,13549.0,TOP 5 AÇÕES MAIS RECOMENDADAS PARA SETEMBRO 2020 - MELHORES AÇÕES PARA INVESTIR EM SETEMBRO 2020
xE6Adgy9sTY,produto / comparativo,short,13477.0,Como começar a Investir comprando AÇÕES na bolsa de valores? #bolsadevalores #investimentos
TLPxHAZwNZM,produto / comparativo,longo,13339.0,OIBR3 AÇÕES O QUE ACONTECEU COM AS AÇÕES DA OI e QUAL A AMEAÇA PARA A RECUPERAÇÃO JUDICIAL DA OIBR3?
XOqLAz3dkV4,produto / comparativo,longo,13301.0,TRXF11: DIVIDENDOS atraentes ou PROBLEMAS à vista?
jhEdtyLy8MU,produto / comparativo,longo,13232.0,AÇÕES MAIS RECOMENDADAS PARA JULHO 2020 - TOP 5 MELHORES AÇÕES PARA INVESTIR EM JULHO
qLffihzfjrs,produto / comparativo,longo,13126.0,VIA VAREJO VVAR3 SAIBA OS PLANOS DE VIA VAREJO PARA DOMINAR O MERCADO NO VARA DAY! VVAR3 AGORA VAI?
z7DlzJpTSd4,produto / comparativo,longo,13061.0,POSI3 AQUISIÇÃO RELEVANTE ANUNCIADA! POSITIVO É COMPRADA! VEM GENTE GRANDE POR AI! | RAPIDINHA #149
tKFehALyGbg,produto / comparativo,longo,12986.0,3 MELHORES AÇÕES BARATAS DA BOLSA DE VALORES - EMPRESAS PERENES DA BOLSA
bcapbw14AR0,produto / comparativo,longo,12882.0,MELHORES AÇÕES PARA DEZEMBRO 2020 - AÇÕES MAIS RECOMENDAS PARA INVESTIR EM DEZEMBRO - 7 SURPRESAS
ZWXqZO_-KB4,produto / comparativo,short,12877.0,Fundos Imobiliário Novembro 2023 #investimentos
UhbUI31-wFU,produto / comparativo,longo,12760.0,OIBR3 OIBR4 POR QUE AS AÇÕES DA OI (OIBR3) CONTINUAM CAINDO MESMO DEPOIS DA OFERTA PELA INFRACO?
cDGm46zM1vg,produto / comparativo,longo,12732.0,"OIBR3 AÇÕES OI - ASSEMBLEIA DA OI AÇÕES OIBR3 - ASSEMBLEIA DE CREDORES DA OI APROVADA, E AGORA?"
DTbqH1Irnd4,produto / comparativo,longo,12731.0,O que aconteceu com as ações da B3 (B3SA3)? AÇÕES B3SA3 DERRETERAM
aNf75bKe33Y,produto / comparativo,longo,12558.0,AÇÕES OIBR3 - SERÁ O FIM DA OI? AÇÃO OIBR3 CAI MAIS DE 10% COM ESSA NOTICIA OIBR3
M9TZ5VWQUYY,produto / comparativo,longo,12453.0,OIBR3 AÇÕES OI - VAI DEMITIR E AUMENTA O PREÇO ALVO DAS AÇÕES OIBR3
3AfzYdKLoF0,produto / comparativo,longo,12447.0,AÇÕES VIA VAREJO [VVAR3] O QUE ACONTECEU COM A VVAR3 NA BLACK FRIDAY? | RAPIDINHA DO JAPÃO #85
Q5vfi9xsxY8,produto / comparativo,longo,12418.0,NEOGRID NGRD3 AÇÕES DESPENCAM 15% l O QUE ACONTECEU COM AS AÇÕES NGRD3 | CVM TÁ DE OLHO
C_Q-arzcYJc,produto / comparativo,short,12336.0,O importante é manter os aportes nas ações #investimentos
N3hWKFHknWs,produto / comparativo,longo,12292.0,AÇÃO VAI AUMENTAR SUA DISTRIBUIÇÃO DE DIVIDENDOS 2021 e outras ações devem aumentar os dividendos 21
Gjw4crGh6Xg,produto / comparativo,longo,12278.0,Por que os RICOS NÃO INVESTEM em Fundos Imobiliários (e o que isso significa pra você)
V9RDdM-X2vQ,produto / comparativo,longo,12165.0,"OIBR3 NOVA OI (AÇÕES OIBR3) MOSTRA O PLANO ESTRATÉGICO, MAS MERCADO NÃO ENGOLE BEM"
h79ndWtYKro,produto / comparativo,longo,12157.0,BBAS3: Promoção ou armadilha? #bbas3
Rg0nzvJU_sQ,produto / comparativo,longo,12045.0,CASH3 MELIUZ DESPENCOU 35% EM UM MES E VAI TER DESDOBRAMENTO CASH3. VALE A PENA CASH3?
GZqyp3YflhQ,produto / comparativo,longo,12029.0,CSAN3 CENÁRIO MUDOU e SÓ ISSO PODE SALVAR a COSAN...
pqUGI7DQfpk,produto / comparativo,longo,12002.0,OIBR3 FOI VENDIDA! SERÁ QUE AGORA VAI? AÇÕES DA OI OIBR3 | RAPIDINHA DO JAPÃO #129
wDBHGeGH-bQ,produto / comparativo,longo,11962.0,VVAR3 AÇÕES VIA VAREJO NÃO PARA! FATO RELEVANTE REVELA TUDO O QUE VOCÊ PRECISA SABER! VVAR3 2020
rkOXJPAYnHk,produto / comparativo,longo,11916.0,COGN3 ELES COMPRARAM + 15% DA COGNA (COGN3)! AGORA VAI?
3mbq4-nH1Ek,produto / comparativo,longo,11908.0,VOCÊ DEVERIA SABER QUEM É ESSE TUBARÃO e SE ELE COMPROU OU VENDEU AÇÕES DA OI (OIBR3)!
YJh3f38zSHA,produto / comparativo,longo,11857.0,SAPR4 vale a pena? SANEPAR ações SAPR11 e SAPR4 a estrela do saneamento | RAPIDINHA DO JAPÃO #62
ju0dRffDUnY,produto / comparativo,longo,11811.0,"BANCOS AÇÕES BBDC4, BBAS3, ITUB4 e SANB11 QUAL COMPRAR? O SETOR DA BOLSA DE VALORES QUE NÃO ANDOU"
SrYaEFYLdO4,produto / comparativo,longo,11730.0,COPEL AÇÕES (CPLE3 CPLE6) CONVERSÃO EM UNITS (CPLE11) VALE A PENA?
uD0VTTs4HLI,produto / comparativo,longo,11596.0,ITSA3 OU ITSA4 AÇÕES - QUAL AÇÃO DA ITAUSA (ITSA4 ITSA3) ESCOLHER?
R51Sa_Ldsf8,produto / comparativo,longo,11553.0,MELHORES AÇÕES MARÇO 2021 - AÇÕES MAIS RECOMENDADAS PARA MARÇO 2021 - AÇÕES PARA INVESTIR EM MARÇO
sO_EWYKoSzM,produto / comparativo,longo,11482.0,TOP 5 AÇÕES MAIS RECOMENDADAS PARA AGOSTO 2020 - MELHORES AÇÕES PARA INVESTIR EM AGOSTO 2020
DHLju6OFNOo,produto / comparativo,longo,11444.0,PICPAY CDI sua RESERVA de EMERGÊNCIA está SEGURA?  PIC PAY 210% do CDI  é SEGURO?
gMz9ldSYoDY,produto / comparativo,longo,11279.0,OIBR3 DISPARA PERTO DE DATA MAIS IMPORTANTE! O que aconteceu com as ações da Oi (OIBR3)
r7g3mgZugHc,produto / comparativo,longo,11114.0,"LAME3/4 VAI DESPENCAR, FIM DA B2W (BTOW3) e AGORA O QUE IRÁ ACONTECER COM AÇÕES LAME3 LAME4 e AMER3?"
vh_0UisqoLA,produto / comparativo,longo,11085.0,O que NÃO te CONTAM sobre os DIVIDENDOS DE AÇÕES!
p8UBG9gb8Qk,produto / comparativo,longo,11084.0,ITAUSA ITSA4 RESULTADO MUITO ACIMA DO ESPERADO E AGORA COMPRAR OU VENDER ITSA4?
9Wpj-mo5LHo,produto / comparativo,longo,11057.0,2 AÇÕES COM PREÇOS PRÓXIMOS AO PREÇO DO IPO NA BOLSA DE VALORES!
P3ry7_5aqJQ,produto / comparativo,longo,10973.0,5 AÇÕES BARATAS PARA INVESTIR HOJE NA BOLSA DE VALORES segundo INDICADOR DE ANÁLISE DE AÇÕES!
7hFRPHoTwRQ,produto / comparativo,longo,10894.0,SANTOS BRASIL AÇÕES STBP3 SANTOS BRASIL PREÇO CORTADO! | RAPIDINHA DO JAPÃO #236
AGTUmr8372A,produto / comparativo,short,10886.0,Relação Pais X Filhos X Dinheiro
aoe-nTlktM4,produto / comparativo,longo,10762.0,COGNA COGN3 RENÚNCIAS DA ALTA CÚPULA DAS AÇÕES COGN3 e agora?
WI_rte8WlF8,produto / comparativo,longo,10748.0,VVAR3 O QUE ESTÁ ACONTECENDO COM  AS AÇÕES DA VIA VAREJO VVAR3? | RAPIDINHA DO JAPÃO #187
XhOUKkh9afk,produto / comparativo,short,10732.0,CIELO (CIEL3) VAI FECHAR CAPITAL😱 #investimentosE
3Jqtx2YOTl0,produto / comparativo,longo,10707.0,AÇÕES MAIS RECOMENDADAS DE ABRIL 2020! AÇÕES MAIS RENTÁVEIS 2020 - MELHORES AÇÕES PARA SE INVESTIR
vSVXiVXVapw,produto / comparativo,longo,10700.0,Onde INVESTIR em JANEIRO 2021! AÇÕES MAIS RECOMENDADAS PARA JANEIRO 2021 - MELHORES AÇÕES JANEIRO
o0vcq6B5trU,produto / comparativo,longo,10642.0,STBP3 SMALL CAP SANTOS BRASIL - STBP3 vale a pena? Small caps promissoras de 2019
tYFz5roYi88,produto / comparativo,longo,10631.0,OIBR3 OI OIBR4 - AÇÕES OI DESPENCARAM! COMPRAR AÇÕES DA OI ou VENDER AÇÕES OIBR3?
YJ2TcyGROrs,produto / comparativo,longo,10544.0,OIBR3 SERÁ QUE COM ESSA NOTICIA A OI SAI DA RECUPERAÇÃO JUDICIAL?
ia9KjVD3LO4,produto / comparativo,short,10504.0,EUA vs IRÃ vs INVESTIMENTOS
GQbZFJwkIHc,produto / comparativo,longo,10480.0,PREFIXADO vs IPCA+: A conta exata para NÃO perder dinheiro
Nbw4bBlFyKc,produto / comparativo,short,10450.0,AÇÕES DEZEMBRO 2023 #investimentos
EzWXPgg6dBM,produto / comparativo,longo,10418.0,"VIA VAREJO VVAR3 - Ações Via Varejo Responde a CVM em Fato Relvante, os números surpreendem | #269"
AGni7jJZaBU,produto / comparativo,longo,10370.0,5 AÇÕES AGRO PARA INVESTIR l Ações AGRONEGÓCIO em qual AÇÃO INVESTIR?COMO INVESTIR NO SETOR AGRO?
QbUQvMKx_xU,produto / comparativo,longo,10349.0,Fundos Imobiliários: O PIOR MÊS DO IFIX! OPORTUNIDADE ou CILADA nos FIIs?
EcsubMky1Wk,produto / comparativo,longo,10316.0,PCAR3 AÇÕES - COMPRE 1 LEVE 2! AÇÃO PÃO DE AÇUCAR VAI TE DAR UMA AÇÃO DE GRAÇA
Q1U7jZlNccI,produto / comparativo,longo,10184.0,BBAS3 DERRETENDO! Ainda Vale a Pena Investir em 2025?
mEPjqj--xPc,produto / comparativo,longo,10165.0,AÇÕES MAIS RECOMENDADAS MAIO 2021 | AÇÕES MAIO 2021 - MELHORES AÇÕES PARA INVESTIR EM MAIO 2021
srFCRpRoLeM,produto / comparativo,longo,10156.0,AÇÕES OIBR3 - OIBR3 OI JÁ SENTE EFEITOS DO SEU PLANO | RAPIDINHA DO JAPÃO #253
PwaDb7zaq4Q,produto / comparativo,longo,10126.0,MELHORES AÇÕES OUTUBRO 2020 - AÇÕES MAIS RECOMENDADAS PARA OUTUBRO 2020 - AÇÕES PARA INVESTIR
h-7pEVzVoQc,produto / comparativo,longo,10063.0,VVAR3 VIA VAREJO - O FUTURO DAS AÇÕES VVAR3 NA VISÃO DO CEO ROBERTO FULCHERBERGUER
VFGw-NymMxw,produto / comparativo,longo,10031.0,TRXF11: DIVIDENDOS atraentes ou PROBLEMAS à vista?
eZE1d_CHlPU,produto / comparativo,longo,10003.0,Qual é o Melhor ETF de Bitcoin para Investir em 2025?
d4FdklxFrHA,produto / comparativo,longo,9930.0,TOP 5 AÇÕES PARA INVESTIR EM NOVEMBRO 2021! AS MELHORES AÇÕES PARA NOVEMBRO
mtwBMpjTSw0,produto / comparativo,longo,9914.0,BMGB4 O QUE ACONTECEU COM AS AÇÕES BMG? BANCO BMG DESPENCOU 17% | RAPIDINHA DO JAPÃO #158
I3vom-GGgPw,produto / comparativo,longo,9901.0,ITAUSA (ITSA4) A VERDADE SOBRE OS DIVIDENDOS ITAÚSA l QUANTO ITAUSA VAI PAGAR DE DIVIDENDOS 2021
_RaQhemt6Bw,produto / comparativo,longo,9767.0,OIBR3 COMO FICAM OS CLIENTES DA OI COM A VENDA DA OI MÓVEL? E O FUTURO DAS AÇÕES
ryAZM5pZ0Mw,produto / comparativo,longo,9733.0,VVAR3 VIA VAREJO VS CVM? ENTENDA O QUE ACONTECEU COM AS AÇÕES DA VIA VAREJO | RAPIDINHA #268
3LpzhKk_DsM,produto / comparativo,longo,9596.0,OIBR3 AÇÕES OI - Ele vai tentar vetar o negócio da VENDA DA PARTE MÓVEL DA OI
qe1vYT6TUZA,produto / comparativo,longo,9505.0,OIBR3 AS AÇÕES DA OI AGORA VÃO DESTRAVAR? QUAIS SÃO OS PRÓXIMOS PASSOS PARA AÇÕES OI (OIBR3/OIBR4)?
yylQwMe5P2M,produto / comparativo,short,9463.0,IRBR3 TÁ MUDANDO!
eLr08T9CDDE,produto / comparativo,longo,9460.0,XPART E ITAÚSA - ACIONISTA DE ITSA4 TAMBÉM RECEBE? ITSA4 XPART
JM4k1vRre3s,produto / comparativo,longo,9436.0,OIBR3 AÇÕES OI - COMECA UMA NOVA DISPUTA ENVOLVENDO A OI? QUEM VAI LEVAR A INFRACO?
qtV9G-ThIJQ,produto / comparativo,longo,9416.0,OIBR3 AÇÕES - A JUSTIÇA FEZ COM QUE AS AÇÕES DA OI OIBR3 DISPARASSEM! | RAPIDINHA #281
noTSkvYnt5s,produto / comparativo,longo,9379.0,OIBR3 O QUE ACONTECEU COM AS AÇÕES OI OIBR3? PROJETO PODE BENEFICIAR A OIBR3 | RAPIDINHA #251
bKfriKdEUr8,produto / comparativo,longo,9325.0,"DESDOBRAMENTO DE AÇÕES, AÇÕES SQIA3 - SINQIA vale a pena? SINQIA B3| RAPIDINHA DO JAPÃO #24"
zqlwRH1VzA4,produto / comparativo,longo,9211.0,VVAR3 VIA VAREJO - O QUE ESPERAR DAS AÇÕES VVAR3 2021?
FNNyeOC-j-M,produto / comparativo,longo,9204.0,DIVIDENDOS DE AÇÕES QUE PAGARAM 1% AO MÊS! MAIORES PAGADORAS DE DIVIDENDOS
ACb249c9GAs,produto / comparativo,longo,9166.0,CIEL3 A GRANDE VIRADA! ISSO MUDA TUDO PARA CIELO CIEL3! O QUE ACONTECEU COM AÇÕES CIEL3 CIELO | #248
WjDFTLiX4Ao,produto / comparativo,longo,9152.0,"OIBR3 OI recebe 250 milhões de reais! Pequeno passo para humanidade, grande passo para ações OIBR3"
p9vBH22kmSQ,produto / comparativo,short,9136.0,Trump avisando que é melhor comprar ações agora. Confia? #investirecocar #investimentos
DDa1QfdbNZw,produto / comparativo,longo,9084.0,MELHORES AÇÕES NOVEMBRO 2020 - MELHORES AÇÕES MAIS RECOMENDADAS PARA NOVEMBRO 2020
CDjYrMqaLCo,produto / comparativo,longo,8996.0,COMO USAR o ChatGPT ESCOLHER AÇÕES na BOLSA DE VALORES?
gcgBhsKsld0,produto / comparativo,longo,8938.0,VVAR3 VIA VAREJO OLHA O QUE O FULDERBERGUERZEVERS FALOU NA APRESENTAÇÃO DOS RESULTADOS VVAR3 2T20
bGKtwW9K6io,produto / comparativo,longo,8933.0,A REVOLUÇÃO DAS VAREJISTAS QUE VOCÊ DEVERIA SABER QUE ESTÁ ACONTECENDO! MGLU3 VIIA3 AMER3
bhhJYiMwbJE,produto / comparativo,longo,8926.0,MMX MMXM3 VAI A FALÊNCIA E AGORA? COMO FICAM AS AÇÕES MMXM3?
h7GUkOr9gco,produto / comparativo,longo,8923.0,QUAL3 l BRFS3 l BTOW3 DISPARARAM! Saibam os motivos - RAPIDINHA DO JAPÃO #1
L9x4JEAB9tI,produto / comparativo,longo,8898.0,OIBR3 ONDE AS AÇÕES DA OI VÃO PARAR DEPOIS DO LUCRO NO 1T22?
LOUPatI0oGI,produto / comparativo,longo,8885.0,GRANDES BANCOS - O QUE FAZER COM AS AÇÕES DOS BANCOS ITUB4 (ITSA4) BBDC4 BBAS3 SANB11?
G994BenIHxE,produto / comparativo,longo,8869.0,"VVAR3 VIA VAREJO VEM NOTÍCIA BOA POR AI!VVAR3 SUBINDO, VIA VAREJO NÃO PARA!| RAPIDINHA DO JAPÃO #117"
7Ofgza45YKo,produto / comparativo,longo,8866.0,5 MELHORES AÇÕES PARA JULHO 2021 - AÇÕES PARA INVESTIR EM JULHO 2021 - AÇÕES JULHO (TEM 2 NOVAS!)
lUAwfh_bizQ,produto / comparativo,longo,8862.0,COGN3 DESABA HOJE DEPOIS DO COGNA DAY! O QUE ACONTECEU COM AS AÇÕES DA COGN3?
oNp7AaO4TG4,produto / comparativo,longo,8730.0,VALE A PENA INVESTIR NO IPO PETZ3? IPO DA PETZ
QzBbNYkZ9U4,produto / comparativo,longo,8635.0,FUNDOS IMOBILIARIOS (FIIS) PARA INVESTIR EM OUTUBRO 2022
GlnrZgr2C2M,produto / comparativo,longo,8625.0,MXRF11 CORTA DIVIDENDOS e AGORA O QUE FAZER?
q7faGn_FLxM,produto / comparativo,longo,8622.0,MELHOR BANCO PARA 2022 - Qual é a melhor ação dos GRANDES BANCOS para 2022? ITUB4 BBDC4 SANB11 BBAS3
MGsKNpHCmSQ,produto / comparativo,longo,8481.0,AÇÕES PARA AGOSTO - MAIS RECOMENDADAS PARA AGOSTO 2021 - AS MELHORES AÇÕES PARA INVESTIR EM AGOSTO
Ea4xRfGfSbk,produto / comparativo,longo,8442.0,CIELO CIEL3 VAI RECOMPRAR AÇÕES? POR QUE A CIELO VAI RECOMPRAR AS AÇÕES CIEL3? | RAPIDINHA #255
-p3Kg5rnxvw,produto / comparativo,longo,8415.0,"AÇÕES MAIS RECOMENDADAS PARA MAIO 2020 - MELHORES AÇÕES PARA INVESTIR, QUAIS AÇÕES COMPRAR?"
0j5PCUli_2I,produto / comparativo,longo,8369.0,BOLSA DE VALORES MOMENTO ATUAL DA BOLSA COMPRAR OU VENDER AÇÕES? FEAT RAFAEL BEVILACQUA LEVANTE
rcdi22HCITk,produto / comparativo,longo,8360.0,OIBR3 AÇÕES OI É PEÇA CHAVE PARA SER O MAIOR DO MERCADO | RAPIDINHA DO JAPÃO #159
qnM3lYBgf2Y,produto / comparativo,short,8347.0,IPCA+10%… o NOVO “NORMAL” #investimentos
jODCuoA-azI,produto / comparativo,longo,8324.0,MELHORES AÇÕES FEVEREIRO 2021 - AS AÇÕES MAIS RECOMENDADAS PARA FEVEREIRO 2021 - AÇÕES PARA INVESTIR
l1fVs1YjglI,produto / comparativo,longo,8306.0,BPAN4 BANCO PAN AÇÕES. ANALISE BPAN4 COTAÇÃO. BPAN4 vale a pena?
_b2bLe-Z-14,produto / comparativo,longo,8167.0,5 APRENDIZADOS que ME FIZERAM SAIR da POBREZA para RIQUEZA| RICO VS POBRE
29ZwZnUzmr0,produto / comparativo,short,8087.0,OIBR3 AÇÃO CHEGA A CAIR 13% por causa desse motivo
EdVzft1rACY,produto / comparativo,longo,7978.0,STBP3 AÇÕES SANTOS BRASIL - ACABA O CONTRATO ENTRE SANTOS BRASIL STBP3 E MAERSK e AGORA O QUE FAZER?
AS6gmqMQbKA,produto / comparativo,short,7933.0,Blackrock foi às compras de ações brasileiras essa semana #investimentos
PvC1ZEQlz3M,produto / comparativo,short,7932.0,ITSA2 O QUE É? #itsa4 #itsa2
cJvEAJernRA,produto / comparativo,longo,7906.0,COGN3 COGNA DIVIDA BILIONÁRIA E AGORA O QUE VAI SER DAS AÇÕES COGNA COGN3?
4Qo4O7cZ1V8,produto / comparativo,longo,7875.0,POR ISSO esse é o MELHOR ETF de BITCOIN da B3 (HODL11)
PLwEniRQB5g,produto / comparativo,longo,7866.0,5 FUNDOS IMOBILIÁRIOS para APROVEITAR o NOVO CICLO dos FIIs
u9ahPmlMFpo,produto / comparativo,short,7856.0,IRBR3 conseguiu o impossível #investimentos
YEwXD7eWkyQ,produto / comparativo,longo,7840.0,OIBR3 CAIU DEPOIS DA VENDA DA UNITEL! O QUE ACONTECEU COM AS AÇÕES DA OIBR3 | RAPIDINHA DO JAPÃO 131
JEMXz_hacrY,produto / comparativo,longo,7824.0,AÇÕES NO EXTERIOR ou BDRs - QUAL A MELHOR ESCOLHA PARA INVESTIR? MELHORES AÇÕES 2020 X MELHORES BDRS
_7dKWPbnsDw,produto / comparativo,longo,7781.0,OIBR3 AÇÕES OI -  COMEÇOU A VIRADA DA OI! PARECE QUE O JOGO VIROU OIBR3 | RAPIDINHA DO JAPÃO #136
AxuJkOvAVYo,produto / comparativo,longo,7757.0,Oportunidade no IBOVESPA que você DEVERIA SABER que EXISTE! 7 AÇÕES
meRaEjjc7bU,produto / comparativo,longo,7672.0,ACOES BARATAS PARA COMPRAR! Ações baratas com potencial de crescimento | RAPIDINHA DO JAPÃO #25
VO9N00QEhAs,produto / comparativo,longo,7659.0,POSI3 AÇÕES POSITIVO REVERTEM O PREJUÍZO! NOVIDADE SOBRE A LICITAÇÃO DAS URNAS!
u3jkYodpvvA,produto / comparativo,longo,7514.0,OIBR3 O QUE SERÁ DAS AÇÕES DA OI (OIBR3) AGORA? Tão brincando com os acionista de OI
8xsUtGCE-vI,produto / comparativo,longo,7510.0,ACABOU O SONHO? Por que os Fundos Imobiliários não param de cair
QIMoUlpqLwg,produto / comparativo,longo,7493.0,ITAÚSA SINAL QUE OS DIVIDENDOS ITSA4 VOLTARÃO? | ENTENDA O QUE MUDA COM ESSE FATO PRAS AÇÕES ITSA4
NDjgKD7WYOo,produto / comparativo,longo,7484.0,VIIA3 VIA VAREJO - É HORA DE COMPRAR A AÇÃO DA VIIA3?
25i31iYnolg,produto / comparativo,longo,7458.0,JHSF3 O QUE ACONTECEU COM AS AÇÕES JHSF3 JHFS? | RAPIDINHA DO JAPÃO #262
owgPr2gHhos,produto / comparativo,longo,7398.0,"LOCAWEB LWSA3 não para, saiba o por que? LOCAWEB AÇÕES LWSA3"
BNs5Z9rKLZA,produto / comparativo,longo,7361.0,AÇÕES QUE PAGAM DIVIDENDOS NOVEMBRO 2020 - MELHORES AÇÕES PAGADORAS DIVIDENDOS NOVEMBRO 2020
dr0Z-PyRdUE,produto / comparativo,longo,7342.0,AÇÕES PARA OUTUBRO 2021 - AÇÕES MAIS RECOMENDADAS PARA OUTUBRO - AÇÕES PARA INVESTIR EM OUTUBRO
a5Eur88JDfc,produto / comparativo,longo,7329.0,FII PARA 2021 VAI TE SURPREENDER! FUNDO IMOBILIARIO 2021 TEVE UMA CORREÇÃO FORTE
A7FzeSoLVGM,produto / comparativo,short,6635.0,HYPE3 da indireta no Ancelloti sobre Endrik #acoes
z2SSTinOvGs,produto / comparativo,short,6449.0,AÇÕES DIVIDENDOS JUNHO 2023 #investimentos
ibYyIUNor6Q,produto / comparativo,short,5876.0,Invisto para isso #dividendos
XA61E8aX_N0,produto / comparativo,short,5611.0,PREÇO DO FOLLOW DO IRBR3
_C1iV5qoIlA,produto / comparativo,short,5610.0,AÇÕES de DIVIDENDOS SETEMBRO 2023 #investimentos
rJn-O_Qmcvk,produto / comparativo,short,4979.0,WEGE3 onde há fumaça há fogo🔥🚒
4u17ofZTUsE,produto / comparativo,short,4859.0,Por que esse fundo imobiliário de 10 reais é o TOP 1 - VGIR11 em 2023! #investimentos
rUY80UtNOVg,produto / comparativo,short,4540.0,SEJA DONO DOS POSTOS SHELL e OXXO (CSAN3 e RAIZ4)!
wR8kPS5sXGg,produto / comparativo,short,4523.0,IRBR3 DEU LUCRO DE NOVO #investimentos
TEDHfE9TfN0,produto / comparativo,short,4508.0,DIVIDENDOS JANEIRO 2024 #investimentos
gSbHbekox0A,produto / comparativo,short,4489.0,PÃO DE AÇÚCAR (PCAR3) VAI PAGAR SUA COMPRA!
FHEBmeSCVxI,produto / comparativo,short,4444.0,Space X (SPCX) Chinesa 😱
CNOm-1L3b5o,produto / comparativo,short,4379.0,AÇÕES MARÇO 2024 #investimentos
lp0fK6Pv2xU,produto / comparativo,short,4377.0,Ações junho 2023 #investimentos
4VabX6pfaj8,produto / comparativo,short,4319.0,Melhores ações para 2026 #bolsadevalores
gATNSLGN8nM,produto / comparativo,short,4247.0,Ações pagadoras de dividendos #dividendos
x5kKlD05FmQ,produto / comparativo,short,4171.0,Petz (PETZ3) é a NOVA Ambipar (AMBP3)
3n7g8SeleH8,produto / comparativo,short,4129.0,IRBR3 qual será a próxima bomba? #investimentos
QlnCQulxFD4,produto / comparativo,short,4083.0,AÇÕES SETEMBRO 2023
bhlsyonl3Bg,produto / comparativo,short,3873.0,AÇÕES de DIVIDENDOS JULHO 2024
e9TyPhTiqZY,produto / comparativo,short,3815.0,AÇÕES NO DIA A DIA TPIS3 | O que TRIUNFO PARTICIPAÇÕES TPIS3 FAZ? #SHORTS
agiBnZPqs70,produto / comparativo,short,3450.0,TÁ MELHOR QUE ITAUSA (ITSA4) #dividendos
zvR_-crRAa0,produto / comparativo,short,3364.0,Fechamento de mercado 30/09/2022 #investimentos #bolsadevalores #irbr3
nhW4er_gPU0,produto / comparativo,short,3219.0,IRBR3 NOVO PREJUÍZO #investimentos
1c9r4qcLX50,produto / comparativo,short,3098.0,AÇÕES de DIVIDENDOS DEZEMBRO 2023 #dividendos
uZ4LDEnnc5E,produto / comparativo,short,2935.0,DIVIDENDOS - AÇÃO VAI PAGAR DIVIDENDOS DE MAIS DE 12% DE UMA VEZ SÓ! AINDA DA TEMPO #SHORTS
djj7tEM6jrg,produto / comparativo,short,2914.0,Faça isso para o seu filho ficar rico #dividendos
LJ3LQ996_M8,produto / comparativo,short,2887.0,"ESTUDE, MAS NA DIREÇÃO CERTA #dividendos"
6C2X-Q2Eb40,produto / comparativo,short,2877.0,AÇÕES JANEIRO 2024 #investimentos
nA-G4j0Z6iU,produto / comparativo,short,2871.0,Klabin (klbn11) gosta do gráfico da Klbn4? #klabin
UpGyaSvfpGQ,produto / comparativo,short,2732.0,PCAR3 VAI TE DAR AÇÕES DE GRAÇA! AÇÕES DO PÃO DE AÇÚCAR (PCAR3) GRÁTIS?
kfPIg5BL4S0,produto / comparativo,short,2691.0,Fundos Imobiliários Março 2024 #fundosimobiliários
9Hm98L6cdy8,produto / comparativo,short,2650.0,Parabéns POUPANÇA ^^ #investimentos
_Ca1MjPLLZE,produto / comparativo,short,2648.0,Fundos Imobiliários (FIIs) JULHO 2023 #investimentos
ndKIAU5gojA,produto / comparativo,short,2539.0,Fundos imobiliários (FIIs) maio 2024
OK8uQBymA70,produto / comparativo,short,2483.0,ETF que PAGA DIVIDENDOS ou AÇÕES?
RyO22n4L0WY,produto / comparativo,short,2473.0,Ações pagadoras de dividendos #dividendos
u-ua0-iDnow,produto / comparativo,short,2362.0,Um passo gigantesco para SPACE X (SPCX)
iHZW_vWuZS4,produto / comparativo,short,2336.0,AÇÕES MAIS RECOMENDADAS para INVESTIR AGOSTO 2024 #investirecocarshorts
Wf4uQ42WG00,produto / comparativo,short,2260.0,AÇÕES NOVEMBRO 2023 #investimentos
Z6tij1cmfhA,produto / comparativo,short,2244.0,AÇÕES ALTERNATIVAS CROWDSTRIKE (CRDW) #investirecocarshorts
O6Jpz9UbxN4,produto / comparativo,short,2190.0,FGTS: MEUS PAIS USANDO vs EU #investimentos
tREOLzGOMXU,produto / comparativo,short,2174.0,AÇÕES DIVIDENDOS OUTUBRO 2023 #investimentos
fsGbhMAN-Wk,produto / comparativo,short,2123.0,EM PLENO 2022 TEM GENTE AINDA INVESTINDO NA POUPANÇA
TW7orjuI2us,produto / comparativo,short,2079.0,Fim da “taxa das blusinhas” (BABA34) #bolsadevalores
XsVkgGwvdqI,produto / comparativo,short,1997.0,Essa notícia fez a TAEE11 derreter #investimentos
OC-ytfsyCIQ,produto / comparativo,short,1987.0,OIBR3 saiu da recuperação judicial
csNujwV-PS4,produto / comparativo,short,1877.0,Se você SOUBESSE disso TIRARIA todo seu DINHEIRO da POUPANÇA agora!
uzTuZhpebIM,produto / comparativo,short,1848.0,AÇÕES JULHO 2023 #investimentos
wBZHMRQ1LEc,produto / comparativo,short,1840.0,Compre ações igual gente grande!
pxZxCtAK9O8,produto / comparativo,short,1770.0,FUNDOS IMOBILIÁRIOS DEZEMBRO 2023 #investimentos
Ds6kGs_ZQx4,produto / comparativo,short,1738.0,Amazon Vs Varejistas Brasileiras
k4-za1Yzlg4,produto / comparativo,short,1738.0,A melhor dica para INICIANTE nos Fundos Imobiliários
slkRBXnf8C8,produto / comparativo,short,1729.0,os investidores de fundos imobiliários fizeram esse movimento... #investimentos
mgz8xp1CuvQ,produto / comparativo,short,1678.0,AÇÕES PARA INVESTIR SETEMBRO 2022 #acoes #ondeinvestir #investimentos
rPkplp6QKNo,produto / comparativo,short,1657.0,AÇÕES NO DIA A DIA ABEV3
ezSm21pcEFw,produto / comparativo,short,1637.0,A diferença de investir em fundos imobiliários e imóveis? #investimentos
zjKbi_AyxN4,produto / comparativo,short,1625.0,TESOURO PREFIXADO RISCOS que VOCÊ DEVERIA SABER
bruT5jwzkQ0,produto / comparativo,short,1558.0,Aproveite os dividendos #dividendos
kr5FfkKTeYo,produto / comparativo,short,1496.0,AÇÕES de MODA para INVESTIR! #investimentos #bolsadevalores
BT5T6LF4l5A,produto / comparativo,short,1492.0,ONDE INVESTIR AGORA?
gRhoS4xyYgU,produto / comparativo,short,1476.0,AÇÕES MAIS RECOMENDADAS MAIO 2024
dgwc601_QQE,produto / comparativo,short,1437.0,DIVIDEND KINGs AS MAIORES PAGADORAS DE DIVIDENDOS DE TODOS OS TEMPOS
1OCZDNkgKcc,produto / comparativo,short,1391.0,AÇÕES MAIS RECOMENDADAS OUTUBRO 2023 #investimentos
B6dluDN5v-U,produto / comparativo,short,1383.0,FUNDOS IMOBILIÁRIOS JULHO 2024
y-891Hc_UL0,produto / comparativo,short,1360.0,AÇÕES de DIVIDENDOS MAIS RECOMENDADAS para INVESTIR MARÇO 2024 #dividendos
ttBUKhJiqPo,produto / comparativo,short,1357.0,AÇÕES DIVIDENDOS JULHO 2023 #investimentos
mID1en2-Esg,produto / comparativo,short,1346.0,3 AÇÕES OZEMPIC #investimentos
mC_I4RJdEcQ,produto / comparativo,short,1346.0,ITAUSA (ITSA4) DIVIDENDOS #investimentos
vNjcxxzhrT8,produto / comparativo,short,1332.0,FUNDOS IMOBILIÁRIOS OUTUBRO 2023 #investimentos
VEm7t8oh8pA,produto / comparativo,short,1325.0,Inteligência Artificial tá fazendo essas ações explodirem #bolsadevalores
gn54An4JJ4E,produto / comparativo,short,1319.0,DISNEY PLUS de GRAÇA? #investimentos #FIIS #fundosimobiliarios
UgpgHf6Ipq4,produto / comparativo,short,1218.0,GLOBO PLAY DE GRAÇA? #investimentos #fii #bolsadevalores
sA85Dcuv8i4,produto / comparativo,short,1214.0,FUNDOS IMOBILIÁRIOS JUNHO 2024 #fiis
Tc0F1FBTMC4,produto / comparativo,short,1191.0,MANDANDO A REAL SOBRE ITAUSA (ITSA4)
pZ9zI17Y2YM,produto / comparativo,short,1187.0,AÇÕES de EMAGRECIMENTO para INVESTIR (Maria e Maraisa)
XL4A7w1cycU,produto / comparativo,short,1146.0,AÇÕES de DIVIDENDOS JUNHO 2024 #dividendos
01KhFoeSWSY,produto / comparativo,short,1132.0,ETFs: 4 SITES da Melhor FERRAMENTA para AJUDAR escolher ETF #etf
XKKKKEludVA,produto / comparativo,short,1126.0,IRBR3 PREJUÍZO MAS A AÇÃO SUBINDO! #shortssprintbrasil #investimentos
5BOPBNvL5iM,produto / comparativo,short,1126.0,FUNDOS IMOBILIÁRIOS (FIIs) SETEMBRO 2023 #investimentos
8OKhTkpPrJo,produto / comparativo,short,1119.0,AÇÕES SEM CALL POLÍTICO #investimentos
GVXJEIRK3Wc,produto / comparativo,short,1109.0,AÇÕES QUE PODEM SE BENEFICIAR
2hl4Vw9ovKk,produto / comparativo,short,1109.0,AÇÕES MAIS RECOMENDADAS JULHO 2024
XlA5W5QFbrE,produto / comparativo,short,1085.0,AÇÕES JUNHO 2024
Fy56MCWNWCM,produto / comparativo,short,1073.0,5 SITES para APRENDER sobre ETFs #investir
bEzsnVqJrdU,produto / comparativo,short,1054.0,fundo imobiliário por 10 reais para investir em 2023 #investimentos
99fKG4ULOBs,produto / comparativo,short,987.0,7 AÇÕES QUE MAIS PAGARAM DIVIDENDOS NOS ÚLTIMOS 12 meses
57Nrt72v-wM,produto / comparativo,short,981.0,O fundo imobiliário mais popular da bolsa de valores #investimentos
MDAAGCs53RA,produto / comparativo,short,938.0,AÇÕES de DIVIDENDOS AGOSTO 2024 #investirecocarshorts
3DZjvQrkuXk,produto / comparativo,short,744.0,"Hora de voltar para ações,mas antes..."
syu_iRmhnp8,produto / comparativo,short,724.0,AÇÕES MAIS RECOMENDADOS para INVESTIR MARÇO 2023 #investimentos #shortssprintbrasil
J5uMXElsad4,produto / comparativo,short,685.0,Viciado em dividendos 🫣 #dividendos
LBzGXpNZXyg,produto / comparativo,short,629.0,Fundo Imobiliário mais um para FII para 2023 #investimentos
rTuB5KQw5pw,produto / comparativo,short,533.0,FUNDOS IMOBILIÁRIOS PARA MARÇO 2023 #shortssprintbrasil  #investimentos
cl01GABUDvA,produto / comparativo,short,495.0,✅Checklist Fundos Imobiliários
bU2WjUq9ZYc,produto / comparativo,short,361.0,segundo fundo imobiliário barato para 2023 #investimentos
yd7rY5TLmHY,produto / comparativo,short,307.0,esse é o principal item para avaliar nos FIIs de Logística #investimentos
Oy9-9xrZVRE,produto / comparativo,short,55.0,Brasil vai salvar as ações BHIA3 e MGLU3
lEg5eXD_PVc,produto / comparativo,short,1.0,Seu enriquecimento só depende de você #dividendos
b1iz_ujU0J0,produto / comparativo,short,,FUNDOS IMOBILIÁRIOS (FIIs) SETEMBRO 2023 #investimentos
