post_id,url,trecho,problema,classe,correcao_sugerida,fonte
983,https://investirecocaresocomecar.com.br/qual-o-preco-justo-da-itsa4-analise-completa-hoje/,Receita Líquida (R$ milhões) | 57.863 | 69.725 | 75.210,"Números inventados. Itaúsa (DFP consolidada): receita de vendas R$ 8,17 bi (2021) e R$ 8,49 bi (2022); lucro do período R$ 13,29 bi (2021) e R$ 14,15 bi (2022), não 9.015 e 8.954.",CRÍTICO,"Apagar a tabela; se quiser número, usar a DFP com fonte.","https://dados.cvm.gov.br/dataset/cia_aberta-doc-dfp (ITAÚSA S.A., DFP 2021 e 2022, contas 3.01 e 3.11)"
983,https://investirecocaresocomecar.com.br/qual-o-preco-justo-da-itsa4-analise-completa-hoje/,"preço-alvo ITSA4 de R$ 34,50 por ação. Isso mostra um aumento de 15% em relação ao preço atual","Preço-alvo e 'preço atual' incoerentes e sem fonte: a ITSA4 fechou a R$ 10,42 em 14/11/2024; R$ 34,50 seria +230%. Também é recomendação ('a recomendação ITSA4 é positiva').",CRÍTICO,Apagar preço-alvo e recomendação.,https://www.b3.com.br/pt_br/market-data-e-indices/servicos-de-dados/market-data/historico/mercado-a-vista/series-historicas/
998,https://investirecocaresocomecar.com.br/itausa-o-que-e-conheca-a-holding-do-itau/,A Itausa tem a maior parte das ações do banco Itaú,"Errado: a Itaúsa tem 37,5% do capital do Itaú e divide o controle com a família Moreira Salles via IUPAR (o próprio site diz isso no post 993).",CRÍTICO,"Itaúsa tem 37,5% do capital e controle compartilhado via IUPAR.",https://ri.itausa.com.br/
998,https://investirecocaresocomecar.com.br/itausa-o-que-e-conheca-a-holding-do-itau/,"Receita Líquida (R$ Bilhões) | 25,6 | 27,8 | 30,2","Números inventados: receita consolidada da Itaúsa foi R$ 8,17 bi (2021) e R$ 8,49 bi (2022); lucro R$ 13,3 bi e R$ 14,2 bi, não 7,5 e 8,1.",CRÍTICO,Apagar a tabela.,https://dados.cvm.gov.br/dataset/cia_aberta-doc-dfp (ITAÚSA S.A.)
998,https://investirecocaresocomecar.com.br/itausa-o-que-e-conheca-a-holding-do-itau/,"Índice de Governança Corporativa | 9,2 | 7,8","Índice inexistente, sem fonte ('Conformidade com Leis 95%').",CRÍTICO,Apagar.,não há índice com esse nome em CVM/B3
1003,https://investirecocaresocomecar.com.br/quanto-rende-uma-cota-de-itsa4-descubra-agora/,Receita Líquida | R$ 85 bilhões | R$ 105 bilhões,"Projeção inventada: a receita consolidada da Itaúsa foi R$ 8,2 bi em 2024 e 2025; 'lucro de R$ 12 bi em 2025' também não bate (R$ 16,5 bi no consolidado de 2025).",CRÍTICO,Apagar projeções.,"https://dados.cvm.gov.br/dataset/cia_aberta-doc-dfp (ITAÚSA S.A., DFP 2024 e 2025)"
1003,https://investirecocaresocomecar.com.br/quanto-rende-uma-cota-de-itsa4-descubra-agora/,"Alpargatas |  25,9% |  Vestuário e Calçados |  Dexco |  24,1%","Participações erradas: o RI da Itaúsa informa ~30% na Alpargatas e ~37,7% na Dexco.",CRÍTICO,Usar a tabela do RI com data (como no post 993).,https://ri.itausa.com.br/
1008,https://investirecocaresocomecar.com.br/itausa-dividendos-guia-completo-para-investidores/,Frequência de pagamento de dividendos |  Semestral,"A Itaúsa paga trimestralmente (R$ 0,02 por ação por trimestre) mais adicionais; o post 1003 do mesmo site diz trimestral.",CRÍTICO,"Trimestral + dividendos adicionais, conforme a política de remuneração.",https://ri.itausa.com.br/en/financial-information/shareholders-remuneration/
1013,https://investirecocaresocomecar.com.br/itausa-acoes-guia-completo-para-investir-na-bolsa/,"Fundação Itaú Unibanco |  39,8% |  Família Vilela Penido |  17,2% |  Família Moreira Salles |  14,2%","Composição acionária inventada. Quem controla a Itaúsa é a família Egydio de Souza Aranha (33,55% do capital, 63,66% das ON em 29/05/2026, segundo o RI); a Moreira Salles é sócia no Itaú (IUPAR), não na Itaúsa.",CRÍTICO,Usar a composição do RI com data.,https://ri.itausa.com.br/
1013,https://investirecocaresocomecar.com.br/itausa-acoes-guia-completo-para-investir-na-bolsa/,"1974 – Aquisição do Unibanco , que se fundiu com o Itaú em 2008",Falso: Itaú e Unibanco se associaram em 2008; não houve aquisição do Unibanco em 1974.,CRÍTICO,Apagar a linha.,https://ri.itausa.com.br/
1013,https://investirecocaresocomecar.com.br/itausa-acoes-guia-completo-para-investir-na-bolsa/,"2019 – Aquisição da participação acionária da família Setubal na Itausa, consolidando o controle da família Villela",Evento inexistente; o controle segue com o grupo familiar Egydio de Souza Aranha (Setubal e Villela são ramos dele).,CRÍTICO,Apagar.,https://ri.itausa.com.br/
1033,https://investirecocaresocomecar.com.br/itsa4-ou-itub4-qual-a-melhor-acao-para-investir/,Banco Santander Brasil (ITSA4),"Ticker trocado: ITSA4 é Itaúsa (holding que tem 37,5% do Itaú), não Santander. O Santander Brasil negocia como SANB11/SANB3/SANB4. O erro se repete no texto, nas tabelas e no FAQ.",CRÍTICO,Reescrever: comparação é Itaúsa (ITSA4) x Itaú Unibanco (ITUB4); tirar Santander do texto.,"https://dados.cvm.gov.br/dataset/cia_aberta-cad (ITAUSA S.A., CNPJ 61.532.644/0001-15); https://www.b3.com.br/pt_br/market-data-e-indices/servicos-de-dados/market-data/historico/mercado-a-vista/series-historicas/ (ITSA4 = ITAUSA; SANB11 = SANTANDER BR)"
1033,https://investirecocaresocomecar.com.br/itsa4-ou-itub4-qual-a-melhor-acao-para-investir/,Itaú S.A. (ITSA4),Nome errado: não existe 'Itaú S.A.'; ITSA4 é a PN da Itaúsa S.A.,CRÍTICO,Itaúsa (ITSA4).,https://dados.cvm.gov.br/dataset/cia_aberta-cad
1033,https://investirecocaresocomecar.com.br/itsa4-ou-itub4-qual-a-melhor-acao-para-investir/,"As ações preferenciais da Itaú Unibanco, ITSA4 e ITUB4",ITSA4 não é ação do Itaú Unibanco; é da Itaúsa.,CRÍTICO,ITUB4 é a PN do Itaú Unibanco; ITSA4 é a PN da Itaúsa.,https://dados.cvm.gov.br/dataset/cia_aberta-cad
1033,https://investirecocaresocomecar.com.br/itsa4-ou-itub4-qual-a-melhor-acao-para-investir/,"Valor Patrimonial por Ação | R$ 40,21 | R$ 35,17","VPA inventado. Itaú: PL consolidado de R$ 199,1 bi em 31/12/2023 para 9,80 bi de ações = ~R$ 20 por ação. Itaúsa: PL de R$ 82,95 bi para mais de 10 bi de ações = ~R$ 8. Com ITSA4 a R$ 10,42 em 14/11/2024, VPA de R$ 35 e P/L 10,2 implicariam preço de ~R$ 50.",CRÍTICO,"Apagar a tabela ou refazer com DFP + cotação da data, citando a fonte.",https://dados.cvm.gov.br/dataset/cia_aberta-doc-dfp (DFP 2023 Itaú e Itaúsa); https://www.b3.com.br/pt_br/market-data-e-indices/servicos-de-dados/market-data/historico/mercado-a-vista/series-historicas/
1033,https://investirecocaresocomecar.com.br/itsa4-ou-itub4-qual-a-melhor-acao-para-investir/,"Investimentos em Tecnologia | R$ 8,5 bilhões | R$ 6,2 bilhões","Número sem fonte, atribuído a Itaú e Santander, com 'lançamentos de produtos digitais 25 em 2021': sem lastro em documento das empresas.",CRÍTICO,Apagar (não há fonte).,sem fonte no post; não consta nas DFPs/ITRs da CVM
1038,https://investirecocaresocomecar.com.br/itausa-paga-dividendos-mensais-guia-completo/,pelo menos 25% do lucro anual vai para os dividendos mensais dos acionistas,"A Itaúsa não paga dividendos mensais: são trimestrais (R$ 0,02/ação) mais adicionais. O título induz ao erro.",CRÍTICO,"Responder no topo: não, a Itaúsa paga trimestralmente.",https://ri.itausa.com.br/en/financial-information/shareholders-remuneration/
1043,https://investirecocaresocomecar.com.br/itausa-bonificacao-entenda-como-funciona-o-processo/,2020 |  Sim |  1:5 |  2017 |  Sim |  1:3 |  2014 |  Sim |  1:4,"Histórico de bonificações inventado: as bonificações recentes da Itaúsa foram de 5% (1 nova para 20) em dez/2021, nov/2023 e nov/2024.",CRÍTICO,Usar o histórico do RI.,https://ri.itausa.com.br/en/financial-information/shareholders-remuneration/
1063,https://investirecocaresocomecar.com.br/etfs-que-pagam-dividendos-melhores-opcoes-no-brasil/,"o DIVO11 , o BOVD11 e o XDIV11",BOVD11 e XDIV11 não existem na B3: nenhum negócio no COTAHIST à vista de 2021 a out/2026 (ETFs de ações aparecem no COTAHIST com CODBDI 14). A tabela dá até volatilidade para eles.,CRÍTICO,"Usar só ETFs que existem (ex.: DIVO11, NDIV11), com dados da gestora.",https://www.b3.com.br/pt_br/market-data-e-indices/servicos-de-dados/market-data/historico/mercado-a-vista/series-historicas/
1068,https://investirecocaresocomecar.com.br/qual-a-melhor-etf-para-investir-guia-completo-2024/,o SMAL11 e o GLOB11 são boas escolhas. Eles seguem o S&P 500 e o MSCI World,"SMAL11 segue o índice Small Cap da B3 (o próprio post diz isso mais abaixo), não o S&P 500; GLOB11 não aparece no COTAHIST 2021-2026.",CRÍTICO,SMAL11 = small caps brasileiras; tirar GLOB11.,https://www.b3.com.br/pt_br/market-data-e-indices/servicos-de-dados/market-data/historico/mercado-a-vista/series-historicas/
1068,https://investirecocaresocomecar.com.br/qual-a-melhor-etf-para-investir-guia-completo-2024/,"BOVA11 |  Ibovespa |  ETF mais rentável em ações brasileiras |  0,30% a.a.","Taxa do BOVA11 é 0,10% a.a.; 'mais rentável' sem fonte.",CRÍTICO,"0,10% a.a.",https://www.blackrock.com/br/products/251816/ishares-ibovespa-fundo-de-ndice-fund
1073,https://investirecocaresocomecar.com.br/bova11-quanto-o-bova11-paga-de-dividendos/,"Em 2022, o BOVA11 pagou R$ 1,90 por cota em dividendos",Falso: o BOVA11 não distribui proventos; dividendos e JCP das ações são reinvestidos no fundo.,CRÍTICO,Reescrever: BOVA11 reinveste os proventos; o retorno vem na cota.,https://www.blackrock.com/br/products/251816/ishares-ibovespa-fundo-de-ndice-fund
1073,https://investirecocaresocomecar.com.br/bova11-quanto-o-bova11-paga-de-dividendos/,Os dividendos do BOVA11 têm imposto de 15% na fonte,"Não há dividendo distribuído pelo BOVA11, logo não há esse IR; e dividendos de ações não têm 15% na fonte (até R$ 50 mil/mês seguem isentos).",CRÍTICO,Tirar.,https://www.blackrock.com/br/products/251816/ishares-ibovespa-fundo-de-ndice-fund; https://www.planalto.gov.br/ccivil_03/_ato2023-2026/2025/lei/L15270.htm
1073,https://investirecocaresocomecar.com.br/bova11-quanto-o-bova11-paga-de-dividendos/,BOVA11 |  15% na fonte |  Isento,"Errado: ganho de capital em ETF de ações paga 15% e não tem a isenção de R$ 20 mil; 'ações individuais 15% a 22,5%' também está errado (ações: 15% swing, 20% day trade).",CRÍTICO,"ETF de ações: 15% sobre o ganho, sem isenção de R$ 20 mil.",https://normas.receita.fazenda.gov.br/sijut2consulta/link.action?idAto=67494
1073,https://investirecocaresocomecar.com.br/bova11-quanto-o-bova11-paga-de-dividendos/,"O BOVA11 tem uma taxa de apenas 0,30% ao ano","A taxa do BOVA11 é 0,10% ao ano.",CRÍTICO,"0,10% a.a.",https://www.blackrock.com/br/products/251816/ishares-ibovespa-fundo-de-ndice-fund
1078,https://investirecocaresocomecar.com.br/qual-o-melhor-etf-do-momento-descubra-agora/,o MALL11 foca no varejo,MALL11 era um FII de shoppings (não ETF) e deixou de negociar em jul/2025.,CRÍTICO,Tirar.,https://www.b3.com.br/pt_br/market-data-e-indices/servicos-de-dados/market-data/historico/mercado-a-vista/series-historicas/
1083,https://investirecocaresocomecar.com.br/os-melhores-etfs-com-dividendos-mensais-no-brasil-2024/,o IVVB11 replica o desempenho de títulos privados de crédito,"IVVB11 é ETF de ações que replica o S&P 500 (em reais), não renda fixa; e não paga rendimento mensal (reinveste).",CRÍTICO,"IVVB11 = S&P 500, reinveste proventos.",https://www.blackrock.com/br/products/251816/ ; https://www.b3.com.br/pt_br/market-data-e-indices/servicos-de-dados/market-data/historico/mercado-a-vista/series-historicas/ (IVVB11 = ISHARE SP500)
1083,https://investirecocaresocomecar.com.br/os-melhores-etfs-com-dividendos-mensais-no-brasil-2024/,"IMAB11 |  Renda Fixa |  Mensal |  5,2% a.a. |  IVVB11 |  Renda Fixa |  Mensal |  6,1% a.a. |  DIVI11 |  Ações |  Mensal","Tabela inventada: IVVB11 e SMAL11 não distribuem rendimentos; IMAB11 segue o IMA-B (títulos atrelados ao IPCA de todos os prazos), não 'curto prazo'; DIVI11 não existe.",CRÍTICO,Apagar a tabela.,https://www.b3.com.br/pt_br/market-data-e-indices/servicos-de-dados/market-data/historico/mercado-a-vista/series-historicas/
1083,https://investirecocaresocomecar.com.br/os-melhores-etfs-com-dividendos-mensais-no-brasil-2024/,"SDIV11, RYDJ11, XDIV11 e DIVO11","SDIV11, RYDJ11 e XDIV11 não aparecem no COTAHIST à vista 2021-2026 (não existem na B3).",CRÍTICO,Tirar.,https://www.b3.com.br/pt_br/market-data-e-indices/servicos-de-dados/market-data/historico/mercado-a-vista/series-historicas/
1083,https://investirecocaresocomecar.com.br/os-melhores-etfs-com-dividendos-mensais-no-brasil-2024/,"Dividendos |  15% |  Ganhos de Capital |  Até 22,5%",IR de ETF de ações: 15% sobre o ganho de capital; tabela regressiva só vale para ETF de renda fixa.,CRÍTICO,Separar ETF de ações (15%) e de renda fixa (tabela própria).,https://normas.receita.fazenda.gov.br/sijut2consulta/link.action?idAto=67494
1088,https://investirecocaresocomecar.com.br/quanto-rende-o-etf-por-mes-descubra-agora/,"Renda Fixa |  15% |  Até 6 meses |  Renda Fixa |  17,5% |  Acima de 6 meses e até 1 ano |  Renda Fixa |  20% |  Acima de 1 ano |  Ações |  Isento |  Acima de 180 dias","Tabela de IR invertida e inventada: a regressiva é 22,5% até 180 dias, 20% até 360, 17,5% até 720 e 15% acima; não existe isenção de ETF de ações 'acima de 180 dias' (é 15% sobre o ganho).",CRÍTICO,Corrigir a tabela regressiva e a regra de ETF de ações.,https://www.planalto.gov.br/ccivil_03/_ato2004-2006/2004/lei/l11033.htm ; https://normas.receita.fazenda.gov.br/sijut2consulta/link.action?idAto=67494
1098,https://investirecocaresocomecar.com.br/etf-do-momento-melhores-opcoes-para-investir-em-2024/,Tecnologia |  BRTC11 |  18% |  12% |  Energia |  BREN11 |  25% |  16% |  Commodities |  BCOM11,"BRTC11, BREN11 e BCOM11 não existem na B3 (nenhum negócio no COTAHIST 2021-2026); rentabilidades inventadas.",CRÍTICO,Apagar a tabela.,https://www.b3.com.br/pt_br/market-data-e-indices/servicos-de-dados/market-data/historico/mercado-a-vista/series-historicas/
1108,https://investirecocaresocomecar.com.br/qual-o-melhor-banco-para-investir-em-renda-fixa/,"CDBs , LCIs e LCAs têm alíquotas de IR de 15% a 22,5%","LCI e LCA são isentas de IR para pessoa física (Lei 11.033/2004, art. 3º; mantido em 2026). Só o CDB segue a tabela regressiva.",CRÍTICO,"CDB: 22,5% a 15%; LCI/LCA: isentas para PF.",https://www.planalto.gov.br/ccivil_03/_ato2004-2006/2004/lei/l11033.htm
1113,https://investirecocaresocomecar.com.br/qual-acao-paga-mais-dividendos-mensais-em-2024/,"Empresa XYZ: Dividend yield de 5,8% ao mês","Texto-modelo publicado ('Empresa XYZ', 'Empresa ABC', 'Empresa 123', 'Empresa A/B/C') com yields mensais impossíveis (5,8% ao mês).",CRÍTICO,Despublicar ou reescrever do zero.,erro evidente no próprio texto
1128,https://investirecocaresocomecar.com.br/o-que-significa-de-dividendos-entenda-agora/,Tributação de 15% para o investidor pessoa física |  Isenção de imposto de renda para o investidor pessoa física,"Tabela invertida: quem tinha 15% na fonte era o JCP (17,5% desde 2026) e o dividendo era isento (desde 2026, isento até R$ 50 mil/mês por empresa).",CRÍTICO,"Dividendo: isento até R$ 50 mil/mês/empresa; JCP: 17,5% na fonte.",https://www.planalto.gov.br/ccivil_03/_ato2023-2026/2025/lei/L15270.htm; https://www.planalto.gov.br/ccivil_03/leis/lcp/lcp224.htm
1133,https://investirecocaresocomecar.com.br/qual-a-melhor-renda-fixa-hoje-saiba-as-opcoes/,"Os benefícios incluem baixo risco, isenção de imposto e várias opções de títulos","Tesouro Direto não é isento: paga IR pela tabela regressiva (22,5% a 15%) e IOF nos primeiros 30 dias.",CRÍTICO,Tirar 'isenção de imposto'.,https://www.tesourodireto.com.br/
1143,https://investirecocaresocomecar.com.br/o-que-e-renda-fixa-e-como-funciona-guia-completo/,"Tesouro Direto |  15% |  0% |  CDB |  22,5% a 27,5%","Tabela de IR errada: Tesouro e CDB seguem a mesma regressiva de 22,5% a 15%; 27,5% é a alíquota máxima da tabela do IRPF, não de CDB.",CRÍTICO,"Tesouro e CDB: 22,5% (até 180 dias) a 15% (acima de 720 dias).",https://www.planalto.gov.br/ccivil_03/_ato2004-2006/2004/lei/l11033.htm
1158,https://investirecocaresocomecar.com.br/as-10-acoes-que-mais-pagam-dividendos-no-brasil-em-2024/,Enel Brasil (ENBR3),"Ticker trocado: ENBR3 era a EDP Energias do Brasil (nome de pregão ENERGIAS BR), não Enel; e saiu da bolsa em ago/2023 (OPA da EDP), mais de um ano antes do post.",CRÍTICO,Tirar ENBR3.,"https://www.b3.com.br/pt_br/market-data-e-indices/servicos-de-dados/market-data/historico/mercado-a-vista/series-historicas/ (ENBR3 = ENERGIAS BR, último negócio 21/08/2023)"
1158,https://investirecocaresocomecar.com.br/as-10-acoes-que-mais-pagam-dividendos-no-brasil-em-2024/,Telefônica Brasil (VIVT4),VIVT4 não negocia desde antes de 2021 (classes unificadas em VIVT3); nenhum negócio no COTAHIST 2021-2026.,CRÍTICO,VIVT3.,https://www.b3.com.br/pt_br/market-data-e-indices/servicos-de-dados/market-data/historico/mercado-a-vista/series-historicas/
1158,https://investirecocaresocomecar.com.br/as-10-acoes-que-mais-pagam-dividendos-no-brasil-em-2024/,"Oi |  5,2% |  Distribuição mínima de 25% do lucro líquido",Oi estava em recuperação judicial e não pagava dividendos; Claro não tem ação na B3. Tabela inventada.,CRÍTICO,Apagar.,https://www.b3.com.br/pt_br/market-data-e-indices/servicos-de-dados/market-data/historico/mercado-a-vista/series-historicas/
1163,https://investirecocaresocomecar.com.br/o-que-sao-fundos-imobiliarios-guia-completo/,O fundo tenha pelo menos 50 cotistas.,"Desde a Lei 14.754/2023 (dez/2023), a isenção exige 100 cotistas ou mais; o post é de nov/2024 e foi revisado em set/2026.",CRÍTICO,100 cotistas ou mais; cotas só em bolsa; cotista com menos de 10%.,https://www.planalto.gov.br/ccivil_03/_ato2023-2026/2023/lei/l14754.htm
1168,https://investirecocaresocomecar.com.br/o-que-significa-fii-guia-completo-sobre-fundos/,Tributação de Ganho de Capital |  15% |  Aplicável tanto a pessoas físicas quanto jurídicas,Ganho na venda de cota de FII é 20% (o próprio post diz 20% no FAQ).,CRÍTICO,20%.,https://www.planalto.gov.br/ccivil_03/leis/l8668.htm (art. 18) ; https://normas.receita.fazenda.gov.br/sijut2consulta/link.action?idAto=67494
1173,https://investirecocaresocomecar.com.br/quanto-rende-1-000-reais-em-um-fundo-imobiliario/,O investidor deve manter as cotas por pelo menos 90 dias. O fundo também deve distribuir 95% de seus lucros,"Requisito inventado: não existe prazo mínimo de 90 dias para a isenção; a regra é fundo com 100+ cotistas, cotas em bolsa e cotista com menos de 10%. Os 95% são obrigação do fundo (Lei 8.668), não condição da isenção.",CRÍTICO,Usar os requisitos da Lei 14.754/2023.,https://www.planalto.gov.br/ccivil_03/_ato2023-2026/2023/lei/l14754.htm
1178,https://investirecocaresocomecar.com.br/qual-a-melhor-fii-para-investir-hoje-analise-2024/,FIIÁreas (AREA11),"Fundos inexistentes: AREA11, HGPR11, TRPG11, MAUA11, LOGG11 ('Caixa Logística'), RNDV11, LOGI11 e MASA11 não têm nenhum negócio no COTAHIST 2021-2026. A tabela dá até 'ocupação' para eles.",CRÍTICO,Despublicar ou reescrever do zero só com fundos que existem.,https://www.b3.com.br/pt_br/market-data-e-indices/servicos-de-dados/market-data/historico/mercado-a-vista/series-historicas/
1178,https://investirecocaresocomecar.com.br/qual-a-melhor-fii-para-investir-hoje-analise-2024/,"FII Kinea Índices (KNIP11) |  9,1% |  92%","KNIP11 é fundo de papel (CRIs), não tem 'ocupação'; números sem fonte.",CRÍTICO,Tirar.,https://www.b3.com.br/pt_br/market-data-e-indices/servicos-de-dados/market-data/historico/mercado-a-vista/series-historicas/ (KNIP11 = FII KINEA IP)
1183,https://investirecocaresocomecar.com.br/qual-e-o-melhor-fundo-imobiliario-para-investir-hoje/,"KNRI11 , IRDM11, JHSF11",JHSF11 não existe (a JHSF negocia JHSF3); IRDM11 parou de negociar em out/2025.,CRÍTICO,Tirar JHSF11; atualizar IRDM11.,https://www.b3.com.br/pt_br/market-data-e-indices/servicos-de-dados/market-data/historico/mercado-a-vista/series-historicas/
1188,https://investirecocaresocomecar.com.br/o-que-significa-a-sigla-fii/,Imposto de Renda (IR) |  Isenção sobre rendimentos e ganhos de capital |  Imposto de Renda na Fonte (IRF) |  15% sobre os rendimentos recebidos,Contraditório e errado: rendimento é isento para PF que cumpre os requisitos; ganho de capital paga 20%; não há 15% na fonte para PF.,CRÍTICO,Rendimentos isentos (requisitos da Lei 14.754); ganho de capital 20%.,https://www.planalto.gov.br/ccivil_03/_ato2023-2026/2023/lei/l14754.htm
1188,https://investirecocaresocomecar.com.br/o-que-significa-a-sigla-fii/,nenhum cotista pode ter mais de 25% das cotas do FII,"Regra inventada: os 25% são o limite para o incorporador/construtor sem que o fundo seja tributado como PJ (Lei 9.779/1999, art. 2º), não uma proibição a cotistas.",CRÍTICO,Explicar a regra certa ou tirar.,https://www.planalto.gov.br/ccivil_03/leis/l9779.htm
1188,https://investirecocaresocomecar.com.br/o-que-significa-a-sigla-fii/,"RLOG11 |  7,2% |  Trimestral",RLOG11 não aparece no COTAHIST 2021-2026.,CRÍTICO,Tirar.,https://www.b3.com.br/pt_br/market-data-e-indices/servicos-de-dados/market-data/historico/mercado-a-vista/series-historicas/
1193,https://investirecocaresocomecar.com.br/como-funciona-um-fundo-imobiliario-entenda-agora/,"A alíquota varia de 15% a 22,5%, dependendo do lucro.","Ganho na venda de cotas de FII é 20% fixo (a tabela logo abaixo diz 20%). Post duplicado do 1213, mesmo título.",CRÍTICO,20%; juntar com 1213.,https://www.planalto.gov.br/ccivil_03/leis/l8668.htm
1208,https://investirecocaresocomecar.com.br/etfs-de-fundos-imobiliarios-guia-completo-para-investir/,"Atualmente, os principais são ALUG11, XFIX11 e URET11.","URET11 parou de negociar em 10/10/2024, antes do post; volume e patrimônio citados sem data.",CRÍTICO,Tirar URET11.,https://www.b3.com.br/pt_br/market-data-e-indices/servicos-de-dados/market-data/historico/mercado-a-vista/series-historicas/
1213,https://investirecocaresocomecar.com.br/como-funciona-um-fundo-imobiliario/,"Tributação na venda de cotas |  15% a 22,5%",Ganho na venda de cotas de FII é 20%.,CRÍTICO,20%.,https://www.planalto.gov.br/ccivil_03/leis/l8668.htm
2086,https://investirecocaresocomecar.com.br/short-squeeze-das-casas-bahia-o-que-aconteceu-e-quais-acoes-podem-ser-as-proximas/,Grupo Arezzo (ARZZ3),"[leve] ARZZ3 deixou de negociar em 31/07/2024 (fusão que criou a Azzas 2154, AZZA3), antes do post (mar/2025).",CRÍTICO,AZZA3.,https://www.b3.com.br/pt_br/market-data-e-indices/servicos-de-dados/market-data/historico/mercado-a-vista/series-historicas/
3172,https://investirecocaresocomecar.com.br/jepi39-o-etf-que-paga-dividendos-todo-mes-vale-a-pena/,Critério | JEPI (JEPI39) | JEPQ (JEPQ39),Produto inexistente: não há BDR JEPQ39 na B3; o JEPQ só é negociado nos EUA.,CRÍTICO,Tirar o JEPQ39 ou dizer que ele não existe na B3 (como o post 4538 corrigido).,"https://www.b3.com.br/pt_br/market-data-e-indices/servicos-de-dados/market-data/historico/mercado-a-vista/series-historicas/ (nenhum negócio de JEPQ39 de jan/2021 a 01/10/2026; JEPI39 = 'JPM JEPI', negocia desde 23/02/2026); o próprio post 4538 do site, corrigido em 28/09/2026, diz que o JEPQ39 não existe"
3435,https://investirecocaresocomecar.com.br/como-declarar-imposto-de-renda-2026-guia-completo-para-investidores-acoes-fiis-e-dividendos/,O prazo para entrega da declaração vai até o final de abril de 2026,Prazo errado: a declaração do IRPF 2026 foi de 23/03 a 29/05/2026.,CRÍTICO,23 de março a 29 de maio de 2026.,https://www.gov.br/receitafederal/pt-br/assuntos/noticias/2026/marco/receita-comeca-a-receber-declaracoes-do-irpf-no-dia-23-de-marco-prazo-de-entrega-se-encerra-em-29-de-maio
3435,https://investirecocaresocomecar.com.br/como-declarar-imposto-de-renda-2026-guia-completo-para-investidores-acoes-fiis-e-dividendos/,desde que o fundo tenha mais de 50 cotistas,Desde a Lei 14.754/2023 a isenção exige 100 cotistas ou mais (vale para o ano-base 2025 do guia).,CRÍTICO,100 cotistas ou mais.,https://www.planalto.gov.br/ccivil_03/_ato2023-2026/2023/lei/l14754.htm
4536,https://investirecocaresocomecar.com.br/itub3-ou-itub4-qual-comprar/,A família Moreira Salles controla o banco com participação dominante,"Errado: o Itaú é controlado pela IUPAR, dividida 50/50 entre Itaúsa e família Moreira Salles (o post 993 do site explica).",CRÍTICO,Controle compartilhado Itaúsa + Moreira Salles via IUPAR.,https://ri.itausa.com.br/
4537,https://investirecocaresocomecar.com.br/etfs-dividendos-mensais-b3-2026/,JEPQ39 | JEPQ (JPMorgan) | Covered call Nasdaq 100 | 10–15%,Produto inexistente: não há BDR JEPQ39 na B3; o JEPQ só é negociado nos EUA.,CRÍTICO,Tirar o JEPQ39 ou dizer que ele não existe na B3 (como o post 4538 corrigido).,"https://www.b3.com.br/pt_br/market-data-e-indices/servicos-de-dados/market-data/historico/mercado-a-vista/series-historicas/ (nenhum negócio de JEPQ39 de jan/2021 a 01/10/2026; JEPI39 = 'JPM JEPI', negocia desde 23/02/2026); o próprio post 4538 do site, corrigido em 28/09/2026, diz que o JEPQ39 não existe"
4544,https://investirecocaresocomecar.com.br/dolar-abaixo-de-r5-etfs-renda-dolar-b3/,BDRs de ETFs como JEPI39 e JEPQ39 são negociados na B3 normalmente,Produto inexistente: não há BDR JEPQ39 na B3; o JEPQ só é negociado nos EUA.,CRÍTICO,Tirar o JEPQ39 ou dizer que ele não existe na B3 (como o post 4538 corrigido).,"https://www.b3.com.br/pt_br/market-data-e-indices/servicos-de-dados/market-data/historico/mercado-a-vista/series-historicas/ (nenhum negócio de JEPQ39 de jan/2021 a 01/10/2026; JEPI39 = 'JPM JEPI', negocia desde 23/02/2026); o próprio post 4538 do site, corrigido em 28/09/2026, diz que o JEPQ39 não existe"
4544,https://investirecocaresocomecar.com.br/dolar-abaixo-de-r5-etfs-renda-dolar-b3/,BNDW39 | BDR do Vanguard Total World Bond ETF,BNDW39 e DVDY11 não aparecem no COTAHIST à vista 2021-2026.,CRÍTICO,Tirar.,https://www.b3.com.br/pt_br/market-data-e-indices/servicos-de-dados/market-data/historico/mercado-a-vista/series-historicas/
4565,https://investirecocaresocomecar.com.br/calculadora-lci/,A LCI tem prazo mínimo de 90 dias (resolução CMN 4.095),Desatualizado desde fev/2024 (Res. CMN 5.119) e de novo em mai/2025 (Res. 5.215): hoje 6 meses.,CRÍTICO,6 meses (Res. CMN 5.215/2025).,https://www.bcb.gov.br/estabilidadefinanceira/exibenormativo?tipo=Resolu%C3%A7%C3%A3o%20CMN&numero=5215
4565,https://investirecocaresocomecar.com.br/calculadora-lci/,A LCI tem prazo mínimo de 90 dias (resolução CMN 4.095).,[varredura] Carência mínima de LCI/LCA: 9 meses desde fev/2024 e 6 meses desde mai/2025 (sem correção por índice),CRÍTICO,Atualizar a regra.,https://www.bcb.gov.br/estabilidadefinanceira/exibenormativo?tipo=Resolu%C3%A7%C3%A3o%20CMN&numero=5215
4566,https://investirecocaresocomecar.com.br/calculadora-lca/,"A LCA tem prazo mínimo de 90 dias , assim como a LCI.",Prazo mínimo hoje: 6 meses (Res. CMN 5.215/2025).,CRÍTICO,6 meses.,https://www.bcb.gov.br/estabilidadefinanceira/exibenormativo?tipo=Resolu%C3%A7%C3%A3o%20CMN&numero=5215
4566,https://investirecocaresocomecar.com.br/calculadora-lca/,"A LCA tem prazo mínimo de 90 dias , assim como a LCI.",[varredura] Carência mínima de LCI/LCA: 9 meses desde fev/2024 e 6 meses desde mai/2025 (sem correção por índice),CRÍTICO,Atualizar a regra.,https://www.bcb.gov.br/estabilidadefinanceira/exibenormativo?tipo=Resolu%C3%A7%C3%A3o%20CMN&numero=5215
4568,https://investirecocaresocomecar.com.br/ivvb11-vale-a-pena-analise/,"olhe para BDRs de ETFs como JEPI39 ou JEPQ39, que distribuem dividendos mensais",Produto inexistente: não há BDR JEPQ39 na B3; o JEPQ só é negociado nos EUA.,CRÍTICO,Tirar o JEPQ39 ou dizer que ele não existe na B3 (como o post 4538 corrigido).,"https://www.b3.com.br/pt_br/market-data-e-indices/servicos-de-dados/market-data/historico/mercado-a-vista/series-historicas/ (nenhum negócio de JEPQ39 de jan/2021 a 01/10/2026; JEPI39 = 'JPM JEPI', negocia desde 23/02/2026); o próprio post 4538 do site, corrigido em 28/09/2026, diz que o JEPQ39 não existe"
4572,https://investirecocaresocomecar.com.br/renda-passiva-quanto-precisa-investir/,JEPI39/JEPQ39 (~8% líq. a.a.),Produto inexistente: não há BDR JEPQ39 na B3; o JEPQ só é negociado nos EUA.,CRÍTICO,Tirar o JEPQ39 ou dizer que ele não existe na B3 (como o post 4538 corrigido).,"https://www.b3.com.br/pt_br/market-data-e-indices/servicos-de-dados/market-data/historico/mercado-a-vista/series-historicas/ (nenhum negócio de JEPQ39 de jan/2021 a 01/10/2026; JEPI39 = 'JPM JEPI', negocia desde 23/02/2026); o próprio post 4538 do site, corrigido em 28/09/2026, diz que o JEPQ39 não existe"
4573,https://investirecocaresocomecar.com.br/como-viver-de-dividendos/,"3. ETFs de renda em dólar (JEPI39, JEPQ39)",Produto inexistente: não há BDR JEPQ39 na B3; o JEPQ só é negociado nos EUA.,CRÍTICO,Tirar o JEPQ39 ou dizer que ele não existe na B3 (como o post 4538 corrigido).,"https://www.b3.com.br/pt_br/market-data-e-indices/servicos-de-dados/market-data/historico/mercado-a-vista/series-historicas/ (nenhum negócio de JEPQ39 de jan/2021 a 01/10/2026; JEPI39 = 'JPM JEPI', negocia desde 23/02/2026); o próprio post 4538 do site, corrigido em 28/09/2026, diz que o JEPQ39 não existe"
4573,https://investirecocaresocomecar.com.br/como-viver-de-dividendos/,"utilities (TAEE11, TRPL4, CMIG4)",[leve] TRPL4 virou ISAE4 em nov/2024 e MALL11 (citado no mesmo post) deixou de negociar em jul/2025; o post é de mai/2026.,CRÍTICO,ISAE4; tirar MALL11.,https://www.b3.com.br/pt_br/market-data-e-indices/servicos-de-dados/market-data/historico/mercado-a-vista/series-historicas/
4812,https://investirecocaresocomecar.com.br/ivvb11-ou-bova11-qual-e-melhor/,"Taxa de administração | 0,30% a.a. | 0,24% a.a.","Taxa do BOVA11 é 0,10% a.a. (o post 5091 do site diz 0,10%); IVVB11 é 0,23% (post 4568).",CRÍTICO,"BOVA11 0,10%; IVVB11 0,23%.",https://www.blackrock.com/br/products/251816/ishares-ibovespa-fundo-de-ndice-fund
4815,https://investirecocaresocomecar.com.br/fii-ou-imovel-fisico-qual-e-melhor-investimento/,FIIs com mais de 50 cotistas negociados em bolsa,"Requisito desatualizado desde dez/2023: a isenção exige 100 cotistas ou mais (Lei 14.754/2023), e o cotista precisa ter menos de 10% das cotas.",CRÍTICO,100 cotistas ou mais; menos de 10% das cotas.,https://www.planalto.gov.br/ccivil_03/_ato2023-2026/2023/lei/l14754.htm
4815,https://investirecocaresocomecar.com.br/fii-ou-imovel-fisico-qual-e-melhor-investimento/,FIIs de fundos de fundos (FOFs) como BCFF11 ou HFOF11,"[leve] BCFF11 parou de negociar em 18/10/2024, antes do post (mai/2026).",CRÍTICO,Tirar BCFF11.,https://www.b3.com.br/pt_br/market-data-e-indices/servicos-de-dados/market-data/historico/mercado-a-vista/series-historicas/
4816,https://investirecocaresocomecar.com.br/como-declarar-bdrs-imposto-de-renda-2026/,ETFs como JEPI39 e JEPQ39 é tributada no Brasil à alíquota de 15%,Produto inexistente: não há BDR JEPQ39 na B3; o JEPQ só é negociado nos EUA.,CRÍTICO,Tirar o JEPQ39 ou dizer que ele não existe na B3 (como o post 4538 corrigido).,"https://www.b3.com.br/pt_br/market-data-e-indices/servicos-de-dados/market-data/historico/mercado-a-vista/series-historicas/ (nenhum negócio de JEPQ39 de jan/2021 a 01/10/2026; JEPI39 = 'JPM JEPI', negocia desde 23/02/2026); o próprio post 4538 do site, corrigido em 28/09/2026, diz que o JEPQ39 não existe"
4816,https://investirecocaresocomecar.com.br/como-declarar-bdrs-imposto-de-renda-2026/,BOVA39,BOVA39 não existe (o ETF do Ibovespa é BOVA11); não aparece no COTAHIST.,CRÍTICO,BOVA11.,https://www.b3.com.br/pt_br/market-data-e-indices/servicos-de-dados/market-data/historico/mercado-a-vista/series-historicas/
4816,https://investirecocaresocomecar.com.br/como-declarar-bdrs-imposto-de-renda-2026/,O Brasil não cobra IR novamente sobre essa parcela para pessoas físicas,"Errado: dividendo de BDR é tributável no Brasil (carnê-leão/tabela progressiva, com compensação do imposto pago lá fora) e vai em 'Rendimentos tributáveis recebidos do exterior', não em isentos.",CRÍTICO,Dividendo de BDR: tributável pelo carnê-leão; declarar como rendimento do exterior.,https://www.gov.br/receitafederal/pt-br/centrais-de-conteudo/publicacoes/perguntas-frequentes/declaracoes/dirpf
4816,https://investirecocaresocomecar.com.br/como-declarar-bdrs-imposto-de-renda-2026/,Código DARF: 8523 (ganhos em renda variável — bolsa brasileira),O código de renda variável em bolsa para PF é 6015; 8523 é ganho de capital em moeda estrangeira.,CRÍTICO,6015.,https://www.gov.br/receitafederal/pt-br/assuntos/orientacao-tributaria/pagamentos-e-parcelamentos/codigos-de-receita
4848,https://investirecocaresocomecar.com.br/diferenca-acoes-on-pn-petr3-petr4-itub3-itub4/,"Para ON, é obrigatório 100% do preço pago. Para PN, foi definido um mínimo de 80%.",Invertido/errado: a Lei 10.303/2001 (art. 254-A da Lei 6.404) garante tag along de no mínimo 80% às ações COM VOTO (ON); para PN não há tag along obrigatório por lei. O post 1028 do mesmo site diz certo.,CRÍTICO,ON: mínimo de 80% por lei; PN: só se o estatuto conceder.,https://www.planalto.gov.br/ccivil_03/leis/l6404consol.htm
4848,https://investirecocaresocomecar.com.br/diferenca-acoes-on-pn-petr3-petr4-itub3-itub4/,"Mai/2026 | R$36,80 | R$35,50 | +R$1,30","Tabela de preços 'Fonte: B3' não bate com o COTAHIST: média de mai/2026 foi R$ 50,17 (PETR3) e R$ 45,25 (PETR4); jan/2023 foi R$ 28,25 e R$ 24,92. O spread real passou de R$ 4.",CRÍTICO,"Refazer a tabela com o COTAHIST, dizendo se é preço ajustado ou não.",https://www.b3.com.br/pt_br/market-data-e-indices/servicos-de-dados/market-data/historico/mercado-a-vista/series-historicas/
4873,https://investirecocaresocomecar.com.br/dividendos-o-que-sao-dividend-yield/,"Isento (cotas negociadas em bolsa, > 50 cotistas)","Requisito desatualizado desde dez/2023: a isenção exige 100 cotistas ou mais (Lei 14.754/2023), e o cotista precisa ter menos de 10% das cotas.",CRÍTICO,100 cotistas ou mais; menos de 10% das cotas.,https://www.planalto.gov.br/ccivil_03/_ato2023-2026/2023/lei/l14754.htm
4873,https://investirecocaresocomecar.com.br/dividendos-o-que-sao-dividend-yield/,TRPL4 |  |  8.7%,[leve] TRPL4 não negocia desde 14/11/2024 (virou ISAE4); o post é de mai/2026 e dá DY de 12 meses para ele.,CRÍTICO,"ISAE4, com DY recalculado.",https://www.b3.com.br/pt_br/market-data-e-indices/servicos-de-dados/market-data/historico/mercado-a-vista/series-historicas/
4873,https://investirecocaresocomecar.com.br/dividendos-o-que-sao-dividend-yield/,onde a empresa desconta 15% na fonte antes de creditar na sua conta,"Publicado em 2026 com JCP a 15%: desde 01/01/2026 a retenção é de 17,5% (LC 224/2025).",CRÍTICO,"17,5%.",https://www.planalto.gov.br/ccivil_03/leis/lcp/lcp224.htm
4874,https://investirecocaresocomecar.com.br/fundos-imobiliarios-o-que-sao-fiis/,juros sobre capital próprio são tributados em 15%,"Publicado em mai/2026 com JCP a 15%: desde 01/01/2026 o IRRF sobre JCP é 17,5% (LC 224/2025). Os exemplos numéricos (R$ 425 líquidos de R$ 500 etc.) ficam errados.",CRÍTICO,"17,5%; refazer os exemplos.",https://www.planalto.gov.br/ccivil_03/leis/lcp/lcp224.htm
4874,https://investirecocaresocomecar.com.br/fundos-imobiliarios-o-que-sao-fiis/,O FII precisa ter mais de 50 cotistas,"Requisito desatualizado desde dez/2023: a isenção exige 100 cotistas ou mais (Lei 14.754/2023), e o cotista precisa ter menos de 10% das cotas.",CRÍTICO,100 cotistas ou mais; menos de 10% das cotas.,https://www.planalto.gov.br/ccivil_03/_ato2023-2026/2023/lei/l14754.htm
4874,https://investirecocaresocomecar.com.br/fundos-imobiliarios-o-que-sao-fiis/,considere um ETF de FIIs como o IFIX11,"IFIX11 não existe: IFIX é o índice; ETFs de FII listados são, por exemplo, XFIX11.",CRÍTICO,XFIX11 (ou 'ETF que replica o IFIX').,https://www.b3.com.br/pt_br/market-data-e-indices/servicos-de-dados/market-data/historico/mercado-a-vista/series-historicas/
4874,https://investirecocaresocomecar.com.br/fundos-imobiliarios-o-que-sao-fiis/,"Exemplos: BCFF11, RBRF11.",[leve] BCFF11 já não negociava quando o post saiu (último pregão 18/10/2024); RBRF11 parou em 02/10/2025.,CRÍTICO,Trocar os exemplos.,https://www.b3.com.br/pt_br/market-data-e-indices/servicos-de-dados/market-data/historico/mercado-a-vista/series-historicas/
4875,https://investirecocaresocomecar.com.br/lci-lca-investimento-isento-ir/,A isenção está prevista na Lei 8.668/1993 (LCI) e na Lei 11.076/2004 (LCA),Lei errada: a Lei 8.668/1993 é a dos FIIs. A isenção de LCI e LCA para PF está no art. 3º da Lei 11.033/2004.,CRÍTICO,"Lei 11.033/2004, art. 3º, II e IV.",https://www.planalto.gov.br/ccivil_03/_ato2004-2006/2004/lei/l11033.htm
4875,https://investirecocaresocomecar.com.br/lci-lca-investimento-isento-ir/,Carência mínima |  90 dias (prefixada) / 12 meses (pós-fixada) |  90 dias,"Prazo mínimo desde mai/2025: 6 meses para LCI e LCA sem correção por índice de preços; com IPCA, 36 meses (LCI) e 12 meses (LCA).",CRÍTICO,Atualizar a tabela.,https://www.bcb.gov.br/estabilidadefinanceira/exibenormativo?tipo=Resolu%C3%A7%C3%A3o%20CMN&numero=5215
5042,https://investirecocaresocomecar.com.br/o-que-e-cdb/,carência mínima de 90 dias (e muitas vezes 1 ano),Prazo mínimo da LCI: 6 meses (Res. CMN 5.215/2025).,CRÍTICO,6 meses.,https://www.bcb.gov.br/estabilidadefinanceira/exibenormativo?tipo=Resolu%C3%A7%C3%A3o%20CMN&numero=5215
5051,https://investirecocaresocomecar.com.br/o-que-e-dividend-yield/,JCP tem retenção de 15% na fonte.,"Publicado em 2026 com JCP a 15%: desde 01/01/2026 a retenção é de 17,5% (LC 224/2025).",CRÍTICO,"17,5%.",https://www.planalto.gov.br/ccivil_03/leis/lcp/lcp224.htm
5058,https://investirecocaresocomecar.com.br/o-que-e-jcp/,a corretora retém 15% de IR na fonte,"Publicado em mai/2026 com JCP a 15%: desde 01/01/2026 o IRRF sobre JCP é 17,5% (LC 224/2025). Os exemplos numéricos (R$ 425 líquidos de R$ 500 etc.) ficam errados.",CRÍTICO,"17,5%; refazer os exemplos.",https://www.planalto.gov.br/ccivil_03/leis/lcp/lcp224.htm
5059,https://investirecocaresocomecar.com.br/o-que-e-fii/,desde que o fundo tenha pelo menos 50 cotistas,"Requisito desatualizado desde dez/2023: a isenção exige 100 cotistas ou mais (Lei 14.754/2023), e o cotista precisa ter menos de 10% das cotas.",CRÍTICO,100 cotistas ou mais; menos de 10% das cotas.,https://www.planalto.gov.br/ccivil_03/_ato2023-2026/2023/lei/l14754.htm
5067,https://investirecocaresocomecar.com.br/fii-papel-vs-tijolo/,desde que o fundo tenha mais de 50 cotistas,"Requisito desatualizado desde dez/2023: a isenção exige 100 cotistas ou mais (Lei 14.754/2023), e o cotista precisa ter menos de 10% das cotas.",CRÍTICO,100 cotistas ou mais; menos de 10% das cotas.,https://www.planalto.gov.br/ccivil_03/_ato2023-2026/2023/lei/l14754.htm
5092,https://investirecocaresocomecar.com.br/ir-sobre-investimentos/,JCP |  15% (retido na fonte),"Publicado em mai/2026 com JCP a 15%: desde 01/01/2026 o IRRF sobre JCP é 17,5% (LC 224/2025). Os exemplos numéricos (R$ 425 líquidos de R$ 500 etc.) ficam errados.",CRÍTICO,"17,5%; refazer os exemplos.",https://www.planalto.gov.br/ccivil_03/leis/lcp/lcp224.htm
5092,https://investirecocaresocomecar.com.br/ir-sobre-investimentos/,FII (rendimentos): desde que o FII tenha mais de 50 cotistas,"Requisito desatualizado desde dez/2023: a isenção exige 100 cotistas ou mais (Lei 14.754/2023), e o cotista precisa ter menos de 10% das cotas.",CRÍTICO,100 cotistas ou mais; menos de 10% das cotas.,https://www.planalto.gov.br/ccivil_03/_ato2023-2026/2023/lei/l14754.htm
5092,https://investirecocaresocomecar.com.br/ir-sobre-investimentos/,Dividendos de ações: isentos para pessoa física (debate tributário em andamento no Congresso),Em mai/2026 já valia a Lei 15.270/2025: IRRF de 10% sobre dividendos acima de R$ 50 mil/mês da mesma empresa e IRPF mínimo para renda acima de R$ 600 mil/ano. Não é 'debate'.,CRÍTICO,Explicar a regra em vigor.,https://www.planalto.gov.br/ccivil_03/_ato2023-2026/2025/lei/L15270.htm
5092,https://investirecocaresocomecar.com.br/ir-sobre-investimentos/,Geralmente exigem carência mínima de 90 a 360 dias,Prazo mínimo de LCI/LCA sem índice de preços é 6 meses (Res. CMN 5.215/2025); 90 dias não vale desde 2024.,CRÍTICO,6 meses (pós/prefixadas); 12 meses LCA e 36 meses LCI com IPCA.,https://www.bcb.gov.br/estabilidadefinanceira/exibenormativo?tipo=Resolu%C3%A7%C3%A3o%20CMN&numero=5215
5093,https://investirecocaresocomecar.com.br/o-que-e-proventos/,JCP: 15% de IR retido na fonte,"Publicado em mai/2026 com JCP a 15%: desde 01/01/2026 o IRRF sobre JCP é 17,5% (LC 224/2025). Os exemplos numéricos (R$ 425 líquidos de R$ 500 etc.) ficam errados.",CRÍTICO,"17,5%; refazer os exemplos.",https://www.planalto.gov.br/ccivil_03/leis/lcp/lcp224.htm
5093,https://investirecocaresocomecar.com.br/o-que-e-proventos/,isentos de IR se o FII tem mais de 50 cotistas,"Requisito desatualizado desde dez/2023: a isenção exige 100 cotistas ou mais (Lei 14.754/2023), e o cotista precisa ter menos de 10% das cotas.",CRÍTICO,100 cotistas ou mais; menos de 10% das cotas.,https://www.planalto.gov.br/ccivil_03/_ato2023-2026/2023/lei/l14754.htm
5113,https://investirecocaresocomecar.com.br/o-que-e-reit/,"Exemplos: ALBT34 (Arbor Realty), LVHD34 (ETF de dividendos)",ALBT34 e LVHD34 não existem na B3 (nenhum negócio no COTAHIST 2021-2026).,CRÍTICO,"Tirar ou citar BDRs que existem, conferidos na B3.",https://www.b3.com.br/pt_br/market-data-e-indices/servicos-de-dados/market-data/historico/mercado-a-vista/series-historicas/
5113,https://investirecocaresocomecar.com.br/o-que-e-reit/,"XRES11, TVRI11 e similares — ETFs que replicam índices de REITs americanos","XRES11 não existe; TVRI11 é um FII brasileiro (Tivio Renda Imobiliária), não ETF de REITs.",CRÍTICO,Tirar.,https://www.b3.com.br/pt_br/market-data-e-indices/servicos-de-dados/market-data/historico/mercado-a-vista/series-historicas/ (TVRI11 = FII TIVIO RI)
5114,https://investirecocaresocomecar.com.br/o-que-e-blockchain/,ETFs como BKCH11 na B3 reúnem esse tipo de ativo,[leve] Ticker errado: na B3 o que existe é o BDR BKCH39 (GX Blockchain); BKCH11 não aparece no COTAHIST.,CRÍTICO,BKCH39 (BDR de ETF).,https://www.b3.com.br/pt_br/market-data-e-indices/servicos-de-dados/market-data/historico/mercado-a-vista/series-historicas/
5119,https://investirecocaresocomecar.com.br/o-que-e-gestao-passiva/,"NAMO11: Nasdaq 100 em reais — 0,30%","NAMO11 não existe na B3 (o ETF de Nasdaq 100 listado é o NASD11, entre outros).",CRÍTICO,Corrigir o ticker conferindo na B3.,https://www.b3.com.br/pt_br/market-data-e-indices/servicos-de-dados/market-data/historico/mercado-a-vista/series-historicas/
7376,https://investirecocaresocomecar.com.br/vivt3-dividendos-conta-celular-gratis-para-sempre/,"Já o JCP (Juros sobre Capital Próprio), que a Telefônica usa bastante, tem retenção de 15% na fonte.","Publicado em 2026 com JCP a 15%: desde 01/01/2026 a retenção é de 17,5% (LC 224/2025).",CRÍTICO,"17,5%.",https://www.planalto.gov.br/ccivil_03/leis/lcp/lcp224.htm
10097,https://investirecocaresocomecar.com.br/acoes-mais-alugadas-b3-short-selling-xp/,Cruzeiro do Sul Educacional |  CSDE3,[leve] Ticker errado: a Cruzeiro do Sul negocia como CSED3.,CRÍTICO,CSED3.,https://www.b3.com.br/pt_br/market-data-e-indices/servicos-de-dados/market-data/historico/mercado-a-vista/series-historicas/
10424,https://investirecocaresocomecar.com.br/calendario-dividendos-julho-2026-logg3-vale-a-pena/,"JCP é uma despesa dedutível para a empresa, tributada em 15% na fonte para o acionista.","Publicado em 2026 com JCP a 15%: desde 01/01/2026 a retenção é de 17,5% (LC 224/2025).",CRÍTICO,"17,5%.",https://www.planalto.gov.br/ccivil_03/leis/lcp/lcp224.htm
11638,https://investirecocaresocomecar.com.br/bova11-concentracao-79-empresas-52-por-cento-em-10/,só pela atualização trimestral da B3,"[leve] A carteira do Ibovespa é revista a cada 4 meses (jan, mai, set), não por trimestre (o próprio post fala na entrada de setembro).",CRÍTICO,quadrimestral.,https://www.b3.com.br/pt_br/market-data-e-indices/indices/indices-amplos/ibovespa.htm
12158,https://investirecocaresocomecar.com.br/barcelona-taxa-turistica-2026-vale-a-pena-viajar/,ABNB34 aqui na B3,[leve] Ticker errado: o BDR da Airbnb é AIRB34; ABNB34 não existe.,CRÍTICO,AIRB34.,https://www.b3.com.br/pt_br/market-data-e-indices/servicos-de-dados/market-data/historico/mercado-a-vista/series-historicas/
983,https://investirecocaresocomecar.com.br/qual-o-preco-justo-da-itsa4-analise-completa-hoje/,Duratex (Dexco),Nomes antigos: Duratex virou Dexco em 2021 e Copagaz virou Copa Energia; faltava a CCR (hoje Motiva) no portfólio.,DATADO,"Usar a lista do RI: Itaú Unibanco, Aegea, Motiva, Alpargatas, Copa Energia, Dexco, NTS.",https://ri.itausa.com.br/
1038,https://investirecocaresocomecar.com.br/itausa-paga-dividendos-mensais-guia-completo/,os JCP são tributados a 15% na fonte,"JCP: 17,5% na fonte desde 01/01/2026 (LC 224/2025).",DATADO,"17,5% desde 2026.",https://www.planalto.gov.br/ccivil_03/leis/lcp/lcp224.htm
1038,https://investirecocaresocomecar.com.br/itausa-paga-dividendos-mensais-guia-completo/,Dividendos da Itausa não pagam imposto de renda para quem é pessoa física. Isso quer dizer que você não paga nada,Desde jan/2026 há IRRF de 10% sobre dividendos acima de R$ 50 mil/mês da mesma empresa (Lei 15.270/2025).,DATADO,Acrescentar a regra de 2026.,https://www.planalto.gov.br/ccivil_03/_ato2023-2026/2025/lei/L15270.htm
1138,https://investirecocaresocomecar.com.br/descubra-quais-acoes-pagam-dividendos-hoje/,coloque os dividendos na ficha “Rendimentos Isentos e Não Tributáveis”,"Isenção total de dividendos deixou de valer em jan/2026 (Lei 15.270/2025): IRRF de 10% sobre o que passar de R$ 50 mil/mês da mesma empresa e IRPF mínimo para renda acima de R$ 600 mil/ano. Para a maioria dos pequenos investidores segue isento, mas a frase sem ressalva ficou errada.",DATADO,Acrescentar a ressalva da Lei 15.270/2025.,https://www.planalto.gov.br/ccivil_03/_ato2023-2026/2025/lei/L15270.htm
1148,https://investirecocaresocomecar.com.br/como-funciona-o-sistema-de-dividendos-entenda-aqui/,Juros sobre Capital Próprio (JCP) |  Tributados na fonte em 15%,"JCP: 17,5% desde 2026; dividendos acima de R$ 50 mil/mês têm 10% na fonte.",DATADO,Atualizar com LC 224/2025 e Lei 15.270/2025.,https://www.planalto.gov.br/ccivil_03/leis/lcp/lcp224.htm; https://www.planalto.gov.br/ccivil_03/_ato2023-2026/2025/lei/L15270.htm
1158,https://investirecocaresocomecar.com.br/as-10-acoes-que-mais-pagam-dividendos-no-brasil-em-2024/,CPLE6,[varredura] CPLE6 (COPEL) parou de negociar em 2025-11-07,DATADO,Atualizar o código (mudou ou deixou de negociar depois do post).,https://www.b3.com.br/pt_br/market-data-e-indices/servicos-de-dados/market-data/historico/mercado-a-vista/series-historicas/
1178,https://investirecocaresocomecar.com.br/qual-a-melhor-fii-para-investir-hoje-analise-2024/,IRDM11,[varredura] IRDM11 (FII IRIDIUM) parou de negociar em 2025-10-23,DATADO,Atualizar o código (mudou ou deixou de negociar depois do post).,https://www.b3.com.br/pt_br/market-data-e-indices/servicos-de-dados/market-data/historico/mercado-a-vista/series-historicas/
1188,https://investirecocaresocomecar.com.br/o-que-significa-a-sigla-fii/,Instrução CVM nº 472/2008,A ICVM 472 foi substituída pela Resolução CVM 175 (Anexo III) em 2023.,DATADO,Resolução CVM 175.,https://conteudo.cvm.gov.br/legislacao/resolucoes/resol175.html
2086,https://investirecocaresocomecar.com.br/short-squeeze-das-casas-bahia-o-que-aconteceu-e-quais-acoes-podem-ser-as-proximas/,PETZ3,[varredura] PETZ3 (PETZ) parou de negociar em 2026-01-02,DATADO,Atualizar o código (mudou ou deixou de negociar depois do post).,https://www.b3.com.br/pt_br/market-data-e-indices/servicos-de-dados/market-data/historico/mercado-a-vista/series-historicas/
2423,https://investirecocaresocomecar.com.br/o-melhor-fundo-imobiliario-para-iniciantes-como-investir-com-r10/,"Eles permitem investir em imóveis ou títulos imobiliários com valores acessíveis, como menos de R$10, e oferecem dividendos mensais isentos de imposto de renda.",[varredura] Dividendos deixaram de ser totalmente isentos: Lei 15.270/2025 (IRRF de 10% acima de R$ 50 mil/mês por empresa; IRPF mínimo acima de R$ 600 mil/ano),DATADO,Atualizar a regra.,https://www.planalto.gov.br/ccivil_03/_ato2023-2026/2025/lei/L15270.htm
2487,https://investirecocaresocomecar.com.br/copel-cple6-virou-a-nova-queridinha-dos-dividendos/,CPLE6,[varredura] CPLE6 (COPEL) parou de negociar em 2025-11-07,DATADO,Atualizar o código (mudou ou deixou de negociar depois do post).,https://www.b3.com.br/pt_br/market-data-e-indices/servicos-de-dados/market-data/historico/mercado-a-vista/series-historicas/
2819,https://investirecocaresocomecar.com.br/tributacao-de-dividendos-a-nova-regra-que-chacoalha-o-mercado-e-estrategias-de-renda-fixa/,O projeto de lei que expande a isenção do Imposto de Renda para até R$ 5 mil mensais foi aprovado na Câmara,"O projeto virou a Lei 15.270, sancionada em 26/11/2025 e em vigor desde jan/2026; o texto ainda fala em 'segue para o Senado' e 'deve começar'.",DATADO,Atualizar para lei em vigor.,https://www.planalto.gov.br/ccivil_03/_ato2023-2026/2025/lei/L15270.htm
2917,https://investirecocaresocomecar.com.br/como-receber-dividendos-todos-os-meses-guia-com-acoes-seguras-para-renda-passiva/,CPLE6,[varredura] CPLE6 (COPEL) parou de negociar em 2025-11-07,DATADO,Atualizar o código (mudou ou deixou de negociar depois do post).,https://www.b3.com.br/pt_br/market-data-e-indices/servicos-de-dados/market-data/historico/mercado-a-vista/series-historicas/
2917,https://investirecocaresocomecar.com.br/como-receber-dividendos-todos-os-meses-guia-com-acoes-seguras-para-renda-passiva/,ELET3,[varredura] ELET3 (ELETROBRAS) parou de negociar em 2025-11-07,DATADO,Atualizar o código (mudou ou deixou de negociar depois do post).,https://www.b3.com.br/pt_br/market-data-e-indices/servicos-de-dados/market-data/historico/mercado-a-vista/series-historicas/
2917,https://investirecocaresocomecar.com.br/como-receber-dividendos-todos-os-meses-guia-com-acoes-seguras-para-renda-passiva/,"Essa é a promessa da renda passiva através de dividendos – e com a Selic atual em 15%, essa estratégia se torna ainda mais interessante.","[varredura] Selic de 15% era a meta na data do post; hoje é 13,75% (SGS 432)",DATADO,"Tirar a Selic fixa do texto ou datar ('em DD/MM/AAAA, a meta era X%').",https://api.bcb.gov.br/dados/serie/bcdata.sgs.432/dados?formato=json
3435,https://investirecocaresocomecar.com.br/como-declarar-imposto-de-renda-2026-guia-completo-para-investidores-acoes-fiis-e-dividendos/,"Os dividendos distribuídos por empresas brasileiras são isentos de Imposto de Renda para a pessoa física, por força da lei","Certo para o ano-base 2025 do guia, mas o post foi revisado em set/2026 sem avisar que, a partir de 2026, há IRRF de 10% acima de R$ 50 mil/mês e JCP a 17,5%.",DATADO,Acrescentar nota sobre 2026 (Lei 15.270/2025 e LC 224/2025).,https://www.planalto.gov.br/ccivil_03/_ato2023-2026/2025/lei/L15270.htm; https://www.planalto.gov.br/ccivil_03/leis/lcp/lcp224.htm
3517,https://investirecocaresocomecar.com.br/dolar-abaixo-r5-carry-trade-brasil-2026/,"Com Selic em 14,75%, o Tesouro Selic está pagando em torno de 1,2% ao mês bruto.","[varredura] Selic de 14,75% era a meta na data do post; hoje é 13,75% (SGS 432)",DATADO,"Tirar a Selic fixa do texto ou datar ('em DD/MM/AAAA, a meta era X%').",https://api.bcb.gov.br/dados/serie/bcdata.sgs.432/dados?formato=json
4241,https://investirecocaresocomecar.com.br/ipo-compass-pass3-vale-a-pena-investir-2/,"Com Selic a 14,5% e R$ 2,5 bilhões captados no silêncio da B3, a pergunta certa não é “a Compass é boa?” mas “por que eles querem vender agora?”","[varredura] Selic de 14,5% era a meta na data do post; hoje é 13,75% (SGS 432)",DATADO,"Tirar a Selic fixa do texto ou datar ('em DD/MM/AAAA, a meta era X%').",https://api.bcb.gov.br/dados/serie/bcdata.sgs.432/dados?formato=json
4380,https://investirecocaresocomecar.com.br/westwing-west3-reducao-capital-5-40-por-acao-dividendo-ou-armadilha/,"Com a Selic em 14,50% ao ano e o IPCA em 4,14% nos últimos 12 meses, o ambiente para varejo premium brasileiro é pesado.","[varredura] Selic de 14,50% era a meta na data do post; hoje é 13,75% (SGS 432)",DATADO,"Tirar a Selic fixa do texto ou datar ('em DD/MM/AAAA, a meta era X%').",https://api.bcb.gov.br/dados/serie/bcdata.sgs.432/dados?formato=json
4391,https://investirecocaresocomecar.com.br/ambev-abev3-resultado-1t26-vale-a-pena-investir/,"Com Selic em 14,5% ao ano, esse cenário tem prazo de validade curto.","[varredura] Selic de 14,5% era a meta na data do post; hoje é 13,75% (SGS 432)",DATADO,"Tirar a Selic fixa do texto ou datar ('em DD/MM/AAAA, a meta era X%').",https://api.bcb.gov.br/dados/serie/bcdata.sgs.432/dados?formato=json
4813,https://investirecocaresocomecar.com.br/lci-lca-ainda-valem-a-pena-2026/,"Com Selic em 14,75%, a conta mudou — continue lendo para ver os números.","[varredura] Selic de 14,75% já estava desatualizada na publicação (meta 14,5%); hoje é 13,75% (SGS 432)",DATADO,"Tirar a Selic fixa do texto ou datar ('em DD/MM/AAAA, a meta era X%').",https://api.bcb.gov.br/dados/serie/bcdata.sgs.432/dados?formato=json
4814,https://investirecocaresocomecar.com.br/quanto-preciso-para-viver-de-renda-no-brasil/,Vantagem: dividendos de ações são isentos de IR.,"Isenção total de dividendos deixou de valer em jan/2026 (Lei 15.270/2025): IRRF de 10% sobre o que passar de R$ 50 mil/mês da mesma empresa e IRPF mínimo para renda acima de R$ 600 mil/ano. Para a maioria dos pequenos investidores segue isento, mas a frase sem ressalva ficou errada.",DATADO,Acrescentar a ressalva da Lei 15.270/2025.,https://www.planalto.gov.br/ccivil_03/_ato2023-2026/2025/lei/L15270.htm
4814,https://investirecocaresocomecar.com.br/quanto-preciso-para-viver-de-renda-no-brasil/,"Com Selic a 14,75%, a renda anual bruta de uma carteira de renda fixa conservadora é ~10–11% ao ano.","[varredura] Selic de 14,75% já estava desatualizada na publicação (meta 14,5%); hoje é 13,75% (SGS 432)",DATADO,"Tirar a Selic fixa do texto ou datar ('em DD/MM/AAAA, a meta era X%').",https://api.bcb.gov.br/dados/serie/bcdata.sgs.432/dados?formato=json
4873,https://investirecocaresocomecar.com.br/dividendos-o-que-sao-dividend-yield/,"Com a Selic em 14,75%, a renda fixa de curto prazo concorre diretamente com os dividendos.","[varredura] Selic de 14,75% já estava desatualizada na publicação (meta 14,5%); hoje é 13,75% (SGS 432)",DATADO,"Tirar a Selic fixa do texto ou datar ('em DD/MM/AAAA, a meta era X%').",https://api.bcb.gov.br/dados/serie/bcdata.sgs.432/dados?formato=json
4876,https://investirecocaresocomecar.com.br/como-montar-reserva-emergencia/,"Rentabilidades aproximadas com Selic a 14,75% a.a.","[varredura] Selic de 14,75% já estava desatualizada na publicação (meta 14,5%); hoje é 13,75% (SGS 432)",DATADO,"Tirar a Selic fixa do texto ou datar ('em DD/MM/AAAA, a meta era X%').",https://api.bcb.gov.br/dados/serie/bcdata.sgs.432/dados?formato=json
5041,https://investirecocaresocomecar.com.br/o-que-e-selic/,"Com a SELIC em 14,75% ao ano e o IPCA (inflação oficial) em torno de 5,5% ao ano, a taxa de juros real — ou seja, o que você efetivamente ganha acima da inflação — está em aproximadamente 8,8% ao ano.","[varredura] Selic de 14,75% já estava desatualizada na publicação (meta 14,5%); hoje é 13,75% (SGS 432)",DATADO,"Tirar a Selic fixa do texto ou datar ('em DD/MM/AAAA, a meta era X%').",https://api.bcb.gov.br/dados/serie/bcdata.sgs.432/dados?formato=json
5041,https://investirecocaresocomecar.com.br/o-que-e-selic/,"Com a SELIC em 14,75% e inflação em 5,5%, o juro real está em quase 9% ao ano.","[varredura] IPCA de 5,5% não bate com o IPCA 12 meses oficial perto da data do post (último divulgado: 4,14%, SGS 13522)",DATADO,Tirar o IPCA fixo ou citar o IPCA 12m com mês e fonte.,https://api.bcb.gov.br/dados/serie/bcdata.sgs.13522/dados?formato=json
5042,https://investirecocaresocomecar.com.br/o-que-e-cdb/,"Com a Selic em 14,75%, a poupança rende 0,5% ao mês (cerca de 6,17% ao ano).","[varredura] Selic de 14,75% já estava desatualizada na publicação (meta 14,5%); hoje é 13,75% (SGS 432)",DATADO,"Tirar a Selic fixa do texto ou datar ('em DD/MM/AAAA, a meta era X%').",https://api.bcb.gov.br/dados/serie/bcdata.sgs.432/dados?formato=json
5045,https://investirecocaresocomecar.com.br/o-que-e-ipca/,"Quando você ouve que “a inflação está em 5,5% ao ano”, é o IPCA acumulado nos últimos 12 meses sendo citado.","[varredura] IPCA de 5,5% não bate com o IPCA 12 meses oficial perto da data do post (último divulgado: 4,14%, SGS 13522)",DATADO,Tirar o IPCA fixo ou citar o IPCA 12m com mês e fonte.,https://api.bcb.gov.br/dados/serie/bcdata.sgs.13522/dados?formato=json
5046,https://investirecocaresocomecar.com.br/o-que-e-igpm/,"Com a Selic em 14,75% e o IPCA em torno de 5,5%, o IGP-M tem funcionado como termômetro da pressão externa sobre a economia brasileira.","[varredura] Selic de 14,75% já estava desatualizada na publicação (meta 14,5%); hoje é 13,75% (SGS 432)",DATADO,"Tirar a Selic fixa do texto ou datar ('em DD/MM/AAAA, a meta era X%').",https://api.bcb.gov.br/dados/serie/bcdata.sgs.432/dados?formato=json
5046,https://investirecocaresocomecar.com.br/o-que-e-igpm/,"Com a Selic em 14,75% e o IPCA em torno de 5,5%, o IGP-M tem funcionado como termômetro da pressão externa sobre a economia brasileira.","[varredura] IPCA de 5,5% não bate com o IPCA 12 meses oficial perto da data do post (último divulgado: 4,14%, SGS 13522)",DATADO,Tirar o IPCA fixo ou citar o IPCA 12m com mês e fonte.,https://api.bcb.gov.br/dados/serie/bcdata.sgs.13522/dados?formato=json
5047,https://investirecocaresocomecar.com.br/o-que-e-tesouro-direto/,"Com a Selic em 14,75% ao ano, o Tesouro Selic está rendendo aproximadamente 1,15% ao mês bruto.","[varredura] Selic de 14,75% já estava desatualizada na publicação (meta 14,5%); hoje é 13,75% (SGS 432)",DATADO,"Tirar a Selic fixa do texto ou datar ('em DD/MM/AAAA, a meta era X%').",https://api.bcb.gov.br/dados/serie/bcdata.sgs.432/dados?formato=json
5047,https://investirecocaresocomecar.com.br/o-que-e-tesouro-direto/,"No mesmo período, a inflação acumulada seria em torno de 11,3% (IPCA ~5,5% ao ano).","[varredura] IPCA de 5,5% não bate com o IPCA 12 meses oficial perto da data do post (último divulgado: 4,14%, SGS 13522)",DATADO,Tirar o IPCA fixo ou citar o IPCA 12m com mês e fonte.,https://api.bcb.gov.br/dados/serie/bcdata.sgs.13522/dados?formato=json
5048,https://investirecocaresocomecar.com.br/o-que-e-tesouro-selic/,"Com a Selic atual em 14,75% ao ano, o Tesouro Selic rende praticamente isso.","[varredura] Selic de 14,75% já estava desatualizada na publicação (meta 14,5%); hoje é 13,75% (SGS 432)",DATADO,"Tirar a Selic fixa do texto ou datar ('em DD/MM/AAAA, a meta era X%').",https://api.bcb.gov.br/dados/serie/bcdata.sgs.432/dados?formato=json
5048,https://investirecocaresocomecar.com.br/o-que-e-tesouro-selic/,"Considerando uma inflação de 5,5% no período, o poder de compra real cresceu cerca de 8,7%.","[varredura] IPCA de 5,5% não bate com o IPCA 12 meses oficial perto da data do post (último divulgado: 4,14%, SGS 13522)",DATADO,Tirar o IPCA fixo ou citar o IPCA 12m com mês e fonte.,https://api.bcb.gov.br/dados/serie/bcdata.sgs.13522/dados?formato=json
5049,https://investirecocaresocomecar.com.br/o-que-e-tesouro-ipca/,"Com IPCA de 5,5% e taxa real de 7%, o retorno bruto fica em torno de 13% ao ano.","[varredura] IPCA de 5,5% não bate com o IPCA 12 meses oficial perto da data do post (último divulgado: 4,14%, SGS 13522)",DATADO,Tirar o IPCA fixo ou citar o IPCA 12m com mês e fonte.,https://api.bcb.gov.br/dados/serie/bcdata.sgs.13522/dados?formato=json
5051,https://investirecocaresocomecar.com.br/o-que-e-dividend-yield/,Dividendos recebidos por pessoas físicas no Brasil são isentos de IR,"Isenção total de dividendos deixou de valer em jan/2026 (Lei 15.270/2025): IRRF de 10% sobre o que passar de R$ 50 mil/mês da mesma empresa e IRPF mínimo para renda acima de R$ 600 mil/ano. Para a maioria dos pequenos investidores segue isento, mas a frase sem ressalva ficou errada.",DATADO,Acrescentar a ressalva da Lei 15.270/2025.,https://www.planalto.gov.br/ccivil_03/_ato2023-2026/2025/lei/L15270.htm
5051,https://investirecocaresocomecar.com.br/o-que-e-dividend-yield/,"Com Selic em 14,75%, um DY precisa ser consistente e acima de 10% para competir com a renda fixa em retorno bruto.","[varredura] Selic de 14,75% já estava desatualizada na publicação (meta 14,5%); hoje é 13,75% (SGS 432)",DATADO,"Tirar a Selic fixa do texto ou datar ('em DD/MM/AAAA, a meta era X%').",https://api.bcb.gov.br/dados/serie/bcdata.sgs.432/dados?formato=json
5051,https://investirecocaresocomecar.com.br/o-que-e-dividend-yield/,"Em maio de 2026, a Selic está em 14,75% ao ano, o CDI em torno de 14,65% e o IPCA acumulado em 5,5%.","[varredura] IPCA de 5,5% não bate com o IPCA 12 meses oficial perto da data do post (último divulgado: 4,14%, SGS 13522)",DATADO,Tirar o IPCA fixo ou citar o IPCA 12m com mês e fonte.,https://api.bcb.gov.br/dados/serie/bcdata.sgs.13522/dados?formato=json
5052,https://investirecocaresocomecar.com.br/o-que-e-pl-acoes/,"Agora, com Selic a 14,75%, o investidor precisa se perguntar: a Empresa B vai entregar crescimento suficiente para compensar o risco em relação ao CDI?","[varredura] Selic de 14,75% já estava desatualizada na publicação (meta 14,5%); hoje é 13,75% (SGS 432)",DATADO,"Tirar a Selic fixa do texto ou datar ('em DD/MM/AAAA, a meta era X%').",https://api.bcb.gov.br/dados/serie/bcdata.sgs.432/dados?formato=json
5052,https://investirecocaresocomecar.com.br/o-que-e-pl-acoes/,"Com a inflação em 5,5% ao ano, o lucro real de uma empresa precisa crescer acima disso só para manter o poder de compra.","[varredura] IPCA de 5,5% não bate com o IPCA 12 meses oficial perto da data do post (último divulgado: 4,14%, SGS 13522)",DATADO,Tirar o IPCA fixo ou citar o IPCA 12m com mês e fonte.,https://api.bcb.gov.br/dados/serie/bcdata.sgs.13522/dados?formato=json
5053,https://investirecocaresocomecar.com.br/o-que-e-pvp-acoes/,"Em um cenário com Selic a 14,75%, um banco com ROE abaixo do custo de capital dificilmente justifica nem mesmo o P/VP de 1,0.","[varredura] Selic de 14,75% já estava desatualizada na publicação (meta 14,5%); hoje é 13,75% (SGS 432)",DATADO,"Tirar a Selic fixa do texto ou datar ('em DD/MM/AAAA, a meta era X%').",https://api.bcb.gov.br/dados/serie/bcdata.sgs.432/dados?formato=json
5054,https://investirecocaresocomecar.com.br/o-que-e-roe/,"Hoje, a Selic está em 14,75% ao ano e o CDI em torno de 14,65%.","[varredura] Selic de 14,75% já estava desatualizada na publicação (meta 14,5%); hoje é 13,75% (SGS 432)",DATADO,"Tirar a Selic fixa do texto ou datar ('em DD/MM/AAAA, a meta era X%').",https://api.bcb.gov.br/dados/serie/bcdata.sgs.432/dados?formato=json
5055,https://investirecocaresocomecar.com.br/o-que-e-ebitda/,"Com a Selic em 14,75% ao ano e o CDI em 14,65%, empresas endividadas pagam caro por isso — mas esse custo não reflete a qualidade da operação em si.","[varredura] Selic de 14,75% já estava desatualizada na publicação (meta 14,5%); hoje é 13,75% (SGS 432)",DATADO,"Tirar a Selic fixa do texto ou datar ('em DD/MM/AAAA, a meta era X%').",https://api.bcb.gov.br/dados/serie/bcdata.sgs.432/dados?formato=json
5056,https://investirecocaresocomecar.com.br/o-que-e-ibovespa/,"Hoje, a taxa Selic está em 14,75% ao ano, o que significa que a renda fixa oferece retorno alto com risco baixo.","[varredura] Selic de 14,75% já estava desatualizada na publicação (meta 14,5%); hoje é 13,75% (SGS 432)",DATADO,"Tirar a Selic fixa do texto ou datar ('em DD/MM/AAAA, a meta era X%').",https://api.bcb.gov.br/dados/serie/bcdata.sgs.432/dados?formato=json
5057,https://investirecocaresocomecar.com.br/o-que-e-acao-on-pn/,"Num cenário de juros altos como o atual, com a Selic em 14,75% e o CDI em 14,65%, empresas que pagam dividendos gordos ganham atenção extra dos investidores.","[varredura] Selic de 14,75% já estava desatualizada na publicação (meta 14,5%); hoje é 13,75% (SGS 432)",DATADO,"Tirar a Selic fixa do texto ou datar ('em DD/MM/AAAA, a meta era X%').",https://api.bcb.gov.br/dados/serie/bcdata.sgs.432/dados?formato=json
5057,https://investirecocaresocomecar.com.br/o-que-e-acao-on-pn/,"Com o IPCA em 5,5% ao ano, a inflação corrói dividendos que não crescem.","[varredura] IPCA de 5,5% não bate com o IPCA 12 meses oficial perto da data do post (último divulgado: 4,14%, SGS 13522)",DATADO,Tirar o IPCA fixo ou citar o IPCA 12m com mês e fonte.,https://api.bcb.gov.br/dados/serie/bcdata.sgs.13522/dados?formato=json
5058,https://investirecocaresocomecar.com.br/o-que-e-jcp/,O dividendo é isento de IR para a pessoa física e não dedutível para a empresa.,"Isenção total de dividendos deixou de valer em jan/2026 (Lei 15.270/2025): IRRF de 10% sobre o que passar de R$ 50 mil/mês da mesma empresa e IRPF mínimo para renda acima de R$ 600 mil/ano. Para a maioria dos pequenos investidores segue isento, mas a frase sem ressalva ficou errada.",DATADO,Acrescentar a ressalva da Lei 15.270/2025.,https://www.planalto.gov.br/ccivil_03/_ato2023-2026/2025/lei/L15270.htm
5058,https://investirecocaresocomecar.com.br/o-que-e-jcp/,"Um ponto de atenção: como a Selic está em 14,75% ao ano e o CDI em 14,65%, a TJLP de 7% parece baixa em comparação.","[varredura] Selic de 14,75% já estava desatualizada na publicação (meta 14,5%); hoje é 13,75% (SGS 432)",DATADO,"Tirar a Selic fixa do texto ou datar ('em DD/MM/AAAA, a meta era X%').",https://api.bcb.gov.br/dados/serie/bcdata.sgs.432/dados?formato=json
5059,https://investirecocaresocomecar.com.br/o-que-e-fii/,"Num cenário com Selic a 14,75% e IPCA a 5,5%, os FIIs de papel costumam pagar bem porque suas carteiras são compostas por CRIs indexados ao CDI ou ao IPCA.","[varredura] Selic de 14,75% já estava desatualizada na publicação (meta 14,5%); hoje é 13,75% (SGS 432)",DATADO,"Tirar a Selic fixa do texto ou datar ('em DD/MM/AAAA, a meta era X%').",https://api.bcb.gov.br/dados/serie/bcdata.sgs.432/dados?formato=json
5061,https://investirecocaresocomecar.com.br/o-que-e-reserva-emergencia/,"Não é o objetivo final, mas significa que o dinheiro da reserva supera com folga a inflação de 5,5% ao ano e ainda preserva o poder de compra.","[varredura] IPCA de 5,5% não bate com o IPCA 12 meses oficial perto da data do post (último divulgado: 4,14%, SGS 13522)",DATADO,Tirar o IPCA fixo ou citar o IPCA 12m com mês e fonte.,https://api.bcb.gov.br/dados/serie/bcdata.sgs.13522/dados?formato=json
5062,https://investirecocaresocomecar.com.br/o-que-e-liquidez/,"Com a Selic em 14,75% ao ano e o CDI em 14,65%, esses produtos rendem bem e ainda permitem sacar quando quiser — o que os torna referência para a reserva de emergência.","[varredura] Selic de 14,75% já estava desatualizada na publicação (meta 14,5%); hoje é 13,75% (SGS 432)",DATADO,"Tirar a Selic fixa do texto ou datar ('em DD/MM/AAAA, a meta era X%').",https://api.bcb.gov.br/dados/serie/bcdata.sgs.432/dados?formato=json
5063,https://investirecocaresocomecar.com.br/o-que-e-volatilidade/,"A taxa Selic está em 14,75% ao ano e o CDI em 14,65% ao ano .","[varredura] Selic de 14,75% já estava desatualizada na publicação (meta 14,5%); hoje é 13,75% (SGS 432)",DATADO,"Tirar a Selic fixa do texto ou datar ('em DD/MM/AAAA, a meta era X%').",https://api.bcb.gov.br/dados/serie/bcdata.sgs.432/dados?formato=json
5063,https://investirecocaresocomecar.com.br/o-que-e-volatilidade/,"Com o IPCA em torno de 5,5% ao ano , o investidor que fica apenas no Tesouro Selic preserva o poder de compra e ainda ganha acima da inflação — mas abre mão do potencial de ganho maior que ativos mais voláteis podem ofer","[varredura] IPCA de 5,5% não bate com o IPCA 12 meses oficial perto da data do post (último divulgado: 4,14%, SGS 13522)",DATADO,Tirar o IPCA fixo ou citar o IPCA 12m com mês e fonte.,https://api.bcb.gov.br/dados/serie/bcdata.sgs.13522/dados?formato=json
5064,https://investirecocaresocomecar.com.br/o-que-e-etf/,"Com a Selic em 14,75% ao ano e o CDI em 14,65%, os ETFs de renda fixa passaram a atrair mais atenção por oferecerem uma exposição diversificada a esse patamar de juros com custos reduzidos.","[varredura] Selic de 14,75% já estava desatualizada na publicação (meta 14,5%); hoje é 13,75% (SGS 432)",DATADO,"Tirar a Selic fixa do texto ou datar ('em DD/MM/AAAA, a meta era X%').",https://api.bcb.gov.br/dados/serie/bcdata.sgs.432/dados?formato=json
5065,https://investirecocaresocomecar.com.br/o-que-e-bdr/,"Com a Selic em 14,75% e o CDI em 14,65%, o custo de oportunidade no Brasil é alto.","[varredura] Selic de 14,75% já estava desatualizada na publicação (meta 14,5%); hoje é 13,75% (SGS 432)",DATADO,"Tirar a Selic fixa do texto ou datar ('em DD/MM/AAAA, a meta era X%').",https://api.bcb.gov.br/dados/serie/bcdata.sgs.432/dados?formato=json
5065,https://investirecocaresocomecar.com.br/o-que-e-bdr/,"Com o IPCA em 5,5% e a renda fixa pagando acima de 14% ao ano, BDR não é um substituto de carteira, mas um complemento para diversificação geográfica.","[varredura] IPCA de 5,5% não bate com o IPCA 12 meses oficial perto da data do post (último divulgado: 4,14%, SGS 13522)",DATADO,Tirar o IPCA fixo ou citar o IPCA 12m com mês e fonte.,https://api.bcb.gov.br/dados/serie/bcdata.sgs.13522/dados?formato=json
5067,https://investirecocaresocomecar.com.br/fii-papel-vs-tijolo/,"Em um cenário de Selic a 14,75%, os FIIs de papel geralmente pagam dividend yields mais altos, frequentemente entre 12% e 15% ao ano.","[varredura] Selic de 14,75% já estava desatualizada na publicação (meta 14,5%); hoje é 13,75% (SGS 432)",DATADO,"Tirar a Selic fixa do texto ou datar ('em DD/MM/AAAA, a meta era X%').",https://api.bcb.gov.br/dados/serie/bcdata.sgs.432/dados?formato=json
5068,https://investirecocaresocomecar.com.br/o-que-e-buy-and-hold/,"Com a Selic em 14,75% ao ano e o CDI em 14,65%, a renda fixa oferece retorno real relevante.","[varredura] Selic de 14,75% já estava desatualizada na publicação (meta 14,5%); hoje é 13,75% (SGS 432)",DATADO,"Tirar a Selic fixa do texto ou datar ('em DD/MM/AAAA, a meta era X%').",https://api.bcb.gov.br/dados/serie/bcdata.sgs.432/dados?formato=json
5068,https://investirecocaresocomecar.com.br/o-que-e-buy-and-hold/,"O IPCA em torno de 5,5% também importa: o retorno real da Selic hoje está em aproximadamente 8,8% ao ano, o que é historicamente alto.","[varredura] IPCA de 5,5% não bate com o IPCA 12 meses oficial perto da data do post (último divulgado: 4,14%, SGS 13522)",DATADO,Tirar o IPCA fixo ou citar o IPCA 12m com mês e fonte.,https://api.bcb.gov.br/dados/serie/bcdata.sgs.13522/dados?formato=json
5069,https://investirecocaresocomecar.com.br/o-que-e-value-investing/,"Com a Selic a 14,75% e o CDI a 14,65%, uma ação que paga 6% ao ano em dividendos precisa ter forte potencial de valorização para competir com a renda fixa — e é exatamente esse contexto que força o mercado a precificar m","[varredura] Selic de 14,75% já estava desatualizada na publicação (meta 14,5%); hoje é 13,75% (SGS 432)",DATADO,"Tirar a Selic fixa do texto ou datar ('em DD/MM/AAAA, a meta era X%').",https://api.bcb.gov.br/dados/serie/bcdata.sgs.432/dados?formato=json
5070,https://investirecocaresocomecar.com.br/o-que-e-market-cap/,"Com a Selic em 14,75% ao ano e o CDI em 14,65%, os investidores exigem mais retorno para assumir o risco de renda variável.","[varredura] Selic de 14,75% já estava desatualizada na publicação (meta 14,5%); hoje é 13,75% (SGS 432)",DATADO,"Tirar a Selic fixa do texto ou datar ('em DD/MM/AAAA, a meta era X%').",https://api.bcb.gov.br/dados/serie/bcdata.sgs.432/dados?formato=json
5070,https://investirecocaresocomecar.com.br/o-que-e-market-cap/,"O IPCA em torno de 5,5% ao ano também importa: a inflação corrói o valor dos lucros futuros, o que influencia as projeções que sustentam o preço das ações.","[varredura] IPCA de 5,5% não bate com o IPCA 12 meses oficial perto da data do post (último divulgado: 4,14%, SGS 13522)",DATADO,Tirar o IPCA fixo ou citar o IPCA 12m com mês e fonte.,https://api.bcb.gov.br/dados/serie/bcdata.sgs.13522/dados?formato=json
5071,https://investirecocaresocomecar.com.br/o-que-e-cri/,"Com a Selic em 14,75%, um CRI que paga CDI + 1,5% ao ano isento de IR é uma proposta interessante.","[varredura] Selic de 14,75% já estava desatualizada na publicação (meta 14,5%); hoje é 13,75% (SGS 432)",DATADO,"Tirar a Selic fixa do texto ou datar ('em DD/MM/AAAA, a meta era X%').",https://api.bcb.gov.br/dados/serie/bcdata.sgs.432/dados?formato=json
5071,https://investirecocaresocomecar.com.br/o-que-e-cri/,"Considerando IPCA em 5,5% ao ano, a rentabilidade nominal seria de 13% ao ano, sem desconto de imposto de renda.","[varredura] IPCA de 5,5% não bate com o IPCA 12 meses oficial perto da data do post (último divulgado: 4,14%, SGS 13522)",DATADO,Tirar o IPCA fixo ou citar o IPCA 12m com mês e fonte.,https://api.bcb.gov.br/dados/serie/bcdata.sgs.13522/dados?formato=json
5073,https://investirecocaresocomecar.com.br/o-que-e-debenture/,"Com o IPCA atual em 5,5%, o rendimento nominal seria de 12,5% ao ano.","[varredura] IPCA de 5,5% não bate com o IPCA 12 meses oficial perto da data do post (último divulgado: 4,14%, SGS 13522)",DATADO,Tirar o IPCA fixo ou citar o IPCA 12m com mês e fonte.,https://api.bcb.gov.br/dados/serie/bcdata.sgs.13522/dados?formato=json
5075,https://investirecocaresocomecar.com.br/o-que-e-ifix/,"Com a Selic em 14,75% ao ano e o CDI em 14,65%, o contexto atual é de juros altos.","[varredura] Selic de 14,75% já estava desatualizada na publicação (meta 14,5%); hoje é 13,75% (SGS 432)",DATADO,"Tirar a Selic fixa do texto ou datar ('em DD/MM/AAAA, a meta era X%').",https://api.bcb.gov.br/dados/serie/bcdata.sgs.432/dados?formato=json
5075,https://investirecocaresocomecar.com.br/o-que-e-ifix/,"O IPCA acumulado em torno de 5,5% ao ano também importa porque muitos contratos de aluguel dos FIIs de tijolo são corrigidos por esse índice.","[varredura] IPCA de 5,5% não bate com o IPCA 12 meses oficial perto da data do post (último divulgado: 4,14%, SGS 13522)",DATADO,Tirar o IPCA fixo ou citar o IPCA 12m com mês e fonte.,https://api.bcb.gov.br/dados/serie/bcdata.sgs.13522/dados?formato=json
5076,https://investirecocaresocomecar.com.br/o-que-e-small-cap/,"Comparativo com renda fixa: com a Selic em 14,75% ao ano e o CDI em 14,65%, a renda fixa oferece um retorno real e previsível.","[varredura] Selic de 14,75% já estava desatualizada na publicação (meta 14,5%); hoje é 13,75% (SGS 432)",DATADO,"Tirar a Selic fixa do texto ou datar ('em DD/MM/AAAA, a meta era X%').",https://api.bcb.gov.br/dados/serie/bcdata.sgs.432/dados?formato=json
5076,https://investirecocaresocomecar.com.br/o-que-e-small-cap/,"O IPCA em 5,5% indica que a inflação já corrói parte do ganho nominal, então o retorno real da renda fixa gira em torno de 8% a 9% ao ano.","[varredura] IPCA de 5,5% não bate com o IPCA 12 meses oficial perto da data do post (último divulgado: 4,14%, SGS 13522)",DATADO,Tirar o IPCA fixo ou citar o IPCA 12m com mês e fonte.,https://api.bcb.gov.br/dados/serie/bcdata.sgs.13522/dados?formato=json
5077,https://investirecocaresocomecar.com.br/o-que-e-blue-chip/,os dividendos são isentos de Imposto de Renda para pessoa física,"Isenção total de dividendos deixou de valer em jan/2026 (Lei 15.270/2025): IRRF de 10% sobre o que passar de R$ 50 mil/mês da mesma empresa e IRPF mínimo para renda acima de R$ 600 mil/ano. Para a maioria dos pequenos investidores segue isento, mas a frase sem ressalva ficou errada.",DATADO,Acrescentar a ressalva da Lei 15.270/2025.,https://www.planalto.gov.br/ccivil_03/_ato2023-2026/2025/lei/L15270.htm
5077,https://investirecocaresocomecar.com.br/o-que-e-blue-chip/,"Contexto macro: Com a Selic em 14,75% ao ano e o CDI em 14,65%, o investidor brasileiro enfrenta um desafio real ao escolher renda variável.","[varredura] Selic de 14,75% já estava desatualizada na publicação (meta 14,5%); hoje é 13,75% (SGS 432)",DATADO,"Tirar a Selic fixa do texto ou datar ('em DD/MM/AAAA, a meta era X%').",https://api.bcb.gov.br/dados/serie/bcdata.sgs.432/dados?formato=json
5077,https://investirecocaresocomecar.com.br/o-que-e-blue-chip/,"Com IPCA em 5,5%, o juro real ainda está elevado, o que exige paciência de quem investe em bolsa.","[varredura] IPCA de 5,5% não bate com o IPCA 12 meses oficial perto da data do post (último divulgado: 4,14%, SGS 13522)",DATADO,Tirar o IPCA fixo ou citar o IPCA 12m com mês e fonte.,https://api.bcb.gov.br/dados/serie/bcdata.sgs.13522/dados?formato=json
5078,https://investirecocaresocomecar.com.br/o-que-e-split-acoes/,"Para contextualizar: com a Selic a 14,75% ao ano e o CDI em 14,65%, muitos investidores conservadores ficam no Tesouro Direto ou em CDBs e só migram para renda variável quando enxergam conveniência.","[varredura] Selic de 14,75% já estava desatualizada na publicação (meta 14,5%); hoje é 13,75% (SGS 432)",DATADO,"Tirar a Selic fixa do texto ou datar ('em DD/MM/AAAA, a meta era X%').",https://api.bcb.gov.br/dados/serie/bcdata.sgs.432/dados?formato=json
5079,https://investirecocaresocomecar.com.br/o-que-e-free-float/,"No contexto atual, com a Selic em 14,75% ao ano e o CDI em 14,65%, a concorrência da renda fixa é direta.","[varredura] Selic de 14,75% já estava desatualizada na publicação (meta 14,5%); hoje é 13,75% (SGS 432)",DATADO,"Tirar a Selic fixa do texto ou datar ('em DD/MM/AAAA, a meta era X%').",https://api.bcb.gov.br/dados/serie/bcdata.sgs.432/dados?formato=json
5080,https://investirecocaresocomecar.com.br/o-que-e-day-trade/,"Com a Selic em 14,75% ao ano e o CDI em 14,65%, o custo de oportunidade do day trade é alto: o dinheiro parado em um CDB ou Tesouro Selic rende aproximadamente 1,15% ao mês sem risco.","[varredura] Selic de 14,75% já estava desatualizada na publicação (meta 14,5%); hoje é 13,75% (SGS 432)",DATADO,"Tirar a Selic fixa do texto ou datar ('em DD/MM/AAAA, a meta era X%').",https://api.bcb.gov.br/dados/serie/bcdata.sgs.432/dados?formato=json
5080,https://investirecocaresocomecar.com.br/o-que-e-day-trade/,"Com a Selic em 14,75%, há opções de renda fixa que oferecem retorno real positivo (acima do IPCA de 5,5%) com risco mínimo.","[varredura] IPCA de 5,5% não bate com o IPCA 12 meses oficial perto da data do post (último divulgado: 4,14%, SGS 13522)",DATADO,Tirar o IPCA fixo ou citar o IPCA 12m com mês e fonte.,https://api.bcb.gov.br/dados/serie/bcdata.sgs.13522/dados?formato=json
5082,https://investirecocaresocomecar.com.br/o-que-e-stop-loss/,"No contexto atual, com a Selic em 14,75% ao ano e o CDI em torno de 14,65%, a renda fixa oferece retorno consistente e previsível.","[varredura] Selic de 14,75% já estava desatualizada na publicação (meta 14,5%); hoje é 13,75% (SGS 432)",DATADO,"Tirar a Selic fixa do texto ou datar ('em DD/MM/AAAA, a meta era X%').",https://api.bcb.gov.br/dados/serie/bcdata.sgs.432/dados?formato=json
5093,https://investirecocaresocomecar.com.br/o-que-e-proventos/,Dividendos de ações: isentos de IR para pessoa física (Brasil é um dos poucos países com essa isenção),"Isenção total de dividendos deixou de valer em jan/2026 (Lei 15.270/2025): IRRF de 10% sobre o que passar de R$ 50 mil/mês da mesma empresa e IRPF mínimo para renda acima de R$ 600 mil/ano. Para a maioria dos pequenos investidores segue isento, mas a frase sem ressalva ficou errada.",DATADO,Acrescentar a ressalva da Lei 15.270/2025.,https://www.planalto.gov.br/ccivil_03/_ato2023-2026/2025/lei/L15270.htm
5093,https://investirecocaresocomecar.com.br/o-que-e-proventos/,"Em FIIs, o DY mensal entre 0,7% e 1,0% ao mês (8,7% a 12,7% ao ano) é considerado razoável no ambiente atual de Selic em 14,75%.","[varredura] Selic de 14,75% já estava desatualizada na publicação (meta 14,5%); hoje é 13,75% (SGS 432)",DATADO,"Tirar a Selic fixa do texto ou datar ('em DD/MM/AAAA, a meta era X%').",https://api.bcb.gov.br/dados/serie/bcdata.sgs.432/dados?formato=json
5116,https://investirecocaresocomecar.com.br/o-que-e-taxa-de-cambio/,"Diferencial de juros (carry trade): com a SELIC em 14,75% e os juros americanos em 5,25%, investidores tomam emprestado em dólares (barato) e investem em reais (caro).","[varredura] Selic de 14,75% já estava desatualizada na publicação (meta 14,5%); hoje é 13,75% (SGS 432)",DATADO,"Tirar a Selic fixa do texto ou datar ('em DD/MM/AAAA, a meta era X%').",https://api.bcb.gov.br/dados/serie/bcdata.sgs.432/dados?formato=json
5494,https://investirecocaresocomecar.com.br/aura-minerals-aura33-vale-a-pena-investir-turnaround/,"O Ibovespa está em 187.691 pontos e a Selic em 14,50%.","[varredura] Selic de 14,50% era a meta na data do post; hoje é 13,75% (SGS 432)",DATADO,"Tirar a Selic fixa do texto ou datar ('em DD/MM/AAAA, a meta era X%').",https://api.bcb.gov.br/dados/serie/bcdata.sgs.432/dados?formato=json
7087,https://investirecocaresocomecar.com.br/imovel-bom-investimento-o-que-ninguem-te-conta/,"R$ 100 mil aplicados em LCI a 95% do CDI, com Selic a 14,75%, geram aproximadamente R$ 14 mil por ano — isentos de imposto de renda.","[varredura] Selic de 14,75% já estava desatualizada na publicação (meta 14,5%); hoje é 13,75% (SGS 432)",DATADO,"Tirar a Selic fixa do texto ou datar ('em DD/MM/AAAA, a meta era X%').",https://api.bcb.gov.br/dados/serie/bcdata.sgs.432/dados?formato=json
7091,https://investirecocaresocomecar.com.br/etfs-internacionais-b3-protecao-cambial-2026/,"No final você vai entender por que um gestor de previdência compra ouro com Selic a 14,75% — e se faz sentido para você fazer o mesmo.","[varredura] Selic de 14,75% já estava desatualizada na publicação (meta 14,5%); hoje é 13,75% (SGS 432)",DATADO,"Tirar a Selic fixa do texto ou datar ('em DD/MM/AAAA, a meta era X%').",https://api.bcb.gov.br/dados/serie/bcdata.sgs.432/dados?formato=json
7376,https://investirecocaresocomecar.com.br/vivt3-dividendos-conta-celular-gratis-para-sempre/,Dividendos de ações são isentos de IR para pessoa física no Brasil.,"Isenção total de dividendos deixou de valer em jan/2026 (Lei 15.270/2025): IRRF de 10% sobre o que passar de R$ 50 mil/mês da mesma empresa e IRPF mínimo para renda acima de R$ 600 mil/ano. Para a maioria dos pequenos investidores segue isento, mas a frase sem ressalva ficou errada.",DATADO,Acrescentar a ressalva da Lei 15.270/2025.,https://www.planalto.gov.br/ccivil_03/_ato2023-2026/2025/lei/L15270.htm
7380,https://investirecocaresocomecar.com.br/bbas3-roe-abaixo-selic-banco-do-brasil-dividendos-2026/,"A Selic está em 14,5% ao ano .","[varredura] Selic de 14,5% era a meta na data do post; hoje é 13,75% (SGS 432)",DATADO,"Tirar a Selic fixa do texto ou datar ('em DD/MM/AAAA, a meta era X%').",https://api.bcb.gov.br/dados/serie/bcdata.sgs.432/dados?formato=json
7530,https://investirecocaresocomecar.com.br/inss-aposentadoria-abismo-708x/,Dividendos no Brasil são isentos de IR para pessoa física.,"Isenção total de dividendos deixou de valer em jan/2026 (Lei 15.270/2025): IRRF de 10% sobre o que passar de R$ 50 mil/mês da mesma empresa e IRPF mínimo para renda acima de R$ 600 mil/ano. Para a maioria dos pequenos investidores segue isento, mas a frase sem ressalva ficou errada.",DATADO,Acrescentar a ressalva da Lei 15.270/2025.,https://www.planalto.gov.br/ccivil_03/_ato2023-2026/2025/lei/L15270.htm
8907,https://investirecocaresocomecar.com.br/tesouro-reserva-vale-a-pena-vs-nubank-cdb/,"Com Selic a 14,75% e R$10 mil aplicados por 12 meses, o rendimento líquido de IR e IOF fica assim:","[varredura] Selic de 14,75% já estava desatualizada na publicação (meta 14,5%); hoje é 13,75% (SGS 432)",DATADO,"Tirar a Selic fixa do texto ou datar ('em DD/MM/AAAA, a meta era X%').",https://api.bcb.gov.br/dados/serie/bcdata.sgs.432/dados?formato=json
9588,https://investirecocaresocomecar.com.br/banco-do-brasil-ou-itau-melhor-acao-dividendos-2026/,"Mesmo país, mesma Selic a 14,25%, mesma economia.","[varredura] Selic de 14,25% era a meta na data do post; hoje é 13,75% (SGS 432)",DATADO,"Tirar a Selic fixa do texto ou datar ('em DD/MM/AAAA, a meta era X%').",https://api.bcb.gov.br/dados/serie/bcdata.sgs.432/dados?formato=json
9591,https://investirecocaresocomecar.com.br/fii-de-papel-vale-a-pena-selic-14-25-bate-cdi-isento/,"FII de papel ainda vale a pena com a Selic a 14,25%?","[varredura] Selic de 14,25% era a meta na data do post; hoje é 13,75% (SGS 432)",DATADO,"Tirar a Selic fixa do texto ou datar ('em DD/MM/AAAA, a meta era X%').",https://api.bcb.gov.br/dados/serie/bcdata.sgs.432/dados?formato=json
9873,https://investirecocaresocomecar.com.br/r300mil-ape-alugar-ou-fii-qual-rende-mais/,"Para comparar com a renda fixa: o CDB pós-fixado hoje paga em torno de 100% do CDI (que segue a Selic de 14,25% ao ano).","[varredura] Selic de 14,25% era a meta na data do post; hoje é 13,75% (SGS 432)",DATADO,"Tirar a Selic fixa do texto ou datar ('em DD/MM/AAAA, a meta era X%').",https://api.bcb.gov.br/dados/serie/bcdata.sgs.432/dados?formato=json
9946,https://investirecocaresocomecar.com.br/dividendos-caem-2026-ainda-vale-renda-passiva/,"A Selic em 14,25% cria um piso de referência, mas não elimina o prêmio de longo prazo das ações com bons dividendos","[varredura] Selic de 14,25% era a meta na data do post; hoje é 13,75% (SGS 432)",DATADO,"Tirar a Selic fixa do texto ou datar ('em DD/MM/AAAA, a meta era X%').",https://api.bcb.gov.br/dados/serie/bcdata.sgs.432/dados?formato=json
10020,https://investirecocaresocomecar.com.br/brasil-9215-novos-milionarios-2025-riqueza-media-caiu-gini/,"A Selic em 14,25% ao ano (BCB, junho/2026) é o piso.","[varredura] Selic de 14,25% era a meta na data do post; hoje é 13,75% (SGS 432)",DATADO,"Tirar a Selic fixa do texto ou datar ('em DD/MM/AAAA, a meta era X%').",https://api.bcb.gov.br/dados/serie/bcdata.sgs.432/dados?formato=json
10022,https://investirecocaresocomecar.com.br/por-que-brasileiros-renda-alta-endividados-debito-automatico/,"R$118 por mês, todo mês, investidos à Selic de 14,25% ao ano.","[varredura] Selic de 14,25% era a meta na data do post; hoje é 13,75% (SGS 432)",DATADO,"Tirar a Selic fixa do texto ou datar ('em DD/MM/AAAA, a meta era X%').",https://api.bcb.gov.br/dados/serie/bcdata.sgs.432/dados?formato=json
10413,https://investirecocaresocomecar.com.br/gastos-uniao-quase-recorde-pandemia-2026/,"Selic em 14,25% ao ano (jun/2026) não cai enquanto a conta fiscal não fechar.","[varredura] Selic de 14,25% era a meta na data do post; hoje é 13,75% (SGS 432)",DATADO,"Tirar a Selic fixa do texto ou datar ('em DD/MM/AAAA, a meta era X%').",https://api.bcb.gov.br/dados/serie/bcdata.sgs.432/dados?formato=json
10420,https://investirecocaresocomecar.com.br/fiis-pior-primeiro-semestre-2022-ifix-cacr11-tgar11/,"A Selic está em 14,25% ao ano .","[varredura] Selic de 14,25% era a meta na data do post; hoje é 13,75% (SGS 432)",DATADO,"Tirar a Selic fixa do texto ou datar ('em DD/MM/AAAA, a meta era X%').",https://api.bcb.gov.br/dados/serie/bcdata.sgs.432/dados?formato=json
10709,https://investirecocaresocomecar.com.br/carteira-recomendada-julho-2026-itau-corretoras/,"Selic em 14,25% a.a., BCB (série 432), julho/2026.","[varredura] Selic de 14,25% era a meta na data do post; hoje é 13,75% (SGS 432)",DATADO,"Tirar a Selic fixa do texto ou datar ('em DD/MM/AAAA, a meta era X%').",https://api.bcb.gov.br/dados/serie/bcdata.sgs.432/dados?formato=json
11192,https://investirecocaresocomecar.com.br/copel-cple3-dividendo-cortado-vale-a-pena-investir/,"R$10 mil no Tesouro Selic, com a Selic em 14,25% ao ano segundo o Banco Central, rendem R$1.425 no mesmo período.","[varredura] Selic de 14,25% era a meta na data do post; hoje é 13,75% (SGS 432)",DATADO,"Tirar a Selic fixa do texto ou datar ('em DD/MM/AAAA, a meta era X%').",https://api.bcb.gov.br/dados/serie/bcdata.sgs.432/dados?formato=json
11497,https://investirecocaresocomecar.com.br/petr4-65-por-cento-lucro-estatais-vale-a-pena-investir/,"Os mesmos R$ 100 mil aplicados em um CDB pagando 100% do CDI, com a Selic em 14,25% ao ano, geram R$ 14,25 mil por ano.","[varredura] Selic de 14,25% era a meta na data do post; hoje é 13,75% (SGS 432)",DATADO,"Tirar a Selic fixa do texto ou datar ('em DD/MM/AAAA, a meta era X%').",https://api.bcb.gov.br/dados/serie/bcdata.sgs.432/dados?formato=json
11640,https://investirecocaresocomecar.com.br/weg-wege3-lucro-cai-acao-sobe-vale-a-pena-investir/,"No acumulado do ano até o balanço do 2T26, WEGE3 caiu 5,3% enquanto o Tesouro Selic rendeu 7,1%, com a Selic em 14,25% ao ano.","[varredura] Selic de 14,25% era a meta na data do post; hoje é 13,75% (SGS 432)",DATADO,"Tirar a Selic fixa do texto ou datar ('em DD/MM/AAAA, a meta era X%').",https://api.bcb.gov.br/dados/serie/bcdata.sgs.432/dados?formato=json
11719,https://investirecocaresocomecar.com.br/ambev-abev3-volta-carteira-btg-13-anos/,Dividendos de ações pagos a pessoa física são isentos de IR pela legislação em vigor.,"Isenção total de dividendos deixou de valer em jan/2026 (Lei 15.270/2025): IRRF de 10% sobre o que passar de R$ 50 mil/mês da mesma empresa e IRPF mínimo para renda acima de R$ 600 mil/ano. Para a maioria dos pequenos investidores segue isento, mas a frase sem ressalva ficou errada.",DATADO,Acrescentar a ressalva da Lei 15.270/2025.,https://www.planalto.gov.br/ccivil_03/_ato2023-2026/2025/lei/L15270.htm
11719,https://investirecocaresocomecar.com.br/ambev-abev3-volta-carteira-btg-13-anos/,"O mesmo valor aplicado num CDB pagando 100% do CDI, com a Selic hoje em 14,25% ao ano, rende entre R$ 809 e R$ 826 líquidos por mês, já descontado o Imposto de Renda regressivo.","[varredura] Selic de 14,25% era a meta na data do post; hoje é 13,75% (SGS 432)",DATADO,"Tirar a Selic fixa do texto ou datar ('em DD/MM/AAAA, a meta era X%').",https://api.bcb.gov.br/dados/serie/bcdata.sgs.432/dados?formato=json
11731,https://investirecocaresocomecar.com.br/trxf11-faria-lima-dos-galpoes-vale-o-hype/,"Com a Selic em 14,25% ao ano, R$100 mil aplicados num CDB pagando 100% do CDI rendem cerca de R$11,4 mil líquidos por ano, já descontado o Imposto de Renda.","[varredura] Selic de 14,25% era a meta na data do post; hoje é 13,75% (SGS 432)",DATADO,"Tirar a Selic fixa do texto ou datar ('em DD/MM/AAAA, a meta era X%').",https://api.bcb.gov.br/dados/serie/bcdata.sgs.432/dados?formato=json
11935,https://investirecocaresocomecar.com.br/cxse3-bbse3-rebaixamento-jpmorgan-vale-a-pena/,"Se você tem uma dessas ações na carteira — ou estava de olho nelas por causa da Selic a 14,25% — a pergunta não é “devo vender amanhã de manhã”.","[varredura] Selic de 14,25% era a meta na data do post; hoje é 13,75% (SGS 432)",DATADO,"Tirar a Selic fixa do texto ou datar ('em DD/MM/AAAA, a meta era X%').",https://api.bcb.gov.br/dados/serie/bcdata.sgs.432/dados?formato=json
12455,https://investirecocaresocomecar.com.br/divida-brasil-106-trilhoes-tesouro-selic-vale-a-pena/,"Dois motores empurram esse número: a Selic em 14,25% ao ano encarece o custo de rolar o estoque de dívida existente, e o déficit primário segue somando ao montante total, mês após mês.","[varredura] Selic de 14,25% era a meta na data do post; hoje é 13,75% (SGS 432)",DATADO,"Tirar a Selic fixa do texto ou datar ('em DD/MM/AAAA, a meta era X%').",https://api.bcb.gov.br/dados/serie/bcdata.sgs.432/dados?formato=json
18946,https://investirecocaresocomecar.com.br/bbas3-resultado-2t-cartao-de-credito-inadimplencia/,"Mesmo Brasil, mesma Selic a 14%, as mesmas famílias endividadas.","[varredura] Selic de 14% era a meta na data do post; hoje é 13,75% (SGS 432)",DATADO,"Tirar a Selic fixa do texto ou datar ('em DD/MM/AAAA, a meta era X%').",https://api.bcb.gov.br/dados/serie/bcdata.sgs.432/dados?formato=json
983,https://investirecocaresocomecar.com.br/qual-o-preco-justo-da-itsa4-analise-completa-hoje/,Os principais concorrentes da Itaúsa no Brasil são: Banco Bradesco Banco do Brasil Banco Santander,"Holding comparada com bancos como 'concorrentes'; P/L 12,5x e P/VP 1,2x sem fonte nem data.",DÚVIDA,Comparar com outras holdings ou tirar.,sem fonte
1003,https://investirecocaresocomecar.com.br/quanto-rende-uma-cota-de-itsa4-descubra-agora/,"Dívida Líquida/EBITDA |  1,2x",Indicador sem sentido para holding e sem fonte (tabela com 'média do setor' inventada).,DÚVIDA,Apagar.,sem fonte
1008,https://investirecocaresocomecar.com.br/itausa-dividendos-guia-completo-para-investidores/,"Petrobras |  6,8% |  Pagamentos mais irregulares",Tabela comparativa sem data nem fonte (yield e valorização redondos).,DÚVIDA,Apagar ou refazer com fonte.,sem fonte
1013,https://investirecocaresocomecar.com.br/itausa-acoes-guia-completo-para-investir-na-bolsa/,"As corretoras principais para comprar ações Itausa na B3 são Itaú Corretora, XP Investimentos e Clear Corretora",Cita corretoras pelo nome (regra do canal) e afirma 'principais' sem fonte.,DÚVIDA,Tirar os nomes.,regra editorial
1013,https://investirecocaresocomecar.com.br/itausa-acoes-guia-completo-para-investir-na-bolsa/,Valor de mercado |  R$ 80 bilhões,"Valor de mercado não bate: com ~10,3 bi a 10,9 bi de ações (RI) e ITSA4 a R$ 10,42 em 14/11/2024, passava de R$ 100 bi.",DÚVIDA,Apagar ou atualizar com data.,https://www.b3.com.br/pt_br/market-data-e-indices/servicos-de-dados/market-data/historico/mercado-a-vista/series-historicas/
1033,https://investirecocaresocomecar.com.br/itsa4-ou-itub4-qual-a-melhor-acao-para-investir/,"ROE | 19,5% | 18,2%","Tabela de ROE, margem e DY sem fonte nem data, com dois DY diferentes para a ITSA4 no mesmo post (5,2% e 4,5%).",DÚVIDA,Apagar ou refazer com dados da CVM e data.,https://dados.cvm.gov.br/dataset/cia_aberta-doc-dfp
1043,https://investirecocaresocomecar.com.br/itausa-bonificacao-entenda-como-funciona-o-processo/,"Rentabilidade média anual |  12,5% |  15,8% |  Dividendos pagos por ação |  R$ 0,85",Indicadores sem fonte nem período definido.,DÚVIDA,Apagar.,sem fonte
1088,https://investirecocaresocomecar.com.br/quanto-rende-o-etf-por-mes-descubra-agora/,"iShares S&P 500 – Replicação do índice S&P 500, com retorno médio anual de 18,5%","Retornos médios sem período nem fonte; 'Bradesco Small Caps', 'Itaú Dividend' e 'Vanguard Real Estate' não são ETFs listados na B3 com esses nomes.",DÚVIDA,Apagar a lista.,sem fonte
1103,https://investirecocaresocomecar.com.br/quanto-a-renda-fixa-paga-entenda-os-rendimentos/,A média anual é de 12% a 15% nos últimos 10 anos,Média de renda fixa sem fonte; o CDI médio de 2015-2024 ficou bem abaixo de 12% a.a. (houve anos com Selic de 2%).,DÚVIDA,Citar o CDI acumulado pela série do BCB.,https://api.bcb.gov.br/dados/serie/bcdata.sgs.4389/dados?formato=json
1108,https://investirecocaresocomecar.com.br/qual-o-melhor-banco-para-investir-em-renda-fixa/,"Itaú |  R$ 35,00 |  Sim |  Bradesco |  R$ 40,00",Taxas de corretagem atribuídas a bancos sem fonte nem data (e cita instituições pelo nome).,DÚVIDA,Apagar a tabela.,sem fonte
1138,https://investirecocaresocomecar.com.br/descubra-quais-acoes-pagam-dividendos-hoje/,"Petrobras (PETR4) – Dividend Yield de 15,2%","DY sem data nem fonte; o post 1158, publicado no mesmo dia, dá 7,2% para a mesma ação.",DÚVIDA,Apagar ou datar com fonte.,sem fonte
1153,https://investirecocaresocomecar.com.br/qual-a-melhor-acao-da-bolsa-hoje-analise-completa/,Itaú Unibanco |  Bancário |  Compra |  12% |  Magazine Luiza |  Varejo |  Compra,Recomendação de compra atribuída a 'analistas' sem fonte nem data.,DÚVIDA,Tirar a coluna de recomendação.,sem fonte
1158,https://investirecocaresocomecar.com.br/as-10-acoes-que-mais-pagam-dividendos-no-brasil-em-2024/,"Itaú Unibanco |  Distribuir no mínimo 50% do lucro líquido ajustado |  12,4 bilhões",Política e valores de dividendos dos bancos sem fonte (o mínimo estatutário do Itaú é 25%).,DÚVIDA,Conferir no RI de cada banco ou apagar.,https://www.itau.com.br/relacoes-com-investidores/
1488,https://investirecocaresocomecar.com.br/coin11-o-novo-etf-de-bitcoin-que-paga-dividendos-mensais/,"Desde o seu lançamento nos EUA, o ETF equivalente ao COIN11 já pagou uma média de 2% a 2,3% ao mês em dividendos","Rendimento mensal de 2% a 2,3% e 'investe diretamente em Bitcoin' sem fonte; regulamento do COIN11 não conferido.",DÚVIDA,Conferir no regulamento/site da gestora.,"https://www.b3.com.br/pt_br/market-data-e-indices/servicos-de-dados/market-data/historico/mercado-a-vista/series-historicas/ (COIN11 = ETF BV COIN, negocia desde 13/12/2024)"
1782,https://investirecocaresocomecar.com.br/itausa-itsa4-anuncia-aumento-de-capital-itsa2-e-distribuicao-de-dividendos-o-que-isso-significa-para-os-investidores/,"serão emitidas 149 milhões de ações ao preço de R$ 6,70 cada","Preço de subscrição aparece como R$ 6,70 e R$ 6,79 no mesmo post; total de proventos 'R$ 8,11 bi' não fecha com as parcelas citadas (R$ 4,4 bi + R$ 1,1 bi).",DÚVIDA,Conferir no fato relevante da Itaúsa.,https://ri.itausa.com.br/
2443,https://investirecocaresocomecar.com.br/etfs-de-opcoes-estao-pagando-muito-dividendos-133/,negociados em bolsa como se fossem ações comuns.1,"Texto colado de ferramenta de IA com os números das notas de rodapé soltos no meio das frases ('.1', '.3', '.12') e sem as fontes.",DÚVIDA,Revisar o texto e pôr as fontes.,padrão de texto de IA
2795,https://investirecocaresocomecar.com.br/kncr11-subscricao-vale-a-pena/,"Valor de Fechamento (01/10/2025): R$ 104,80 por cota.","[leve] O COTAHIST registra fechamento de R$ 103,62 em 01/10/2025.",DÚVIDA,"R$ 103,62.",https://www.b3.com.br/pt_br/market-data-e-indices/servicos-de-dados/market-data/historico/mercado-a-vista/series-historicas/
4536,https://investirecocaresocomecar.com.br/itub3-ou-itub4-qual-comprar/,A ITUB4 negocia em torno de R$ 600 milhões por dia. A ITUB3 gira R$ 40-50 milhões,"No COTAHIST, a média de fev a mai/2026 foi R$ 1,36 bi (ITUB4) e R$ 71 mi (ITUB3): ~19 vezes, não 12.",DÚVIDA,Atualizar com data.,https://www.b3.com.br/pt_br/market-data-e-indices/servicos-de-dados/market-data/historico/mercado-a-vista/series-historicas/
4536,https://investirecocaresocomecar.com.br/itub3-ou-itub4-qual-comprar/,"Em 2025, o banco tem valor de mercado próximo de R$ 300 bilhões","Com 11,03 bi de ações e ITUB4 a R$ 39,23 (30/12/2025), o valor de mercado passava de R$ 400 bi; hoje ~R$ 509 bi.",DÚVIDA,Atualizar com data.,https://www.b3.com.br/pt_br/market-data-e-indices/servicos-de-dados/market-data/historico/mercado-a-vista/series-historicas/; https://dados.cvm.gov.br/dataset/cia_aberta-doc-dfp (composição do capital)
4538,https://investirecocaresocomecar.com.br/jepq39-o-etf-do-nasdaq-que-paga-dividendos-mensais/,Aparece no cadastro da B3 a partir de maio de 2026.,"O JEPI39 negocia desde 23/02/2026 (COTAHIST); o post 3172, de 26/02/2026, já falava dele.",DÚVIDA,Fevereiro de 2026.,https://www.b3.com.br/pt_br/market-data-e-indices/servicos-de-dados/market-data/historico/mercado-a-vista/series-historicas/
4544,https://investirecocaresocomecar.com.br/dolar-abaixo-de-r5-etfs-renda-dolar-b3/,Qualquer corretora com acesso à bolsa brasileira permite a compra,"O JEPI39 foi lançado em 23/02/2026 e, segundo as notícias do lançamento, é destinado a investidores qualificados; não confirmado na fonte primária (prospecto bloqueado pela rede).",DÚVIDA,Conferir o público-alvo no prospecto/B3 antes de afirmar.,https://www.b3.com.br/pt_br/produtos-e-servicos/negociacao/renda-variavel/brazilian-depositary-receipts-bdrs-de-etf.htm
4567,https://investirecocaresocomecar.com.br/calculadora-cdi/,"(Selic 13,25% − 0,10%)","[varredura] Selic de 13,25% não bate com a meta na data do post (14,5%) nem nos 75 dias anteriores (SGS 432)",DÚVIDA,Conferir a Selic da data na série 432 do BCB.,https://api.bcb.gov.br/dados/serie/bcdata.sgs.432/dados?formato=json
4569,https://investirecocaresocomecar.com.br/cdb-tesouro-direto-ou-poupanca-qual-rende-mais/,"Com a Selic em 13,25% ao ano, manter dinheiro na poupança é quase um erro matemático.","[varredura] Selic de 13,25% não bate com a meta na data do post (14,5%) nem nos 75 dias anteriores (SGS 432)",DÚVIDA,Conferir a Selic da data na série 432 do BCB.,https://api.bcb.gov.br/dados/serie/bcdata.sgs.432/dados?formato=json
4571,https://investirecocaresocomecar.com.br/tesouro-selic-vale-a-pena/,"Com a Selic em 13,25%, o Tesouro Selic rende aproximadamente 13,05% ao ano (após taxa de custódia de 0,20%).","[varredura] Selic de 13,25% não bate com a meta na data do post (14,5%) nem nos 75 dias anteriores (SGS 432)",DÚVIDA,Conferir a Selic da data na série 432 do BCB.,https://api.bcb.gov.br/dados/serie/bcdata.sgs.432/dados?formato=json
4845,https://investirecocaresocomecar.com.br/itub3-ou-itub4-qual-e-melhor/,O controle do Itaú Unibanco está na mão da Itaúsa (família Setúbal/Egydio),"Incompleto: o controle é compartilhado com a família Moreira Salles via IUPAR. Além disso, 4845 e 4536 são o mesmo assunto publicado com 1 dia de diferença.",DÚVIDA,Corrigir e juntar os dois.,https://ri.itausa.com.br/
4848,https://investirecocaresocomecar.com.br/diferenca-acoes-on-pn-petr3-petr4-itub3-itub4/,ITUB3 (ON) |  |  3.1% |  ITUB4 (PN) |  |  3.3%,"DY de 2025 do Itaú muito abaixo do que o próprio site publica (post 1053: 12,1% na ITUB4 em 2025; página ITUB4 do site-ativos: DY de caixa de 6,3% em 12 meses).",DÚVIDA,"Usar uma só fonte, com data.",site-ativos/cache/fichas/ITUB4.json (CVM DFC + COTAHIST)
4848,https://investirecocaresocomecar.com.br/diferenca-acoes-on-pn-petr3-petr4-itub3-itub4/,Controlador | Governo Federal (~36%),"A União tem a maioria das ON (50,26%), que é o que dá o controle; ~36% é a fatia no capital total somando BNDES/BNDESPar. O número sem explicação engana.",DÚVIDA,Dizer 'União: maioria das ações ON'.,https://www.investidorpetrobras.com.br/visao-geral/composicao-acionaria/
4874,https://investirecocaresocomecar.com.br/fundos-imobiliarios-o-que-sao-fiis/,"Com a Selic em 13,75% ao ano, isso significa que um CDB de 100% do CDI (tributado) entrega líquido cerca de 10,5% ao ano para quem fica mais de 24 meses.","[varredura] Selic de 13,75% não bate com a meta na data do post (14,5%) nem nos 75 dias anteriores (SGS 432)",DÚVIDA,Conferir a Selic da data na série 432 do BCB.,https://api.bcb.gov.br/dados/serie/bcdata.sgs.432/dados?formato=json
4875,https://investirecocaresocomecar.com.br/lci-lca-investimento-isento-ir/,"Plataformas (XP, BTG) |  |  94% CDI",Cita instituições pelo nome (regra do canal) e taxas 'médias de mercado' sem fonte.,DÚVIDA,Tirar nomes; citar fonte das taxas.,regra editorial
5091,https://investirecocaresocomecar.com.br/o-que-e-bova11/,composta pelas ações mais negociadas da B3 ponderadas por liquidez,"Desde 2014 o Ibovespa pondera pelo valor de mercado do free float (a liquidez é critério de entrada), não por liquidez.",DÚVIDA,Conferir na metodologia da B3.,https://www.b3.com.br/pt_br/market-data-e-indices/indices/indices-amplos/ibovespa.htm
7378,https://investirecocaresocomecar.com.br/itausa-itsa4-desconto-de-holding-vale-a-pena-investir/,"a participação da Itaúsa (13,27%)","[leve] Em mai/2026 a fatia na Aegea já era 14,01% (aumento concluído em mar/2026, segundo os posts 993 e 1028 do site).",DÚVIDA,"14,0%.",https://ri.itausa.com.br/
7628,https://investirecocaresocomecar.com.br/bbse3-cxse3-pssa3-melhor-seguradora-dividendos/,"Com Selic em 13%+, esse rendimento é enorme.","[varredura] Selic de 13% não bate com a meta na data do post (14,5%) nem nos 75 dias anteriores (SGS 432)",DÚVIDA,Conferir a Selic da data na série 432 do BCB.,https://api.bcb.gov.br/dados/serie/bcdata.sgs.432/dados?formato=json
