tema,video_id,video_titulo,comentario_id,likes,publicado_em,texto
"Ações, dividendos e FIIs",fDUsjBJQmC4,🚨 O AVISO MAIS IMPORTANTE para QUEM INVESTE em FIIs (NÃO IGNORE!),Ugx70p8omvsf1ZeY3yl4AaABAg,19,2025-02-13,O que me chama a atençao sao FIIs pagando 0.8% 0.9% baseados em alugueis apos todos os custos do Fundo. Alguem aqui ja tentou alugar um imovel pedindo 1% de locação ao mês? Vai esperar deitado!
"Ações, dividendos e FIIs",VWXBzC6-_L0,TRABALHADOR poderá usar até 50% do FGTS em PRIVATIZAÇÃO da ELETROBRÁS (ELET3;ELET6),UgwMeDQClPTwwiGPB2R4AaABAg,8,2022-05-28,"Bom dia! Estou na dúvida se vale a pena por alguns motivos, primeiro que tem taxa de administração e segundo não teremos direito aos dividendos apesar deles serem descontados do valor da ação, ou seja a gente só fica com o risco e a administradora só com as taxas e dividendos? Além de não está claro por qual valor será comprado essas ações visto que sempre que acontece isso supervalorizam e depois só cai! Valeu Japão tmj 👊"
"Ações, dividendos e FIIs",XBJqP2JTkkQ,BARSI ABRIU SUA CARTEIRA DE AÇÕES NA BOLSA DE VALORES #investimentos,UgwM56saE0MU0WPxcX94AaABAg,3,2023-06-07,"E cadê AESB3, VBBR3, CSAN3? Todas que ele já falou ter?"
"Ações, dividendos e FIIs",XBJqP2JTkkQ,BARSI ABRIU SUA CARTEIRA DE AÇÕES NA BOLSA DE VALORES #investimentos,UgxNW2MzGwiqeoKrBmJ4AaABAg,3,2023-02-09,"IRB e Paranapanema, preciso nem fazer meme né? Novela da IRB tá pior que novela das 9 e Paranapanema entrou em processo judicial. Eu sei que todo mundo pode fazer uma gestão de risco e comprar o que quiser mas aqui no Brasil vc tem que contar com o ovo no cu da galinha até na bolsa ;-;"
"Ações, dividendos e FIIs",fDUsjBJQmC4,🚨 O AVISO MAIS IMPORTANTE para QUEM INVESTE em FIIs (NÃO IGNORE!),Ugy9o0qz9nVIalRkdHF4AaABAg,3,2025-02-15,"Ué Tanaka, mas se o cara esta em FII para ter ganho de capital? Se cair a cotação e o FII mantiver os fundamentos esta maravilhoso, vou comparar renda mais barato."
"Ações, dividendos e FIIs",fDUsjBJQmC4,🚨 O AVISO MAIS IMPORTANTE para QUEM INVESTE em FIIs (NÃO IGNORE!),Ugz-OdA8p7WbsBnNEFl4AaABAg,3,2025-02-13,Não entendi Os fundos estavam short na ação e ae com medo de queda maior eles recompraram as ações de ggbr4?? Se estavam short e a expectativa era de mais queda então tem que vender mais e não recomprar neh?! Não entendi esse movimento de short squeeze as avessas tupiniquim.
"Ações, dividendos e FIIs",QjiF99_cINk,5 ETFs AMERICANOS que PAGAM DIVIDENDOS MENSAIS (NÃO É O ETF da NUBANK),UgzxRb1cPFFAYr_2gpx4AaABAg,2,2024-01-24,"Falaaaa JAPA, sou novo por aqui, não conheço a plataforma que você usou para falar das rentabilidades e achar os ativos na bolsa norte americana, consegue me falar mais sobre isso?"
"Ações, dividendos e FIIs",SsZAITSAR6s,Como abrir conta para menor de 18 anos? Como abrir conta no banco sendo menor?,UgyHulNwOHQ6ZD2co7d4AaABAg,2,2019-10-12,Qual corretora você indica?
"Ações, dividendos e FIIs",XBJqP2JTkkQ,BARSI ABRIU SUA CARTEIRA DE AÇÕES NA BOLSA DE VALORES #investimentos,UgzO0SyX9HIuacTbiat4AaABAg,2,2022-12-17,"Só 10 ativos???? Eu não acredito. Cadê ETER3, CIEL3?"
"Ações, dividendos e FIIs",V68Hd157uac,NEXT JOY cartão - NÃO cometa esse ERRO com seu filho! NEXT JOY banco digital para menor de 18 anos,Ugz5rEVtRgiasTe2LZN4AaABAg,2,2021-09-08,"Fala Japão, e da conta Next Joy do filho eu consigo transferir pra corretora? Eu vi que dá pra abrir uma conta na corretora, mas pra fazer a TED, precisa ser da mesma titularidade do menor."
"Ações, dividendos e FIIs",fDUsjBJQmC4,🚨 O AVISO MAIS IMPORTANTE para QUEM INVESTE em FIIs (NÃO IGNORE!),Ugw9DTNnDu_UGKmtE9V4AaABAg,2,2025-02-14,"De novo? Os ""especialistas "" precificaram que o bbas3 iria a R$19,00 .... agora esta R$28,00... as sardinhas que escutaram os especialistas se f...."
"Ações, dividendos e FIIs",VWXBzC6-_L0,TRABALHADOR poderá usar até 50% do FGTS em PRIVATIZAÇÃO da ELETROBRÁS (ELET3;ELET6),Ugy2pjYCA4yffWcWDA14AaABAg,2,2022-05-21,E QUANDO EU PUDER SACAR O FGTS? EU TEREI AÇÃO OU FUNDO DE AÇÃO?
"Ações, dividendos e FIIs",VWXBzC6-_L0,TRABALHADOR poderá usar até 50% do FGTS em PRIVATIZAÇÃO da ELETROBRÁS (ELET3;ELET6),UgyUgB45PHWR28Zx3LF4AaABAg,2,2022-05-20,"Será que não tem pegadinha aí Japão? Seu eu usar meu FGTS por quanto tempo tenho que ficar com as ações em carteira? Se pudermos vender as ações a qualquer momento, opaa vai ser uma forma de tirar minha grana que está parada no FGTS kkkk e depois colocar em outra empresa!!!!"
"Ações, dividendos e FIIs",PoY4WqA1k5Q,RECESSÃO GLOBAL ECONÔMICA 2023 VAI PEGAR TODO MUNDO!,Ugxm28SsiV71l5xjDKV4AaABAg,1,2023-03-13,"Japão, quais as ações pra março?? Ansioso por esse vídeo, Mestre dos Tanakas!!!!"
"Ações, dividendos e FIIs",_I5dFQ6mvK0,"NUBANK: NÃO ACEITE SEU PEDACINHO DA NUBANK e NUBANK SOCIOS, ANTES DE VER ESSE VIDEO! IPO NUBANK BDRS",UgyzTwG4AN88y9rXPrh4AaABAg,1,2021-11-17,Vale a pena comprar ações na avenue?
"Ações, dividendos e FIIs",QjiF99_cINk,5 ETFs AMERICANOS que PAGAM DIVIDENDOS MENSAIS (NÃO É O ETF da NUBANK),UgwKAMKgdNvkdZI9qhJ4AaABAg,1,2024-09-25,Como resgatar os dividendos ? O meu já rendeu na QQQ e na VOO como eu consigo pegar essas dividendos?
"Ações, dividendos e FIIs",QjiF99_cINk,5 ETFs AMERICANOS que PAGAM DIVIDENDOS MENSAIS (NÃO É O ETF da NUBANK),Ugz2D3VmX0TXaHZTyHp4AaABAg,1,2024-02-26,"ola meu amigo, como ai ? fala pra mim, qual corretora boa pra eu usar aqui nos USA? e qual prpft vc indicaria com um bom preo ou free ?"
"Ações, dividendos e FIIs",XBJqP2JTkkQ,BARSI ABRIU SUA CARTEIRA DE AÇÕES NA BOLSA DE VALORES #investimentos,Ugx8zYJm3ymbreVZW9t4AaABAg,1,2022-12-19,Quem é o maior investidor PJ da bolsa? Alguém sabe ? Onde ver ?
"Ações, dividendos e FIIs",0kD4_42HV24,ITSA4 O QUE NINGUÉM TE CONTA SOBRE O MOMENTO DAS AÇÕES ITAUSA ITSA4! RESULTADOS ITAUSA.,UgwlWwtHSs7UiQL-DYd4AaABAg,1,2020-07-26,Japa pq bpac5 caiu tanto e não caiu bpac3 e bpac11?
"Ações, dividendos e FIIs",fDUsjBJQmC4,🚨 O AVISO MAIS IMPORTANTE para QUEM INVESTE em FIIs (NÃO IGNORE!),UgylpUtQe6QKTL2ztZh4AaABAg,1,2025-02-22,Então são estes caras os tubarões que ficam puxando os FIIs para baixo?
"Ações, dividendos e FIIs",fDUsjBJQmC4,🚨 O AVISO MAIS IMPORTANTE para QUEM INVESTE em FIIs (NÃO IGNORE!),Ugx54Mn-pR7Vhd-33Qd4AaABAg,1,2025-02-16,Não seria oportunidade de comprar barato bons FIIs?
"Ações, dividendos e FIIs",fDUsjBJQmC4,🚨 O AVISO MAIS IMPORTANTE para QUEM INVESTE em FIIs (NÃO IGNORE!),Ugzxq47thZJCdTxssAZ4AaABAg,1,2025-02-13,Existe liquidez para um fundo shortear um FII? Minha impressão é que não. Um pessoa física até daria.
"Ações, dividendos e FIIs",VWXBzC6-_L0,TRABALHADOR poderá usar até 50% do FGTS em PRIVATIZAÇÃO da ELETROBRÁS (ELET3;ELET6),UgwQQMXuiGuzFdudiMx4AaABAg,1,2022-05-26,pq fazer isso se eu posso tranferir o dinheiro pra corretora e diversificar?
"Ações, dividendos e FIIs",VWXBzC6-_L0,TRABALHADOR poderá usar até 50% do FGTS em PRIVATIZAÇÃO da ELETROBRÁS (ELET3;ELET6),Ugw7OpkpzIhhoiBy3PF4AaABAg,1,2022-05-25,E os dividendos?
"Ações, dividendos e FIIs",VWXBzC6-_L0,TRABALHADOR poderá usar até 50% do FGTS em PRIVATIZAÇÃO da ELETROBRÁS (ELET3;ELET6),UgxOSp4GkWzRJco9ODx4AaABAg,1,2022-05-22,Vai investir o FGTS na bolsa e vai morrer de fome ? Porque vai ficar desempregado !
"Ações, dividendos e FIIs",aDL4MMF6AnE,Pra ficar rico você só precisa de 1 centavo #investimentos,UgyNMDrbDXOtYzvj4GV4AaABAg,0,2025-05-02,Qual juro ou dividendos que dobra todo dia que eu vendo tudo e invisto
"Ações, dividendos e FIIs",aDL4MMF6AnE,Pra ficar rico você só precisa de 1 centavo #investimentos,UgzpYI6fh-KHl1vSy8V4AaABAg,0,2025-05-02,Agora me fala qual é o juro ou dividendos ou renda sobre juro que dá o dobro de juro ?
"Ações, dividendos e FIIs",PoY4WqA1k5Q,RECESSÃO GLOBAL ECONÔMICA 2023 VAI PEGAR TODO MUNDO!,UgyJZZXFU2PmAjmUbRt4AaABAg,0,2023-03-31,"Gente preciso de um conselho: Moro de aluguel e estou pensando em comprar um apartamento esse ano (dar uma entrada em torno de uns 50 mil e financiar o restante ) tenho um pouco de dinheiro investido mas os meus investimentos ainda não dão nem 300 reais de juros por mês , tenho medo dessa crise dos bancos começar e eu estar pagando um financiamento , tenho medo de não pagar o aluguel e ser despejada , mas o dinheiro que eu tenho não consigo comprar nada a vista ainda (o que vocês fariam?) se vier uma guerra o que acontece com os financiamentos? o que acontece se as pessoas não tiverem como pagar alugueis? Em uma crise global a pessoa pode perder todos os investimentos dela? (ou uma investidora conservadora tenho algumas fundos imobiliarios e umas poucas ações de empresas sólidas tipo rede farmaceutica etc)"
"Ações, dividendos e FIIs",PoY4WqA1k5Q,RECESSÃO GLOBAL ECONÔMICA 2023 VAI PEGAR TODO MUNDO!,UgwkJEA0_YkuawJlx0x4AaABAg,0,2023-03-26,Japa para investir em ativos dos EUA na b3 existe alguma taxação diferente das ações nacionais?
"Ações, dividendos e FIIs",PoY4WqA1k5Q,RECESSÃO GLOBAL ECONÔMICA 2023 VAI PEGAR TODO MUNDO!,UgwkNga1Z0PoUapzTwZ4AaABAg,0,2023-03-24,Será que essa crise vai acabar com o bolsa família???
"Ações, dividendos e FIIs",QjiF99_cINk,5 ETFs AMERICANOS que PAGAM DIVIDENDOS MENSAIS (NÃO É O ETF da NUBANK),UgyxYvGDqvqynrSw8-N4AaABAg,0,2024-10-29,qual site vc utiliza para tirar os dados dos fiis achei bem interessante
"Ações, dividendos e FIIs",QjiF99_cINk,5 ETFs AMERICANOS que PAGAM DIVIDENDOS MENSAIS (NÃO É O ETF da NUBANK),UgzgiHe86nHNgzv5io14AaABAg,0,2024-02-29,O percentual de dividendos é mensal ou anual?
"Ações, dividendos e FIIs",QjiF99_cINk,5 ETFs AMERICANOS que PAGAM DIVIDENDOS MENSAIS (NÃO É O ETF da NUBANK),Ugy0zJGbojzWgKFwCSB4AaABAg,0,2024-02-05,Consigo negociar ações preferenciais e ordinárias de uma empresa americana? Aqui no Brasil temos PETR3 e PETR4. Como seria no caso da Tesla? Muda o ticker? Estou pesquisando isso e não encontro respostas
"Ações, dividendos e FIIs",XBJqP2JTkkQ,BARSI ABRIU SUA CARTEIRA DE AÇÕES NA BOLSA DE VALORES #investimentos,UgzEvdOnd9pSI0yM6Ht4AaABAg,0,2025-10-20,"O mais valioso de ver a carteira do Barsi é a confirmação da sua estratégia: diversificação concentrada em setores perenes da economia brasileira (energia elétrica, saneamento, bancos). Ele não está caçando hype, está buscando longevidade e fluxo de caixa constante. É a prova de que a simplicidade, quando aplicada com disciplina por décadas, gera resultados impressionantes. Fica a lição: compre o que o Brasil precisa para funcionar. Qual é o principal setor que ele tem foco que vocês acham que é o mais seguro para 2025?"
"Ações, dividendos e FIIs",XBJqP2JTkkQ,BARSI ABRIU SUA CARTEIRA DE AÇÕES NA BOLSA DE VALORES #investimentos,UgzAbQIvd-gr-GN4msp4AaABAg,0,2023-08-04,Ué fala tanto da ciel3 cade?
"Ações, dividendos e FIIs",tbKsF2qyakU,Quanto tempo demora para juntar 1 milhão de reais?,UgyatUFrJOmZf6MvjRp4AaABAg,0,2022-09-24,"Vc poderia, por favor, me dizer qual o problemas com as ações da Honda HOND34, por que estão caindo tanto?"
"Ações, dividendos e FIIs",Y4WHQiKcv1g,DIVIDENDOS MENSAIS: 4 ÚNICOS ETFs que PAGAM MENSALMENTE na B3! (tem ETF pagando 1% a.m.),UgwORHsgOTpoPLFfTMt4AaABAg,0,2025-09-13,Sabe se tem um de cliptomoedas que pagam dividendos?
"Ações, dividendos e FIIs",Y4WHQiKcv1g,DIVIDENDOS MENSAIS: 4 ÚNICOS ETFs que PAGAM MENSALMENTE na B3! (tem ETF pagando 1% a.m.),UgwwAk-HFC9BhGIhUOl4AaABAg,0,2025-05-20,Bivb11 o que voces acham ?
"Ações, dividendos e FIIs",0kD4_42HV24,ITSA4 O QUE NINGUÉM TE CONTA SOBRE O MOMENTO DAS AÇÕES ITAUSA ITSA4! RESULTADOS ITAUSA.,UgzlLJ3OHLByPaTITdh4AaABAg,0,2020-09-15,"Fala japonês, blz? Por favor faz um video sobre POMO4, obrigado"
"Ações, dividendos e FIIs",0kD4_42HV24,ITSA4 O QUE NINGUÉM TE CONTA SOBRE O MOMENTO DAS AÇÕES ITAUSA ITSA4! RESULTADOS ITAUSA.,UgzyFxlE4SumHCODjWp4AaABAg,0,2020-07-28,Japa né de uma luz com com a POSI3... O que está acontecendo. ?????
"Ações, dividendos e FIIs",0kD4_42HV24,ITSA4 O QUE NINGUÉM TE CONTA SOBRE O MOMENTO DAS AÇÕES ITAUSA ITSA4! RESULTADOS ITAUSA.,UgwlhMm9sFZJ-GRltGd4AaABAg,0,2020-07-28,aonde vejo a data base para comprar e receber os dividendos de Itsa4 ?
"Ações, dividendos e FIIs",0kD4_42HV24,ITSA4 O QUE NINGUÉM TE CONTA SOBRE O MOMENTO DAS AÇÕES ITAUSA ITSA4! RESULTADOS ITAUSA.,Ugyw4x7Af0mvqaMSCLJ4AaABAg,0,2020-07-27,Boatos ou fato Amazon quer comprar parte móvel da oibr3?
"Ações, dividendos e FIIs",0kD4_42HV24,ITSA4 O QUE NINGUÉM TE CONTA SOBRE O MOMENTO DAS AÇÕES ITAUSA ITSA4! RESULTADOS ITAUSA.,UgwLBeemN4XvDdmwNIZ4AaABAg,0,2020-07-27,"Japa, você acha que vale a pena ter Itsa4 e Itub na carteira?"
"Ações, dividendos e FIIs",fDUsjBJQmC4,🚨 O AVISO MAIS IMPORTANTE para QUEM INVESTE em FIIs (NÃO IGNORE!),Ugx1JwzIe-DAeguH--F4AaABAg,0,2025-02-16,"Será q está surgindo um novo caso Game Stop? Se a galera começar a comprar XPML11 e segurar as posições, dá pra quebrar esses faria limers q se acham a última bolacha do pacote. TO THE MOON :)"
"Ações, dividendos e FIIs",fDUsjBJQmC4,🚨 O AVISO MAIS IMPORTANTE para QUEM INVESTE em FIIs (NÃO IGNORE!),UgxSzqHk69QbPjaf0ZB4AaABAg,0,2025-02-15,Como se trabalha short em FIIs . Aluguel ? A descoberto?
"Ações, dividendos e FIIs",fDUsjBJQmC4,🚨 O AVISO MAIS IMPORTANTE para QUEM INVESTE em FIIs (NÃO IGNORE!),UgzTIpANJILEIRnSLA54AaABAg,0,2025-02-12,estaran shorteando RURA11?
"Ações, dividendos e FIIs",VWXBzC6-_L0,TRABALHADOR poderá usar até 50% do FGTS em PRIVATIZAÇÃO da ELETROBRÁS (ELET3;ELET6),UgxWvf97u27-3EifKsZ4AaABAg,0,2022-06-06,"Se eu comprar essas acoes agora, daqui a 12 meses tiver interesse em vender. Vou vender pra quem? Pro governo ?"
"Ações, dividendos e FIIs",VWXBzC6-_L0,TRABALHADOR poderá usar até 50% do FGTS em PRIVATIZAÇÃO da ELETROBRÁS (ELET3;ELET6),UgwPc1mYoacn4lNgI_l4AaABAg,0,2022-06-03,Olá depois de investir após os 12 meses posso sacar esse investimento das ações ou voltaria pro FGTS?
"Ações, dividendos e FIIs",VWXBzC6-_L0,TRABALHADOR poderá usar até 50% do FGTS em PRIVATIZAÇÃO da ELETROBRÁS (ELET3;ELET6),UgyCGrDexweRDZ_Fl2t4AaABAg,0,2022-06-01,"sidyneis moreira qual o risco que o meu fgts está correndo ci as açoes da elertrobrais cir , meu capital ficara prezervado?"
"Ações, dividendos e FIIs",VWXBzC6-_L0,TRABALHADOR poderá usar até 50% do FGTS em PRIVATIZAÇÃO da ELETROBRÁS (ELET3;ELET6),UgyYuYWjJQWgVTJVCv54AaABAg,0,2022-05-27,"Grande Denis! Estão comentando que se vender apos 12 meses o valor volta para o fgts, sera verdade? Outra duvida que fica é: se o trabalhador for mandado embora sem justa causa, os 40% de multa pagos pelo o empregador ser a pago em.cima do saldo do fgts somente, descontando o que foi parar nas açoes, ne?"
"Ações, dividendos e FIIs",VWXBzC6-_L0,TRABALHADOR poderá usar até 50% do FGTS em PRIVATIZAÇÃO da ELETROBRÁS (ELET3;ELET6),UgzTiG-xwFDf8raEoWl4AaABAg,0,2022-05-26,É mais viável comprar ações da ELETR3 ou da ELETR6 ?
"Ações, dividendos e FIIs",VWXBzC6-_L0,TRABALHADOR poderá usar até 50% do FGTS em PRIVATIZAÇÃO da ELETROBRÁS (ELET3;ELET6),Ugyez36PrOWg76NmG_14AaABAg,0,2022-05-26,"Quando vc compra lá com o FGTS, vc está comprando ações ou fundo de ações? Vc recebe também os proventos ou é só torcer pra ação subir de preço?"
"Ações, dividendos e FIIs",VWXBzC6-_L0,TRABALHADOR poderá usar até 50% do FGTS em PRIVATIZAÇÃO da ELETROBRÁS (ELET3;ELET6),UgwTC3rYqBQ618TIO9x4AaABAg,0,2022-05-24,"E se, usar FGTS comprar as ações da Eletrobras, pode vender pra comprar outro papel?"
"Ações, dividendos e FIIs",VWXBzC6-_L0,TRABALHADOR poderá usar até 50% do FGTS em PRIVATIZAÇÃO da ELETROBRÁS (ELET3;ELET6),UgzGpUQY03ulJQCDf1B4AaABAg,0,2022-05-23,"Os dividendos poderão ser sacados após 12 meses, ou ficarão presos no FGTS?"
"Ações, dividendos e FIIs",VWXBzC6-_L0,TRABALHADOR poderá usar até 50% do FGTS em PRIVATIZAÇÃO da ELETROBRÁS (ELET3;ELET6),UgwihxOekNc8GpWg4EV4AaABAg,0,2022-05-22,Eai Japonês vai pode receber e usar dividendos para comprar mais ações dela ou de outras empresas ?
"Ações, dividendos e FIIs",VWXBzC6-_L0,TRABALHADOR poderá usar até 50% do FGTS em PRIVATIZAÇÃO da ELETROBRÁS (ELET3;ELET6),UgyVC0skW4gK7om9Y7V4AaABAg,0,2022-05-22,"Qual % você julgaria ideal para o trabalhar tirar do FGTS e aplicar nesse fundo? Outra dúvida, empresas elétricas sempre são o Xodó da turma por pagarem bons dividendos ao longo dos anos, tendo as ações via fundos, como ficam os dividendos? Sobre o fundo, teremos acesso ao prospecto do mesmo? Taxa de adm, benchmark etc?"
"Ações, dividendos e FIIs",VWXBzC6-_L0,TRABALHADOR poderá usar até 50% do FGTS em PRIVATIZAÇÃO da ELETROBRÁS (ELET3;ELET6),UgzBcHrm6ERiWTCBMe54AaABAg,0,2022-05-22,Vai oscilar... para baixo. Me parece uma maneira esperta do Guedes fazer o povo comprar algo que já é dele. A conta vai ficar cara! Vc vai tirar o dinheiro do FGTS para colocar em um fundo com taxas e jogadas e ver esse dinheiro derreter na bolsa? Será?.
"Ações, dividendos e FIIs",VWXBzC6-_L0,TRABALHADOR poderá usar até 50% do FGTS em PRIVATIZAÇÃO da ELETROBRÁS (ELET3;ELET6),UgzFvG1QPrPAjW3f2rV4AaABAg,0,2022-05-22,"Falando em dividendos. Esses fundos recebem eventuais dividendos, caso hajam?"
Cartão de crédito (fora do escopo),SsZAITSAR6s,Como abrir conta para menor de 18 anos? Como abrir conta no banco sendo menor?,Ugyoe3hMzNV78JWpMxt4AaABAg,9,2020-05-16,"Minhas Dúvidas: Tenho 15 Anos. 1. É possível depositar o Dinheiro por Boleto na Lotérica? Se não for possível, onde faço os depósitos? 2. É possível fazer compras online pelo Débito? Se for possível, na hora da compra, eu tenho que colocar os MEUS DADOS ou os dados dos meus pais? 3. Têm como fazer um cartão de crédito, mesmo eu sendo de menor? 4. Você tem algum curso que ensina um iniciante investir em ações e etc?"
Cartão de crédito (fora do escopo),SsZAITSAR6s,Como abrir conta para menor de 18 anos? Como abrir conta no banco sendo menor?,UgyO9wSqGF1By3GVvYd4AaABAg,6,2020-04-02,"Tenho 17 anos, se eu começar com o banco Inter com depósitos e usar o cartão débito algumas vezes quando eu fizer 18 anos tenho possibilidade de vim um limite bom? Alto? E isso será q funciona com todos os outros bancos? Exemplo: ( Tenho conta poupança caixa, se eu usar muito ela com o débito e depósitos, quando abrir conta e pedir cartão de crédito em outro banco vai vim um limite alto?"
Cartão de crédito (fora do escopo),T956DmDdPDU,BANCO NEXT VALE A PENA? É CONFIÁVEL? COMO FUNCIONA? Tudo sobre o Banco Next,UgwYzNkj-DO1bDHpAKR4AaABAg,3,2020-02-19,"Mano me tira uma dúvida por favor, olha solicitei meu cartão blz tá pra chegar ... Mas aí queria saber se após ele chegar eu poderia tipo fazer compras em mercadinho PA? Passa o cartao na maquineta da pizzaria kk? E se eu poderia também depositar dinheiro nele em uma lotérica normal? Respondem aí pfv"
Cartão de crédito (fora do escopo),_TLq_UyTZTI,PIX POR APROXIMAÇÃO NÃO FUNCIONA no IPHONE #pix,UgwIPatoKr_WIC4BVGl4AaABAg,3,2025-03-07,"Ué, mas o pix por aproximação não é basicamente o cartão ? Pelo menos eu usava o cartão do banco no Apple Pay, muda alguma coisa ser pix por aproximação ou é só balela?"
Cartão de crédito (fora do escopo),T956DmDdPDU,BANCO NEXT VALE A PENA? É CONFIÁVEL? COMO FUNCIONA? Tudo sobre o Banco Next,UgysnhImPOI3QbhgYQ54AaABAg,2,2018-10-29,Como pagar o boleto desse cartão???
Cartão de crédito (fora do escopo),_WHHib_xvJ4,Caixinha Turbo da Nubank melhorou #investimentos,UgxGDAQDWw1dwcFTabB4AaABAg,2,2025-04-29,"Amigão eu gasto meu crédito e uso a caixinha de emergência pra guardar ao longo do mês o que recebo, todo mês oassa deste valor de 900 reais, depois tiro tudo ora pagar o cartão e as contas, serve pro meu caso?"
Cartão de crédito (fora do escopo),ADn4VZs6M1k,BANCO NEXT VANTAGENS E DESVANTAGENS! BANCO NEXT vale a pena?,Ugx1JGmn-euRi0wd79t4AaABAg,2,2019-05-07,É sem anuidade?
Cartão de crédito (fora do escopo),V68Hd157uac,NEXT JOY cartão - NÃO cometa esse ERRO com seu filho! NEXT JOY banco digital para menor de 18 anos,Ugyu_c0w4b8Mw0aAEz54AaABAg,2,2022-10-07,Será que esse cartão é útil para poupar dinheiro para o meu filho? (tipo uma poupança)
Cartão de crédito (fora do escopo),T956DmDdPDU,BANCO NEXT VALE A PENA? É CONFIÁVEL? COMO FUNCIONA? Tudo sobre o Banco Next,UgwNbhd554809XKpam94AaABAg,1,2020-05-21,"Meu foco e ter um cartão de crédito, daí por exemplo, eu uso ele e quando for pra pagar ja que não da pra gerar boleto, eu deposito o dinheiro na minha conta Bradesco ? (Desculpe se eu não soube explicar direito)"
Cartão de crédito (fora do escopo),T956DmDdPDU,BANCO NEXT VALE A PENA? É CONFIÁVEL? COMO FUNCIONA? Tudo sobre o Banco Next,Ugy8uYjYkcqRPRcTifB4AaABAg,1,2019-08-25,Boa noite uma dúvida esse cartão é débito ou crédito?
Cartão de crédito (fora do escopo),_TLq_UyTZTI,PIX POR APROXIMAÇÃO NÃO FUNCIONA no IPHONE #pix,UgyMhggMx5uxbfdRa6d4AaABAg,1,2025-03-05,"Qual a diferença entre pix e débito? Só uso débito, e o cartao é virtual, só aproximar o cel da maquininha 🤷🏻‍♂️ 0 diferença e 0 relevância 😂😂😂😂"
Cartão de crédito (fora do escopo),T956DmDdPDU,BANCO NEXT VALE A PENA? É CONFIÁVEL? COMO FUNCIONA? Tudo sobre o Banco Next,Ugyi0MiU-CmHqKLr0Jx4AaABAg,0,2020-10-26,"Até Quando vamos ter que aturar os abusos desse Banco? Cancelei meu cartão a Meses. O valor faltante foi colocado na minha conta corrente. Valor esse que foi pago. Inclusive Cobrado. E pagando perguntei se estava tudo ok Falaram que estava ok. No meu aplicativo após cancelamento quando tentava acessar a Área de faturas do cartão o Aplicativo exibia uma tela de erro. Por fim relaxei e deixei de usar o cartão troque de celular e nem reintalei o app. Então recebi a noticia de que o valor de uma compra finalmente seria estornando. Fui no App perguntar como receber esse valor já que o cartão havia sido cancelado a meses. Ai a menina me fala que estavam ocorrendo creditos e descontos desde que cancelei o Cartão. O que os infelizes fizeram? Deixaram o Credito ""rouba fácil"" Ativo . Colocaram o Valor Pago da Fatura como credito. E ficaram descontado do valor acrecido de Juros e ainda dizem que é impossivel cancelar. Que o Maximo que eu posso fazer é antecipar com desconto. Querem que eu Pague 224,01 Só de Juros. De um valor Original Já pago de 279,40. Até quando vão fazer isso com as pessoas? Isso não está correto. Eles mentiram ao telefone durante a cobrança do valor. Escondera quando nem mesmo me deixavam ter acesso a area de credito do aplicativo. E o Atendimento ainda é daquele jeito. Você liga te mandam pro chat. O Chat é um disco arranahado e não faz nada. Estamos todos indefesos contra esses Abusos? E isso mesmo?"
Cartão de crédito (fora do escopo),T956DmDdPDU,BANCO NEXT VALE A PENA? É CONFIÁVEL? COMO FUNCIONA? Tudo sobre o Banco Next,Ugwxw5uVwEiN0nZhMsF4AaABAg,0,2020-09-19,Consigo depositar £Libra nesse cartão!?
Cartão de crédito (fora do escopo),T956DmDdPDU,BANCO NEXT VALE A PENA? É CONFIÁVEL? COMO FUNCIONA? Tudo sobre o Banco Next,Ugzku4uphZXhtl9jal14AaABAg,0,2020-08-05,Com o cartao posso sacar em qualquer caixa eletronico ou só posso sacar no bradesco?
Cartão de crédito (fora do escopo),T956DmDdPDU,BANCO NEXT VALE A PENA? É CONFIÁVEL? COMO FUNCIONA? Tudo sobre o Banco Next,Ugw56ZhefKk_WwzZJ6J4AaABAg,0,2020-06-30,"Eu colocando dinheiro nele , facilita a possibilidade deles liberar o de crédito?"
Cartão de crédito (fora do escopo),T956DmDdPDU,BANCO NEXT VALE A PENA? É CONFIÁVEL? COMO FUNCIONA? Tudo sobre o Banco Next,UgyxZM7gyU2aaCaYp9V4AaABAg,0,2020-05-17,O cartão que vai chegar pra mim é de débito... Posso usar como de Crédito também ou só pra débito mesmo? E quanto é o limite?
Cartão de crédito (fora do escopo),T956DmDdPDU,BANCO NEXT VALE A PENA? É CONFIÁVEL? COMO FUNCIONA? Tudo sobre o Banco Next,UgyZYWSDqC05e7quJ9B4AaABAg,0,2020-05-15,Mim tire uma duvida por favor fui aprovado quando o cartão chega ele vem com limite de compra posso compra em Qualque loja???
Cartão de crédito (fora do escopo),T956DmDdPDU,BANCO NEXT VALE A PENA? É CONFIÁVEL? COMO FUNCIONA? Tudo sobre o Banco Next,Ugw94C1oXpuHdO4NuhJ4AaABAg,0,2020-05-15,Quando o cartão chega já vem com liminte de compras???
Cartão de crédito (fora do escopo),T956DmDdPDU,BANCO NEXT VALE A PENA? É CONFIÁVEL? COMO FUNCIONA? Tudo sobre o Banco Next,UgwZy28SSONqAk4HzOp4AaABAg,0,2020-05-15,Estão dizendo que o meu foi aprovado e com 2 dias úteis eles manda o código de rastreio pra eu rastrear o cartão agora eu pergunto esse cartão vem com liminte de compras ???
Cartão de crédito (fora do escopo),T956DmDdPDU,BANCO NEXT VALE A PENA? É CONFIÁVEL? COMO FUNCIONA? Tudo sobre o Banco Next,Ugyzd6QIJBqYlwRuhKx4AaABAg,0,2019-07-01,Como pago as faturas das coisa que comprar chega alguma coisa em casa?
Cartão de crédito (fora do escopo),T956DmDdPDU,BANCO NEXT VALE A PENA? É CONFIÁVEL? COMO FUNCIONA? Tudo sobre o Banco Next,UgzkCox-Gth2Zw29QxR4AaABAg,0,2019-06-23,"Quando vc abre a conta, ele já vem c o cartão de crédito ativado ?"
Cartão de crédito (fora do escopo),T956DmDdPDU,BANCO NEXT VALE A PENA? É CONFIÁVEL? COMO FUNCIONA? Tudo sobre o Banco Next,UgxMbnJbNhNCewILQYF4AaABAg,0,2019-04-06,"Tenho uma dúvida galera, e sobre o fechamento de fatura meu vencimento é 17 eles fecham com 15 dias de antecedência?"
Cartão de crédito (fora do escopo),T956DmDdPDU,BANCO NEXT VALE A PENA? É CONFIÁVEL? COMO FUNCIONA? Tudo sobre o Banco Next,UgwXUsLr6kn2cmYso6F4AaABAg,0,2019-04-06,Sobre o cartão na função crédito a fatura chega em casa ???
Cartão de crédito (fora do escopo),T956DmDdPDU,BANCO NEXT VALE A PENA? É CONFIÁVEL? COMO FUNCIONA? Tudo sobre o Banco Next,Ugz-kmy8-hxqY_h480F4AaABAg,0,2019-01-28,"@… Tutoriais Entrei no chát pra saber porque assim que comecei a criar a conta apareceu que eu tinha um cartão de crédito liberado para mim Fui no chát e me informaram isso Aki Aqui no next os cartões são dois em um: crédito e débito. Se o sistema liberou um de crédito pra você, automaticamente ele terá as duas funções. Nossos cartões de crédito são: Internacional, Gold e Platinum. Agora, se ainda não tem limite disponível no seu perfil, você vai ter um cartão só de débito, ok? Na hora de fazer seu cadastro, já dá pra ver se o sistema liberou limite pra você ou não. É só clicar aqui http://next.me/app/static/files/deeplink/cartao.html depois em ""Características"" e conferir. Ou seja o meus aprovou o limite assim que coloquei o CPF e-mail telefone, nem precisou esperar preencher todo os dados maravilhoso 😍😍😍 https://drive.google.com/file/d/0B9fHR1DMLX3TVklPZ2N2YmtJbEMyZUVTRS1CUWJ3MGsybTAw/view?usp=drivesdk Olha o print"
Cartão de crédito (fora do escopo),T956DmDdPDU,BANCO NEXT VALE A PENA? É CONFIÁVEL? COMO FUNCIONA? Tudo sobre o Banco Next,UgyryhhQK01oH99JrWZ4AaABAg,0,2018-09-20,"Hey! Esse é um convite pro next, o banco digital com tudo e que ainda pode ser Na Faixa. Free, grátis mesmo \o/ Lá tem conta + cartão de crédito, DOC/TED, transferências, Mimos que aliviam a carteira, Objetivos pra sua grana render e Vaquinha pra juntar dinheiro com a galera sem stress. Baixa o app e coloca esse código aqui: 8McGtJZ6yv Google Play https://play.google.com/store/apps/details?id=br.com.bradesco.next App Store https://itunes.apple.com/br/app/next-faz-acontecer/id1133682678?mt=8"
Cartão de crédito (fora do escopo),PoY4WqA1k5Q,RECESSÃO GLOBAL ECONÔMICA 2023 VAI PEGAR TODO MUNDO!,Ugxlru2DNZhOycCHkg94AaABAg,0,2023-03-25,"O ÚLTIMO OTÁRIO QUE SAIR DO BANCO QUE FECHE O COFRE.... é assim que pensa quem é espertinho e já tá dando um jeito de fazer suas transferências... Na minha opinião, há um corre corre geral no mundo todo para tentar descobrir o que vai ser da economia global e principalmente da saúde bancária, com a quebra dos bancos americanos e a ""quebra"" do Credit Suisse (SEI SEI... O BANCO NÃO QUEBROU... FOI COMPRADO POR OUTRO E TEVE UMA ""GRAÇA ALCANÇADA"" PELA AJUDA DO CONTRIBUINTE EUROPEU... Mas com ajuda financeira desse volume, até eu queria.... qualquer idiota comanda um banco de qualquer tamanho quando o prejuízo TEM garantido a recuperação... Ou seja, O CRÉDITO SUIÇO NÃO QUEBROU MAS TÁ PARECENDO UM QUEIJO SUIÇO CHEIO DE GRANDES BURACOS COM GRANDES DESCONFIANÇAS DE QUEM INVESTE... E todo mundo sabe que com um banco à beira da morte, os que tem mais grana lá dentro vão dar um jeito de RETIRAR AOS POUCOS seu capital investido, sem causar estardalhaço para não gerar uma corrida ao banco.... mas a perrenga toda vai estourar na mão de alguém... provavelmente dos mais trouxas... a grana dos contribuintes vai garantir que aos poucos os que tem mais vão conseguir sacar a grana aos custos do suor trabalhador do cidadão comum... SERÁ QUE PORQUE OUTRO BANCO ADQUIRIU O desCRÉDITO SUIÇO ALGUM MILIONÁRIO VAI BOTAR GRANA LÁ DENTRO DE AGORA EM DIANTE ?????"
Cartão de crédito (fora do escopo),_WHHib_xvJ4,Caixinha Turbo da Nubank melhorou #investimentos,Ugz4U8qvzEgkmRkywTp4AaABAg,0,2025-06-26,Gastar mais de 900 reais no cartao e movimentar a conta? Ou tem qje der na caixinha esse valor?
Cartão de crédito (fora do escopo),ADn4VZs6M1k,BANCO NEXT VANTAGENS E DESVANTAGENS! BANCO NEXT vale a pena?,UgyEAQVBGmqfw1PVbWp4AaABAg,0,2020-05-23,A fatura do next tem q pagar sempre msm quando n usa ou só paga quando usar?
Cartão de crédito (fora do escopo),ADn4VZs6M1k,BANCO NEXT VANTAGENS E DESVANTAGENS! BANCO NEXT vale a pena?,UgzakAZqLtbPggGguLd4AaABAg,0,2019-06-21,"To com uma duvida , tenho 1300 de limite de credito , usei 596 em compras parceladas diferentes , tem como eu pagar esses 596 em uma parcela só pra poder liberar o limite ?"
Cartão de crédito (fora do escopo),ADn4VZs6M1k,BANCO NEXT VANTAGENS E DESVANTAGENS! BANCO NEXT vale a pena?,UgyrMTEdXM6nF23MqEt4AaABAg,0,2019-05-27,Alguém.sabe me.dizer como funciona o parcelamento no cartão de crédito do next? Vi um taxa de 15% e não entendi.
Cartão de crédito (fora do escopo),SsZAITSAR6s,Como abrir conta para menor de 18 anos? Como abrir conta no banco sendo menor?,UgzWf5WEUL4x2L1k-xB4AaABAg,0,2020-06-30,"No banco inter, tem cartão? Fisico? Que chegar em casa?"
Cartão de crédito (fora do escopo),bStv54OaC_8,BANCO NEXT BRADESCO NEXTJOY - CONTA DIGITAL NEXT PARA MENOR | NEXT BANCO PARA MENORES DE 18,UgyIIPMKvXX3D-_Pzi14AaABAg,0,2022-02-16,O cartão è pago?
Cartão de crédito (fora do escopo),sZTGSV55keU,CLICK CONTA para MENORES de 18 anos - BRADESCO CLICK CONTA - Como abrir conta para MENOR DE IDADE?,UgzA-S_UoZdgY0TXbC14AaABAg,0,2024-01-15,Quantos anos pode ter cartão de crédito no click conta
Começar a investir e juros compostos,aDL4MMF6AnE,Pra ficar rico você só precisa de 1 centavo #investimentos,UgwmZS2DZlYPDGFmkvd4AaABAg,88,2025-08-12,"É possível comprovar fazendo uma progressão geométrica. Acontece da seguinte forma: a1 é o termo inicial que no nosso caso é 1 centavo. Sendo assim a1=1 A fórmula canónica é a seguinte an=a1×r^(n-1) Onde: an--> é o enésimo termo r--> é a razão ^--> indica potenciação Obs: podemos notar que não é uma progressão aritmética, pois a cada dia se multiplica o valor total por 2 e não se soma. Sendo assim teremos que: a1= 1 a2= 2 a3= 4 O que significa que a razão é 2. Para verificar basta pegar um termo e dividir pelo seu antecessor. Tipo--> a2÷a1 ou a3÷a2 Isso significa que já temos o termo inicial a1 que equivale a 1, temos a razão que é 2, e sabemos que o nosso objetivo é calcular o valor total no final de 31 dias. O 31 será o nosso n. Seguindo a fórmula an=a1×r^(n-1) Onde: n= 31 r= 2 a1= 1 Teremos: a31= 1×2^(31-1) a31= 1×2^30 Ou seja: a31= 1×1.073.741.824 a31= 1.073.741.824 Esse é o resultado final em centavos. Se 1R$=100 centavos Pra voltar nos reais, temos que dividir centavos por 100, ok ? Sendo assim, o valor final em reais fica: 10.737.418,24 R$ --> esse é o valor final. Valeu por ler até aqui guerreiro 🫡"
Começar a investir e juros compostos,aDL4MMF6AnE,Pra ficar rico você só precisa de 1 centavo #investimentos,Ugyfd8TrVzRLd5uQnqx4AaABAg,16,2025-06-25,"Irmão, não é apenas ""se você dobrar"", para isso acontecer você tem que ter o dinheiro para fazer essa ""dobra"", é sobre TER e não sobre QUERER FAZER! Dá onde irá sair o dinheiro dessa dobra? Você concorda que quem tem esse dinheiro não precisa nem usar essa estratégia???"
Começar a investir e juros compostos,SsZAITSAR6s,Como abrir conta para menor de 18 anos? Como abrir conta no banco sendo menor?,UgzZQDym6ZlloKAzf-N4AaABAg,8,2020-06-07,Poderia falar mais sobre os juros composto? Ótimo canal japonês 👍
Começar a investir e juros compostos,tbKsF2qyakU,Quanto tempo demora para juntar 1 milhão de reais?,UgxU6A1RQXY2Mva6Sth4AaABAg,7,2022-10-09,C é mentiroso em cara.. mil reais por mês eu ajuntando isso em 22anos vou t um milhãokkkk? Não pow. demora 80 anos c eu for ajuntar mil reais por mês pra t um milhão
Começar a investir e juros compostos,aDL4MMF6AnE,Pra ficar rico você só precisa de 1 centavo #investimentos,Ugyl-BXb5uqqeQCd1Eh4AaABAg,1,2026-01-16,Como dobrar 367 mil reais? Kkkkk
Começar a investir e juros compostos,aDL4MMF6AnE,Pra ficar rico você só precisa de 1 centavo #investimentos,UgzdS550j6CRDxnfx9J4AaABAg,1,2026-01-02,E onde vai achar tanto dinheiro pra dobrar?
Começar a investir e juros compostos,aDL4MMF6AnE,Pra ficar rico você só precisa de 1 centavo #investimentos,Ugw-VPLXHoFBkAmpQFV4AaABAg,1,2025-08-03,"Se 1 Centavo vira 10 milhões, r$ 1 vira 1Bilhão?"
Começar a investir e juros compostos,aDL4MMF6AnE,Pra ficar rico você só precisa de 1 centavo #investimentos,Ugz6RfClDF23ApDIiUV4AaABAg,1,2025-07-22,"Tá, dobrar um centavo em que? No rolo compressivo ou pode ser na marretada mesmo? 📚✅✅🤣"
Começar a investir e juros compostos,aDL4MMF6AnE,Pra ficar rico você só precisa de 1 centavo #investimentos,UgxExOERQFlbt449Oy94AaABAg,1,2025-05-07,"MEU DEUS , EU ADORO ESSE PAPO COACH , 1 CENTAVO VIRA 10 MILHÕES , SE VOCÊ TEM CELULAR E AINDA NÃO É MILIONÁRIO? ALGO ESTA ERRADO. PABLO MARÇAL FALA : QUER GANHAR 1MILHÃO ARRUME UM PRODUTO DE 1MIL REAIS E VENDA PRA MIL PESSOAS , KKKĶ . TUDO É SIMPLES COMPRE O NOSSO CURSO.😂"
Começar a investir e juros compostos,aDL4MMF6AnE,Pra ficar rico você só precisa de 1 centavo #investimentos,UgwCes8RfmvGX7xASjp4AaABAg,1,2025-05-07,Tenho 1 centavos e já faz mais d 2 anos e não virou nada 😢 alguém pode explicar?
Começar a investir e juros compostos,aDL4MMF6AnE,Pra ficar rico você só precisa de 1 centavo #investimentos,UgztxLNWg6FYklgx3JF4AaABAg,0,2026-09-17,"Tá, mas como dobrar ?"
Começar a investir e juros compostos,aDL4MMF6AnE,Pra ficar rico você só precisa de 1 centavo #investimentos,Ugw_Qm8tnK9jRf4BLRh4AaABAg,0,2026-09-14,"Como dobrar? Eu até hoje não aprendi dobrar água, nem ar, nem fogo, nem terra e nem dinheiro, se alguém souber dobrar dinheiro me avisa."
Começar a investir e juros compostos,aDL4MMF6AnE,Pra ficar rico você só precisa de 1 centavo #investimentos,UgxJsGUNxtBGqpuL3i14AaABAg,0,2026-09-07,Você tem 5 milhões no dia 30 para dobrar?
Começar a investir e juros compostos,aDL4MMF6AnE,Pra ficar rico você só precisa de 1 centavo #investimentos,UgxtSCzOjSDkt6RWF0x4AaABAg,0,2026-08-30,Qual é o local que eu vou investir para ganhar esse juros compostos
Começar a investir e juros compostos,aDL4MMF6AnE,Pra ficar rico você só precisa de 1 centavo #investimentos,Ugy0OG-z205TCgN4xcZ4AaABAg,0,2026-08-30,Como se fosse possível lucrar com 1 centavo de incestimento que não compra nem um chiclete!e também como se fosse possível ter uma evolução Perfeitamente constante!
Começar a investir e juros compostos,aDL4MMF6AnE,Pra ficar rico você só precisa de 1 centavo #investimentos,UgwpRGjQL1hKncoaRb94AaABAg,0,2026-08-14,Mas como dobrar todo dia?
Começar a investir e juros compostos,aDL4MMF6AnE,Pra ficar rico você só precisa de 1 centavo #investimentos,Ugy-tJHvTv1HBIJ0zWJ4AaABAg,0,2026-07-29,"MAIS E QUANDO CHEGASE EM UM VALOR ALTO, COMO EU IA DOBRAR?"
Começar a investir e juros compostos,aDL4MMF6AnE,Pra ficar rico você só precisa de 1 centavo #investimentos,Ugx_fmtWC3_bWDQKGxl4AaABAg,0,2026-07-02,"Como que em 10 dias eu tenho 5,12 reais, e em 31 dias eu tenho 10 milhões? 30 dias são 10x3, ou seja, 5,12 X 3, que dá no resultado de 15,36 reais, mais 1 centavo do dia 31, que dá no resultado de 15,37 reais, que passa totalmente longe do objetivo alcançado do vídeo, que são 10 MILHÕES."
Começar a investir e juros compostos,aDL4MMF6AnE,Pra ficar rico você só precisa de 1 centavo #investimentos,UgxNcd1Oq3z6pDAyy1Z4AaABAg,0,2026-06-18,Quando chegar em cinco reais ai já tem que dobrar que é dez reais.
Começar a investir e juros compostos,aDL4MMF6AnE,Pra ficar rico você só precisa de 1 centavo #investimentos,UgyslsHspVvbL05_lIJ4AaABAg,0,2026-06-17,Como vc dobra um centavo? Kkk
Começar a investir e juros compostos,aDL4MMF6AnE,Pra ficar rico você só precisa de 1 centavo #investimentos,UgzXAWvIMYE8Ixc9T0J4AaABAg,0,2026-06-12,Como que faz dobrar kkk
Começar a investir e juros compostos,aDL4MMF6AnE,Pra ficar rico você só precisa de 1 centavo #investimentos,UgxwLzZFQFN8TcJiP914AaABAg,0,2026-06-12,E como dobraria esse 1 centavos?
Começar a investir e juros compostos,aDL4MMF6AnE,Pra ficar rico você só precisa de 1 centavo #investimentos,UgyDQ70t51jwgvc1Rr14AaABAg,0,2026-06-05,"Nem centavos existem mais hoje,como que farei isso?humm"
Começar a investir e juros compostos,aDL4MMF6AnE,Pra ficar rico você só precisa de 1 centavo #investimentos,UgxuRRn-xJk9fjkDDBJ4AaABAg,0,2026-05-23,Agr como dobrar?
Começar a investir e juros compostos,aDL4MMF6AnE,Pra ficar rico você só precisa de 1 centavo #investimentos,Ugz0-_utTbjEZiD-Sod4AaABAg,0,2026-05-15,Me fale em qual aplicação eu consigo multiplicar um centavo em 31 dias e virar 10 milhões?
Começar a investir e juros compostos,aDL4MMF6AnE,Pra ficar rico você só precisa de 1 centavo #investimentos,Ugyg4s8FvLpEa8KSgsJ4AaABAg,0,2026-04-27,"1 centavo por dias vai dar em 31 dias 10 milhões? Que lógica é essa? Não tem sentido,se fosse tão fácil assim ninguém era pobre"
Começar a investir e juros compostos,aDL4MMF6AnE,Pra ficar rico você só precisa de 1 centavo #investimentos,Ugy-hVG0nxT5pOYWe6x4AaABAg,0,2026-04-14,Agora me explica onde tiro dinheiro pra dobrar meu dinheiro ? Qual sistema
Começar a investir e juros compostos,aDL4MMF6AnE,Pra ficar rico você só precisa de 1 centavo #investimentos,UgzV15yg25WV25TwsjN4AaABAg,0,2026-04-09,TEM UM CENTAVO?
Começar a investir e juros compostos,aDL4MMF6AnE,Pra ficar rico você só precisa de 1 centavo #investimentos,UgzG_b6OD1Uz_7e0klN4AaABAg,0,2026-04-08,ok; e como dobrar esse dito centavo?!?!?!??!
Começar a investir e juros compostos,aDL4MMF6AnE,Pra ficar rico você só precisa de 1 centavo #investimentos,UgxUu-gnTyDD0_ht5E94AaABAg,0,2026-04-05,"cada vez que dobra, os centavos saem da onde? ah é , do toba."
Começar a investir e juros compostos,aDL4MMF6AnE,Pra ficar rico você só precisa de 1 centavo #investimentos,UgzRAkwYteMtSnh9DQJ4AaABAg,0,2026-03-29,"Como assim, 3 dias 10 milhões de Reais. Vou pedir pros meus parentes 50 centavos, Vou ter Muitos Milhões em 31 dias. É cada uma viu."
Começar a investir e juros compostos,aDL4MMF6AnE,Pra ficar rico você só precisa de 1 centavo #investimentos,UgzFcdqu7lB6OhRULkJ4AaABAg,0,2026-03-21,um centavo?
Começar a investir e juros compostos,aDL4MMF6AnE,Pra ficar rico você só precisa de 1 centavo #investimentos,UgwjFfNWMKNHdUQoVjJ4AaABAg,0,2026-03-11,Onde que 30 dia da 5 reais juntando de 1 centavos 30 centavos lucro de um mês há 1 centavo
Começar a investir e juros compostos,aDL4MMF6AnE,Pra ficar rico você só precisa de 1 centavo #investimentos,UgzSLSsxa52OyiqWHVV4AaABAg,0,2026-03-08,Tá E quais opções existem para se dobrar dinheiro todo dia?
Começar a investir e juros compostos,aDL4MMF6AnE,Pra ficar rico você só precisa de 1 centavo #investimentos,UgyO96ScoDIW8SbmlfF4AaABAg,0,2026-02-19,Ta mais como que eu iria dobrar 5 Bilhões de reais de um dia pro outro?
Começar a investir e juros compostos,aDL4MMF6AnE,Pra ficar rico você só precisa de 1 centavo #investimentos,Ugz_WJashFh0PiKDnsh4AaABAg,0,2026-02-14,"Esses caras pensam que todos que assistem tem demência! Ele pode ter essa grana pra dobrar! e a maioria, vai achar essa grana aonde😂😂?"
Começar a investir e juros compostos,aDL4MMF6AnE,Pra ficar rico você só precisa de 1 centavo #investimentos,Ugy1uqq44Da4ehxFjDN4AaABAg,0,2026-01-09,Como dobrar uma moeda?
Começar a investir e juros compostos,aDL4MMF6AnE,Pra ficar rico você só precisa de 1 centavo #investimentos,UgwUo7lk4Ev0BucpEVd4AaABAg,0,2026-01-02,"😂😂😂 É fácil! É só comprar o meu curso:"" Milionários no futebol "". Eu vou ensinar como você consegue fazer um centavo, virar 10 milhões de reais em 31 dias. Eu vou te passar o segredo que só os magos sabem, para você ganhar 31 jogos com a odd 2.0. Vem comigo 😂😂 Como tem charlatão no marketing digital 😂. Como estes caras conseguem dormir tranquilamente?"
Começar a investir e juros compostos,aDL4MMF6AnE,Pra ficar rico você só precisa de 1 centavo #investimentos,UgyqDMSvuzVs-03P-bV4AaABAg,0,2025-12-07,"Agora como dobrar dinheiro todo dia sem depender de oferta, demanda e liquidez?"
Começar a investir e juros compostos,aDL4MMF6AnE,Pra ficar rico você só precisa de 1 centavo #investimentos,UgyoSyvUb5VjxzFbBld4AaABAg,0,2025-12-07,"Certo parece muito simples, mas como eu consigo dobrar todos os dias o valor?"
Começar a investir e juros compostos,aDL4MMF6AnE,Pra ficar rico você só precisa de 1 centavo #investimentos,UgzrrizAzzYMV88TGNJ4AaABAg,0,2025-11-20,Como assim virar 1 centavo virar 31 dias 10 mil
Começar a investir e juros compostos,aDL4MMF6AnE,Pra ficar rico você só precisa de 1 centavo #investimentos,Ugxf8ANCnG33H42B3lh4AaABAg,0,2025-11-16,"Po, então se eu começar com mil reais, em 3 meses eu tenho todo o dinheiro do mundo, isso?"
Começar a investir e juros compostos,aDL4MMF6AnE,Pra ficar rico você só precisa de 1 centavo #investimentos,UgxlIj_Tq6TzqB7x3oB4AaABAg,0,2025-09-18,"Ok, agora como dobrar esses valores???"
Começar a investir e juros compostos,aDL4MMF6AnE,Pra ficar rico você só precisa de 1 centavo #investimentos,UgwOvrk6i0Xeuq3RLKB4AaABAg,0,2025-09-04,"Dobrar 1 centavos tudo bem... Mas é o valor dobrado né? 10 reais em 1 dia, 20 no outro, 40 no outro, 80, no outro.... Uns 5 dias depois você tem de dobrar 5 milhões kkkkkk"
Começar a investir e juros compostos,aDL4MMF6AnE,Pra ficar rico você só precisa de 1 centavo #investimentos,Ugziblg7C07HzN_N0Sd4AaABAg,0,2025-09-01,"Que fácil, não! É só dobrar todo dia?"
Começar a investir e juros compostos,aDL4MMF6AnE,Pra ficar rico você só precisa de 1 centavo #investimentos,UgwOKZQWJc3buxYsgfJ4AaABAg,0,2025-08-30,Onde boto esse centavos?
Começar a investir e juros compostos,aDL4MMF6AnE,Pra ficar rico você só precisa de 1 centavo #investimentos,UgxXMQP9oCalbZlOdZJ4AaABAg,0,2025-08-29,😂😂😂😂 isso é lenda p enganar trouxa! Como dobrar tds os dias????? Nem o mais gênio consegue ser tão acertivo!!!
Começar a investir e juros compostos,aDL4MMF6AnE,Pra ficar rico você só precisa de 1 centavo #investimentos,UgxqR4cA21tKQa0g1P54AaABAg,0,2025-08-29,"É apenas hum centavo, qual é a sua desculpa para não se tornar um milionário ... ???"
Começar a investir e juros compostos,aDL4MMF6AnE,Pra ficar rico você só precisa de 1 centavo #investimentos,UgwKJHOzi9vM2dviAtd4AaABAg,0,2025-08-28,"Como vou fazer em 31 dias 10 milhões de reais , se dez dias 5,12 vamos lá 10,24 - 20,48=,40,96= 81,92 =em 20 dias dobrando o valor é igual a R$ 5,242,88 agora se vc dobrar esse valor ao dia dará R$ 10,737,418,24 centavos em 31 dias de fato, agora como vc vai dobrar esse valor ao dia ."
Começar a investir e juros compostos,aDL4MMF6AnE,Pra ficar rico você só precisa de 1 centavo #investimentos,UgzUaw9pS-ERAoeyKgd4AaABAg,0,2025-08-18,"Beleza, e quando eu tiver com R$5.242,68 como é que eu vou dobrar essa merda?"
Começar a investir e juros compostos,aDL4MMF6AnE,Pra ficar rico você só precisa de 1 centavo #investimentos,UgyoknCP5X8jcA51l5V4AaABAg,0,2025-08-18,"Você sabia que se existisse alguém ganhando mil reais por dia, todos os dias desde o 1⁰ dia do ano 1, até hoje, mesmo sem gastar 1 centavos juntaria cerca de 740 milhões de reais... e mesmo assim existe bilionários... estranho o quanto a especulação faz diferença né?"
Começar a investir e juros compostos,aDL4MMF6AnE,Pra ficar rico você só precisa de 1 centavo #investimentos,UgwQCjhFxppxGny0bL94AaABAg,0,2025-08-16,"E se ao invés fazer com 1 centavo fizer com 100,00 reais? É melhor não é?"
Começar a investir e juros compostos,aDL4MMF6AnE,Pra ficar rico você só precisa de 1 centavo #investimentos,UgxPYycBi7I5DTFUoNp4AaABAg,0,2025-08-15,"Nada a ver isso, dobrar centavos? Moeda é muito dura pra essas coisa, deslike 👎"
Começar a investir e juros compostos,aDL4MMF6AnE,Pra ficar rico você só precisa de 1 centavo #investimentos,UgyGuyzjm3D5gVYzhlR4AaABAg,0,2025-08-14,como vou conseguir 1 centavo?? nem faz mais essa moeda
Começar a investir e juros compostos,aDL4MMF6AnE,Pra ficar rico você só precisa de 1 centavo #investimentos,UgyAutUv6uOg2ohzG9R4AaABAg,0,2025-08-14,Então vou começar ja com $100 reais… agora como faço pra dobrar? Kkkkk
Começar a investir e juros compostos,aDL4MMF6AnE,Pra ficar rico você só precisa de 1 centavo #investimentos,UgzsRfYXPnIz1t5scv14AaABAg,0,2025-08-12,Gente posso usar alguma ferramenta pra dobrar? Pq na mão não vai
Começar a investir e juros compostos,aDL4MMF6AnE,Pra ficar rico você só precisa de 1 centavo #investimentos,UgxmUTzHgKA8TUasjoB4AaABAg,0,2025-08-12,"Gente, estão criticando o cara, mas qual o contexto dessa fala? Não vejo ele falando que tu consegue duplicar capital. O povo fica criticando através de um corte. Essa brincadeira de duplicar 1 centavo existe desde muito tempo, ninguém iria utilizar isso para fazer uma propaganda de investimento."
Começar a investir e juros compostos,aDL4MMF6AnE,Pra ficar rico você só precisa de 1 centavo #investimentos,Ugyi3RtNQRWffZtzXj14AaABAg,0,2025-08-10,"no cálculo tudo é interessante. Se 1 milhão de pessoas perderem 1 real pra você, você tá com 1 milhão de reais. Legal né ? Mas como que tu faz isso ?"
Começar a investir e juros compostos,aDL4MMF6AnE,Pra ficar rico você só precisa de 1 centavo #investimentos,UgwzvqJf4p1gGEZO-Md4AaABAg,0,2025-08-09,Rapaz! Como tem gente que adora falar merda na internet e se pagar de guru!!! Dobrar o capital TODOS OS DIAS?!? Esse sujeito tá dando muito golpe hein!
Começar a investir e juros compostos,aDL4MMF6AnE,Pra ficar rico você só precisa de 1 centavo #investimentos,UgxWWZGDXf_bl8O9DQ14AaABAg,0,2025-08-03,"O que ele falou é certo, o problema é conseguir fazer esse lucro dobrar sempre, 100% de lucro todo dia na teoria é fácil...Mas na prática..."
Começar a investir e juros compostos,aDL4MMF6AnE,Pra ficar rico você só precisa de 1 centavo #investimentos,UgwBsGKIRBvJjKsNk4d4AaABAg,0,2025-08-03,kkkk quem vai dobrar o teu centavo????? que besteira do caralho
Começar a investir e juros compostos,aDL4MMF6AnE,Pra ficar rico você só precisa de 1 centavo #investimentos,UgzE7uYbQpzdxgVnkMR4AaABAg,0,2025-07-20,Como dobrar td isso hahahaa engana mais
Começar a investir e juros compostos,aDL4MMF6AnE,Pra ficar rico você só precisa de 1 centavo #investimentos,UgyVSj9BJmfobLFeG-p4AaABAg,0,2025-07-20,"Então eu irei dobrar 1 real todo dia, mas tem que ser o mesmo real?"
Começar a investir e juros compostos,aDL4MMF6AnE,Pra ficar rico você só precisa de 1 centavo #investimentos,Ugwwm6YWcR9rZC0kYt94AaABAg,0,2025-07-13,Tem que começar com 1 centavo? Não pode ser com satoshis de Kwanza? Ksksksksksks
Começar a investir e juros compostos,aDL4MMF6AnE,Pra ficar rico você só precisa de 1 centavo #investimentos,UgxMCRb152wg3rmTHeF4AaABAg,0,2025-07-13,"E 1% ao dia, vcs acham que dá? 100 reais a 1% ao dia investidos por 1.000 dias se torna 1 milhão."
Começar a investir e juros compostos,aDL4MMF6AnE,Pra ficar rico você só precisa de 1 centavo #investimentos,UgwjBY0ze52Mc-h1tb94AaABAg,0,2025-06-26,Onde eu consigo um centavo?
Começar a investir e juros compostos,aDL4MMF6AnE,Pra ficar rico você só precisa de 1 centavo #investimentos,Ugzc8iq4jHcpZUjidxx4AaABAg,0,2025-06-17,Como q dobra 1 centavo em e quem paga por uma moeda dobrada
Começar a investir e juros compostos,aDL4MMF6AnE,Pra ficar rico você só precisa de 1 centavo #investimentos,UgzgKPVT1-FKwXYwpTt4AaABAg,0,2025-06-16,"Português nao é pra amadores. Não se trata de dobrar a moeda mas seu valor como dinheiro Não seria mais inteligente ""começar dobrando uma nota de US$ 100 ?"
Começar a investir e juros compostos,aDL4MMF6AnE,Pra ficar rico você só precisa de 1 centavo #investimentos,UgztN7GWVAYhCOWHiH14AaABAg,0,2025-06-12,Quem sera que compra os centavos amassados?Se eu soubesse eu iria começar a amssa-los hoje.
Começar a investir e juros compostos,aDL4MMF6AnE,Pra ficar rico você só precisa de 1 centavo #investimentos,UgwFwmzxnkxVMaQa0Dx4AaABAg,0,2025-06-07,Eu tenho 1.000 como que eu faço pra dobrar amanha..?
Começar a investir e juros compostos,aDL4MMF6AnE,Pra ficar rico você só precisa de 1 centavo #investimentos,UgzdQdlw8UWO5gtN_f54AaABAg,0,2025-06-04,"Esse conceito a maioria de nós já conhece, o problema mesmo é dobrar a moeda.😂 Mas falando a sério, tirar 1 centavo não é problema, o problema são 100, 200, 1000, 3000. Como é de onde tiraremos?"
Começar a investir e juros compostos,aDL4MMF6AnE,Pra ficar rico você só precisa de 1 centavo #investimentos,UgymtYzkVnc-OUWFeep4AaABAg,0,2025-06-01,E como dobrar? 😂
Começar a investir e juros compostos,aDL4MMF6AnE,Pra ficar rico você só precisa de 1 centavo #investimentos,UgyqHkHUqm8O1ND4Ezp4AaABAg,0,2025-05-31,"DEZ MILHÕES DE CENTAVOS NÉ?? VAMOS LÁ, QUERO VER MOTIVAÇÃO 👍😪😪"
Começar a investir e juros compostos,aDL4MMF6AnE,Pra ficar rico você só precisa de 1 centavo #investimentos,UgynyItAMAoj-Emz-yZ4AaABAg,0,2025-05-30,"""... Dobrar um centavo todo dia..."" Eu falo ou vocês falam?"
Começar a investir e juros compostos,aDL4MMF6AnE,Pra ficar rico você só precisa de 1 centavo #investimentos,Ugzo4B-ThEVRZkectkZ4AaABAg,0,2025-05-29,Quando chegar em cinco mil? No dia seguinte vc vai ter que ter cinco mil pra dobrar.😢
Começar a investir e juros compostos,aDL4MMF6AnE,Pra ficar rico você só precisa de 1 centavo #investimentos,Ugx8CHGvbJoirJ-wszB4AaABAg,0,2025-05-29,"será que ao invés de 1 centavo posso começar com mil reais, funciona também?"
Começar a investir e juros compostos,aDL4MMF6AnE,Pra ficar rico você só precisa de 1 centavo #investimentos,Ugxb1VdCLi4LDcpyTmt4AaABAg,0,2025-05-29,A pergunta e pq ele nao dobrou os centavos dele?
Começar a investir e juros compostos,aDL4MMF6AnE,Pra ficar rico você só precisa de 1 centavo #investimentos,Ugwda773k7n3KfuKl4J4AaABAg,0,2025-05-25,Conversa de tonto. E o dinheiro pra dobrar? Vai cair do céu? Ou vc manda pra gente?
Começar a investir e juros compostos,aDL4MMF6AnE,Pra ficar rico você só precisa de 1 centavo #investimentos,Ugx639p804NQj5bMFfx4AaABAg,0,2025-05-23,"Oxi, até onde eu sabia não existe mais um centavo? Agora 5 centavos"
Começar a investir e juros compostos,aDL4MMF6AnE,Pra ficar rico você só precisa de 1 centavo #investimentos,Ugypm277Ud2wMcv-ysF4AaABAg,0,2025-05-18,como que vai dobrar uma moeda de metal estúpido
Começar a investir e juros compostos,aDL4MMF6AnE,Pra ficar rico você só precisa de 1 centavo #investimentos,UgwmEAFzjITe5Yx5ogp4AaABAg,0,2025-05-16,"E da onde a pessoa vai tirar centavos todos os dias? Quando o dia X a pessoa ja está guandando o salario inteiro, não comeu, não bebeu, não pagou as contas e não tem como dobras mais o salário pois já chegou no limite que ganha. Melhor juntar mil reais todos os dias vai ficar rico mais rápido, porém de onde vem o dinheiro que vai juntar."
Começar a investir e juros compostos,aDL4MMF6AnE,Pra ficar rico você só precisa de 1 centavo #investimentos,Ugy_thMKKJ3eRPGWBn14AaABAg,0,2025-05-16,Gente q logica idiota kkkk vai dobrar o dinhheiro da onde?? Coisa infantil
Começar a investir e juros compostos,aDL4MMF6AnE,Pra ficar rico você só precisa de 1 centavo #investimentos,Ugw1awA-q55eu48SFVN4AaABAg,0,2025-05-13,"Papel aceita tudo, excel também. E na prática? Como dobrar o capital diariamente? Qual o Santo que faz este milagre?"
Começar a investir e juros compostos,aDL4MMF6AnE,Pra ficar rico você só precisa de 1 centavo #investimentos,UgzWLHzFENUhXO4skQR4AaABAg,0,2025-05-11,Como nunca pensei nisso antes? Eh a fórmula da riqueza eh só dobrar um centavo a cada dia q em 31 dias estarei milionário 😮😮😮😮
Começar a investir e juros compostos,aDL4MMF6AnE,Pra ficar rico você só precisa de 1 centavo #investimentos,UgwuBjkcrqCUOiDHPqB4AaABAg,0,2025-05-09,E como fazer pra dobrar ?
Começar a investir e juros compostos,aDL4MMF6AnE,Pra ficar rico você só precisa de 1 centavo #investimentos,UgxGoPaXK2L4AWJUQcR4AaABAg,0,2025-05-09,Dobrar que jeito no alicate ou na morsa ?
Começar a investir e juros compostos,aDL4MMF6AnE,Pra ficar rico você só precisa de 1 centavo #investimentos,Ugx1_qwTCDQxNHXEOg14AaABAg,0,2025-05-07,A minha pergunta é: como dobrar esse centavo todo dia?
Começar a investir e juros compostos,aDL4MMF6AnE,Pra ficar rico você só precisa de 1 centavo #investimentos,UgzOHWniUk4sw_MD_z14AaABAg,0,2025-05-05,Como iremos dobrar a quantia diariamente?
Começar a investir e juros compostos,aDL4MMF6AnE,Pra ficar rico você só precisa de 1 centavo #investimentos,UgwOmiovRq-u8X6VtFV4AaABAg,0,2025-05-05,Será que pode dobrar com o alicate? Já esta doendo minha mão
Começar a investir e juros compostos,aDL4MMF6AnE,Pra ficar rico você só precisa de 1 centavo #investimentos,UgxWl1zjCDEyriMB3hp4AaABAg,0,2025-05-05,Não e dobrar o centavos e sim dobrar todos os valores ? Tô errado kkkk
Começar a investir e juros compostos,aDL4MMF6AnE,Pra ficar rico você só precisa de 1 centavo #investimentos,UgxVCweJr-pZr16nBGx4AaABAg,0,2025-05-04,"1 centavo por dia. Se eu guardar todos os dias durante 31 dias terei terei 10 milhões, como assim?!😂😂😂 Não entendi 😂"
Começar a investir e juros compostos,aDL4MMF6AnE,Pra ficar rico você só precisa de 1 centavo #investimentos,UgxW2IVHVQM36xo7NQZ4AaABAg,0,2025-05-04,Onde eu aprendo a dobrar centavos? Procuro o avatar ou compro curso na hotmart?
Começar a investir e juros compostos,aDL4MMF6AnE,Pra ficar rico você só precisa de 1 centavo #investimentos,UgwdwaghpddgsehW4054AaABAg,0,2025-05-03,Qual calculadora esse cara usou pra transformar esse saldo todo com centavos
Começar a investir e juros compostos,aDL4MMF6AnE,Pra ficar rico você só precisa de 1 centavo #investimentos,UgyASjRtPFRAEcTHi4p4AaABAg,0,2025-05-03,Como dobrar 1 centavo ?
Começar a investir e juros compostos,aDL4MMF6AnE,Pra ficar rico você só precisa de 1 centavo #investimentos,Ugzpded-A3ohK2K1nRF4AaABAg,0,2025-05-02,Da certo com 10 centavos ?
Começar a investir e juros compostos,aDL4MMF6AnE,Pra ficar rico você só precisa de 1 centavo #investimentos,UgzMvWhyJ-yKhNQmY_N4AaABAg,0,2025-05-02,e quando pra dobrar vc precisar de 500.000?
Começar a investir e juros compostos,aDL4MMF6AnE,Pra ficar rico você só precisa de 1 centavo #investimentos,Ugyurdh122B1unZPzfh4AaABAg,0,2025-05-01,Certo mas é um resultado ilógico. Qual fonte de renda alguém poderia pelo menos dobrar 50 mil de um dia pra o ootro e dobrar 100 mil de um dia ora o outro?
Começar a investir e juros compostos,aDL4MMF6AnE,Pra ficar rico você só precisa de 1 centavo #investimentos,UgxSBUMhEJVC2T_LRxF4AaABAg,0,2025-05-01,E se agente dobrar 1 real todo dia ?
Começar a investir e juros compostos,aDL4MMF6AnE,Pra ficar rico você só precisa de 1 centavo #investimentos,UgxJy63h8_UDr57HLJ54AaABAg,0,2025-05-01,"Alguém sabe o contato dele, vou dar 1 centavo pra ele fazer esse milagre pra mim 😅😅😅"
Começar a investir e juros compostos,aDL4MMF6AnE,Pra ficar rico você só precisa de 1 centavo #investimentos,UgzI6QNd3Q7uobDOlgV4AaABAg,0,2025-05-01,Moço essa mágica funciona com euro tb??? Eu tenho 1 cents e um alicate pra dobrar 1 cents aqui 😂😂😂
Começar a investir e juros compostos,aDL4MMF6AnE,Pra ficar rico você só precisa de 1 centavo #investimentos,Ugy9g4AKT9aqs9zfQ-R4AaABAg,0,2025-05-01,"Parece fácil não é? O problema que você vai ter de dobrar os valores todos os dias, o mesmo é dizer que em alguma altura você terá de dobrar 500 mil reais"
"Conta digital: tarifas, transferências e funcionamento",-b6Jdl4zFKg,Investimento de longo prazo #investimentos,Ugwt3vcWHNptYDyrjcR4AaABAg,28,2025-10-14,"A conta do seu Carlos deixa todas as menininhas apaixonadas !Loucas de amor!A rizada do seu Carlos?Ele rindo e pensando?Ela é tão inocente, achando que vai dar o golpe ,quando na realidade ela é só a número 1000!"
"Conta digital: tarifas, transferências e funcionamento",VWXBzC6-_L0,TRABALHADOR poderá usar até 50% do FGTS em PRIVATIZAÇÃO da ELETROBRÁS (ELET3;ELET6),UgwS8pTam7_yhuxe9bV4AaABAg,9,2022-05-29,"Alguém sabe informar se, no caso a demissão ocorra sem justa causa, a multa rescisória incide apenas sobre o que restou na conta do FGTS ou se ela é aplicada sobre o total, incluindo o valor que está aplicado no fundo de privatização da Eletrobras?"
"Conta digital: tarifas, transferências e funcionamento",1EGx_IxWSbo,QUANTO RENDEU 1 REAL EM BITCOIN NUBANK INVESTIMENTO CRIPTOMOEDA?,UgyvWzjz0Ver2O6u8Vh4AaABAg,6,2022-08-09,"Pelo app da nu comprando bit, eles poderiam mexer no meu saldo da conta, eu ficaria devendo alguma coisa, caso perdesse o valor investido? Ou não teria nada a ver meu saldo com o investimento"
"Conta digital: tarifas, transferências e funcionamento",sZTGSV55keU,CLICK CONTA para MENORES de 18 anos - BRADESCO CLICK CONTA - Como abrir conta para MENOR DE IDADE?,UgzamQQf7Wk1uAMFLkR4AaABAg,6,2021-02-08,"Quando faço 18 anos, o que acontece com a conta?"
"Conta digital: tarifas, transferências e funcionamento",_WHHib_xvJ4,Caixinha Turbo da Nubank melhorou #investimentos,UgyiQG25VLj4DLAwEid4AaABAg,5,2025-11-01,"O que é considerado movimentação? Se eu jogar 900 conto lá e mandar de volta pra minha outra conta, movimentei 900?"
"Conta digital: tarifas, transferências e funcionamento",SsZAITSAR6s,Como abrir conta para menor de 18 anos? Como abrir conta no banco sendo menor?,Ugy_jI3KND3xIio8Cep4AaABAg,5,2020-05-27,"Vou fazer um cadastro para Jovem Aprendiz,Mais para isso preciso de ter uma conta e agência,ESSA da?"
"Conta digital: tarifas, transferências e funcionamento",V68Hd157uac,NEXT JOY cartão - NÃO cometa esse ERRO com seu filho! NEXT JOY banco digital para menor de 18 anos,Ugyp17R3Xgw_35EiS_x4AaABAg,5,2022-10-07,"Mano, eu tenho uma conta no next Joy, e vou fazer 18 ainda esse ano, vou poder usar next normal com a mesma conta?"
"Conta digital: tarifas, transferências e funcionamento",V68Hd157uac,NEXT JOY cartão - NÃO cometa esse ERRO com seu filho! NEXT JOY banco digital para menor de 18 anos,UgwGPW3eqCnH2fzYYhR4AaABAg,5,2022-02-05,"Sendo correntista next, posso abrir uma conta joy para meus netos ? ou isso é restrito aos pais ?"
"Conta digital: tarifas, transferências e funcionamento",_WHHib_xvJ4,Caixinha Turbo da Nubank melhorou #investimentos,UgwHGjuXnSaEO2SR6vR4AaABAg,4,2025-05-05,Todo mes tenho que depositar 900 reais mes?
"Conta digital: tarifas, transferências e funcionamento",V68Hd157uac,NEXT JOY cartão - NÃO cometa esse ERRO com seu filho! NEXT JOY banco digital para menor de 18 anos,UgxPTHEc3gi1AGz4i094AaABAg,4,2022-09-28,Fui abrir uma conta next joy e pediu toda hora para eu mandar a foto do documento eu mandava e pedia dnv o por que isso?
"Conta digital: tarifas, transferências e funcionamento",HJRqnCA4ra0,NUBANK INVESTIMENTOS CRIPTOMOEDA VALE A PENA? NUBANK BITCOIN,UgwTRAJlCVc9ffjs1gp4AaABAg,4,2022-07-02,Sera que compensa pela taxa que a nubank cobra ?? Ou por meios de outros apps as taxas são menores ?
"Conta digital: tarifas, transferências e funcionamento",bStv54OaC_8,BANCO NEXT BRADESCO NEXTJOY - CONTA DIGITAL NEXT PARA MENOR | NEXT BANCO PARA MENORES DE 18,UgzpUMVb8juVza-mydp4AaABAg,3,2021-11-30,Como sacar o dinheiro da Nextjoy? Porque não tô conseguindo transferir pra outra conta não tem a Opção
"Conta digital: tarifas, transferências e funcionamento",_TLq_UyTZTI,PIX POR APROXIMAÇÃO NÃO FUNCIONA no IPHONE #pix,UgxLN_lUBi5hCystW4J4AaABAg,2,2025-03-04,Qual a diferença de débito e pix?
"Conta digital: tarifas, transferências e funcionamento",SsZAITSAR6s,Como abrir conta para menor de 18 anos? Como abrir conta no banco sendo menor?,UgxI8-fG-R_9aHEb8PN4AaABAg,2,2020-06-12,"Fala Japa, abri a conta para meu mlk de 7 anos no INter, mas o banco não permite o acesso ao HB, será que fiz algo errado? Só consegui a opção de colocar o dinheirinho do mlk em Fundos!!! Prefiria na ITSA, BBSE ou TRLP kkkkkkkkk Ajuda aeee TIKARIKATICAAAA"
"Conta digital: tarifas, transferências e funcionamento",SsZAITSAR6s,Como abrir conta para menor de 18 anos? Como abrir conta no banco sendo menor?,Ugw7PWDUilU1wS6JuHl4AaABAg,2,2020-03-27,"Não tem muito haver com o video mais, você acha que o site da hotmart deposita o dinheiro das vendas em contas de bancos para menores? É que eu quero investir no marketing digital ja que o jovem aprendiz precisa de bilhões de coisas para conseguir a vaga"
"Conta digital: tarifas, transferências e funcionamento",sZTGSV55keU,CLICK CONTA para MENORES de 18 anos - BRADESCO CLICK CONTA - Como abrir conta para MENOR DE IDADE?,UgzvEGpTfgVprX6RW614AaABAg,2,2022-04-05,"quando eu completar 18 anos, acontece oque com a conta?"
"Conta digital: tarifas, transferências e funcionamento",HJRqnCA4ra0,NUBANK INVESTIMENTOS CRIPTOMOEDA VALE A PENA? NUBANK BITCOIN,UgxrfbWj6DhTlFbcUkt4AaABAg,2,2022-07-01,Quando eu vender o saldo volta pra conta da nubank ou vai ter qui abrir uma carteira de crypto e manda pra poder fazer o processo de saque???
"Conta digital: tarifas, transferências e funcionamento",aDL4MMF6AnE,Pra ficar rico você só precisa de 1 centavo #investimentos,UgyGfYFW85YhiFI2Dn54AaABAg,1,2026-05-09,😮oxi...q conta é essa???
"Conta digital: tarifas, transferências e funcionamento",1EGx_IxWSbo,QUANTO RENDEU 1 REAL EM BITCOIN NUBANK INVESTIMENTO CRIPTOMOEDA?,Ugw6z7H8vtrTQOx0uYZ4AaABAg,1,2022-08-07,"Tem um grupo no Telegram, que ficam que ficam a insistir que façamos um depósito no valor mínimo de R$ 400,00 na bitso garantindo retorno de 4K 🙃🙃. Eu acredito que é golpe, ou existe a possibilidade de ser real esse retorno e digo mais em 8h. PODE ISSO JAPÃO? OU É GOLPE."
"Conta digital: tarifas, transferências e funcionamento",_TLq_UyTZTI,PIX POR APROXIMAÇÃO NÃO FUNCIONA no IPHONE #pix,UgzV_ObFj3P1KEE1_JR4AaABAg,1,2025-03-05,Ué se eu tenho dinheiro pra pagar no pix qual é a diferença de pagar no débito? 😂😂😂😂😂
"Conta digital: tarifas, transferências e funcionamento",ADn4VZs6M1k,BANCO NEXT VANTAGENS E DESVANTAGENS! BANCO NEXT vale a pena?,UgxWP1jLDJ76vysHUWh4AaABAg,1,2020-10-30,E como depositar nele?
"Conta digital: tarifas, transferências e funcionamento",bStv54OaC_8,BANCO NEXT BRADESCO NEXTJOY - CONTA DIGITAL NEXT PARA MENOR | NEXT BANCO PARA MENORES DE 18,UgzsaIrKrQS3YwOrrmt4AaABAg,1,2020-12-11,só consigo receber dinheiro vindo da conta da minha mãe que tem o next ou terceiros podem?
"Conta digital: tarifas, transferências e funcionamento",bStv54OaC_8,BANCO NEXT BRADESCO NEXTJOY - CONTA DIGITAL NEXT PARA MENOR | NEXT BANCO PARA MENORES DE 18,UgwT-bnyd2MRSwtsHqN4AaABAg,1,2020-11-23,Apenas o responsável registrado pode transferir para a conta nextJoy?
"Conta digital: tarifas, transferências e funcionamento",XBJqP2JTkkQ,BARSI ABRIU SUA CARTEIRA DE AÇÕES NA BOLSA DE VALORES #investimentos,Ugz0dMUTKXnyn6Z1IqR4AaABAg,1,2023-02-11,"Tá faltando aí, cadê Santander? E tem mais."
"Conta digital: tarifas, transferências e funcionamento",XBJqP2JTkkQ,BARSI ABRIU SUA CARTEIRA DE AÇÕES NA BOLSA DE VALORES #investimentos,UgwtJhZkVtROSZ1UvQV4AaABAg,1,2023-01-22,"Ué ele vive falando do banco Santander, cadê?"
"Conta digital: tarifas, transferências e funcionamento",V68Hd157uac,NEXT JOY cartão - NÃO cometa esse ERRO com seu filho! NEXT JOY banco digital para menor de 18 anos,Ugw9njdAQUpvYJjfucR4AaABAg,1,2023-01-03,Nao tem pix? Deria ter né
"Conta digital: tarifas, transferências e funcionamento",V68Hd157uac,NEXT JOY cartão - NÃO cometa esse ERRO com seu filho! NEXT JOY banco digital para menor de 18 anos,UgwrMkvyhrxXDwMFeap4AaABAg,1,2022-07-02,Vou conseguir receber reembolso de app de compras? Por exemplo a shopee
"Conta digital: tarifas, transferências e funcionamento",sZTGSV55keU,CLICK CONTA para MENORES de 18 anos - BRADESCO CLICK CONTA - Como abrir conta para MENOR DE IDADE?,UgzgNwUO5iJPpt-C9O94AaABAg,1,2023-02-17,"TEM COMO CADASTRAR O PIX COM ESSE TIPO DE CONTA CORRENTE?! TENTEI, MAS NÃO CONSEGUI...."
"Conta digital: tarifas, transferências e funcionamento",sZTGSV55keU,CLICK CONTA para MENORES de 18 anos - BRADESCO CLICK CONTA - Como abrir conta para MENOR DE IDADE?,Ugx5sBu2ubbA8ulRVrp4AaABAg,1,2023-01-04,"Op,hj em dia quando eu abrir minha conta para menor eu vou ter acesso a minha conta pelo app e poder fazer pix e transferência???"
"Conta digital: tarifas, transferências e funcionamento",CaOGCAsOLvE,BANCO ORIGINAL CARTÃO DE CRÉDITO. BANCO ORIGINAL É BOM? BANCO ORIGINAL TEM ANUIDADE?,Ugzebtn-a3bRiI6n_gV4AaABAg,1,2019-10-30,"Japa, sou de Salvador e gosto dos seus vídeos, o que você acha do Original ? Eu abri e não tô satisfeito de ter que pagar a utilização da conta"
"Conta digital: tarifas, transferências e funcionamento",VWXBzC6-_L0,TRABALHADOR poderá usar até 50% do FGTS em PRIVATIZAÇÃO da ELETROBRÁS (ELET3;ELET6),Ugyn_8L529jgA65kUsd4AaABAg,1,2022-06-01,"""Infelizmente"" você vai ter que abrir uma conta na CAIXA. Infelizmente?"
"Conta digital: tarifas, transferências e funcionamento",VWXBzC6-_L0,TRABALHADOR poderá usar até 50% do FGTS em PRIVATIZAÇÃO da ELETROBRÁS (ELET3;ELET6),UgwVOYrzSxCTBdhHIlp4AaABAg,1,2022-05-29,"Dúvidas, se eu for demitido ?recebo so os 50% que nao investi? Esse valor continua rendendo ? E se daqui 10anos resolver tirar ? Vai voltar pra minha conta fgts ?? Ou recebo na conta corrente ? 🤔🤔"
"Conta digital: tarifas, transferências e funcionamento",VWXBzC6-_L0,TRABALHADOR poderá usar até 50% do FGTS em PRIVATIZAÇÃO da ELETROBRÁS (ELET3;ELET6),UgyiHCIpFv7CSldvfA54AaABAg,1,2022-05-20,Qual o prazo para fazer esse saque ?
"Conta digital: tarifas, transferências e funcionamento",aDL4MMF6AnE,Pra ficar rico você só precisa de 1 centavo #investimentos,UgxlMwXJN0UKTQfKEsN4AaABAg,0,2026-06-11,"🤣 Como assim 1 centavo ""VIRA""? NÃO VIRA NADA kkkk HJ EU DEPOSITO 1 AMANHÃ EU DEPOSITO 2, 4, 8, 16...."
"Conta digital: tarifas, transferências e funcionamento",aDL4MMF6AnE,Pra ficar rico você só precisa de 1 centavo #investimentos,UgzbXgqTP_eD2HjtKSN4AaABAg,0,2026-03-16,"O cara é foda, ele ganha tanto dinheiro que do nada ele decidiu ajudar as pessoas e trabalhar dando cursos e cobrar pelos cursos… ou seja ele tá pensando nele ou no próximo? Se ele já tem tanta grana assim num centavo por dia…. Meu Deus só otário cai nisso"
"Conta digital: tarifas, transferências e funcionamento",aDL4MMF6AnE,Pra ficar rico você só precisa de 1 centavo #investimentos,Ugy0_UaaMDSDAWgWIkR4AaABAg,0,2026-02-13,Que conta é essa hein!?
"Conta digital: tarifas, transferências e funcionamento",aDL4MMF6AnE,Pra ficar rico você só precisa de 1 centavo #investimentos,Ugyz8Puqq7CPTz6ANzV4AaABAg,0,2026-01-24,A conta da Dilma que ele fez?
"Conta digital: tarifas, transferências e funcionamento",aDL4MMF6AnE,Pra ficar rico você só precisa de 1 centavo #investimentos,UgzOYLG_V0YCeDBCVtd4AaABAg,0,2026-01-11,Essa conta tá certa ksks??
"Conta digital: tarifas, transferências e funcionamento",aDL4MMF6AnE,Pra ficar rico você só precisa de 1 centavo #investimentos,UgxwlbO2Pq8E7ubP71B4AaABAg,0,2025-12-05,Te mandar aí mil no pix daqui um mês me manda 1 milhão ?
"Conta digital: tarifas, transferências e funcionamento",aDL4MMF6AnE,Pra ficar rico você só precisa de 1 centavo #investimentos,UgwQA3hvp_eOQ9UhUSF4AaABAg,0,2025-11-09,Que conta é essa???
"Conta digital: tarifas, transferências e funcionamento",aDL4MMF6AnE,Pra ficar rico você só precisa de 1 centavo #investimentos,UgxA7HSgn2uKRR0bV9R4AaABAg,0,2025-11-03,Essa conta tá certa?
"Conta digital: tarifas, transferências e funcionamento",aDL4MMF6AnE,Pra ficar rico você só precisa de 1 centavo #investimentos,UgzHSSlC6QU58uBl5oB4AaABAg,0,2025-10-25,"Ué ksksksk todo dia um centavo, então vc vai depositar o dobro a cada dia? Eu não consigo guardar tudo isso de reais no final do mês não"
"Conta digital: tarifas, transferências e funcionamento",aDL4MMF6AnE,Pra ficar rico você só precisa de 1 centavo #investimentos,Ugzq989iarRcwZLtDel4AaABAg,0,2025-09-25,"Agora eu entendi, agora eu saquei! Fácil demais ficar milionário, como ninguém pensou nisso antes? 🤡"
"Conta digital: tarifas, transferências e funcionamento",aDL4MMF6AnE,Pra ficar rico você só precisa de 1 centavo #investimentos,Ugzk98JtD2vBt0GlVFB4AaABAg,0,2025-07-30,Quando ficar difícil que vai ser na parte de 80reais Ai vc começa a trabalhar por conta 😂😂😂😂
"Conta digital: tarifas, transferências e funcionamento",aDL4MMF6AnE,Pra ficar rico você só precisa de 1 centavo #investimentos,UgwpTZAPRpw1zoNdr9V4AaABAg,0,2025-07-22,Como eu vou dobrar 300 mil no penúltimo? Em 30 dias vc deposita 330 mil e 1 dia vc deposita 660mil e tem milhão....dica boa
"Conta digital: tarifas, transferências e funcionamento",aDL4MMF6AnE,Pra ficar rico você só precisa de 1 centavo #investimentos,Ugw6npz9S25JH1v4XwR4AaABAg,0,2025-07-17,Que conta é essa malukao??
"Conta digital: tarifas, transferências e funcionamento",aDL4MMF6AnE,Pra ficar rico você só precisa de 1 centavo #investimentos,UgxZK9h_IAEeeRKxsAR4AaABAg,0,2025-05-29,Gostaria de saber qual é o Aplicativo?😅😂
"Conta digital: tarifas, transferências e funcionamento",aDL4MMF6AnE,Pra ficar rico você só precisa de 1 centavo #investimentos,UgwIRaZscvdsBQ7uu694AaABAg,0,2025-05-23,"Eu dobro um centavo todos os dias, durante 30 dias, pra pagar os boletos no começo do próximo mês! Será mesmo que estou gastando milhões todo mês?😳"
"Conta digital: tarifas, transferências e funcionamento",aDL4MMF6AnE,Pra ficar rico você só precisa de 1 centavo #investimentos,UgweIH8dAAvY8wJ6Bml4AaABAg,0,2025-05-09,Ki conta é essa?🇺🇸🇧🇷🇺🇸🇧🇷🇺🇸🇧🇷
"Conta digital: tarifas, transferências e funcionamento",aDL4MMF6AnE,Pra ficar rico você só precisa de 1 centavo #investimentos,Ugzr_YGTfmu81YGTRlJ4AaABAg,0,2025-05-04,Então eu teria que depositar 10 milhões no trigésimo primeiro dia pra ter 10 milhões?
"Conta digital: tarifas, transferências e funcionamento",aDL4MMF6AnE,Pra ficar rico você só precisa de 1 centavo #investimentos,Ugx0mk9e38JcHRawaHB4AaABAg,0,2025-05-02,Tem que ser a moeda ou pode ser no pix?
"Conta digital: tarifas, transferências e funcionamento",aDL4MMF6AnE,Pra ficar rico você só precisa de 1 centavo #investimentos,UgzHUJ7VZcbXypARgQV4AaABAg,0,2025-05-02,"Faça a conta, João está guardado 1 centavo todo os dias do mês mais ele dobra o valor a cada dia do mês, então sendo o valor inicial de um centavo no primeiro dia, quanto de valor ele terá em um mês ? Vamos calcular o valor total que João terá em um mês, considerando que ele começa com 1 centavo e dobra o valor todos os dias. *Cálculo do Valor Diário* 1. *Dia 1*: 1 centavo = R$ 0,01 2. *Dia 2*: 2 centavos = R$ 0,02 3. *Dia 3*: 4 centavos = R$ 0,04 4. *Dia 4*: 8 centavos = R$ 0,08 5. *Dia 5*: 16 centavos = R$ 0,16 6. *Dia 6*: 32 centavos = R$ 0,32 7. *Dia 7*: 64 centavos = R$ 0,64 8. *Dia 8*: R$ 1,28 9. *Dia 9*: R$ 2,56 10. *Dia 10*: R$ 5,12 11. *Dia 11*: R$ 10,24 12. *Dia 12*: R$ 20,48 13. *Dia 13*: R$ 40,96 14. *Dia 14*: R$ 81,92 15. *Dia 15*: R$ 163,84 16. *Dia 16*: R$ 327,68 17. *Dia 17*: R$ 655,36 18. *Dia 18*: R$ 1.310,72 19. *Dia 19*: R$ 2.621,44 20. *Dia 20*: R$ 5.242,88 21. *Dia 21*: R$ 10.485,76 22. *Dia 22*: R$ 20.971,52 23. *Dia 23*: R$ 41.943,04 24. *Dia 24*: R$ 83.886,08 25. *Dia 25*: R$ 167.772,16 26. *Dia 26*: R$ 335.544,32 27. *Dia 27*: R$ 671.088,64 28. *Dia 28*: R$ 1.342.177,28 29. *Dia 29*: R$ 2.684.354,56 30. *Dia 30*: R$ 5.368.709,12 31. *Dia 31*: R$ 10.737.418,24 *Valor Total* O valor total que João terá em um mês é de R$ 10.737.418,24. Esse cálculo mostra o poder do crescimento exponencial"
"Conta digital: tarifas, transferências e funcionamento",T956DmDdPDU,BANCO NEXT VALE A PENA? É CONFIÁVEL? COMO FUNCIONA? Tudo sobre o Banco Next,UgxNlp2m_hMK4MkuTuh4AaABAg,0,2020-08-05,É vdd que eles bloqueiam sua conta la sem motivo? Vi um comentario ai em baixo e fiquei com medo de pôr dinheiro la
"Conta digital: tarifas, transferências e funcionamento",T956DmDdPDU,BANCO NEXT VALE A PENA? É CONFIÁVEL? COMO FUNCIONA? Tudo sobre o Banco Next,UgzSvvCRPoIg568bALB4AaABAg,0,2020-05-24,"hello, posso só ficar depositando dinheiro por meio dessa conta ?"
"Conta digital: tarifas, transferências e funcionamento",T956DmDdPDU,BANCO NEXT VALE A PENA? É CONFIÁVEL? COMO FUNCIONA? Tudo sobre o Banco Next,UgzoE7W8x535sEdarkB4AaABAg,0,2019-05-19,Débitos são ilimitados?
"Conta digital: tarifas, transferências e funcionamento",T956DmDdPDU,BANCO NEXT VALE A PENA? É CONFIÁVEL? COMO FUNCIONA? Tudo sobre o Banco Next,UgxJC66xCH8lw-ZMcqB4AaABAg,0,2019-05-07,"Tenho conta no Itaú, primeira conta q fiz kkk, posso abrir uma no Next ? Como fica ?"
"Conta digital: tarifas, transferências e funcionamento",_WHHib_xvJ4,Caixinha Turbo da Nubank melhorou #investimentos,Ugzm3xdmnhjrxZhcnF14AaABAg,0,2025-09-15,Pode resgatar quando quiser? Pq uso a Nubank
"Conta digital: tarifas, transferências e funcionamento",_I5dFQ6mvK0,"NUBANK: NÃO ACEITE SEU PEDACINHO DA NUBANK e NUBANK SOCIOS, ANTES DE VER ESSE VIDEO! IPO NUBANK BDRS",UgwnmUrmOW92IpUur4Z4AaABAg,0,2021-12-08,Boa tarde tentei entrar em contato com o chat Nubank para cancelar mais eles disseram que não pode mais cancelar e agora o que farei ?
"Conta digital: tarifas, transferências e funcionamento",_I5dFQ6mvK0,"NUBANK: NÃO ACEITE SEU PEDACINHO DA NUBANK e NUBANK SOCIOS, ANTES DE VER ESSE VIDEO! IPO NUBANK BDRS",UgyNXyvs9F5AYpsrY_14AaABAg,0,2021-11-21,"E os pensionistas federais,que já são maiores de 65 anos como fica o pedacinho do Nubank?"
"Conta digital: tarifas, transferências e funcionamento",-b6Jdl4zFKg,Investimento de longo prazo #investimentos,UgzypT5WkLIYW2PQNWF4AaABAg,0,2025-10-19,"O que fez ela se apaixonar pelo Sr. Carlos? No auge do amor, ela grita: ""Ai Carlinhos, bota mais, bota tudo...bota tudo na minha conta corrente""."
"Conta digital: tarifas, transferências e funcionamento",_TLq_UyTZTI,PIX POR APROXIMAÇÃO NÃO FUNCIONA no IPHONE #pix,Ugzb7Uo7A9eR6tIfHTF4AaABAg,0,2025-03-12,Qual a diferença entre pix aproximação e débito aproximação meu Deus? Lkkkkkkkkkkkkkkk
"Conta digital: tarifas, transferências e funcionamento",ADn4VZs6M1k,BANCO NEXT VANTAGENS E DESVANTAGENS! BANCO NEXT vale a pena?,Ugxgw4-4QhO7SUHECwR4AaABAg,0,2019-06-14,Aparece no aplicativo na hr a grana q depositei?
"Conta digital: tarifas, transferências e funcionamento",9tn6b8FaE24,NUBANK vs Mercado Pago? #investimentos,UgySy7pFbWrf2Fez78N4AaABAg,0,2026-04-05,"Meu banco é o nubank, Então qual o melhor ?"
"Conta digital: tarifas, transferências e funcionamento",Dx48rShFJr8,A VERDADE sobre A MÁGICA DEPOIS DOS 100 MIL REAIS que NINGUÉM TE CONTA...,UgwBiAi91SDylPlJtTR4AaABAg,0,2024-11-04,"o que ninguém te conta é como deixar esse dinheiro rendendo, de resto é tudo igual."
"Conta digital: tarifas, transferências e funcionamento",SsZAITSAR6s,Como abrir conta para menor de 18 anos? Como abrir conta no banco sendo menor?,UgwST4xNFi3CsWn3B-54AaABAg,0,2020-05-23,por exemplo o meu pai tem dinheiro no mercado pago e para depositar dinheiro precisa ter um monte de informações da para depositar na conta do inter?
"Conta digital: tarifas, transferências e funcionamento",SsZAITSAR6s,Como abrir conta para menor de 18 anos? Como abrir conta no banco sendo menor?,UgyqtXapvrRLYS7rWVJ4AaABAg,0,2020-05-22,onde posso sacar o dinheiro do banco Inter??
"Conta digital: tarifas, transferências e funcionamento",bStv54OaC_8,BANCO NEXT BRADESCO NEXTJOY - CONTA DIGITAL NEXT PARA MENOR | NEXT BANCO PARA MENORES DE 18,Ugwe5aKKJ7UBBBbRMFZ4AaABAg,0,2022-09-08,Qual é melhor a click conta original do Bradesco ou o nextjoy que tmb é do bradesco
"Conta digital: tarifas, transferências e funcionamento",bStv54OaC_8,BANCO NEXT BRADESCO NEXTJOY - CONTA DIGITAL NEXT PARA MENOR | NEXT BANCO PARA MENORES DE 18,UgyX2-zOgvuQga54HLx4AaABAg,0,2021-02-17,conta next recebe dinheiro de qualquer banco e de lotérica também?
"Conta digital: tarifas, transferências e funcionamento",bStv54OaC_8,BANCO NEXT BRADESCO NEXTJOY - CONTA DIGITAL NEXT PARA MENOR | NEXT BANCO PARA MENORES DE 18,Ugx-J6z_XSnViFxjje54AaABAg,0,2021-02-12,Da para depositar e sacar na bet 365?
"Conta digital: tarifas, transferências e funcionamento",bStv54OaC_8,BANCO NEXT BRADESCO NEXTJOY - CONTA DIGITAL NEXT PARA MENOR | NEXT BANCO PARA MENORES DE 18,Ugz836D6G_-k077goxV4AaABAg,0,2021-02-04,Oie! Dá pra depositar na conta nextjoy através do caixa eletrônico?
"Conta digital: tarifas, transferências e funcionamento",V68Hd157uac,NEXT JOY cartão - NÃO cometa esse ERRO com seu filho! NEXT JOY banco digital para menor de 18 anos,UgxUxjorOdGwmnwGNvt4AaABAg,0,2026-01-25,Como fazer o vestimentos pelo banco next
"Conta digital: tarifas, transferências e funcionamento",V68Hd157uac,NEXT JOY cartão - NÃO cometa esse ERRO com seu filho! NEXT JOY banco digital para menor de 18 anos,UgxjGIIPwRxka_ehLmt4AaABAg,0,2024-06-18,Tem pix essa conta infantil ? Receber por pix ou fazer pix ?
"Conta digital: tarifas, transferências e funcionamento",V68Hd157uac,NEXT JOY cartão - NÃO cometa esse ERRO com seu filho! NEXT JOY banco digital para menor de 18 anos,UgyVsgA3LEIffxunQnV4AaABAg,0,2023-04-03,Como aumentar o limite do pix no nextjoy
"Conta digital: tarifas, transferências e funcionamento",V68Hd157uac,NEXT JOY cartão - NÃO cometa esse ERRO com seu filho! NEXT JOY banco digital para menor de 18 anos,UgyTBsUPfOELO_HhD3d4AaABAg,0,2022-07-01,Paga boleto?
"Conta digital: tarifas, transferências e funcionamento",sZTGSV55keU,CLICK CONTA para MENORES de 18 anos - BRADESCO CLICK CONTA - Como abrir conta para MENOR DE IDADE?,UgwGO-1YJKVyENxd8_h4AaABAg,0,2023-01-28,"Aí Japa, acabei de conhecer teu canal, será que dá pra abrir uma conta pela internet agora?"
"Conta digital: tarifas, transferências e funcionamento",sZTGSV55keU,CLICK CONTA para MENORES de 18 anos - BRADESCO CLICK CONTA - Como abrir conta para MENOR DE IDADE?,UgwaeWMG7-M0EAdF7914AaABAg,0,2022-09-05,Posso receber pix?
"Conta digital: tarifas, transferências e funcionamento",sZTGSV55keU,CLICK CONTA para MENORES de 18 anos - BRADESCO CLICK CONTA - Como abrir conta para MENOR DE IDADE?,Ugz55yb7ieanUNwNxyJ4AaABAg,0,2021-06-30,Tem como fazer pix por meio dessa conta?
"Conta digital: tarifas, transferências e funcionamento",sZTGSV55keU,CLICK CONTA para MENORES de 18 anos - BRADESCO CLICK CONTA - Como abrir conta para MENOR DE IDADE?,UgzYDeu6Uo33TOHulwl4AaABAg,0,2020-08-29,A operação dessa conta é 001?
"Conta digital: tarifas, transferências e funcionamento",0kD4_42HV24,ITSA4 O QUE NINGUÉM TE CONTA SOBRE O MOMENTO DAS AÇÕES ITAUSA ITSA4! RESULTADOS ITAUSA.,UgzDorZXobrmecetcdp4AaABAg,0,2020-07-26,E a Liquigás? A Itaúsa não estava no grupo que comprou 49% da empresa?
"Conta digital: tarifas, transferências e funcionamento",uUY9Jh_qnII,COMO INVESTIR NO BANCO NEXT?BANCO NEXT VALE A PENA? BANCO NEXT É BOM?,Ugwrfr2tKgHvkmXbcQB4AaABAg,0,2020-10-15,"Japones, agora o Next ta com investimentos a partir de R$1,00 será que vale a pena em alguma coisa? 15/10/2020"
"Conta digital: tarifas, transferências e funcionamento",4zHZprjxLu4,QUANTO RENDEU 1 REAL em BITCOIN NO MERCADO PAGO?,UgzkjzfwVFrnkOj-XJJ4AaABAg,0,2022-09-30,Estou investindo pelo nubank está certo?
"Conta digital: tarifas, transferências e funcionamento",VWXBzC6-_L0,TRABALHADOR poderá usar até 50% do FGTS em PRIVATIZAÇÃO da ELETROBRÁS (ELET3;ELET6),UgwX5XfUhcPac5j9yPh4AaABAg,0,2022-06-04,"Esse investimento é a longo prazo? E quando for resgatar, volta pra conta do FGTS!? Quais as garantias disso? Sou leigo no assunto!?"
"Conta digital: tarifas, transferências e funcionamento",VWXBzC6-_L0,TRABALHADOR poderá usar até 50% do FGTS em PRIVATIZAÇÃO da ELETROBRÁS (ELET3;ELET6),UgzCgLxycbNm0OJwPqV4AaABAg,0,2022-06-01,"Investir 50% do meu FGTS na Eletrobrás, vai interferir no saque aniversário?!"
Cripto,1EGx_IxWSbo,QUANTO RENDEU 1 REAL EM BITCOIN NUBANK INVESTIMENTO CRIPTOMOEDA?,UgxZt4SyzxxOo3PIhWN4AaABAg,93,2023-05-18,novo em criptomoeda e não entende como isso realmente funciona. Alguém pode me orientar sobre a abordagem certa para investir e obter um bom lucro com o investimento em criptomoeda?
Cripto,4zHZprjxLu4,QUANTO RENDEU 1 REAL em BITCOIN NO MERCADO PAGO?,UgwaLXQHheCTtKcjNEt4AaABAg,20,2022-10-01,Sou novo no comércio. Como posso fazer um investimento mais lucrativo em criptomoedas sem incorrer em grandes perdas?
Cripto,1EGx_IxWSbo,QUANTO RENDEU 1 REAL EM BITCOIN NUBANK INVESTIMENTO CRIPTOMOEDA?,Ugz7LP84gaN1ayk9Sfh4AaABAg,7,2022-09-20,A nubank vai fechar no Brasil quero saber o q vai acontecer com quem comprou cripto moeda nele ?
Cripto,HJRqnCA4ra0,NUBANK INVESTIMENTOS CRIPTOMOEDA VALE A PENA? NUBANK BITCOIN,Ugwt2sn0qFQFKUBrygZ4AaABAg,6,2022-06-30,TEM ALGUMA DIFERENÇA ENTRE O BITCOIN DA NUBANK E UM SITE PRÓPRIO DE COMPRAR BITCOIN?
Cripto,1EGx_IxWSbo,QUANTO RENDEU 1 REAL EM BITCOIN NUBANK INVESTIMENTO CRIPTOMOEDA?,Ugw7fwe5y_i9umpzPt54AaABAg,4,2022-09-22,alguem me responde uma duvida ? tem que comprar a criptomoeda quando ela esta desvalorizada e se vende quando ela ta valorizada ? pra gerar lucro é assim que funciona ?
Cripto,1EGx_IxWSbo,QUANTO RENDEU 1 REAL EM BITCOIN NUBANK INVESTIMENTO CRIPTOMOEDA?,UgxZpWhC_mKqDAxCMAN4AaABAg,3,2022-09-28,Ha taxa para a a venda das criptomoedas?
Cripto,1EGx_IxWSbo,QUANTO RENDEU 1 REAL EM BITCOIN NUBANK INVESTIMENTO CRIPTOMOEDA?,UgwJovsZS5AwKAOnhzl4AaABAg,3,2022-09-22,uma pergunta para alguém me ajudar:vale a pena comprar bitcoin no picpay?
Cripto,HJRqnCA4ra0,NUBANK INVESTIMENTOS CRIPTOMOEDA VALE A PENA? NUBANK BITCOIN,UgyskXi9_MXP2kpm3SF4AaABAg,3,2022-07-01,"O canal USECRIPTO fala que não tem nenhuma vantagem em investir cripto moedas pela nubank, esse fala q é muito bom ter um app q vc consiga investir com tão pouco kkkkkk eu querendo tirar minha dúvida, fiquei mais ainda kkkkkkkkk nubank vale a pena ou não ?"
Cripto,4zHZprjxLu4,QUANTO RENDEU 1 REAL em BITCOIN NO MERCADO PAGO?,UgwPCJDBKJZ2GevwRSJ4AaABAg,3,2023-02-28,"olá, sou novo em criptomoeda e não entendo como realmente funciona. Alguém pode me orientar sobre a abordagem correta para investir e obter bons lucros com o investimento em criptomoeda?"
Cripto,4zHZprjxLu4,QUANTO RENDEU 1 REAL em BITCOIN NO MERCADO PAGO?,UgzXemxQQGGh4abbk8p4AaABAg,3,2022-11-26,E o valor d.bitcoin em tempo real? Como fazemos pra investir no mercado pago se dizem q lá está c atraso de 5 dias na atualização
Cripto,HJRqnCA4ra0,NUBANK INVESTIMENTOS CRIPTOMOEDA VALE A PENA? NUBANK BITCOIN,UgwdALHb1h9qPqM8csF4AaABAg,2,2022-11-11,"√Por favor, como posso fazer um investimento lucrativo, já que a criptomoeda se tornou dominante?"
Cripto,QjiF99_cINk,5 ETFs AMERICANOS que PAGAM DIVIDENDOS MENSAIS (NÃO É O ETF da NUBANK),UgxOqi094BpnE-ziKmR4AaABAg,1,2024-02-20,Boa noite mais um inscrito . Uma pergunta comprar ETFS de Bitcoin é uma boa ideia???
Cripto,HJRqnCA4ra0,NUBANK INVESTIMENTOS CRIPTOMOEDA VALE A PENA? NUBANK BITCOIN,Ugw8VIVmUls-223ewkh4AaABAg,1,2022-07-07,Comprei 1 real de bitcoin na nubank pra ver no que vai dar oq vcs acham?
Cripto,HJRqnCA4ra0,NUBANK INVESTIMENTOS CRIPTOMOEDA VALE A PENA? NUBANK BITCOIN,Ugx0bCra4cM_gvEK9Ph4AaABAg,1,2022-06-29,BTC ou NU?
Cripto,PoY4WqA1k5Q,RECESSÃO GLOBAL ECONÔMICA 2023 VAI PEGAR TODO MUNDO!,UgxsOlodL4PtdKOsWtl4AaABAg,0,2023-03-11,"A economia americana em vertigem.kkk e o fim do imperialismo americano.kkk já faz um tempo que só invisto na ssec Shanghai.kkk e a China adotará as criptomoedas,esse sera o golpe final;ou os eua irão entrar em uma guerra com a China?"
Cripto,1EGx_IxWSbo,QUANTO RENDEU 1 REAL EM BITCOIN NUBANK INVESTIMENTO CRIPTOMOEDA?,UgwxHc3cwFNF0knt8yJ4AaABAg,0,2022-11-28,"Gente, paguei só 1 real. Eu vou perder dinheiro enquanto estiver com a criptomoeda, ou só perco dinheiro se eu tentar vender ela?"
Cripto,HJRqnCA4ra0,NUBANK INVESTIMENTOS CRIPTOMOEDA VALE A PENA? NUBANK BITCOIN,UgwmisBn-IiSkgJJsjZ4AaABAg,0,2022-07-19,Quantas moedas eu preciso pra vender os Bitcoins?
Cripto,HJRqnCA4ra0,NUBANK INVESTIMENTOS CRIPTOMOEDA VALE A PENA? NUBANK BITCOIN,UgzXxEQrngjdNBQZi5l4AaABAg,0,2022-07-19,Aonde a nubank comprou os Bitcoin e o que a nubamk ganhar com isso ?
Cripto,HJRqnCA4ra0,NUBANK INVESTIMENTOS CRIPTOMOEDA VALE A PENA? NUBANK BITCOIN,UgwYETUl2QXJlujzwTN4AaABAg,0,2022-07-05,"Bom dia Japão, tenho uma pergunta. Quero fazer um negócio e o comprador quer fazer o pagamento em bitcoins. O que devo fazer? Seria uma boa? O Nubank aceita essa transação? Valeu"
Cripto,4zHZprjxLu4,QUANTO RENDEU 1 REAL em BITCOIN NO MERCADO PAGO?,Ugz8IgMWeM5fgPbUWrp4AaABAg,0,2026-01-14,Como receber o Bitcoin no mercado pago
Dívida pessoal (fora do escopo),PoY4WqA1k5Q,RECESSÃO GLOBAL ECONÔMICA 2023 VAI PEGAR TODO MUNDO!,UgyKw2bB_jBDZ98XYTd4AaABAg,3,2023-03-13,"Tanaka vc fala de quitar as dívidas ..mas se vc tem um financiamento imobiliário a 8,5% +TR e uma LCI 100% do CDI nesse momento pagando 13,65% seria inteligente quitar nesse momento ? Sou da opinião de esperar e se o CDI começar a baixar aí sim resgata a LCI e quita/ amortiza o financiamento…"
Dívida pessoal (fora do escopo),fDUsjBJQmC4,🚨 O AVISO MAIS IMPORTANTE para QUEM INVESTE em FIIs (NÃO IGNORE!),Ugw6XD8cKQocr9Mm1r14AaABAg,2,2025-02-13,"Pelo que entendi além de todos os cuidados para adquirir um fundo tais como , diversificação de imoveis e sua qualidade , idem para inquilinos , baixa nivel de dividas em relação ao patrimonio , bom valor patrimonial , bx vacância , acrescentar o fato que se a liquidez diária for muito alta em relação aos demais FIIs ele está sendo especulados pelos grandes investidores , estou certo ?"
Dívida pessoal (fora do escopo),aDL4MMF6AnE,Pra ficar rico você só precisa de 1 centavo #investimentos,UgyZFX3vyYLi2Q_4qdJ4AaABAg,0,2025-09-05,E se pegar um emprestimo de 100.000 em banco e investir será que da certo ?
Dívida pessoal (fora do escopo),aDL4MMF6AnE,Pra ficar rico você só precisa de 1 centavo #investimentos,UgyaYD1T_gk8xgzOrU54AaABAg,0,2025-05-03,"Alguém pergunta pra ele aonde o povo brasileiro que trabalha pra ganhar salário mínimo e quando digo mínimo é mínimo mesmo e tem filhos ,aluguel ,água , luz comida pra gastar esse salário aonde esse povo vai arrumar todo dia o dinheiro pra ir dobrando assim ? Agora se ele falar que é só pra quem ganha sei lá 10 mil por mês e é solteiro e não tem dividas e mora em casa própria até posso começar acreditar no mais esses caras d finanças quem ganha o dinheiro é eles com vídeos aqui que nós assistimos achando que vamos chegar lá. E eles chega porque vendem cursos ganha no YouTube e tal"
Dívida pessoal (fora do escopo),PoY4WqA1k5Q,RECESSÃO GLOBAL ECONÔMICA 2023 VAI PEGAR TODO MUNDO!,Ugw0axyTRqLrdPUxC0p4AaABAg,0,2023-03-14,"Boa tarde, novo aqui no canal rs, vale a pena investir em renda fixa nos EUA? tirar o dinheiro aqui e enviar para la? nesse momento digo. To dizendo no caso de alguem que esteja com as finanças tudo ok, sem dividas e sobrando dinheiro. Abraços."
Dívida pessoal (fora do escopo),1EGx_IxWSbo,QUANTO RENDEU 1 REAL EM BITCOIN NUBANK INVESTIMENTO CRIPTOMOEDA?,UgxQttFAY7wG-nSIrGh4AaABAg,0,2024-06-24,"Pode-se contrair dívidas por investimento fracassado em usando conta digital, ou o maior prejuízo seria perder o dinheiro investido?"
"ETFs, BDRs e exterior",_I5dFQ6mvK0,"NUBANK: NÃO ACEITE SEU PEDACINHO DA NUBANK e NUBANK SOCIOS, ANTES DE VER ESSE VIDEO! IPO NUBANK BDRS",UgzdMj8sT1Vnkfu8i7Z4AaABAg,8,2021-11-15,"Japa, já que será com luck-up não poderá vender durante 12 meses, mas eu poderei aportar no BDR quando cair na estreia? Rs"
"ETFs, BDRs e exterior",_I5dFQ6mvK0,"NUBANK: NÃO ACEITE SEU PEDACINHO DA NUBANK e NUBANK SOCIOS, ANTES DE VER ESSE VIDEO! IPO NUBANK BDRS",UgzLBjo3-sDql8awwE14AaABAg,7,2021-11-16,Boas! Esse alerta serve também para as BDRs da XP/Itau não é?🤔
"ETFs, BDRs e exterior",PoY4WqA1k5Q,RECESSÃO GLOBAL ECONÔMICA 2023 VAI PEGAR TODO MUNDO!,Ugy754mxsm8w-NS3pp14AaABAg,5,2023-03-11,E agora José? Não sei se perco em real ou em dólar...😭
"ETFs, BDRs e exterior",Y4WHQiKcv1g,DIVIDENDOS MENSAIS: 4 ÚNICOS ETFs que PAGAM MENSALMENTE na B3! (tem ETF pagando 1% a.m.),UgxTL7qSCvZza5WzFUt4AaABAg,3,2025-03-30,"Essa taxa de 1,50 do S&P500 é bem alta não ??"
"ETFs, BDRs e exterior",QjiF99_cINk,5 ETFs AMERICANOS que PAGAM DIVIDENDOS MENSAIS (NÃO É O ETF da NUBANK),Ugy_jrkMe79u3cLZPj54AaABAg,2,2024-02-16,"Um bom para todos,dúvida:Eu posso vender um ETF sem pagar taxas?"
"ETFs, BDRs e exterior",QjiF99_cINk,5 ETFs AMERICANOS que PAGAM DIVIDENDOS MENSAIS (NÃO É O ETF da NUBANK),UgyrF27XHdGcHyJW3Y94AaABAg,2,2023-10-21,"Muito bom o vídeo.👏👏 Para quem está começando, qtos ETFS e Reits é ideal ter na carteira?"
"ETFs, BDRs e exterior",_I5dFQ6mvK0,"NUBANK: NÃO ACEITE SEU PEDACINHO DA NUBANK e NUBANK SOCIOS, ANTES DE VER ESSE VIDEO! IPO NUBANK BDRS",UgzarreYtx8r4hOjJe14AaABAg,1,2021-11-16,"11:15 🤔 Ja ta com o material da IPO em mãos... ??? O anunciado era... US$ 10 e US$ 11 por ação. Já para o BDR, a faixa é entre R$ 9,35 e R$ 10,29... Se acertou na lata amanhã, é porque SIM..."
"ETFs, BDRs e exterior",QjiF99_cINk,5 ETFs AMERICANOS que PAGAM DIVIDENDOS MENSAIS (NÃO É O ETF da NUBANK),UgyXohbMlOuP0XxSS7x4AaABAg,1,2023-12-28,Boa tarde amigo. Qual o site que você usou para fazer as análises dos ETFs?
"ETFs, BDRs e exterior",Y4WHQiKcv1g,DIVIDENDOS MENSAIS: 4 ÚNICOS ETFs que PAGAM MENSALMENTE na B3! (tem ETF pagando 1% a.m.),UgxFWrhNjRRWN5xMD0t4AaABAg,1,2024-12-29,"Desculpe a ignorância, mas existe o risco de eu investir nesses ETFs e caso dê problemas eu além de perder tudo, ainda ficar devendo algum valor?"
"ETFs, BDRs e exterior",Y4WHQiKcv1g,DIVIDENDOS MENSAIS: 4 ÚNICOS ETFs que PAGAM MENSALMENTE na B3! (tem ETF pagando 1% a.m.),UgwC12ba-Xh0jxjHnph4AaABAg,1,2024-11-28,"Fala, Japa Clodovil. Blz irmao? Duvida sincera, tanakão: qual a vantagem em investir em etfs que não pagam dividendos? Eu sinceramente não entendi o lance disso. Tmj e obrigado."
"ETFs, BDRs e exterior",PoY4WqA1k5Q,RECESSÃO GLOBAL ECONÔMICA 2023 VAI PEGAR TODO MUNDO!,UgyaFGmW5rTl8dZurFR4AaABAg,0,2023-04-14,"Então, embora toda essa situação dos Briks, ainda se pode ter uma reserva em dólar? Sem conhecimento profundo, sempre fico sem ter real noção dessas mudanças.😞😞😞"
"ETFs, BDRs e exterior",_I5dFQ6mvK0,"NUBANK: NÃO ACEITE SEU PEDACINHO DA NUBANK e NUBANK SOCIOS, ANTES DE VER ESSE VIDEO! IPO NUBANK BDRS",UgwebgAQfgs2wxJ5kfZ4AaABAg,0,2021-11-19,"Essa BDR vai ficar sob custódia de qual corretora? A que eles adquiriram, a EasyInvest? Ai terei automaticamente uma conta criada nela? Alguém sabe?"
"ETFs, BDRs e exterior",_I5dFQ6mvK0,"NUBANK: NÃO ACEITE SEU PEDACINHO DA NUBANK e NUBANK SOCIOS, ANTES DE VER ESSE VIDEO! IPO NUBANK BDRS",UgwhYkdXlQnvKrXvJrR4AaABAg,0,2021-11-16,Esses BDR's vão gerar dividendos?
"ETFs, BDRs e exterior",QjiF99_cINk,5 ETFs AMERICANOS que PAGAM DIVIDENDOS MENSAIS (NÃO É O ETF da NUBANK),Ugxhi5S3x86Zbh6UT3F4AaABAg,0,2024-12-11,"Boa tarde JP, dúvida, tem ETFs interessantes da Europa?"
"ETFs, BDRs e exterior",QjiF99_cINk,5 ETFs AMERICANOS que PAGAM DIVIDENDOS MENSAIS (NÃO É O ETF da NUBANK),UgyVGjp1-SqG_ED4PfF4AaABAg,0,2024-08-25,"Existe algum ETF, Fundo Imobiliário americano que pague 1% de retorno ao mês igual os FII brasileiros base 10 como MXRF11 e VGHF11 por exemplo?"
"ETFs, BDRs e exterior",QjiF99_cINk,5 ETFs AMERICANOS que PAGAM DIVIDENDOS MENSAIS (NÃO É O ETF da NUBANK),UgzTrf16LHkfQAwzEH54AaABAg,0,2024-07-04,"Coe japa, invisto pela nubank, teria problema abrir uma conta na nomad só para investir em ETFs?"
"ETFs, BDRs e exterior",QjiF99_cINk,5 ETFs AMERICANOS que PAGAM DIVIDENDOS MENSAIS (NÃO É O ETF da NUBANK),Ugy6KzxUnl0pNAAOFGN4AaABAg,0,2024-05-12,Excelente apresentação. Qual é o nome do site que você utilizou para mostrar as informações dos ETFs?
"ETFs, BDRs e exterior",QjiF99_cINk,5 ETFs AMERICANOS que PAGAM DIVIDENDOS MENSAIS (NÃO É O ETF da NUBANK),Ugz5eVYkYc-P0UAnwRR4AaABAg,0,2024-03-15,qual o site vc usa para ver os dados dos etfs?
"ETFs, BDRs e exterior",QjiF99_cINk,5 ETFs AMERICANOS que PAGAM DIVIDENDOS MENSAIS (NÃO É O ETF da NUBANK),UgzmA1jubgmD8qdZjJJ4AaABAg,0,2023-12-15,Qual o ultimo dividendo pago! Dá um exemplo ai de algum etf!
"ETFs, BDRs e exterior",QjiF99_cINk,5 ETFs AMERICANOS que PAGAM DIVIDENDOS MENSAIS (NÃO É O ETF da NUBANK),UgzKiw7O5NqrZm7BuTF4AaABAg,0,2023-12-15,Qual o ultimo dividendo pago! Dá um exemplo ai de algum etf!
"ETFs, BDRs e exterior",QjiF99_cINk,5 ETFs AMERICANOS que PAGAM DIVIDENDOS MENSAIS (NÃO É O ETF da NUBANK),UgxK-PF1NcQqu1cm2ol4AaABAg,0,2023-12-15,Qual o ultimo dividendo pago! Dá um exemplo ai de algum etf!
"ETFs, BDRs e exterior",QjiF99_cINk,5 ETFs AMERICANOS que PAGAM DIVIDENDOS MENSAIS (NÃO É O ETF da NUBANK),UgzAsZQNBuy9reL76HZ4AaABAg,0,2023-12-15,Qual o ultimo dividendo pago! Dá um exemplo ai de algum etf!
Imposto de renda e declaração,fDUsjBJQmC4,🚨 O AVISO MAIS IMPORTANTE para QUEM INVESTE em FIIs (NÃO IGNORE!),UgxljjdDXbrQIElKiDJ4AaABAg,156,2025-02-13,"Po tanaka, a essas horas? A gente compra renda, eu vendi 2 casas em 2019, recebia, 0,4 e 0,35% de yeld em cada uma. Hoje tenho uma carteira de 800 k e recebi em jan 0,99, que paga mais e 0,85 esse mês. A filosofia que vcs fazem não serve pros pequenos. Hoje, do jeito que tá, vc compra tijolo a 1%. Se o rapaz ali tá vendido, comprado, eu tô comprando o máximo que posso. Lembrando o óbvio, minhas casas tinham IPTU, manutenção, vacância e IR."
Imposto de renda e declaração,_I5dFQ6mvK0,"NUBANK: NÃO ACEITE SEU PEDACINHO DA NUBANK e NUBANK SOCIOS, ANTES DE VER ESSE VIDEO! IPO NUBANK BDRS",UgwziBqDSLYBWZWXUyN4AaABAg,22,2021-11-17,"Fala Japa, tudo na paz? Eu sou novo aqui e esse foi p primeiro vídeo seu q assisti e já me amarrei! Só duas perguntas: O fato de declarar não significa q terei q pagar né, mesmo aceitando a doação mesmo assim terei q declarar? E essa questão de reserva, vc acha q valerá apena fazer essa reserva de pelo menos 50,00 p o IPO? Sou novo em investimentos e tô perdido! Grande abraço!"
Imposto de renda e declaração,_I5dFQ6mvK0,"NUBANK: NÃO ACEITE SEU PEDACINHO DA NUBANK e NUBANK SOCIOS, ANTES DE VER ESSE VIDEO! IPO NUBANK BDRS",UgzAqFNhM1WQvZtE3Wx4AaABAg,10,2021-12-08,"Faz um passo a passo de declaração simulada pra genteeeeee! Reservei 150,00 do IPO da Nubank fora o pedacinho que eu ganhei. E agora o que faço eu como um mero mortal neste gigantesco mundo de cálculos e burocracias? Já até salvei seu vídeo nos favoritos pra quando eu tiver que fazer minha primeira declaração de I.R.😱"
Imposto de renda e declaração,_I5dFQ6mvK0,"NUBANK: NÃO ACEITE SEU PEDACINHO DA NUBANK e NUBANK SOCIOS, ANTES DE VER ESSE VIDEO! IPO NUBANK BDRS",UgyYXy4-DJe5qg0qnEF4AaABAg,8,2021-11-15,"Tu acha que vai fugir dessa Japão? Pode preparar aí, queremos o vídeo da declaração no ano de 2023, use alguém aí que só tem a BDR pra declarar, ajuda nois Japão."
Imposto de renda e declaração,4zHZprjxLu4,QUANTO RENDEU 1 REAL em BITCOIN NO MERCADO PAGO?,Ugzp2NFHnMSGUxGWZSp4AaABAg,8,2022-11-05,"Pra investir em Bitcoin pelo mercado pago,precisa declarar imposto de renda?"
Imposto de renda e declaração,_I5dFQ6mvK0,"NUBANK: NÃO ACEITE SEU PEDACINHO DA NUBANK e NUBANK SOCIOS, ANTES DE VER ESSE VIDEO! IPO NUBANK BDRS",UgzfE4X6GLnSq0-4Tb54AaABAg,4,2021-11-21,"E se a pessoa tiver aceitado a BDR, for vender a ação após o período mas não tiver conta na Nuinvest(no caso ela optar por não receber a BDR no final do período, mas sim o valor em dinheiro na Nuconta) ela ainda teria que declarar o DARF??"
Imposto de renda e declaração,_I5dFQ6mvK0,"NUBANK: NÃO ACEITE SEU PEDACINHO DA NUBANK e NUBANK SOCIOS, ANTES DE VER ESSE VIDEO! IPO NUBANK BDRS",UgyTEcQg-hPoVRU2jlV4AaABAg,4,2021-11-15,Vou começar a investir na bolsa ano que vem. Então se eu aceitar a bdr só declaro em 2023?
Imposto de renda e declaração,Y4WHQiKcv1g,DIVIDENDOS MENSAIS: 4 ÚNICOS ETFs que PAGAM MENSALMENTE na B3! (tem ETF pagando 1% a.m.),UgwXj-GonSzgqdCQHR94AaABAg,4,2025-11-10,Na compra desses ETFS ' Eu preciso declarar imposto de renda?
Imposto de renda e declaração,Y4WHQiKcv1g,DIVIDENDOS MENSAIS: 4 ÚNICOS ETFs que PAGAM MENSALMENTE na B3! (tem ETF pagando 1% a.m.),Ugz7bB-oByiaZD7gRzx4AaABAg,3,2024-07-03,Tem REITs Japinha? Será se são mais melhores que fiis aínda que paguem IR?
Imposto de renda e declaração,HJRqnCA4ra0,NUBANK INVESTIMENTOS CRIPTOMOEDA VALE A PENA? NUBANK BITCOIN,UgzjZOfMHiQfiyL9G0R4AaABAg,3,2022-07-02,Comprar dentro do banco é o certo?? Muitos falam para ir nas corretoras
Imposto de renda e declaração,HJRqnCA4ra0,NUBANK INVESTIMENTOS CRIPTOMOEDA VALE A PENA? NUBANK BITCOIN,UgwmBbZcqSJA1Em3EVd4AaABAg,3,2022-07-02,Fica obrigado declarar esses bitcoins se comprar? Mesmo se comprar 1 real
Imposto de renda e declaração,_I5dFQ6mvK0,"NUBANK: NÃO ACEITE SEU PEDACINHO DA NUBANK e NUBANK SOCIOS, ANTES DE VER ESSE VIDEO! IPO NUBANK BDRS",Ugy5upmA77uw5MvhOW54AaABAg,2,2021-11-25,"Qualquer contador está apto fazer a minha declaração no caso de eu ser sócio do Nubank amigão, ou eu devo ir na receita federal?"
Imposto de renda e declaração,_I5dFQ6mvK0,"NUBANK: NÃO ACEITE SEU PEDACINHO DA NUBANK e NUBANK SOCIOS, ANTES DE VER ESSE VIDEO! IPO NUBANK BDRS",Ugz6GAlpmyjly1WwpS94AaABAg,1,2021-11-17,Como declarar pelo celular?
Imposto de renda e declaração,Dx48rShFJr8,A VERDADE sobre A MÁGICA DEPOIS DOS 100 MIL REAIS que NINGUÉM TE CONTA...,Ugx5nd6AmTp-YQVmPcp4AaABAg,1,2024-11-04,"Renda fixa só corrige o valor da inflação e olhe lá, isso não te enriquece. Quer ver o bolo crescer? aumente o valor dos aportes mensais, faça bicos de garçom de sexta e sabado(Em restaurante que pega uma diaria decente), adquira um veiculo popular num leilão, faça uber nas horas vagas, e tbm trabalhe de segunda a sexta. Tire apenas o Domingo de descanso. Mas faça isso somente dos 20 aos 30 anos, quando há saude e energia pra aguentar o tranco. Se fazendo tudo isso vc consegue levantar de 8k a 12k por mês... viva com 3 ou 4k. espirito de escassez mesmo, separe pelo menos 1k para custear seus estudos e invista o resto em bons fundos de IR, titulos de tesouro, ações e fundos que paguem bons dividendos na renda variavel.... não tem outro jeito de chegar no primeiro milhão sendo pobre se não for assim."
Imposto de renda e declaração,QjiF99_cINk,5 ETFs AMERICANOS que PAGAM DIVIDENDOS MENSAIS (NÃO É O ETF da NUBANK),UgyYiQdK0VVMgXL7EyN4AaABAg,1,2024-03-03,"Japa, qual etf não paga dividendos? Queria um de crescimento, mas sem pagar o imposto frequente. Pagar o imposto só qdo vender ."
Imposto de renda e declaração,V68Hd157uac,NEXT JOY cartão - NÃO cometa esse ERRO com seu filho! NEXT JOY banco digital para menor de 18 anos,Ugx7qgPMuxCc5rT1ZOV4AaABAg,1,2022-08-13,Amei o canal. Vou abrir para meu filho. Ele tem 3 anos. E quanto ao IR?
Imposto de renda e declaração,Y4WHQiKcv1g,DIVIDENDOS MENSAIS: 4 ÚNICOS ETFs que PAGAM MENSALMENTE na B3! (tem ETF pagando 1% a.m.),UgyPXD3w3u1aIJ1_sK14AaABAg,1,2025-01-03,Obrigado. Como declarar os dividendos do qqqi11 para a receita?
Imposto de renda e declaração,Y4WHQiKcv1g,DIVIDENDOS MENSAIS: 4 ÚNICOS ETFs que PAGAM MENSALMENTE na B3! (tem ETF pagando 1% a.m.),UgwJd6JWEvT8avI9lgV4AaABAg,1,2024-09-23,Esses 15% que tem que pagar aqui no Brasil já vem descontado ou tem que emitir darf?
Imposto de renda e declaração,HJRqnCA4ra0,NUBANK INVESTIMENTOS CRIPTOMOEDA VALE A PENA? NUBANK BITCOIN,UgwbVe8wW7Oc-51tzkB4AaABAg,1,2022-10-23,"boa tarde japao , eu ia começar juntar dinheiro aos poucos na reserva de emergência, o que você acha de eu ir investindo em criptomoedas , mas seria 100 reais ao mês . vale a pena ? abraços"
Imposto de renda e declaração,HJRqnCA4ra0,NUBANK INVESTIMENTOS CRIPTOMOEDA VALE A PENA? NUBANK BITCOIN,Ugyzc-8ZnHxPMNKAW114AaABAg,1,2022-07-07,Oii eu sou aposentado posso investir nisso? Tenq declara ?
Imposto de renda e declaração,4zHZprjxLu4,QUANTO RENDEU 1 REAL em BITCOIN NO MERCADO PAGO?,UgwpEYJEwUosbE7dRlR4AaABAg,1,2023-01-12,"investir em cripto pelo mercado pago, entra da declaração de IR!?"
Imposto de renda e declaração,PoY4WqA1k5Q,RECESSÃO GLOBAL ECONÔMICA 2023 VAI PEGAR TODO MUNDO!,UgwRt5EHR9pEIh2y80R4AaABAg,0,2023-08-18,"Não entendo que esta acontecendo, show do codplay aqui em Curitiba, duas noites lotado, vespera de feriado congestionamentos para ir ao litoral, bares , restaurantes cheios, Alguém com a flecha da sabedoria acerte a maçã da minha ignorância?"
Imposto de renda e declaração,_I5dFQ6mvK0,"NUBANK: NÃO ACEITE SEU PEDACINHO DA NUBANK e NUBANK SOCIOS, ANTES DE VER ESSE VIDEO! IPO NUBANK BDRS",Ugx1tzJhtcdIcyHiRW94AaABAg,0,2021-12-21,"Acabei de falar com a equipe do nubank referente ao pedacinho gratuito e uma bdr que ofereceram juntamente com o pedacinho no valor de 30 reais, fui informado que, se eu não vender, não preciso pagar imposto de renda de nenhum dos investimentos, só pago depois que eu vender, isso procede?"
Imposto de renda e declaração,_I5dFQ6mvK0,"NUBANK: NÃO ACEITE SEU PEDACINHO DA NUBANK e NUBANK SOCIOS, ANTES DE VER ESSE VIDEO! IPO NUBANK BDRS",UgxBuvp0QWiBpx2yqgB4AaABAg,0,2021-12-21,"Acabei de falar com a equipe do nubank referente ao pedacinho gratuito e uma bdr que ofereceram juntamente com o pedacinho no valor de 30 reais, fui informado que, se eu não vender, não preciso pagar imposto de renda de nenhum dos investimentos, só pago depois que eu vender, isso procede?"
Imposto de renda e declaração,_I5dFQ6mvK0,"NUBANK: NÃO ACEITE SEU PEDACINHO DA NUBANK e NUBANK SOCIOS, ANTES DE VER ESSE VIDEO! IPO NUBANK BDRS",Ugz3fpGOADqfW3-jXwt4AaABAg,0,2021-12-18,"Eu aceitei o bdr da nubank e comprei 7 quando saiu, mas já vendi e não vou mexer mais com isso, eu tenho de declarar eles ? E já q eu não vou mais lidar com isso eu não preciso fazer declaração todo ano pq eu não vou ter mais nada pra declarar, é isso ?"
Imposto de renda e declaração,_I5dFQ6mvK0,"NUBANK: NÃO ACEITE SEU PEDACINHO DA NUBANK e NUBANK SOCIOS, ANTES DE VER ESSE VIDEO! IPO NUBANK BDRS",UgyFip_mmKhJwBM7fx54AaABAg,0,2021-12-09,Como que faz pra pagar essa darf?
Imposto de renda e declaração,_I5dFQ6mvK0,"NUBANK: NÃO ACEITE SEU PEDACINHO DA NUBANK e NUBANK SOCIOS, ANTES DE VER ESSE VIDEO! IPO NUBANK BDRS",UgwBg65XqNrjDLlJdZR4AaABAg,0,2021-11-21,"Eai meu bom, fiz a reserva do pedacin da nu e coloquei 30 pila na reserva, vou ter q pagar IR?"
Imposto de renda e declaração,_I5dFQ6mvK0,"NUBANK: NÃO ACEITE SEU PEDACINHO DA NUBANK e NUBANK SOCIOS, ANTES DE VER ESSE VIDEO! IPO NUBANK BDRS",UgwB_PJFNyj1z8rBXbF4AaABAg,0,2021-11-19,"Tenho a BOVA11, tbm tenho que declarar?"
Imposto de renda e declaração,_I5dFQ6mvK0,"NUBANK: NÃO ACEITE SEU PEDACINHO DA NUBANK e NUBANK SOCIOS, ANTES DE VER ESSE VIDEO! IPO NUBANK BDRS",UgystU5y-oIusDguFZB4AaABAg,0,2021-11-19,Vai ser obrigado a declarar o pedacinho do Nubank no IR mesmo se a pessoa receber menos do que 28.000 no ano? Quem não é obrigado a declarar o IR vai ter que declarar só o pedacinho? É isso?
Imposto de renda e declaração,_I5dFQ6mvK0,"NUBANK: NÃO ACEITE SEU PEDACINHO DA NUBANK e NUBANK SOCIOS, ANTES DE VER ESSE VIDEO! IPO NUBANK BDRS",UgwjxOwmqTng2IQ4NF54AaABAg,0,2021-11-19,Vai ser obrigado a declarar o pedacinho do Nubank no IR mesmo se a pessoa receber menos do que 28.000 no ano? Quem não é obrigado a declarar o IR vai ter que declarar só o pedacinho? É isso?
Imposto de renda e declaração,9tn6b8FaE24,NUBANK vs Mercado Pago? #investimentos,UgysFF3lVXyve9O3UmN4AaABAg,0,2026-04-24,Não entendo mercado pago já sai descontando ? Porque nunbanck fui resgatar já pareceu dinheiro retido por imposto
Imposto de renda e declaração,QjiF99_cINk,5 ETFs AMERICANOS que PAGAM DIVIDENDOS MENSAIS (NÃO É O ETF da NUBANK),Ugy6CMv2o-yqH2oPq8R4AaABAg,0,2026-01-11,"Se eu comprar Petrobrás via ETF, eu vou pagar impostos lá e aqui ?"
Imposto de renda e declaração,QjiF99_cINk,5 ETFs AMERICANOS que PAGAM DIVIDENDOS MENSAIS (NÃO É O ETF da NUBANK),UgwipkyCcW3Z6dfrHM54AaABAg,0,2024-12-11,Como se declara ETFS no IR
Imposto de renda e declaração,QjiF99_cINk,5 ETFs AMERICANOS que PAGAM DIVIDENDOS MENSAIS (NÃO É O ETF da NUBANK),UgyETkrykryUp89ktmt4AaABAg,0,2024-01-31,Com os novos impostos brasileiros ainda vale a pena?
Imposto de renda e declaração,HJRqnCA4ra0,NUBANK INVESTIMENTOS CRIPTOMOEDA VALE A PENA? NUBANK BITCOIN,UgyfXSgiqOaeIczCotJ4AaABAg,0,2023-04-14,Depois tem que fazer imposto de renda no final do ano correto? Se ficar comprando e vendendo vai ter que prestar isso tudo no fim do ano
Imposto de renda e declaração,4zHZprjxLu4,QUANTO RENDEU 1 REAL em BITCOIN NO MERCADO PAGO?,Ugwz6CQFOctowDJ7gP14AaABAg,0,2024-11-21,Investir 10 reais em Bitcoin no mpgo é obrigatório declaração ?
Imposto de renda e declaração,4zHZprjxLu4,QUANTO RENDEU 1 REAL em BITCOIN NO MERCADO PAGO?,Ugw9sGroPUejz6d2fal4AaABAg,0,2024-11-18,"Gostaria se saber se para declarar criptomoedas mercado pago, entra como corretora nacional ou internacional?...se alguém puder responder , agradeço 🙌😁."
Menor de idade e filhos,fDUsjBJQmC4,🚨 O AVISO MAIS IMPORTANTE para QUEM INVESTE em FIIs (NÃO IGNORE!),UgybicyzPM2gkoxM1kV4AaABAg,64,2025-02-13,"FII são para Renda , Ciclo Imobiliario é no Mínimo 10 anos e os últimos 5 anos tivemos uma Pandemia E atualmente uma Praga...Impossível FII ter bom desempenho com TD esse Macro. ( da mesma forma que a Bolsa Br em Dólar ¨carangueja ¨há DES anos... Entretanto pensando em Renda o momento para FII, Agro e Infra , FIP IE esta muito bom ( cada um com seus Riscos óbviamente ) Por MIM que com 62 anos quero RENDA , caiu SEM ter perdido os Fundamentos??? Que bom cabendo na Carteira estou Comprando."
Menor de idade e filhos,V68Hd157uac,NEXT JOY cartão - NÃO cometa esse ERRO com seu filho! NEXT JOY banco digital para menor de 18 anos,UgzIj-HLAM32WQBjMhl4AaABAg,7,2022-08-30,Os pais conseguem monitorar tudo q as crianças fazem ?
Menor de idade e filhos,V68Hd157uac,NEXT JOY cartão - NÃO cometa esse ERRO com seu filho! NEXT JOY banco digital para menor de 18 anos,Ugw3MAewBO_q3ZDwe894AaABAg,6,2021-10-16,"Dentro do Next Joy tem algum tipo de aplicação que renda pelo menos 100% do CDI, pra multiplicar a economia das crianças?"
Menor de idade e filhos,sZTGSV55keU,CLICK CONTA para MENORES de 18 anos - BRADESCO CLICK CONTA - Como abrir conta para MENOR DE IDADE?,Ugy0UTj3CGn7203iPEh4AaABAg,4,2022-09-02,Minha filha tem 6 anos quero começar movimentar e ensinar ela conduzir uma vida financeira ..nessa idade ela pode ter conta?
Menor de idade e filhos,SsZAITSAR6s,Como abrir conta para menor de 18 anos? Como abrir conta no banco sendo menor?,UgyGdaVWQIh2pKITQiZ4AaABAg,3,2019-09-13,"tenho 14 anos tava pensando em abrir uma conta no NuBank, oque você acha sobre isso?"
Menor de idade e filhos,SsZAITSAR6s,Como abrir conta para menor de 18 anos? Como abrir conta no banco sendo menor?,Ugy8V3LcmlYEy6--Nbh4AaABAg,1,2020-05-15,"Quero uma conta pra receber o dinheiro da twitch, mas tenho 17 anos, qual escolher?"
Menor de idade e filhos,sZTGSV55keU,CLICK CONTA para MENORES de 18 anos - BRADESCO CLICK CONTA - Como abrir conta para MENOR DE IDADE?,UgwLJCctTbYbSigp8vp4AaABAg,1,2023-01-28,"Tenho 16 anos, mas meu RG tá desatualizado, está com minha foto de quando eu ainda não era alfabetizado, com a conta do Bradesco da minha mãe ela pode criar uma conta para menor de idade para mim mesmo com o rg desatualizado? ( obs: a agência bancária física aceita o RG desatualizado?)"
Menor de idade e filhos,0kD4_42HV24,ITSA4 O QUE NINGUÉM TE CONTA SOBRE O MOMENTO DAS AÇÕES ITAUSA ITSA4! RESULTADOS ITAUSA.,Ugx9crgoV7kQnXCIhUt4AaABAg,1,2020-07-31,"Como a falta de sabedoria pratica para a vida é algo medonho... Essa gente que decide colocar imagem de raposa em uma cédula de R$ 200,00 (duzentos reais) procedem como verdadeiros aloprados na vida e totalmente ignorantes... Nada contra a fauna e a flora dos quatro cantos do mundo, afinal somos seres humanos universais e temos por habito apreciar a natureza com todo o entusiasmo e esplendor... Porem penso que essa gente que provavelmente tem suas paredes decoradas de diplomas e que estão à frente de uma grande instituição como o banco central deveria fazer mais jus a essa quantidade de diplomas e escolher imagens melhores para estampar as nossas cédulas... E pensar que uma cédula de R$ 100,00 (cem reais) é uma cédula tão expressiva em termos de valores e essa gente de cérebro atrofiado consegue colocar a imagem de um peixe na mesma ufa que horror tem coisa na vida que exala mais mau cheiro do que peixe? Juro que quando eu peguei uma cédula de R$ 100,00 (cem reais) pela primeira vez eu fiquei chocado com a imagem que essa cédula trazia impressa, de imediato pensei... Quanta falta de criatividade e competência... Se essas pessoas tivessem colocado a imagem de uma sardinha eu iria me sentir menos ofendido afinal passei a minha vida toda comendo sardinha, conheço desde criança e ate hoje eu gosto de sardinha... Mas garoupa? Nunca vi não sei o que é não sei se é de água doce ou de água salgada e não me interessa saber afinal todo ser humano vai viver a sua vida e jamais ira conhecer todas as espécies da fauna e da flora seja do Brasil ou do mundo... E vendo aquela imagem da cédula ai sim é que eu vou perder por completo o interesse de conhecer esse peixe pessoalmente. Penso que o brasileiro já evoluiu bastante em termos de conhecimento na face desse planeta e está em busca de realizações mais satisfatória para a vida; pessoas que se contentam com imagem de raposa (nada contra a raposinha) são pessoas que ainda não evoluíram e encontra-se em estado ainda embrionário da existência. Por favor... Eu quero ver nessa cédula a imagem da estrela de Salomão ou quem sabe o belo símbolo do infinito estampado nessa cédula, ou melhor, ainda (...). Quer dar vida a essa cédula de R$ 200,00 (duzentos reais) estampem o símbolo do pentagrama na mesma eu imploro aos intelectuais que ajam como verdadeiros intelectuais e não como néscios... afinal essa gente tem suas paredes decoradas por diplomas e foram muito competentes no momento de marcar certo ou errado nas provas dos concursos públicos nos quais eles gabaritaram e passaram. Para essas pessoas não sofrerem muito e não correrem o risco de fundirem os seus neurônios (Que presumo serem bem poucos) e vou deixar o link de pesquisa do Google para símbolos e imagens em destaque. Enquanto estivermos utilizando esses símbolos inexpressivos em nossas cédulas infelizmente a prosperidade verdadeira nunca estará presente na vida de 100% dos cidadãos desse país. E antes que eu não me esqueça... O símbolo matemático de (E = mc²) estampado de forma magistral nessa cédula, ficaria perfeito. Aposto que eles nem sabem o que é isso. O lançamento dessa cédula é algo altamente negativo para o momento atual e deixa a impressão de que infelizmente um cenário de hiperinflação está se aproximando e além do mais as cédulas existentes no mercado já satisfaz toda a necessidade da população por papel moeda. Já que os sem noção do banco central estão lançando a cédula de R$ 200,00 com a imagem inapropriada de uma raposa eu aproveito para sugerir para os mesmos já prevendo que em breve irão lançar as cédulas de R$ 500,00 e R$ 1.000,00 que estampem a imagem de uma anta na cédula de R$ 500,00 e a imagem de um burro na cédula de R$ 1.000,00! Afinal esses bichinhos também merecem ser homenageados. Coitado do lobo... Tá pior do que cachorro vira lata! Já nasceu sendo devorado pela onça da cédula de R$ 50,00... Para se ter uma ideia essa cédula de R$ 200,00 nasceu valendo apenas R$ 40,00 em valores de hoje em comparação com os mesmos R$ 200,00 de 26 anos atrás, mais precisamente 01 de julho de 1994. https://www.google.com/search?q=simbolos+e+imagens&client=firefox-b-d&sxsrf=ALeKk01UP1VR9mvySDvJc-MDD1gn07aU1g:1596135826413&source=lnms&tbm=isch&sa=X&ved=2ahUKEwii-Min1fXqAhV_HrkGHfBgBPEQ_AUoAXoECA0QAw&biw=1920&bih=966 https://www.google.com/search?q=pentagrama.&client=firefox-b-d&sxsrf=ALeKk01iKdR-c1E4OEvD22djjQVKrJHzOQ:1596135919392&source=lnms&tbm=isch&sa=X&ved=2ahUKEwj78PPT1fXqAhX2FbkGHZ5_DBcQ_AUoAXoECBsQAw&biw=1920&bih=966 https://www.google.com/search?q=estrela+de+salomao&tbm=isch&ved=2ahUKEwiCvaLV1fXqAhU-BLkGHd3gCd0Q2-cCegQIABAA&oq=estrela+de+salomao&gs_lcp=CgNpbWcQAzICCAAyAggAMgIIADICCAAyAggAMgIIADICCAAyAggAMgQIABAeMgQIABAYOgQIIxAnOgQIABBDOgcIABCxAxBDOgUIABCxA1DXtwJY19sCYOzpAmgAcAB4AIABjwGIAZ4PkgEEMi4xNpgBAKABAaoBC2d3cy13aXotaW1nwAEB&sclient=img&ei=8hkjX4L8Dr6I5OUP3cGn6A0&bih=966&biw=1920&client=firefox-b-d https://www.google.com/search?q=simbolo+do+infinito&client=firefox-b-d&sxsrf=ALeKk00EK_luZNtwgazUFrYWdVbOeL91Jw:1596136152266&source=lnms&tbm=isch&sa=X&ved=2ahUKEwj6qPnC1vXqAhW-K7kGHXlHBxoQ_AUoAXoECA4QAw&biw=1920&bih=966 Nossa... Mas, observando a fisionomia de funcionários públicos... E surpreendente como eles estampam em suas aparecias à fisionomia de BUROCRATAS."
Menor de idade e filhos,aDL4MMF6AnE,Pra ficar rico você só precisa de 1 centavo #investimentos,UgwTs9Xi5BLaLDJvBW94AaABAg,0,2025-06-22,"Depois que você fica rico... Tudo que você fazer, falar, é incrível é interessante.... Conheçi um cara que não tinha ensino médio, não sabia nem falar direito ,todo chucro,ele tinha 40 anos separado,pai de 3 filhos.. Depois de 10 anos ficou rico.. Mas como ? Simples aposentou cedo 25 anos de contribuição, virou agiota, investiu em pequenos imóveis para aluguel... O dinheiro começou vir atras dele... Parecia que ele ajudava todo mundo... Mas era o contrário... Todo mundo ajudava ele em espécie $ e ainda chamava de bonzinho... Tem vários alugueis sítio com criação e caseiro ... Ficou rico rapidinho... O resto é história pra ficar rico 😂😂"
Menor de idade e filhos,SsZAITSAR6s,Como abrir conta para menor de 18 anos? Como abrir conta no banco sendo menor?,UgwfcNRp7bKni21T88h4AaABAg,0,2020-05-16,Tem como colocar grana nessa contas de menor?
Menor de idade e filhos,SsZAITSAR6s,Como abrir conta para menor de 18 anos? Como abrir conta no banco sendo menor?,UgzP3XE4Qqi_eLdkHRZ4AaABAg,0,2019-09-03,Tenho 16 anos e não moro com minha mãe como faço pra abri pode ser no nome do meu marido ou só pode ser só das mães?
Menor de idade e filhos,sZTGSV55keU,CLICK CONTA para MENORES de 18 anos - BRADESCO CLICK CONTA - Como abrir conta para MENOR DE IDADE?,UgwiIYzdKV88c9nATjh4AaABAg,0,2020-06-29,O menor com 13 anos consegue abrir uma conta na corretora ?
Outros (sem palavra-chave de tema),flmY3ta0ClE,🚨CUIDADO NOVO GOLPE DO PIX (esse é profissional) #investimentos,UgzCEnt9oeV7Q1tIVI54AaABAg,92,2023-03-06,Como vou entender o golpe com esse áudio no 10x kkkkkk
Outros (sem palavra-chave de tema),tbKsF2qyakU,Quanto tempo demora para juntar 1 milhão de reais?,Ugw0BRisHTYbG2Y5b7N4AaABAg,33,2022-09-25,Muito vago japaooooo....qual a taxa de retorno ?...qual investimento ?...
Outros (sem palavra-chave de tema),fDUsjBJQmC4,🚨 O AVISO MAIS IMPORTANTE para QUEM INVESTE em FIIs (NÃO IGNORE!),Ugw8t_88hNhRGeGBzid4AaABAg,28,2025-02-13,"Gerdau não subiu por recompra de posição vendida. Eles tem fábricas em solo americano, e se beneficiam potencialmente das taxas. Não sabia?"
Outros (sem palavra-chave de tema),PoY4WqA1k5Q,RECESSÃO GLOBAL ECONÔMICA 2023 VAI PEGAR TODO MUNDO!,UgyzlwaSqTwO4DzVn1B4AaABAg,10,2023-03-12,"Tanaka, vc acha que realmente vai ter queda no valor dos imóveis no Brasil? Porque em Sorocaba estão triplicando o valor dos imóveis. Obrigada pelo vídeo."
Outros (sem palavra-chave de tema),1EGx_IxWSbo,QUANTO RENDEU 1 REAL EM BITCOIN NUBANK INVESTIMENTO CRIPTOMOEDA?,UgwueOcArZ6_yrG4JGB4AaABAg,9,2022-10-09,Na minha opinião esse investimento e muito arriscado.Qual a segurança que esse investimento tem?
Outros (sem palavra-chave de tema),tbKsF2qyakU,Quanto tempo demora para juntar 1 milhão de reais?,Ugxa6KmeYqcDPF8rfx14AaABAg,9,2023-01-22,"Conheço um par de Gêmeos que segundo eles ficaram milionários juntando dinheiro que os familiares davam a eles , detalhe antes dos 19 anos então me pergunto será que alguém da família era milionário também ? Pois ao que vejo demora muito e são valores consideráveis , e valores consistente."
Outros (sem palavra-chave de tema),PoY4WqA1k5Q,RECESSÃO GLOBAL ECONÔMICA 2023 VAI PEGAR TODO MUNDO!,UgzNiUNjDGEm5HMhod54AaABAg,8,2023-03-14,Convém tirar os investimentos do banco? Fico pensando que eles podem confiscar...
Outros (sem palavra-chave de tema),1EGx_IxWSbo,QUANTO RENDEU 1 REAL EM BITCOIN NUBANK INVESTIMENTO CRIPTOMOEDA?,UgwKIqNFiOAMSVR3WwV4AaABAg,8,2022-09-05,"Olá, é possível ficar devendo? Eu posso perder mais do que comprei?"
Outros (sem palavra-chave de tema),QjiF99_cINk,5 ETFs AMERICANOS que PAGAM DIVIDENDOS MENSAIS (NÃO É O ETF da NUBANK),UgzWu-kaLYmI8mynP454AaABAg,7,2023-10-30,"Nihongo san, mas como ficam as novas taxas criadas pelo governo atual? Obrigado pelo conteúdo!"
Outros (sem palavra-chave de tema),tbKsF2qyakU,Quanto tempo demora para juntar 1 milhão de reais?,UgxpSnB9eiyoMBFOYAZ4AaABAg,7,2022-09-23,Qual a taxa ao ano?
Outros (sem palavra-chave de tema),1EGx_IxWSbo,QUANTO RENDEU 1 REAL EM BITCOIN NUBANK INVESTIMENTO CRIPTOMOEDA?,Ugy0dFGRl767fSrGp7B4AaABAg,6,2022-08-18,Posso comprar uma determinada fração de bit pela binance e deixar lá por mais de anos?
Outros (sem palavra-chave de tema),VWXBzC6-_L0,TRABALHADOR poderá usar até 50% do FGTS em PRIVATIZAÇÃO da ELETROBRÁS (ELET3;ELET6),UgxESMuU-fymK-s3Lv54AaABAg,6,2022-05-22,"Onde obter informações desse fundo? Qual taxa de administração? Tenho uma boa quantia no FGTS, mas sem informações fica difícil avaliar ou tomar uma decisão."
Outros (sem palavra-chave de tema),4zHZprjxLu4,QUANTO RENDEU 1 REAL em BITCOIN NO MERCADO PAGO?,UgwDRsw7MXyzHLOUNEB4AaABAg,5,2022-12-17,Sabe me dizer se no futuro elas vão ter o poder de compra em relação a produtos vendidos no mercado livre?
Outros (sem palavra-chave de tema),fDUsjBJQmC4,🚨 O AVISO MAIS IMPORTANTE para QUEM INVESTE em FIIs (NÃO IGNORE!),UgxqWG1KvK0PDmn8yqZ4AaABAg,5,2025-02-13,"como diz o mercado. Pra subir é de escada, mas pra cair é de Elevador."
Outros (sem palavra-chave de tema),PoY4WqA1k5Q,RECESSÃO GLOBAL ECONÔMICA 2023 VAI PEGAR TODO MUNDO!,Ugzpbcr_pNoLyNzC5-94AaABAg,4,2023-03-14,Que vídeo é esse Japa?! Uma verdadeira aula!! Muito top! 👏👏👏👊👍
Outros (sem palavra-chave de tema),_WHHib_xvJ4,Caixinha Turbo da Nubank melhorou #investimentos,UgzqbF26cqJjsQ9Le-94AaABAg,4,2025-06-23,Colocando os 5000 a 115% ao sacar ao mês quanto seria o valor q arrecada ?
Outros (sem palavra-chave de tema),V68Hd157uac,NEXT JOY cartão - NÃO cometa esse ERRO com seu filho! NEXT JOY banco digital para menor de 18 anos,Ugz9ryfsfyMinvfIRLB4AaABAg,4,2022-09-11,Bom vídeo! Mas qual o erro?
Outros (sem palavra-chave de tema),HJRqnCA4ra0,NUBANK INVESTIMENTOS CRIPTOMOEDA VALE A PENA? NUBANK BITCOIN,Ugx_oaprIiOxatFUtiZ4AaABAg,4,2022-09-02,"Amigão deixa eu te perguntar. Se eu conpro 10 reais de uma moeda exrmplo, e já se passaram 3 dias e não valoriza. Eu posso continuar comprando aproveitando que está em queda ou tenho que esperar valorizar pra vender aqueles 10 reais, daí então comprar denovo?"
Outros (sem palavra-chave de tema),HJRqnCA4ra0,NUBANK INVESTIMENTOS CRIPTOMOEDA VALE A PENA? NUBANK BITCOIN,UgyJpknlLxU6KfRLF3Z4AaABAg,4,2022-06-29,vira 50 centarros ate o final do ano?
Outros (sem palavra-chave de tema),CaOGCAsOLvE,BANCO ORIGINAL CARTÃO DE CRÉDITO. BANCO ORIGINAL É BOM? BANCO ORIGINAL TEM ANUIDADE?,UgyWZF05gMKSPKXAJ2B4AaABAg,4,2019-08-19,BRASIL TODO SE JUNTANDO PRA PROCESSAR ESSE BANCO POR CAUSA DE INCANSÁVEIS COMERCIAIS EM PLENO MEIO DOS NOSSOS VIDEOS... ALGUM ADVOGADO AÍÍ ????????
Outros (sem palavra-chave de tema),_I5dFQ6mvK0,"NUBANK: NÃO ACEITE SEU PEDACINHO DA NUBANK e NUBANK SOCIOS, ANTES DE VER ESSE VIDEO! IPO NUBANK BDRS",UgwJZ50jS9j1oZ7GpeJ4AaABAg,3,2021-11-15,"Eu já aceitei, será que tem como devolver, já que não foi consumado o ato, igual casamento? kkk"
Outros (sem palavra-chave de tema),flmY3ta0ClE,🚨CUIDADO NOVO GOLPE DO PIX (esse é profissional) #investimentos,UgyVbuqWiiUhP4KdgIV4AaABAg,3,2023-08-10,Alguém sabe onde encontro o vídeo original??
Outros (sem palavra-chave de tema),HJRqnCA4ra0,NUBANK INVESTIMENTOS CRIPTOMOEDA VALE A PENA? NUBANK BITCOIN,UgwG5QzFrF8V3sNxJQh4AaABAg,3,2022-06-29,6% de taxa?
Outros (sem palavra-chave de tema),_WHHib_xvJ4,Caixinha Turbo da Nubank melhorou #investimentos,UgxOuJySc_6YY0nJ4WJ4AaABAg,2,2025-06-28,A partir de quantos dias posso resgatar com os lucros??
Outros (sem palavra-chave de tema),_I5dFQ6mvK0,"NUBANK: NÃO ACEITE SEU PEDACINHO DA NUBANK e NUBANK SOCIOS, ANTES DE VER ESSE VIDEO! IPO NUBANK BDRS",Ugx0E5_6Z7yCKRjH_tB4AaABAg,2,2021-12-10,Como eu saiu dessa desgraça eu aceitei essa merda como eu saiu disso eu não investi em nada
Outros (sem palavra-chave de tema),_I5dFQ6mvK0,"NUBANK: NÃO ACEITE SEU PEDACINHO DA NUBANK e NUBANK SOCIOS, ANTES DE VER ESSE VIDEO! IPO NUBANK BDRS",UgxHQkoVv1iSjZ1fYFJ4AaABAg,2,2021-12-10,Quando a esmola é de graça até o santo desconfia
Outros (sem palavra-chave de tema),Dx48rShFJr8,A VERDADE sobre A MÁGICA DEPOIS DOS 100 MIL REAIS que NINGUÉM TE CONTA...,UgzcCqmFL3tf396txuZ4AaABAg,2,2024-11-02,Quanto mais a grana maior o tombo esse mês foi uns 3 mil negativo na minha carteira
Outros (sem palavra-chave de tema),flmY3ta0ClE,🚨CUIDADO NOVO GOLPE DO PIX (esse é profissional) #investimentos,UgwpFwEo2fRCcZjfTnh4AaABAg,2,2024-04-17,Cadê o link para o vídeo normal?
Outros (sem palavra-chave de tema),tbKsF2qyakU,Quanto tempo demora para juntar 1 milhão de reais?,UgzLWy40JgVUgyEYlJx4AaABAg,2,2023-10-31,Qual taxa?
Outros (sem palavra-chave de tema),uUY9Jh_qnII,COMO INVESTIR NO BANCO NEXT?BANCO NEXT VALE A PENA? BANCO NEXT É BOM?,UgyGWrUTM6PSuB-ORMR4AaABAg,2,2019-08-28,"adorei suas dicas , te sigo ja algum tempo e curto muito suas dicas , a algum tempo tenho visto algumas tendências de mercado e outros tipos de investimentos, de onde tenho tirado a maioria de meus lucros mensais e este tipo de investimento tem me proporcionado uma vida tranquila e agora trabalhando em casa , bom obrigado por ajudar a transformar minha mente sobre finanças fiz um vídeo para mostrar de que investimento estou falando um abraço ! link https://www.youtube.com/watch?v=o9wWCqtOUrk"
Outros (sem palavra-chave de tema),fDUsjBJQmC4,🚨 O AVISO MAIS IMPORTANTE para QUEM INVESTE em FIIs (NÃO IGNORE!),Ugw_Gv0LGMRXietQjtR4AaABAg,2,2025-02-13,Tanaka fez Botox?
Outros (sem palavra-chave de tema),VWXBzC6-_L0,TRABALHADOR poderá usar até 50% do FGTS em PRIVATIZAÇÃO da ELETROBRÁS (ELET3;ELET6),UgxQlRJ3zE8tUKCu-_F4AaABAg,2,2022-06-01,Você acha que compensa mais investir no FMP Eletrobrás com o FGTS agora / ou sacar todo o FGTS daqui 3 anos (visto que não tenho mais registro em carteira/contribuição) e usar o valor para outro investimento?
Outros (sem palavra-chave de tema),VWXBzC6-_L0,TRABALHADOR poderá usar até 50% do FGTS em PRIVATIZAÇÃO da ELETROBRÁS (ELET3;ELET6),Ugw2hUxCic84UxnbwbJ4AaABAg,2,2022-05-21,"Japão, tem algum valor mínimo pra entrar nesse fundo?"
Outros (sem palavra-chave de tema),T956DmDdPDU,BANCO NEXT VALE A PENA? É CONFIÁVEL? COMO FUNCIONA? Tudo sobre o Banco Next,UgzkOfuSwutG9GLrKbl4AaABAg,1,2020-04-02,Não tenho identidade so carteira de trabalho conseguio abrir?
Outros (sem palavra-chave de tema),T956DmDdPDU,BANCO NEXT VALE A PENA? É CONFIÁVEL? COMO FUNCIONA? Tudo sobre o Banco Next,UgwzXax4Q0YgSL9gnrF4AaABAg,1,2019-05-13,Tem limite de cheque especial?
Outros (sem palavra-chave de tema),T956DmDdPDU,BANCO NEXT VALE A PENA? É CONFIÁVEL? COMO FUNCIONA? Tudo sobre o Banco Next,Ugy9UuoHKAXffW869Dt4AaABAg,1,2018-10-24,A partir de 5 meses tem que pagar???
Outros (sem palavra-chave de tema),PoY4WqA1k5Q,RECESSÃO GLOBAL ECONÔMICA 2023 VAI PEGAR TODO MUNDO!,Ugy5e8S8ykCs307SGYR4AaABAg,1,2023-03-30,"Mas desde de quando brasileiro teve poder de compra? Perdi essa parte da história!! Rsrs além de nosso dinheiro não ter valor somos fundidos de tudo q é lado.exemplo é a zara , uma gringa compra uma peça na loja por 13 euros a mesma peça aqui é 300 reais!! Não entendo a lógica de vender mais caro para o bobre!!!"
Outros (sem palavra-chave de tema),PoY4WqA1k5Q,RECESSÃO GLOBAL ECONÔMICA 2023 VAI PEGAR TODO MUNDO!,UgwEB5Af25smXNe8gEF4AaABAg,1,2023-03-19,Então o que vc pode dizer sobre um dos bancos americanos que tá colapsando? Acha que pode ser um risco pra economia mundial?
Outros (sem palavra-chave de tema),PoY4WqA1k5Q,RECESSÃO GLOBAL ECONÔMICA 2023 VAI PEGAR TODO MUNDO!,Ugw3SZ1AYocnpo9AJOd4AaABAg,1,2023-03-12,"mas como pode ser seguro os títulos americanos se os americanos estão quebrando, em colapso?"
Outros (sem palavra-chave de tema),_I5dFQ6mvK0,"NUBANK: NÃO ACEITE SEU PEDACINHO DA NUBANK e NUBANK SOCIOS, ANTES DE VER ESSE VIDEO! IPO NUBANK BDRS",UgzYk6N4kVGsJflr13R4AaABAg,1,2021-11-17,ganhar de presente?? o pedido de reserva custa no minimo 30 reais
Outros (sem palavra-chave de tema),_I5dFQ6mvK0,"NUBANK: NÃO ACEITE SEU PEDACINHO DA NUBANK e NUBANK SOCIOS, ANTES DE VER ESSE VIDEO! IPO NUBANK BDRS",Ugx8_Cf2kyiOQIqwFEV4AaABAg,1,2021-11-16,"Cara cliquei em aceita sem ter visto nada, como faço pra cancela isso?"
Outros (sem palavra-chave de tema),_I5dFQ6mvK0,"NUBANK: NÃO ACEITE SEU PEDACINHO DA NUBANK e NUBANK SOCIOS, ANTES DE VER ESSE VIDEO! IPO NUBANK BDRS",UgzHc9jzUIjwkefk6iJ4AaABAg,1,2021-11-16,Depois de aceita tem como cancelar?
Outros (sem palavra-chave de tema),_I5dFQ6mvK0,"NUBANK: NÃO ACEITE SEU PEDACINHO DA NUBANK e NUBANK SOCIOS, ANTES DE VER ESSE VIDEO! IPO NUBANK BDRS",UgzxmOmNrnoV3GglFO94AaABAg,1,2021-11-15,Faz um vídeo mais detalhado
Outros (sem palavra-chave de tema),1EGx_IxWSbo,QUANTO RENDEU 1 REAL EM BITCOIN NUBANK INVESTIMENTO CRIPTOMOEDA?,UgwgBXJn49oTXIWzMqd4AaABAg,1,2022-11-27,"COMO E"" QUE EU FAÇO PARA INVESTIR"
Outros (sem palavra-chave de tema),1EGx_IxWSbo,QUANTO RENDEU 1 REAL EM BITCOIN NUBANK INVESTIMENTO CRIPTOMOEDA?,UgyP5TADv64NI6GwbhN4AaABAg,1,2022-11-01,Valores?
Outros (sem palavra-chave de tema),1EGx_IxWSbo,QUANTO RENDEU 1 REAL EM BITCOIN NUBANK INVESTIMENTO CRIPTOMOEDA?,UgxmV5ubtY7pN8DPL794AaABAg,1,2022-10-01,Qual é a melhor?
Outros (sem palavra-chave de tema),1EGx_IxWSbo,QUANTO RENDEU 1 REAL EM BITCOIN NUBANK INVESTIMENTO CRIPTOMOEDA?,Ugz_4z2HrH9pIl2E1Yd4AaABAg,1,2022-09-12,", I want to ask a question? Does this system need updates or improvements I see many people say it's perfect?"
Outros (sem palavra-chave de tema),-b6Jdl4zFKg,Investimento de longo prazo #investimentos,Ugx_7PYYTsmO80olAiR4AaABAg,1,2025-10-13,Com certeza. . só sorriso basta!!?
Outros (sem palavra-chave de tema),_TLq_UyTZTI,PIX POR APROXIMAÇÃO NÃO FUNCIONA no IPHONE #pix,Ugykgp2rrNLzWbDXbIB4AaABAg,1,2025-03-01,Porque o do andróide estava com essa roupa
Outros (sem palavra-chave de tema),ADn4VZs6M1k,BANCO NEXT VANTAGENS E DESVANTAGENS! BANCO NEXT vale a pena?,Ugx0Od2vbu3Ag_auwxF4AaABAg,1,2020-05-10,japonês de barba? charles o mundo não é mais o mesmo!
Outros (sem palavra-chave de tema),QjiF99_cINk,5 ETFs AMERICANOS que PAGAM DIVIDENDOS MENSAIS (NÃO É O ETF da NUBANK),UgxqyJ31TkEaNmWr71N4AaABAg,1,2024-05-23,E o NOBL?
Outros (sem palavra-chave de tema),bStv54OaC_8,BANCO NEXT BRADESCO NEXTJOY - CONTA DIGITAL NEXT PARA MENOR | NEXT BANCO PARA MENORES DE 18,UgwrKANNxvc_KSpsK-p4AaABAg,1,2021-04-16,Quem viu?
Outros (sem palavra-chave de tema),tbKsF2qyakU,Quanto tempo demora para juntar 1 milhão de reais?,UgywIUdCi-wfiq8hxhl4AaABAg,1,2023-08-27,Então investir 5000 mês será 7/6 ?
Outros (sem palavra-chave de tema),Y4WHQiKcv1g,DIVIDENDOS MENSAIS: 4 ÚNICOS ETFs que PAGAM MENSALMENTE na B3! (tem ETF pagando 1% a.m.),UgyREJEjIQ1U51hD-194AaABAg,1,2025-08-03,"E aí Japa, volta nesse comentário e o que vc tem visto do futuro atual, nessas mudanças que houve no mundo?"
Outros (sem palavra-chave de tema),Y4WHQiKcv1g,DIVIDENDOS MENSAIS: 4 ÚNICOS ETFs que PAGAM MENSALMENTE na B3! (tem ETF pagando 1% a.m.),UgyyYYOZZcTq98J4cD14AaABAg,1,2024-07-30,Oi. Sabe me informar sobre as taxas de ingresso e de saída das quais fala o site da Buena Vista? O valor de ingresso é em torno de quanto mais ou menos? 🙏
Outros (sem palavra-chave de tema),HJRqnCA4ra0,NUBANK INVESTIMENTOS CRIPTOMOEDA VALE A PENA? NUBANK BITCOIN,Ugy-ppXyi2AZtAcuGDt4AaABAg,1,2022-10-17,"Quero investir 50,00 por mês no biticon do nunbak vale a pena?????"
Outros (sem palavra-chave de tema),HJRqnCA4ra0,NUBANK INVESTIMENTOS CRIPTOMOEDA VALE A PENA? NUBANK BITCOIN,UgzCF_X7uKJPorKaXYd4AaABAg,1,2022-08-10,Qual a melhor moeda para se comprar você nos indica ?
Outros (sem palavra-chave de tema),HJRqnCA4ra0,NUBANK INVESTIMENTOS CRIPTOMOEDA VALE A PENA? NUBANK BITCOIN,UgyDWhI7x_oPSqt5meV4AaABAg,1,2022-07-20,AMIGO TEM A POSSIBILIDADE DE VC ME AJUDAR? OQ É LEVERFI MOEDA NOVA LISTADA NA BINANCE ?
Outros (sem palavra-chave de tema),HJRqnCA4ra0,NUBANK INVESTIMENTOS CRIPTOMOEDA VALE A PENA? NUBANK BITCOIN,Ugyj6u2ap7evb_3hr_B4AaABAg,1,2022-07-19,Alguém aqui comprou?
Outros (sem palavra-chave de tema),HJRqnCA4ra0,NUBANK INVESTIMENTOS CRIPTOMOEDA VALE A PENA? NUBANK BITCOIN,UgzLVwodfD0M0Oznf2x4AaABAg,1,2022-07-19,Au investir em cripito moeda o risco é de perder só o dinheiro investido né?
Outros (sem palavra-chave de tema),4zHZprjxLu4,QUANTO RENDEU 1 REAL em BITCOIN NO MERCADO PAGO?,UgzIwCoL4Q6BtvNtHkt4AaABAg,1,2023-02-22,Como saber se tá baixo pra comprar
Outros (sem palavra-chave de tema),VWXBzC6-_L0,TRABALHADOR poderá usar até 50% do FGTS em PRIVATIZAÇÃO da ELETROBRÁS (ELET3;ELET6),UgwcRKxyiWqKpmuP-9N4AaABAg,1,2022-06-02,O saldo do FGTS poderar ser sacado no caso de demissão Tenho $5.000 aplico $2.000 O saldo de $3000 poderá ser sacado no caso de demissão sem justa causa ou ficará bloqueado?
Outros (sem palavra-chave de tema),T956DmDdPDU,BANCO NEXT VALE A PENA? É CONFIÁVEL? COMO FUNCIONA? Tudo sobre o Banco Next,UgxBKFqgdbYFQTK12y54AaABAg,0,2022-02-03,Ele tem aproximação?
Outros (sem palavra-chave de tema),T956DmDdPDU,BANCO NEXT VALE A PENA? É CONFIÁVEL? COMO FUNCIONA? Tudo sobre o Banco Next,UgwACu7XTbki9SYLGQ94AaABAg,0,2019-12-10,Da pra usar na play story
Outros (sem palavra-chave de tema),T956DmDdPDU,BANCO NEXT VALE A PENA? É CONFIÁVEL? COMO FUNCIONA? Tudo sobre o Banco Next,UgxantgVDcyfl68fcjF4AaABAg,0,2019-11-11,Esse tem convite?
Outros (sem palavra-chave de tema),PoY4WqA1k5Q,RECESSÃO GLOBAL ECONÔMICA 2023 VAI PEGAR TODO MUNDO!,Ugx5qzCMZJXkvvTmu-B4AaABAg,0,2023-07-23,"Japao, estou prestes a comprar minha casa, mas vou dar entrada de 40% e financiar o restante. Devo esperar ???"
Outros (sem palavra-chave de tema),PoY4WqA1k5Q,RECESSÃO GLOBAL ECONÔMICA 2023 VAI PEGAR TODO MUNDO!,UgwQzPiNnEs3VciSc8R4AaABAg,0,2023-04-24,😂😂😂😂😂 onde ?
Outros (sem palavra-chave de tema),PoY4WqA1k5Q,RECESSÃO GLOBAL ECONÔMICA 2023 VAI PEGAR TODO MUNDO!,UgwteXRgMNDOv0C0g3Z4AaABAg,0,2023-03-30,é impressão minha ou ele fica imitando hebe camargo no meio do vídeo?
Outros (sem palavra-chave de tema),PoY4WqA1k5Q,RECESSÃO GLOBAL ECONÔMICA 2023 VAI PEGAR TODO MUNDO!,UgwSqgKis3qY4tUhIRR4AaABAg,0,2023-03-29,Com juros altos qual uma boa oportunidade de investimento?
Outros (sem palavra-chave de tema),PoY4WqA1k5Q,RECESSÃO GLOBAL ECONÔMICA 2023 VAI PEGAR TODO MUNDO!,UgwIcNFBnjiqZgDaiAB4AaABAg,0,2023-03-29,SERA QUE O PUTIN PREVEU QUE A BOLHA IMOBILIARIA IRIA EXPLODIR E INVENTOU A GUERRA PRA SE ISOLAR😅😅
Outros (sem palavra-chave de tema),PoY4WqA1k5Q,RECESSÃO GLOBAL ECONÔMICA 2023 VAI PEGAR TODO MUNDO!,Ugxczllv547PFMZI27N4AaABAg,0,2023-03-26,Pior???? Já cortei a janta...meu Deus!
Outros (sem palavra-chave de tema),PoY4WqA1k5Q,RECESSÃO GLOBAL ECONÔMICA 2023 VAI PEGAR TODO MUNDO!,UgwmGgaAfi1quyFtQ2t4AaABAg,0,2023-03-23,Alguém aí em 2023??
Outros (sem palavra-chave de tema),PoY4WqA1k5Q,RECESSÃO GLOBAL ECONÔMICA 2023 VAI PEGAR TODO MUNDO!,Ugz0m5OFi1KITqzQNsR4AaABAg,0,2023-03-21,☝️todo mundo vírgula🙌quem é rico vai ficar mas rico e quem é pobre vai morre de fome🙌foi assim é assim e agora com 👉🏻☢️vai continuar assim🙃morre td mundo vai então p q sofrer antecipadamente?
Outros (sem palavra-chave de tema),PoY4WqA1k5Q,RECESSÃO GLOBAL ECONÔMICA 2023 VAI PEGAR TODO MUNDO!,UgwCf-NoGhPGmLsLHUh4AaABAg,0,2023-03-21,Se os EUA está com recessão brava porque mandam tanto dinheiro pra Ucrânia ???????
Outros (sem palavra-chave de tema),PoY4WqA1k5Q,RECESSÃO GLOBAL ECONÔMICA 2023 VAI PEGAR TODO MUNDO!,UgwswOnyOM6mZHN1X4J4AaABAg,0,2023-03-18,Resumindo: Segure o seu dinheiro e espere. Não tem dinheiro para segurar? Tivesse! Quem mandou ser pobre? Não tem vergonha não?😂😂😂
Outros (sem palavra-chave de tema),PoY4WqA1k5Q,RECESSÃO GLOBAL ECONÔMICA 2023 VAI PEGAR TODO MUNDO!,Ugyn1u6aijqR8FC-1yp4AaABAg,0,2023-03-13,vcs sabe apenas espalhar panico?fiquem calados
Outros (sem palavra-chave de tema),PoY4WqA1k5Q,RECESSÃO GLOBAL ECONÔMICA 2023 VAI PEGAR TODO MUNDO!,UgzzaNq-62L303iN67l4AaABAg,0,2023-03-12,Ainda querem manter estes juros astronômicos?
Outros (sem palavra-chave de tema),_WHHib_xvJ4,Caixinha Turbo da Nubank melhorou #investimentos,UgwI87eV03C1o3bh5rN4AaABAg,0,2026-01-10,"E depois que atingir os 5.000,00 continua rendendo ou como fica?"
Outros (sem palavra-chave de tema),_WHHib_xvJ4,Caixinha Turbo da Nubank melhorou #investimentos,UgwDe0bG6c-91c4LdKd4AaABAg,0,2025-05-29,so pode guardar ate 5000 ? nao da pra guardar mais?
Outros (sem palavra-chave de tema),_WHHib_xvJ4,Caixinha Turbo da Nubank melhorou #investimentos,Ugw47HtF0hiEO_eDjyh4AaABAg,0,2025-05-02,So 5000 mil?? Aff tou com um dinheiro guardado pra fazer a cirurgia dos meus olhos . Deixei la .. ia deixa guardado 7 mil
Outros (sem palavra-chave de tema),_I5dFQ6mvK0,"NUBANK: NÃO ACEITE SEU PEDACINHO DA NUBANK e NUBANK SOCIOS, ANTES DE VER ESSE VIDEO! IPO NUBANK BDRS",UgxmYKqHYbREWY76Wht4AaABAg,0,2022-09-09,"Tenho quase 20mil nu invest ,40mil no porquinho e 15 mil na nuconta vc pode me ajudar pois estou meio perdida?"
Outros (sem palavra-chave de tema),_I5dFQ6mvK0,"NUBANK: NÃO ACEITE SEU PEDACINHO DA NUBANK e NUBANK SOCIOS, ANTES DE VER ESSE VIDEO! IPO NUBANK BDRS",UgwzDj3vCBAIFV5Idsp4AaABAg,0,2021-11-16,Aceitei sem querer e queria cancelar tem como?
Outros (sem palavra-chave de tema),_I5dFQ6mvK0,"NUBANK: NÃO ACEITE SEU PEDACINHO DA NUBANK e NUBANK SOCIOS, ANTES DE VER ESSE VIDEO! IPO NUBANK BDRS",UgxDeqrzNtYvjqMeO8F4AaABAg,0,2021-11-15,"Poxa, Denal já aceitei. Vc acha que vai dar ruim?"
Outros (sem palavra-chave de tema),vZ_8A1FYxgo,Pobre ou rico? #rico #investimentos,Ugx0a0X1sNEzhrR7HGl4AaABAg,0,2025-06-27,Se tiver só 1 risco é oq? Mendigo?
Outros (sem palavra-chave de tema),vZ_8A1FYxgo,Pobre ou rico? #rico #investimentos,Ugy62EOruLLWDAUrln14AaABAg,0,2025-04-23,L não entendi nada não tenho nenhum desses Formato na minha mão??
Outros (sem palavra-chave de tema),vZ_8A1FYxgo,Pobre ou rico? #rico #investimentos,UgzmXIeQGVUXcQLzyDR4AaABAg,0,2025-04-22,Ixi o meu è diferente do vídeo então eu sou milionário??!!
Outros (sem palavra-chave de tema),1EGx_IxWSbo,QUANTO RENDEU 1 REAL EM BITCOIN NUBANK INVESTIMENTO CRIPTOMOEDA?,UgwWix6UyBX0-niJUEt4AaABAg,0,2023-10-13,Alguém ja investiu 1 real e deu bom?
Outros (sem palavra-chave de tema),1EGx_IxWSbo,QUANTO RENDEU 1 REAL EM BITCOIN NUBANK INVESTIMENTO CRIPTOMOEDA?,Ugzd5aVgq9ulOiyGSlp4AaABAg,0,2023-02-23,Você já ouviu falar no Bitsoft 360?
Outros (sem palavra-chave de tema),1EGx_IxWSbo,QUANTO RENDEU 1 REAL EM BITCOIN NUBANK INVESTIMENTO CRIPTOMOEDA?,UgwgOrlnyCkwW1KGGmd4AaABAg,0,2022-12-28,Como falar com essas pessoas
Outros (sem palavra-chave de tema),1EGx_IxWSbo,QUANTO RENDEU 1 REAL EM BITCOIN NUBANK INVESTIMENTO CRIPTOMOEDA?,Ugx9uk3Ui2PV4ekqRWh4AaABAg,0,2022-08-12,Sabe alguma coisa da cincoin?
Outros (sem palavra-chave de tema),-b6Jdl4zFKg,Investimento de longo prazo #investimentos,UgzMJ4kFnLA_ndC-c7N4AaABAg,0,2025-10-15,"Amei o bom humor dela, e a sinceridade ? Nem se fala."
Outros (sem palavra-chave de tema),_TLq_UyTZTI,PIX POR APROXIMAÇÃO NÃO FUNCIONA no IPHONE #pix,UgxbWZguaZARMU-A89V4AaABAg,0,2025-04-24,??? Tá dizendo q Apple não tem NFC?
Outros (sem palavra-chave de tema),_TLq_UyTZTI,PIX POR APROXIMAÇÃO NÃO FUNCIONA no IPHONE #pix,UgxHF8BwcqzgMjvFkGJ4AaABAg,0,2025-03-07,iPhone não tem NFC?????
Outros (sem palavra-chave de tema),Dx48rShFJr8,A VERDADE sobre A MÁGICA DEPOIS DOS 100 MIL REAIS que NINGUÉM TE CONTA...,UgzC9t4cMFKUhSze-Cl4AaABAg,0,2025-03-10,"Qual a idade do Tanaka? O japonês Hiroo Tanaka, de 92 anos, venceu a prova dos 60 metros rasos do Mundial de Atletismo Master, na Polônia, na categoria 'acima de 90 anos', com o tempo de 10.95s.20 de jul. de 2024"
Outros (sem palavra-chave de tema),Dx48rShFJr8,A VERDADE sobre A MÁGICA DEPOIS DOS 100 MIL REAIS que NINGUÉM TE CONTA...,UgwycYZJFIJHT_x6Ae54AaABAg,0,2025-02-22,Gostei do óculos! Pode dizer onde comprou?
Outros (sem palavra-chave de tema),Dx48rShFJr8,A VERDADE sobre A MÁGICA DEPOIS DOS 100 MIL REAIS que NINGUÉM TE CONTA...,UgzH8Vn1P9lcGqUgsxp4AaABAg,0,2024-11-10,"Pq todooooooo mundo da Internet tá gravando esse video agora: "" Depois dos 100mil"", vcs influencer tem um combinado entre si?"
Outros (sem palavra-chave de tema),Dx48rShFJr8,A VERDADE sobre A MÁGICA DEPOIS DOS 100 MIL REAIS que NINGUÉM TE CONTA...,Ugzty5dAH2_tXFqS9_N4AaABAg,0,2024-10-11,"Quando falamos em juntar os primeiros 100k, estamos falando do montande do patrimônio ou do valor investido. Pergunto porque ja investi X na bolda, e atualmente tenho x x 1,3."
Outros (sem palavra-chave de tema),Dx48rShFJr8,A VERDADE sobre A MÁGICA DEPOIS DOS 100 MIL REAIS que NINGUÉM TE CONTA...,UgySjo35F967o7kwlnt4AaABAg,0,2024-10-11,"Excelentes informações 🎉 Agora, você incorporou o Silvio Santos ou este microfone é uma m....?"
Outros (sem palavra-chave de tema),Dx48rShFJr8,A VERDADE sobre A MÁGICA DEPOIS DOS 100 MIL REAIS que NINGUÉM TE CONTA...,UgzHzlmEGx8bTWI6deB4AaABAg,0,2024-10-10,Todo mundo grava esse vídeo. É um ritual para falar de investimento?
Outros (sem palavra-chave de tema),QjiF99_cINk,5 ETFs AMERICANOS que PAGAM DIVIDENDOS MENSAIS (NÃO É O ETF da NUBANK),UgzC7my-L63Z6BZsqJx4AaABAg,0,2024-12-15,Onde consigo informações sobre a correlação entre ativos?
Outros (sem palavra-chave de tema),QjiF99_cINk,5 ETFs AMERICANOS que PAGAM DIVIDENDOS MENSAIS (NÃO É O ETF da NUBANK),UgxniPeABgzNTBJJWF54AaABAg,0,2024-01-25,Porque a nomad? So por ser brasileiro ?
Outros (sem palavra-chave de tema),SsZAITSAR6s,Como abrir conta para menor de 18 anos? Como abrir conta no banco sendo menor?,UgxhqvC9VVUR6FxqQI94AaABAg,0,2020-06-30,Depois de fazer 18 ele atualiza automaticamente?
Outros (sem palavra-chave de tema),flmY3ta0ClE,🚨CUIDADO NOVO GOLPE DO PIX (esse é profissional) #investimentos,Ugyw7IWSgIM_ufo8X7p4AaABAg,0,2023-12-20,dá pra falar como gente?
Outros (sem palavra-chave de tema),flmY3ta0ClE,🚨CUIDADO NOVO GOLPE DO PIX (esse é profissional) #investimentos,UgyfmiyWzvtyey5isqh4AaABAg,0,2023-11-24,Só pega em androide esse vírus iOS não?
Outros (sem palavra-chave de tema),flmY3ta0ClE,🚨CUIDADO NOVO GOLPE DO PIX (esse é profissional) #investimentos,UgyrolnoOUgrCqzwgPZ4AaABAg,0,2023-11-18,Que audio horrivel é esse????
Outros (sem palavra-chave de tema),flmY3ta0ClE,🚨CUIDADO NOVO GOLPE DO PIX (esse é profissional) #investimentos,Ugy4LY3wcdG3VttnJqh4AaABAg,0,2023-09-21,E com os apss que não pedem Senha pra transferir como faz?
Outros (sem palavra-chave de tema),flmY3ta0ClE,🚨CUIDADO NOVO GOLPE DO PIX (esse é profissional) #investimentos,Ugy0xN-QuYPQUnTk8jN4AaABAg,0,2023-08-28,Pra quem não entendeu: hdkeivndloridmnsghftwrnbnbcvbnjnshdfbbvai bvnsfbcvbnchjbvhhbbhjvbzxbaskgbvbcv\jsgkbanghkshfj nbg jfjgnnjfhhjghjfgh. ok?
Outros (sem palavra-chave de tema),flmY3ta0ClE,🚨CUIDADO NOVO GOLPE DO PIX (esse é profissional) #investimentos,UgwDiTkZqAGhogVMPIh4AaABAg,0,2023-08-17,"Mas que bosta de áudio é esse caramba, vc tem problema filho?"
Outros (sem palavra-chave de tema),flmY3ta0ClE,🚨CUIDADO NOVO GOLPE DO PIX (esse é profissional) #investimentos,UgxXapV_HAB5uyKYK7V4AaABAg,0,2023-03-03,"iOS não acontece, certo?"
Outros (sem palavra-chave de tema),XBJqP2JTkkQ,BARSI ABRIU SUA CARTEIRA DE AÇÕES NA BOLSA DE VALORES #investimentos,UgxLC3gCSnD9ExsNJV14AaABAg,0,2025-01-12,Ele não curte weg?
Outros (sem palavra-chave de tema),XBJqP2JTkkQ,BARSI ABRIU SUA CARTEIRA DE AÇÕES NA BOLSA DE VALORES #investimentos,UgxkHI2h1w7zsKUYCMt4AaABAg,0,2024-01-24,"?? Vi um video dele falando q UNIT nao era atrativa p ele, e tem duas?"
Outros (sem palavra-chave de tema),XBJqP2JTkkQ,BARSI ABRIU SUA CARTEIRA DE AÇÕES NA BOLSA DE VALORES #investimentos,UgzBpUTfu2hJas_OR8h4AaABAg,0,2023-11-09,Não era 30 empresas ?
Outros (sem palavra-chave de tema),XBJqP2JTkkQ,BARSI ABRIU SUA CARTEIRA DE AÇÕES NA BOLSA DE VALORES #investimentos,Ugw47dod4OTLw7qQxbB4AaABAg,0,2023-09-19,cade a fonte?
Outros (sem palavra-chave de tema),V68Hd157uac,NEXT JOY cartão - NÃO cometa esse ERRO com seu filho! NEXT JOY banco digital para menor de 18 anos,UgyUlM357y4WgDA4ix14AaABAg,0,2024-06-25,Quanto posso tranferir por dia
Outros (sem palavra-chave de tema),V68Hd157uac,NEXT JOY cartão - NÃO cometa esse ERRO com seu filho! NEXT JOY banco digital para menor de 18 anos,UgywQxA0OL1Lz8cXD5t4AaABAg,0,2024-06-25,Qual limiti de tranfecia ?????
Outros (sem palavra-chave de tema),tbKsF2qyakU,Quanto tempo demora para juntar 1 milhão de reais?,UgxASeLBPS7cxYrF4eZ4AaABAg,0,2024-07-24,Qual taxa de juros 😅😂
Outros (sem palavra-chave de tema),tbKsF2qyakU,Quanto tempo demora para juntar 1 milhão de reais?,UgxG3FpKugR--NWVURF4AaABAg,0,2024-06-02,A questão é: Onde aplicar? Quais ativos?
Outros (sem palavra-chave de tema),tbKsF2qyakU,Quanto tempo demora para juntar 1 milhão de reais?,UgxpPJJTtVblsbQmBZJ4AaABAg,0,2023-07-19,Tá mais isso é investimento do que ? Pra ter esse retorno ao longo prazo
Outros (sem palavra-chave de tema),tbKsF2qyakU,Quanto tempo demora para juntar 1 milhão de reais?,UgxYdUSe2pYMyTUM65V4AaABAg,0,2023-06-15,Mais investindo onde para dar esse tempo ?
Outros (sem palavra-chave de tema),Y4WHQiKcv1g,DIVIDENDOS MENSAIS: 4 ÚNICOS ETFs que PAGAM MENSALMENTE na B3! (tem ETF pagando 1% a.m.),UgwwFfpyPzZTnocAIsh4AaABAg,0,2025-09-17,Como esta isso tudo hoje? 17/09/2025
Outros (sem palavra-chave de tema),Y4WHQiKcv1g,DIVIDENDOS MENSAIS: 4 ÚNICOS ETFs que PAGAM MENSALMENTE na B3! (tem ETF pagando 1% a.m.),UgyITIwdq5hYJsqAARh4AaABAg,0,2024-07-14,O que vc acha do Reits stwd???
Outros (sem palavra-chave de tema),HJRqnCA4ra0,NUBANK INVESTIMENTOS CRIPTOMOEDA VALE A PENA? NUBANK BITCOIN,Ugw_wWdNAHY1lRKCxnN4AaABAg,0,2023-09-05,"e taxa de 1,60% !?!?!?!"
Outros (sem palavra-chave de tema),HJRqnCA4ra0,NUBANK INVESTIMENTOS CRIPTOMOEDA VALE A PENA? NUBANK BITCOIN,UgycJjWoPU71tlUANCt4AaABAg,0,2022-07-07,Da pra receber por lá???
Outros (sem palavra-chave de tema),0kD4_42HV24,ITSA4 O QUE NINGUÉM TE CONTA SOBRE O MOMENTO DAS AÇÕES ITAUSA ITSA4! RESULTADOS ITAUSA.,UgzwEYz47VfJWYaywQB4AaABAg,0,2020-09-16,"O Japonês, qual o melhor COE de 6 a 1 ano com mais chances de ganhar dinheiro ? Ajuda nois ai."
Outros (sem palavra-chave de tema),0kD4_42HV24,ITSA4 O QUE NINGUÉM TE CONTA SOBRE O MOMENTO DAS AÇÕES ITAUSA ITSA4! RESULTADOS ITAUSA.,UgyHRegOcIxs1O_N6RV4AaABAg,0,2020-07-30,Você acha interessante fazer opções?
Outros (sem palavra-chave de tema),0kD4_42HV24,ITSA4 O QUE NINGUÉM TE CONTA SOBRE O MOMENTO DAS AÇÕES ITAUSA ITSA4! RESULTADOS ITAUSA.,UgxdduaZJ-aCynybCul4AaABAg,0,2020-07-26,Japa vc faz day trade???
Outros (sem palavra-chave de tema),0kD4_42HV24,ITSA4 O QUE NINGUÉM TE CONTA SOBRE O MOMENTO DAS AÇÕES ITAUSA ITSA4! RESULTADOS ITAUSA.,UgzXLmhjOw46zlj8rgB4AaABAg,0,2020-07-26,"tem alguma perspectiva de quando vai ou não ser concluído a aquisição da Liquigás?! 25/jun CADE falou mais 90dias,tem possibilidade de melar o negocio ?!"
Outros (sem palavra-chave de tema),0kD4_42HV24,ITSA4 O QUE NINGUÉM TE CONTA SOBRE O MOMENTO DAS AÇÕES ITAUSA ITSA4! RESULTADOS ITAUSA.,UgxCJq4Ukp_KGnTQhzl4AaABAg,0,2020-07-26,Japão boa tarde que vc acha de baneste?
Outros (sem palavra-chave de tema),AGg907HZ8bs,Elon Musk deixou de ser Trilionário #bolsadevalores,UgwgNQ81eMv4Q0Egmrd4AaABAg,0,2026-06-25,Mais alguém tem um trilhão para perder? Até a próxima!
Outros (sem palavra-chave de tema),uUY9Jh_qnII,COMO INVESTIR NO BANCO NEXT?BANCO NEXT VALE A PENA? BANCO NEXT É BOM?,Ugytf7c5FDCzjxdbh6d4AaABAg,0,2019-11-27,Esqueceu de falar de mim Denis?😭😭😭😭😭
Outros (sem palavra-chave de tema),4zHZprjxLu4,QUANTO RENDEU 1 REAL em BITCOIN NO MERCADO PAGO?,UgyBO9F4PJk0FNHDudV4AaABAg,0,2023-06-09,"Olá dono do canal eu não sei se você percebeu, tem uma quadrilha nos comentários, tem como apagar os comentários deles ?? Eles estão em vários vídeos no YouTube..."
Outros (sem palavra-chave de tema),fDUsjBJQmC4,🚨 O AVISO MAIS IMPORTANTE para QUEM INVESTE em FIIs (NÃO IGNORE!),Ugy1-KJjcZgqOL6urfd4AaABAg,0,2025-02-16,"15:00 o que seria ""janela de captação""?"
Outros (sem palavra-chave de tema),fDUsjBJQmC4,🚨 O AVISO MAIS IMPORTANTE para QUEM INVESTE em FIIs (NÃO IGNORE!),Ugzs9eeCajhRmixJYIl4AaABAg,0,2025-02-15,Nao faz sentido o q vc disse. O short querem que caia mesmo o preço....iam sair antes do lucro???
Outros (sem palavra-chave de tema),fDUsjBJQmC4,🚨 O AVISO MAIS IMPORTANTE para QUEM INVESTE em FIIs (NÃO IGNORE!),Ugy_NjHrH4LwWhwk7UB4AaABAg,0,2025-02-15,"É incrível o complexo de vira-lata que vcs tem. Cita referências do mercado financeiro, mercado financeiro esse que erra mais de 90% de suas previsões, em que área na vida alguém que erra esse percentual pode ser referência para alguma coisa?...ficam com essa pose de autoridade, com meia dúzia de palavras mais restritas ao meio financeiro para enganar o gado. Vcs não são referência para porra nenhuma, financias, política, senario econômico... a principal fonte de informações de vcs é o INTC Instituto de Notícias Tiradas do Cu."
Outros (sem palavra-chave de tema),fDUsjBJQmC4,🚨 O AVISO MAIS IMPORTANTE para QUEM INVESTE em FIIs (NÃO IGNORE!),Ugz8u9TXj04YsEkAzFR4AaABAg,0,2025-02-15,Quando alguem shortea tem uma outra ponta comprando. A soma tem que ser zero. O que compra nessa hora tá perdendo?
Outros (sem palavra-chave de tema),fDUsjBJQmC4,🚨 O AVISO MAIS IMPORTANTE para QUEM INVESTE em FIIs (NÃO IGNORE!),UgxpiCTCE3KkdAr6_594AaABAg,0,2025-02-14,"Rapaz, o Tanaka está parecendo o FOFÃO..kkkkkkk será que ele fez a Horrorizacao facial!? Kkkkk"
Outros (sem palavra-chave de tema),fDUsjBJQmC4,🚨 O AVISO MAIS IMPORTANTE para QUEM INVESTE em FIIs (NÃO IGNORE!),UgwArQ2d1astvimdTSx4AaABAg,0,2025-02-13,Japonês barbudo? É fake....kkkkkk
Outros (sem palavra-chave de tema),fDUsjBJQmC4,🚨 O AVISO MAIS IMPORTANTE para QUEM INVESTE em FIIs (NÃO IGNORE!),UgzYoe0tHlzm6cclee94AaABAg,0,2025-02-13,O que é isso na sua bochecha ??
Outros (sem palavra-chave de tema),fDUsjBJQmC4,🚨 O AVISO MAIS IMPORTANTE para QUEM INVESTE em FIIs (NÃO IGNORE!),UgzSV-KBxXmEgoTmTc14AaABAg,0,2025-02-12,"OBRIGADO TANAKAO POR SEU TRABALHO, QUANDO UN VIDEO SOBRE FIAGROS!!! oportunidade da decada o trampa de valor??"
Outros (sem palavra-chave de tema),VWXBzC6-_L0,TRABALHADOR poderá usar até 50% do FGTS em PRIVATIZAÇÃO da ELETROBRÁS (ELET3;ELET6),UgyJK-P4M2hRys_vdh14AaABAg,0,2022-06-07,Qual a data limite para investir na Eletrobras utilizando o FGTS?
Outros (sem palavra-chave de tema),VWXBzC6-_L0,TRABALHADOR poderá usar até 50% do FGTS em PRIVATIZAÇÃO da ELETROBRÁS (ELET3;ELET6),UgwNqBnlsK4lBdFOp554AaABAg,0,2022-06-06,Boa tarde! === DÚVIDA === Se eu tenho 40.000 de saldo de FGTS. Usar 20.000 no Fundo - Eletrobrás. Vou poder usar os outros 20.000 para Financiamento Habitacional?
Outros (sem palavra-chave de tema),VWXBzC6-_L0,TRABALHADOR poderá usar até 50% do FGTS em PRIVATIZAÇÃO da ELETROBRÁS (ELET3;ELET6),Ugz9iNKCQA7FjCwUZnl4AaABAg,0,2022-06-05,Em caso de demissão eu posso sacar o valor. Que não investi e deixar aplicado o restante na Eletrobras quando completar um ano ?
Outros (sem palavra-chave de tema),VWXBzC6-_L0,TRABALHADOR poderá usar até 50% do FGTS em PRIVATIZAÇÃO da ELETROBRÁS (ELET3;ELET6),UgxNP4Ht8LAJSbmz3tJ4AaABAg,0,2022-05-28,1:36 privatização de quem?
Outros (sem palavra-chave de tema),VWXBzC6-_L0,TRABALHADOR poderá usar até 50% do FGTS em PRIVATIZAÇÃO da ELETROBRÁS (ELET3;ELET6),UgyIx3JObrXvvXykVGx4AaABAg,0,2022-05-28,Mas qual FMP tem a menor taxa afinal?
Outros (sem palavra-chave de tema),VWXBzC6-_L0,TRABALHADOR poderá usar até 50% do FGTS em PRIVATIZAÇÃO da ELETROBRÁS (ELET3;ELET6),Ugwvnagv6FlBc85OfLV4AaABAg,0,2022-05-23,"I ai Japa, acabei de me inscrever, no começo fiquei com medo, porque vc parece aqueles japoneses dos filmes da máfia, com essa dica de hoje que tu falou, eu gostei, aí foi o jeito perder o medo. kkkk. Brincadeiras a parte, parabéns pelo seu trabalho. Só me tira uma dúvida, este fundo é pra quantos anos?."
Outros (sem palavra-chave de tema),VWXBzC6-_L0,TRABALHADOR poderá usar até 50% do FGTS em PRIVATIZAÇÃO da ELETROBRÁS (ELET3;ELET6),Ugxdif8VrwDJmLcpJql4AaABAg,0,2022-05-22,Japa corre o risco da Eletrobras fechar capital com a privatização?
Outros (sem palavra-chave de tema),VWXBzC6-_L0,TRABALHADOR poderá usar até 50% do FGTS em PRIVATIZAÇÃO da ELETROBRÁS (ELET3;ELET6),UgwOjggos76qz2D16Ax4AaABAg,0,2022-05-21,Será q no caixa tem...pode fazer isso?
Política (fora do escopo),QjiF99_cINk,5 ETFs AMERICANOS que PAGAM DIVIDENDOS MENSAIS (NÃO É O ETF da NUBANK),UgxKDODtqqDOjhkhjGR4AaABAg,1,2024-01-02,Otario pergunta: a ideia de botar grana la fora e a diversificacao geografica em razao do risco da eleicao do codigo fonte ou e pra ganhar algum dinheiro???
Política (fora do escopo),fDUsjBJQmC4,🚨 O AVISO MAIS IMPORTANTE para QUEM INVESTE em FIIs (NÃO IGNORE!),UgxRvF0ZiVFmK77EIhR4AaABAg,1,2025-02-13,Essa é a mesma Faria Lima que apoiou lula? 🤔
Política (fora do escopo),aDL4MMF6AnE,Pra ficar rico você só precisa de 1 centavo #investimentos,UgyOrDSQBM1RJoNEtrt4AaABAg,0,2025-12-01,O lula ainda não chamou esse cara pra ser ministro da economia???
Política (fora do escopo),aDL4MMF6AnE,Pra ficar rico você só precisa de 1 centavo #investimentos,UgzPjqhvn24eFBo-eWd4AaABAg,0,2025-05-19,LULA É VC??
Política (fora do escopo),PoY4WqA1k5Q,RECESSÃO GLOBAL ECONÔMICA 2023 VAI PEGAR TODO MUNDO!,UgyPff75SEySg_hLqOZ4AaABAg,0,2023-04-07,Será? Mas o povo elegeu o deus lula ... Ele vai dá picanha e cerveja
Política (fora do escopo),PoY4WqA1k5Q,RECESSÃO GLOBAL ECONÔMICA 2023 VAI PEGAR TODO MUNDO!,Ugzfmy4dWR0Ckt-azwd4AaABAg,0,2023-03-25,Sobrevivemos ao governo bolsonaro oque poderia ser pior que isso? Oque vim é lucro. Gasolina já está barata a carta tá acessível. Brasil volto
Política (fora do escopo),VWXBzC6-_L0,TRABALHADOR poderá usar até 50% do FGTS em PRIVATIZAÇÃO da ELETROBRÁS (ELET3;ELET6),Ugwx9Dc3jKlRjASaqjN4AaABAg,0,2022-05-22,"Japa, sem discussão eleitoral, apenas técnica: se o Lula ganhar as eleições, quais as chances que ele tem de impugnar a privatização da Eletrobras? Ele tem dito que se ganhar, ele vai desfazer os contratos e isso com certeza vai derrubar a provável valorização das Elets que, como já previsto por aqui, tem potencial de buscar os R$ 70,00 ou mais após a privatização."
"Rendimento: quanto rende, CDB, LCI, poupança, Tesouro",9tn6b8FaE24,NUBANK vs Mercado Pago? #investimentos,UgwjQyi2ZxCNwzEg6qd4AaABAg,7,2026-03-20,O porquinho do mercado pago tem a segurança do FGC ?
"Rendimento: quanto rende, CDB, LCI, poupança, Tesouro",tbKsF2qyakU,Quanto tempo demora para juntar 1 milhão de reais?,UgxCBKUGT9-P1W258yF4AaABAg,7,2023-01-15,Se eu guardar 3k todo mês no CDB de uma conta digital serve ?
"Rendimento: quanto rende, CDB, LCI, poupança, Tesouro",_WHHib_xvJ4,Caixinha Turbo da Nubank melhorou #investimentos,UgwThmI9huFSioW7VCl4AaABAg,6,2025-06-07,coloquei 5K mas o dinheiro q rende em cima tenho q tirar após 30 dias para não cobrar o IOF do mês é isso?
"Rendimento: quanto rende, CDB, LCI, poupança, Tesouro",_WHHib_xvJ4,Caixinha Turbo da Nubank melhorou #investimentos,UgxeBJBLfGRyj73g3_t4AaABAg,6,2025-06-02,"Eu uso o o cofrinho do Mercado Pago e o rendimento do dia aparece de madrugada nos dias úteis. Criei uma caixinha turbo ontem no Nubank, mas até agora não mudou o valor. Alguém sabe me dizer o horário especifico para gerar o rendimento do dia?"
"Rendimento: quanto rende, CDB, LCI, poupança, Tesouro",_WHHib_xvJ4,Caixinha Turbo da Nubank melhorou #investimentos,UgxyBFYrfpjmuoDvssF4AaABAg,3,2025-06-17,"Eu não tenho essa caixinha, pq ??"
"Rendimento: quanto rende, CDB, LCI, poupança, Tesouro",_WHHib_xvJ4,Caixinha Turbo da Nubank melhorou #investimentos,Ugz_VXwMMnk1L00uj-Z4AaABAg,3,2025-05-27,E o resgate caí na hora? E eu posso resgatar o rendimento mensal uma vez ao mês?
"Rendimento: quanto rende, CDB, LCI, poupança, Tesouro",_WHHib_xvJ4,Caixinha Turbo da Nubank melhorou #investimentos,UgwQv6n4jOaLc88JVSx4AaABAg,3,2025-05-08,"Alguém me tira uma dúvida, eu deixei 5000 reais na caixinha turbo, rendeu 49,91 reais líquido, aí ficou 5055,67 reais bruto. Eu tenho que tirar o rendimento ou continua com o rendimento de 115% ou vai para 100% por passar do valor ?"
"Rendimento: quanto rende, CDB, LCI, poupança, Tesouro",Q1WMbZZn2Ik,O QUE RENDE MAIS CDB ou LCI/LCA? #investimentos,Ugz-1ZARf-sRb6ofL_J4AaABAg,3,2025-12-11,Tenho 80 k e seria bom colocar no LCI por 12 meses?
"Rendimento: quanto rende, CDB, LCI, poupança, Tesouro",4zHZprjxLu4,QUANTO RENDEU 1 REAL em BITCOIN NO MERCADO PAGO?,UgyGgunlpslbbwvGi6l4AaABAg,3,2022-11-09,"Eu comprei, ontem 100 reais, aí deu 97,23 só que deis de ontem veio aumentando, hoje estou com 99,13 rende diário ? Eu não estou conseguindo entender isso aí"
"Rendimento: quanto rende, CDB, LCI, poupança, Tesouro",PoY4WqA1k5Q,RECESSÃO GLOBAL ECONÔMICA 2023 VAI PEGAR TODO MUNDO!,UgwnWgQ4sYrXOxTxXEd4AaABAg,2,2023-03-12,"Eu tenho um financiamento 6,5% com juros correção do mês 746,13 falta 289 messes com saldo devedor 87.787,18 estou em dúvida se amortizo todo mês 1.400 ou se coloco em renda fixa 1.900 e Quito em 3 anos com o investimento. Qual seria melhor?"
"Rendimento: quanto rende, CDB, LCI, poupança, Tesouro",9tn6b8FaE24,NUBANK vs Mercado Pago? #investimentos,UgyqKQ-7ihddunbeoDF4AaABAg,2,2026-02-09,Como assim não tem fgc?😢
"Rendimento: quanto rende, CDB, LCI, poupança, Tesouro",Dx48rShFJr8,A VERDADE sobre A MÁGICA DEPOIS DOS 100 MIL REAIS que NINGUÉM TE CONTA...,UgwLL8QuSXajR4PQhEZ4AaABAg,2,2024-10-12,"Quando se fala que os 100 k são um divisor de águas, se fala também no poder dos juros composto como o propulsor e não ouço falar em perdas no percurso, como uma desvalorização, mas apenas em ganhos progressivos e persistentes, sustentáveis ao longo de anos. Essas previsões otimistas ocorrer porque os investimentos e aportes não estão considerando a aquisição de ativos da renda variável, como ações, mas sim ativos mais seguros e nem tão arriscados, como ativos da renda fixa. Seria essa a resposta, o motivo de contar com os ganhos sustentáveis após os 100k?"
"Rendimento: quanto rende, CDB, LCI, poupança, Tesouro",fDUsjBJQmC4,🚨 O AVISO MAIS IMPORTANTE para QUEM INVESTE em FIIs (NÃO IGNORE!),UgyBm0p60Wf2-njAsYp4AaABAg,2,2025-02-16,"IPCA não chegou nem a 5% ao ano e estamos com o menor desemprego. Há cinco, seis anos atrás a média ano do IPCA estava em 12%. Mercado produzindo crise ficticia para ganhar com a Selic alta sem.motivo. o que fazer? Tesouro Direto. Mais seguro não há, e o ganho com marcação a mercado nenhum outro alcança. Tesouro IPCA + longos...❤"
"Rendimento: quanto rende, CDB, LCI, poupança, Tesouro",aDL4MMF6AnE,Pra ficar rico você só precisa de 1 centavo #investimentos,Ugzpje3zNYTDKCMItSd4AaABAg,1,2025-05-07,Qual o investimento do primo rico que rende 100% ao dia pqp
"Rendimento: quanto rende, CDB, LCI, poupança, Tesouro",_WHHib_xvJ4,Caixinha Turbo da Nubank melhorou #investimentos,Ugw3AmDZtOniggWwXHZ4AaABAg,1,2026-06-03,Quando chegar em 5k tira e coloca na caixinha de reserva 😂
"Rendimento: quanto rende, CDB, LCI, poupança, Tesouro",1EGx_IxWSbo,QUANTO RENDEU 1 REAL EM BITCOIN NUBANK INVESTIMENTO CRIPTOMOEDA?,UgxVu-zGti29G5w-n3x4AaABAg,1,2022-11-05,"Quanto rendeu esse $ 1,00?"
"Rendimento: quanto rende, CDB, LCI, poupança, Tesouro",aDL4MMF6AnE,Pra ficar rico você só precisa de 1 centavo #investimentos,Ugx9lbjwG_ITq0Vvs1d4AaABAg,0,2026-06-29,Onde eu invisto esse 1 centavo para render até 5 mil reais? Qual o nome do banco?
"Rendimento: quanto rende, CDB, LCI, poupança, Tesouro",aDL4MMF6AnE,Pra ficar rico você só precisa de 1 centavo #investimentos,UgxCdbRaKakG_LFqMHh4AaABAg,0,2026-04-29,legal e como fazer render diariamente? Qual o nome do investimento?
"Rendimento: quanto rende, CDB, LCI, poupança, Tesouro",aDL4MMF6AnE,Pra ficar rico você só precisa de 1 centavo #investimentos,UgzbyryxPUBY_KdZI7Z4AaABAg,0,2026-03-10,exponencial se aprende na 6 série qq tem demais? povo burro mesmo viu
"Rendimento: quanto rende, CDB, LCI, poupança, Tesouro",aDL4MMF6AnE,Pra ficar rico você só precisa de 1 centavo #investimentos,UgybYktagXDYidOco0R4AaABAg,0,2025-08-12,Tenho que aprender a dobrar terra primeiro ou tem como aprender a dobrar metal sem saber dobrar terra?
"Rendimento: quanto rende, CDB, LCI, poupança, Tesouro",aDL4MMF6AnE,Pra ficar rico você só precisa de 1 centavo #investimentos,UgytkiHHXTsmfQia1Ht4AaABAg,0,2025-06-11,Qual o rendimento que dobra diário
"Rendimento: quanto rende, CDB, LCI, poupança, Tesouro",aDL4MMF6AnE,Pra ficar rico você só precisa de 1 centavo #investimentos,Ugz-PfgfwT3LBN58vvR4AaABAg,0,2025-06-04,Onde que gera esse dividendos? Ele quer dizer que rende 100%. esse investimento em banco eu não conheço
"Rendimento: quanto rende, CDB, LCI, poupança, Tesouro",aDL4MMF6AnE,Pra ficar rico você só precisa de 1 centavo #investimentos,UgzRYuF2ydTc44Av_Rl4AaABAg,0,2025-05-10,Onde isso ? Nem a caixinha do Nubank faz isso assim 🤔 revele aí onde vc consegue fazer isso ! 😂😂😂😂
"Rendimento: quanto rende, CDB, LCI, poupança, Tesouro",aDL4MMF6AnE,Pra ficar rico você só precisa de 1 centavo #investimentos,UgwyboTG_E_KBjHRw-p4AaABAg,0,2025-05-09,"Teria que ter uma rendimento de 100% todos os dias e 3000% no mês. Claro, impossível. Qual a lógica de falar isso ?"
"Rendimento: quanto rende, CDB, LCI, poupança, Tesouro",aDL4MMF6AnE,Pra ficar rico você só precisa de 1 centavo #investimentos,UgzbGenemsryKmRB5xZ4AaABAg,0,2025-05-04,Onde que rende isso? Kkkkk
"Rendimento: quanto rende, CDB, LCI, poupança, Tesouro",aDL4MMF6AnE,Pra ficar rico você só precisa de 1 centavo #investimentos,Ugwm3mZvKUqplaICX4V4AaABAg,0,2025-05-03,"Pra ficar rico primeiro você precisar arrumar formas de sempre ganhar dinheiro. E pra nunca ficar pobre e ficar rico primeiro você tem que agradecer tudo que ganhar e gastar sempre até a metade de tudo que você ganhar e nunca o total. Tem que ter disciplica. Se você não controlar e fracassar e se desviar da disciplina perdeu. E vai ter que começar de novo e vai ficar dificil. Você tem que treinar sua mente assim: Que quando você ganhar 2.000 reais, na verdade você ganhou 1.000 reais, e outros 1.000 você sempre guarda pro seu futuro. Se você estiver muito pobre começando do zero, você tem que aprender obrigatoriamente o minimalismo e sobre calorias/dietas, ou seja, você tem que ser sempre criativo e criar formas de sobreviver e viver bem gastando pouco ou nescessário, daí você vai perceber que vai sobrar mais alimentos e dinheiro sobrevivendo com pouco ou nescessário. Você tem que sempre criar formas de sobreviver e ganhar mais com pouquissimo todo dia até um mês. Você tem que pensar: O que você faria se tivesse nada e como sobreviver com pouco e ainda economizar? Se você tivesse nada agora o que você faria pra sobreviver? Onde você comeria? Onde pegaria agua de graça pra beber? O que você faria pra ganhar 2 reais agora? Ou o que você faria pra ganhar mais ou economizar pra ficar rico? Por exemplo, se você já consegue uma pequena renda e quer economizar mais pra ficar rico: Em vez de comprar 1 pacote de 5 kilos de arroz de $30 reais e $7 de feijão mais $4 de alho mais $4 de cebola mais $110 do gás gastando $161 por mês, você pega apenas 60 reais pra comer todo dia 2 marmitas uma 12:00am e outra 17:00pm no restaurante do governo aqui chamado ""bom prato"" que cobra cada marmita por 1 real. Dos $161 reais vai sobrar pra você 100 reais por mês. Desses $100 você poder guardar 50 e tirar 50 pra investir no seu pequeno trabalho particular comprando exemplo um pote de doces, salgados, algum alimento ou produto pra vender rapido nas ruas ou em qualquer lugar de alguma forma pra gerar o dobro do investimento que você gastou e vai sempre guardando toda metade que você ganhar e investindo de novo com a outra metade e sempre dobrando começando com pouco dinheiro. Daí conseguindo isso já com sua renda e guardando sempre a metade de tudo que ganhar você nunca vai ficar pobre e vai enricar rapido."
"Rendimento: quanto rende, CDB, LCI, poupança, Tesouro",aDL4MMF6AnE,Pra ficar rico você só precisa de 1 centavo #investimentos,UgyfoUSpnsSV1hKwoQh4AaABAg,0,2025-05-01,A questao é como fazer 1 centavo dobrar seu valor ? Sendo que 100 reais rende apenas 1 real.
"Rendimento: quanto rende, CDB, LCI, poupança, Tesouro",T956DmDdPDU,BANCO NEXT VALE A PENA? É CONFIÁVEL? COMO FUNCIONA? Tudo sobre o Banco Next,UgyS949qHf9NtuxtbRd4AaABAg,0,2020-05-17,Posso usar apenas para conta poupança?
"Rendimento: quanto rende, CDB, LCI, poupança, Tesouro",PoY4WqA1k5Q,RECESSÃO GLOBAL ECONÔMICA 2023 VAI PEGAR TODO MUNDO!,UgyXbwbDcGa_s0PKwF14AaABAg,0,2023-03-11,Gostaria de saber se a Selic vai subir??
"Rendimento: quanto rende, CDB, LCI, poupança, Tesouro",PoY4WqA1k5Q,RECESSÃO GLOBAL ECONÔMICA 2023 VAI PEGAR TODO MUNDO!,Ugwin2xiEc-friMvJKZ4AaABAg,0,2023-03-11,Japão como investir em renda fixa no USA ?
"Rendimento: quanto rende, CDB, LCI, poupança, Tesouro",_WHHib_xvJ4,Caixinha Turbo da Nubank melhorou #investimentos,UgwgJez7c49YONcbOpt4AaABAg,0,2026-02-01,Posso botar 200 reais na caixinha turbo ou só de 500 reais😢 ?
"Rendimento: quanto rende, CDB, LCI, poupança, Tesouro",_WHHib_xvJ4,Caixinha Turbo da Nubank melhorou #investimentos,UgzVtsZ2GR2MoR0F51R4AaABAg,0,2026-01-12,"Se nao colocar 900,00 por mês, vai render 100% do CDI ou nao rende nada? Caso eu coloque menos de 900..."
"Rendimento: quanto rende, CDB, LCI, poupança, Tesouro",_WHHib_xvJ4,Caixinha Turbo da Nubank melhorou #investimentos,UgwlnS6LpTuadQr-qSB4AaABAg,0,2025-10-04,Coloquei 5.000 quanto vai render em 1 mês??
"Rendimento: quanto rende, CDB, LCI, poupança, Tesouro",_WHHib_xvJ4,Caixinha Turbo da Nubank melhorou #investimentos,Ugy_9RdX4oPahQElzDV4AaABAg,0,2025-10-04,Então só posso colocar 5 mil na caixinha turbo?
"Rendimento: quanto rende, CDB, LCI, poupança, Tesouro",_WHHib_xvJ4,Caixinha Turbo da Nubank melhorou #investimentos,Ugwl86VfLAygOc9GyMR4AaABAg,0,2025-04-30,e quanto rende 1000 por mês nessa caixinha?
"Rendimento: quanto rende, CDB, LCI, poupança, Tesouro",9tn6b8FaE24,NUBANK vs Mercado Pago? #investimentos,UgxWw_ZbDFrGYkrkvrR4AaABAg,0,2026-05-24,E o tesouro reserva?
"Rendimento: quanto rende, CDB, LCI, poupança, Tesouro",9tn6b8FaE24,NUBANK vs Mercado Pago? #investimentos,UgwY9_To_p-V3iB4EUZ4AaABAg,0,2026-01-06,E esse investimentos q tão aparecendo no Instagram 257% do cdi....qual a pegadinha??????
"Rendimento: quanto rende, CDB, LCI, poupança, Tesouro",Dx48rShFJr8,A VERDADE sobre A MÁGICA DEPOIS DOS 100 MIL REAIS que NINGUÉM TE CONTA...,Ugzkl7HhC8cg2gbdevJ4AaABAg,0,2025-05-20,"mas isso tudo sem gastar, entao vc nunca curte o dinheiro??? o ideal acredito que chegar 100 mil e continuar investindo e sacando 1% do rendimento ao mes. Se nao vc morre e nao curte nada."
"Rendimento: quanto rende, CDB, LCI, poupança, Tesouro",V68Hd157uac,NEXT JOY cartão - NÃO cometa esse ERRO com seu filho! NEXT JOY banco digital para menor de 18 anos,UgyY3UPz9cSWhwkA-gh4AaABAg,0,2023-07-20,a conta next é poupança ou corrente?
"Rendimento: quanto rende, CDB, LCI, poupança, Tesouro",sZTGSV55keU,CLICK CONTA para MENORES de 18 anos - BRADESCO CLICK CONTA - Como abrir conta para MENOR DE IDADE?,UgzgeYSlVUdv5RlIVWR4AaABAg,0,2023-03-23,"Se eu tenho 100 reais,e quero colocar na poupança do click conta do Bradesco, eu consigo colocar pela agência?"
"Rendimento: quanto rende, CDB, LCI, poupança, Tesouro",uUY9Jh_qnII,COMO INVESTIR NO BANCO NEXT?BANCO NEXT VALE A PENA? BANCO NEXT É BOM?,UgyyP_EXsQnrv1Yc-mB4AaABAg,0,2020-05-16,"Investi no next simples e ele me rendia 20 centavos por mês, agr me rende 30.. ao ano eu ganharia 36 reais e honestamente? É mt baixo. Enfim, já vi bancos melhores msm"
"Rendimento: quanto rende, CDB, LCI, poupança, Tesouro",VWXBzC6-_L0,TRABALHADOR poderá usar até 50% do FGTS em PRIVATIZAÇÃO da ELETROBRÁS (ELET3;ELET6),UgxnUQT2GQAbNc98Aup4AaABAg,0,2022-06-01,"Boa tarde a todos, Denis se possível, gostari de saber sobre o tal ano que as ações da Eletrobras que seriam adiquiridas pelo FGTS, ficaria 1 ano com o fundo que na verdade compraria as ações, neste momento de 1 ano, não renderia nada para mim e não poderia ser vendida, é isso?"
"Rendimento: quanto rende, CDB, LCI, poupança, Tesouro",VWXBzC6-_L0,TRABALHADOR poderá usar até 50% do FGTS em PRIVATIZAÇÃO da ELETROBRÁS (ELET3;ELET6),Ugx7t0bCRgqvJSM3d3h4AaABAg,0,2022-06-01,"Boa tarde. Como fica os rendimentos distribuído, para quem investir com FGTS através do fundo? Não receber dividendo?"
"Rendimento: quanto rende, CDB, LCI, poupança, Tesouro",VWXBzC6-_L0,TRABALHADOR poderá usar até 50% do FGTS em PRIVATIZAÇÃO da ELETROBRÁS (ELET3;ELET6),Ugyti_AwwIDWq8pYOOB4AaABAg,0,2022-05-22,"Melhor fazer o saque aniversário e investir comprando suas próprias ações.. primeiro, porque essa ideia aí, só vai dar lucro pro governo, que vai ficar com os dividendos do povo, depois dar um aumento miserável na cota do fundo e fala que investiu os dividendos... inteligentes saberão: usar seu fundo de garantia pra dar mais dinheiro ao governo é uma furada... quer fazer seu FGTS render mais?? Faça o saque aniversário e investe na bolsa, mas é pra investir mesmo e não gastar o dinheiro com outras coisas..."
"Rendimento: quanto rende, CDB, LCI, poupança, Tesouro",VWXBzC6-_L0,TRABALHADOR poderá usar até 50% do FGTS em PRIVATIZAÇÃO da ELETROBRÁS (ELET3;ELET6),UgxDRkzb8T3V23e-1Bt4AaABAg,0,2022-05-22,"Bom dia japonês! Faltou algumas informações nos seu vídeo. O FGTS rende também a distribuição dos resultados do ano anterior, não sei se é honesto esta distribuição, mas isso já coloca o FGTS no topo da renda fixa, além disso o governo pode liberar em um momento ruim para entrar neste tal fundo, isso faria com que o trabalhador já entrasse em desvantagem, ainda pode ser uma forma de retirar o direito do FGTS, que no caso, é pago pelo empregador e não pelo empregado. E a taxa de administração do tal fundo?"
Short do 1 centavo: como dobra? é possível? (dúvida e ironia sobre a conta),aDL4MMF6AnE,Pra ficar rico você só precisa de 1 centavo #investimentos,Ugxlk7PVY9M4r-qi95d4AaABAg,1,2025-10-07,e se eu disser que se vc juntar 200 mil por mês em um ano vc terá mais de 2 milhões?está esperando oque?já te entreguei o ouro😂
Short do 1 centavo: como dobra? é possível? (dúvida e ironia sobre a conta),aDL4MMF6AnE,Pra ficar rico você só precisa de 1 centavo #investimentos,UgwzVU8lzxLgiVQ6kMl4AaABAg,1,2025-08-01,Gente se aquecer a moeda para facilitar a dobra dá certo?
Short do 1 centavo: como dobra? é possível? (dúvida e ironia sobre a conta),aDL4MMF6AnE,Pra ficar rico você só precisa de 1 centavo #investimentos,UgwgPeoG-4coJQkvS954AaABAg,1,2025-07-20,"Porque não vi esse vídeo antes, agora sim vou ficar rico 🎉"
Short do 1 centavo: como dobra? é possível? (dúvida e ironia sobre a conta),aDL4MMF6AnE,Pra ficar rico você só precisa de 1 centavo #investimentos,UgxDyzy44D1X0rY5bV14AaABAg,1,2025-05-03,Mas o dinheiro vai vir de qual chocadeira ?
Short do 1 centavo: como dobra? é possível? (dúvida e ironia sobre a conta),aDL4MMF6AnE,Pra ficar rico você só precisa de 1 centavo #investimentos,UgzLtieXco1f1T5cVkR4AaABAg,1,2025-05-02,Que cálculo é este?
Short do 1 centavo: como dobra? é possível? (dúvida e ironia sobre a conta),aDL4MMF6AnE,Pra ficar rico você só precisa de 1 centavo #investimentos,UgzJgUfr4ZiLa1AYJ7x4AaABAg,0,2026-09-19,Pode ensinar também sobre relacionamentos? 😅
Short do 1 centavo: como dobra? é possível? (dúvida e ironia sobre a conta),aDL4MMF6AnE,Pra ficar rico você só precisa de 1 centavo #investimentos,Ugz-njbcUYNQS0RceUx4AaABAg,0,2026-09-11,"É O PIOR ABSURDO QUE EU JÁ OUVI NESSE YOUTUBE, ,QUE MATEMÁTICA ESSE CABRA ESTÁ USANDO?"
Short do 1 centavo: como dobra? é possível? (dúvida e ironia sobre a conta),aDL4MMF6AnE,Pra ficar rico você só precisa de 1 centavo #investimentos,UgwjhWR9ngzmaI3YmO14AaABAg,0,2026-08-26,Como isso é possivel? Nao existe negocio no mundo que permita isso sem perder e sem arriscar!
Short do 1 centavo: como dobra? é possível? (dúvida e ironia sobre a conta),aDL4MMF6AnE,Pra ficar rico você só precisa de 1 centavo #investimentos,Ugx-R-TegoPHBjdLJk94AaABAg,0,2026-08-03,O que ele disse é verdade!
Short do 1 centavo: como dobra? é possível? (dúvida e ironia sobre a conta),aDL4MMF6AnE,Pra ficar rico você só precisa de 1 centavo #investimentos,UgzKgTjsIFujGqg-ZVV4AaABAg,0,2026-07-22,Como assim 10 milhões gente oxiiii
Short do 1 centavo: como dobra? é possível? (dúvida e ironia sobre a conta),aDL4MMF6AnE,Pra ficar rico você só precisa de 1 centavo #investimentos,Ugzle_cx7ZfTJVWjjuF4AaABAg,0,2026-07-22,Como assim milhões?
Short do 1 centavo: como dobra? é possível? (dúvida e ironia sobre a conta),aDL4MMF6AnE,Pra ficar rico você só precisa de 1 centavo #investimentos,UgwMXfxvBRcA2D8iqVB4AaABAg,0,2026-07-21,Mas me ensina fazer isso sem dinheiro invisto aonde?
Short do 1 centavo: como dobra? é possível? (dúvida e ironia sobre a conta),aDL4MMF6AnE,Pra ficar rico você só precisa de 1 centavo #investimentos,UgxO1O5lTAvVcqVXeJl4AaABAg,0,2026-07-16,Onde fazer isso?
Short do 1 centavo: como dobra? é possível? (dúvida e ironia sobre a conta),aDL4MMF6AnE,Pra ficar rico você só precisa de 1 centavo #investimentos,Ugxlwpxb3B-EfEaVYB94AaABAg,0,2026-07-14,Como faz pra entrar
Short do 1 centavo: como dobra? é possível? (dúvida e ironia sobre a conta),aDL4MMF6AnE,Pra ficar rico você só precisa de 1 centavo #investimentos,UgzNM6baTpi-NhY52UZ4AaABAg,0,2026-06-30,Como se fosse fácil né
Short do 1 centavo: como dobra? é possível? (dúvida e ironia sobre a conta),aDL4MMF6AnE,Pra ficar rico você só precisa de 1 centavo #investimentos,UgwAkQ0H8E3k5PQQnB54AaABAg,0,2026-06-28,O quê Não entendi 🫪🤡
Short do 1 centavo: como dobra? é possível? (dúvida e ironia sobre a conta),aDL4MMF6AnE,Pra ficar rico você só precisa de 1 centavo #investimentos,UgwQWCaCZ5IYeIAMyJZ4AaABAg,0,2026-06-21,Onde vou arrumar 10 bilhões de reais se sou pobre
Short do 1 centavo: como dobra? é possível? (dúvida e ironia sobre a conta),aDL4MMF6AnE,Pra ficar rico você só precisa de 1 centavo #investimentos,Ugxs6PJ9vK42a_0MDL54AaABAg,0,2026-06-21,Como fazer ??
Short do 1 centavo: como dobra? é possível? (dúvida e ironia sobre a conta),aDL4MMF6AnE,Pra ficar rico você só precisa de 1 centavo #investimentos,UgwBJHnSrBjCBsuR5Nx4AaABAg,0,2026-06-19,Como ganhar dinheiro assim ?
Short do 1 centavo: como dobra? é possível? (dúvida e ironia sobre a conta),aDL4MMF6AnE,Pra ficar rico você só precisa de 1 centavo #investimentos,Ugwte0MBvdQNec97ful4AaABAg,0,2026-06-14,E em 1 ano completo ou supero o elan musk?
Short do 1 centavo: como dobra? é possível? (dúvida e ironia sobre a conta),aDL4MMF6AnE,Pra ficar rico você só precisa de 1 centavo #investimentos,UgynoKEiiRnRN0nybIJ4AaABAg,0,2026-05-30,?
Short do 1 centavo: como dobra? é possível? (dúvida e ironia sobre a conta),aDL4MMF6AnE,Pra ficar rico você só precisa de 1 centavo #investimentos,UgzH61wm326s-SOQd4l4AaABAg,0,2026-05-19,Em 31 vidas ? 😂
Short do 1 centavo: como dobra? é possível? (dúvida e ironia sobre a conta),aDL4MMF6AnE,Pra ficar rico você só precisa de 1 centavo #investimentos,UgxNrREABLo6GPDu4s14AaABAg,0,2026-05-17,Como consegue ser tão mentiroso assim.?
Short do 1 centavo: como dobra? é possível? (dúvida e ironia sobre a conta),aDL4MMF6AnE,Pra ficar rico você só precisa de 1 centavo #investimentos,Ugxlgz8EftrDKabnH2h4AaABAg,0,2026-05-16,Mais como?
Short do 1 centavo: como dobra? é possível? (dúvida e ironia sobre a conta),aDL4MMF6AnE,Pra ficar rico você só precisa de 1 centavo #investimentos,UgwOZrsWJBzWsJvZWlt4AaABAg,0,2026-05-15,A pergunta e onde vou arrumar tanto dinheiro?
Short do 1 centavo: como dobra? é possível? (dúvida e ironia sobre a conta),aDL4MMF6AnE,Pra ficar rico você só precisa de 1 centavo #investimentos,UgyHNJAo4dfHrSfXcp14AaABAg,0,2026-05-15,Como faz isso?
Short do 1 centavo: como dobra? é possível? (dúvida e ironia sobre a conta),aDL4MMF6AnE,Pra ficar rico você só precisa de 1 centavo #investimentos,Ugw3i2EL_GTDAae65Hx4AaABAg,0,2026-05-10,E como continuar dobrando quando chegar nos reais ?
Short do 1 centavo: como dobra? é possível? (dúvida e ironia sobre a conta),aDL4MMF6AnE,Pra ficar rico você só precisa de 1 centavo #investimentos,Ugw2Ef5AK1-6568qm_t4AaABAg,0,2026-05-02,"😂😂😂😂😂😂😂😂,esse é louco ,pensa que o povo que ganha um mísero salário de fome ,vai fazer isso?😂😂😂😂😂😂 é cada coisa"
Short do 1 centavo: como dobra? é possível? (dúvida e ironia sobre a conta),aDL4MMF6AnE,Pra ficar rico você só precisa de 1 centavo #investimentos,UgwCEz52eF0rKeDRGo94AaABAg,0,2026-05-01,Será?
Short do 1 centavo: como dobra? é possível? (dúvida e ironia sobre a conta),aDL4MMF6AnE,Pra ficar rico você só precisa de 1 centavo #investimentos,Ugw9OaIlw_DCKst1_Ft4AaABAg,0,2026-04-11,Como alguém ainda escuta esse cara?
Short do 1 centavo: como dobra? é possível? (dúvida e ironia sobre a conta),aDL4MMF6AnE,Pra ficar rico você só precisa de 1 centavo #investimentos,UgzpZzVe4mNYZ40GYVp4AaABAg,0,2026-04-09,Como é isso omee
Short do 1 centavo: como dobra? é possível? (dúvida e ironia sobre a conta),aDL4MMF6AnE,Pra ficar rico você só precisa de 1 centavo #investimentos,Ugx2N6b44HDZVpWUY0Z4AaABAg,0,2026-04-05,Onde eu envisto
Short do 1 centavo: como dobra? é possível? (dúvida e ironia sobre a conta),aDL4MMF6AnE,Pra ficar rico você só precisa de 1 centavo #investimentos,UgzTOBnMPEGUd-UopEZ4AaABAg,0,2026-04-04,Como você fez 10 milhões um mes
Short do 1 centavo: como dobra? é possível? (dúvida e ironia sobre a conta),aDL4MMF6AnE,Pra ficar rico você só precisa de 1 centavo #investimentos,UgytleSxKgkNVR6ElFV4AaABAg,0,2026-03-26,"Esses caras tem umas conversas muito louca, outro dia vi um que falava que você saia na rua lavava um carro por 70,00 eu pensei onde esse mano mora? Alien?"
Short do 1 centavo: como dobra? é possível? (dúvida e ironia sobre a conta),aDL4MMF6AnE,Pra ficar rico você só precisa de 1 centavo #investimentos,Ugz99SzRfsatdyIDD2p4AaABAg,0,2026-03-21,"Isso acho mais que o possível, como é isso?"
Short do 1 centavo: como dobra? é possível? (dúvida e ironia sobre a conta),aDL4MMF6AnE,Pra ficar rico você só precisa de 1 centavo #investimentos,Ugz_OIvYdAyCZXF9t4J4AaABAg,0,2026-03-18,Mas aonde vc consegue algo q dobre dinheiro assim?
Short do 1 centavo: como dobra? é possível? (dúvida e ironia sobre a conta),aDL4MMF6AnE,Pra ficar rico você só precisa de 1 centavo #investimentos,Ugx7RGcHcNF7TwRQWvJ4AaABAg,0,2026-03-16,Como ?
Short do 1 centavo: como dobra? é possível? (dúvida e ironia sobre a conta),aDL4MMF6AnE,Pra ficar rico você só precisa de 1 centavo #investimentos,UgxDrTsxMlsBnubRRMx4AaABAg,0,2026-03-12,Como se eu tivesse 5 milhões pra completar o dez milhões né 🤨🧐
Short do 1 centavo: como dobra? é possível? (dúvida e ironia sobre a conta),aDL4MMF6AnE,Pra ficar rico você só precisa de 1 centavo #investimentos,UgyGu0-Eb93s6RM_nAB4AaABAg,0,2026-02-28,Dia 15: Onde eu vou arrumar 500mil? 🤡
Short do 1 centavo: como dobra? é possível? (dúvida e ironia sobre a conta),aDL4MMF6AnE,Pra ficar rico você só precisa de 1 centavo #investimentos,Ugxxk-6Ijl6yJrsyfvN4AaABAg,0,2026-02-18,Qual alicate eu uso?
Short do 1 centavo: como dobra? é possível? (dúvida e ironia sobre a conta),aDL4MMF6AnE,Pra ficar rico você só precisa de 1 centavo #investimentos,UgxMLjeE4Tf8RpFslBB4AaABAg,0,2026-02-09,Os caras acham q calculadora vira dinheiro? Q porra é essa? Kkkkkkkkk
Short do 1 centavo: como dobra? é possível? (dúvida e ironia sobre a conta),aDL4MMF6AnE,Pra ficar rico você só precisa de 1 centavo #investimentos,UgzRvqEiOS3hMrUEaux4AaABAg,0,2026-02-09,Como investe em algo que renda 200% ao dia
Short do 1 centavo: como dobra? é possível? (dúvida e ironia sobre a conta),aDL4MMF6AnE,Pra ficar rico você só precisa de 1 centavo #investimentos,UgyxkImTHMH4FgcgH-54AaABAg,0,2026-02-06,E como faço isso? Informação desnecessária.
Short do 1 centavo: como dobra? é possível? (dúvida e ironia sobre a conta),aDL4MMF6AnE,Pra ficar rico você só precisa de 1 centavo #investimentos,Ugxsj_jgRyxMqWwAkrt4AaABAg,0,2026-02-05,Como isso eu quero
Short do 1 centavo: como dobra? é possível? (dúvida e ironia sobre a conta),aDL4MMF6AnE,Pra ficar rico você só precisa de 1 centavo #investimentos,UgwzSWd4b9viqA00BWt4AaABAg,0,2026-02-02,Tá mas... Com o tempo eu vou tirar dinheiro de onde? kkkk
Short do 1 centavo: como dobra? é possível? (dúvida e ironia sobre a conta),aDL4MMF6AnE,Pra ficar rico você só precisa de 1 centavo #investimentos,UgzfcVf-IoLMgjp2LV54AaABAg,0,2026-01-21,"nessa hora penso: o que posso comprar por 1 cent e vender por 2? beleza. Quem vai querer comprar? ...e vai indo, e a realidade se manifesta!"
Short do 1 centavo: como dobra? é possível? (dúvida e ironia sobre a conta),aDL4MMF6AnE,Pra ficar rico você só precisa de 1 centavo #investimentos,Ugwg9m1c9Hwi3ugZWC14AaABAg,0,2026-01-04,"Ótimo raciocínio! Agora, me responde, como eu faço isso?"
Short do 1 centavo: como dobra? é possível? (dúvida e ironia sobre a conta),aDL4MMF6AnE,Pra ficar rico você só precisa de 1 centavo #investimentos,UgxYCMQc6G0wgrUPu5Z4AaABAg,0,2025-12-31,Que tipo de aplicação esses caras estão falando???
Short do 1 centavo: como dobra? é possível? (dúvida e ironia sobre a conta),aDL4MMF6AnE,Pra ficar rico você só precisa de 1 centavo #investimentos,UgwdmdMr-yGRrzrrbV14AaABAg,0,2025-12-30,Então foi assim que o elon musk virou bilionário?
Short do 1 centavo: como dobra? é possível? (dúvida e ironia sobre a conta),aDL4MMF6AnE,Pra ficar rico você só precisa de 1 centavo #investimentos,UgzmkBkLcfldY_AUMmV4AaABAg,0,2025-12-27,Ai eu tiro esse dinheiro do cu em 31 dias ?
Short do 1 centavo: como dobra? é possível? (dúvida e ironia sobre a conta),aDL4MMF6AnE,Pra ficar rico você só precisa de 1 centavo #investimentos,UgyLWu_m7526WQZp8p54AaABAg,0,2025-12-25,Hein?
Short do 1 centavo: como dobra? é possível? (dúvida e ironia sobre a conta),aDL4MMF6AnE,Pra ficar rico você só precisa de 1 centavo #investimentos,Ugw-CEfH1Z1Re3cE6oZ4AaABAg,0,2025-12-23,O que tem para fazer
Short do 1 centavo: como dobra? é possível? (dúvida e ironia sobre a conta),aDL4MMF6AnE,Pra ficar rico você só precisa de 1 centavo #investimentos,UgwYalLI4KxQ1YUy7QZ4AaABAg,0,2025-12-09,E se alguém usasse 0% do cérebro?
Short do 1 centavo: como dobra? é possível? (dúvida e ironia sobre a conta),aDL4MMF6AnE,Pra ficar rico você só precisa de 1 centavo #investimentos,UgwleKzN7KWnYlFZYVh4AaABAg,0,2025-12-06,Da pra fazer isso apostando no Vasco ?
Short do 1 centavo: como dobra? é possível? (dúvida e ironia sobre a conta),aDL4MMF6AnE,Pra ficar rico você só precisa de 1 centavo #investimentos,UgwCrE3t6_xqApx1L4d4AaABAg,0,2025-12-01,Kkkk nao acredito que ele falou isso é iA ? 🤔
Short do 1 centavo: como dobra? é possível? (dúvida e ironia sobre a conta),aDL4MMF6AnE,Pra ficar rico você só precisa de 1 centavo #investimentos,UgzBfLEE3delZMV8N5t4AaABAg,0,2025-11-30,O que ele não fala é como fazer isso
Short do 1 centavo: como dobra? é possível? (dúvida e ironia sobre a conta),aDL4MMF6AnE,Pra ficar rico você só precisa de 1 centavo #investimentos,UgzGkgTt9yoX7K4QZIZ4AaABAg,0,2025-11-21,"Certo, linda! Mas como eu faço isso na prática no dia dia?"
Short do 1 centavo: como dobra? é possível? (dúvida e ironia sobre a conta),aDL4MMF6AnE,Pra ficar rico você só precisa de 1 centavo #investimentos,UgxOxNTOrizh_lNozER4AaABAg,0,2025-11-20,Que poha de cálculo que esse cara fez ?
Short do 1 centavo: como dobra? é possível? (dúvida e ironia sobre a conta),aDL4MMF6AnE,Pra ficar rico você só precisa de 1 centavo #investimentos,UgwlWSHjciuYMGS0RXZ4AaABAg,0,2025-11-17,Em 31 dias vc tem 31 reais não ? 😂
Short do 1 centavo: como dobra? é possível? (dúvida e ironia sobre a conta),aDL4MMF6AnE,Pra ficar rico você só precisa de 1 centavo #investimentos,UgyLdzCGHWMxJdR9z2J4AaABAg,0,2025-11-08,"Qual logica disso, é mesmo que você falar pra gata na balada que sua Ferrari esta estacionada na frente"
Short do 1 centavo: como dobra? é possível? (dúvida e ironia sobre a conta),aDL4MMF6AnE,Pra ficar rico você só precisa de 1 centavo #investimentos,Ugwp0OnNs438Jx6lIZV4AaABAg,0,2025-11-07,Como fazer isso
Short do 1 centavo: como dobra? é possível? (dúvida e ironia sobre a conta),aDL4MMF6AnE,Pra ficar rico você só precisa de 1 centavo #investimentos,Ugz-BvSl8Wj9-FdQ_CZ4AaABAg,0,2025-10-29,Como vai dobra moeda
Short do 1 centavo: como dobra? é possível? (dúvida e ironia sobre a conta),aDL4MMF6AnE,Pra ficar rico você só precisa de 1 centavo #investimentos,UgysmFsTf9gjNDyKwqV4AaABAg,0,2025-10-27,Como assim o que eu preciso fazer
Short do 1 centavo: como dobra? é possível? (dúvida e ironia sobre a conta),aDL4MMF6AnE,Pra ficar rico você só precisa de 1 centavo #investimentos,Ugw6Esfn0AC6IUTkZA14AaABAg,0,2025-10-24,Onde eu faço isso?
Short do 1 centavo: como dobra? é possível? (dúvida e ironia sobre a conta),aDL4MMF6AnE,Pra ficar rico você só precisa de 1 centavo #investimentos,UgyY7uRugrm8jNM6XCZ4AaABAg,0,2025-10-03,"Facinho né, entao se eu tiver 1000 reais eu vou fazer uma mágica e vai virar 2000 e depois virar 4 entendi kkkkk e como faz essa mágica pra ter dinheiro infinito?🤣🤣🤣🤣"
Short do 1 centavo: como dobra? é possível? (dúvida e ironia sobre a conta),aDL4MMF6AnE,Pra ficar rico você só precisa de 1 centavo #investimentos,UgypL3XE2cvgRvmqVTB4AaABAg,0,2025-10-03,Sem enrolação? Tem 5 formas mas 1 delas basicamente complementa as outras: 1: criação de conteúdo: (youtuber/tiktoker) 2: infoprodutos(montar e vender e-book/curso) 3: marketing de afiliados.(vender o curso/e-book do coleguinha) 4: e-commerce e dropshipping. (Lojas virtuais sem estoque). 5: tecnologia e inteligência artificial (te ajuda com as 4 anteriores) na meu perfil eu te ensino
Short do 1 centavo: como dobra? é possível? (dúvida e ironia sobre a conta),aDL4MMF6AnE,Pra ficar rico você só precisa de 1 centavo #investimentos,Ugzg52p2uO5G1IsJNz14AaABAg,0,2025-09-30,"Ok, mas lá vai a maior questão da humanidade : COMO FAZER ISSO?"
Short do 1 centavo: como dobra? é possível? (dúvida e ironia sobre a conta),aDL4MMF6AnE,Pra ficar rico você só precisa de 1 centavo #investimentos,UgzeJaNBocloarLISzd4AaABAg,0,2025-09-21,Pera ai... Então tenho 1 real pulei quantos dias? 😅😅😅😅😅
Short do 1 centavo: como dobra? é possível? (dúvida e ironia sobre a conta),aDL4MMF6AnE,Pra ficar rico você só precisa de 1 centavo #investimentos,UgwQKQ3B0cdjm_W3NGJ4AaABAg,0,2025-09-19,"Sabe o que isso significa? Nada! Vai fazer 100% diariamente, isso não existe"
Short do 1 centavo: como dobra? é possível? (dúvida e ironia sobre a conta),aDL4MMF6AnE,Pra ficar rico você só precisa de 1 centavo #investimentos,UgxMJNpfBEwxHcdXomR4AaABAg,0,2025-09-17,Quando a matemática é usada para provar que você é um idiota
Short do 1 centavo: como dobra? é possível? (dúvida e ironia sobre a conta),aDL4MMF6AnE,Pra ficar rico você só precisa de 1 centavo #investimentos,Ugx7VvvQTyi7rHMqWoB4AaABAg,0,2025-09-17,"Dá pra fazer no mercado de apostas, o difícil é apostar quando o valor estiver alto, pq enquanto tá baixo é fácil mas quando chega 1000, 5000, 10000, já começa a dar medo."
Short do 1 centavo: como dobra? é possível? (dúvida e ironia sobre a conta),aDL4MMF6AnE,Pra ficar rico você só precisa de 1 centavo #investimentos,UgzzZJk6H0JY5Q5Qokd4AaABAg,0,2025-09-09,O mesmo sentavo ou outro sentavo?
Short do 1 centavo: como dobra? é possível? (dúvida e ironia sobre a conta),aDL4MMF6AnE,Pra ficar rico você só precisa de 1 centavo #investimentos,Ugzp6dZEbL5vVMz9TQp4AaABAg,0,2025-09-08,"2.147.483.648, 10 milhões?"
Short do 1 centavo: como dobra? é possível? (dúvida e ironia sobre a conta),aDL4MMF6AnE,Pra ficar rico você só precisa de 1 centavo #investimentos,UgwW3nmwy9nnKAdH_4h4AaABAg,0,2025-09-07,"Quem garante que o retorno é 100%? Essa logica mal funciona com day trade e olha que nem existe payout de 100% das operações. O que enriquece é ter um povo que te paga, seja pelo valor do seu nome ou pelo que você faz. Tudo tem seu risco, por menor que seja, e não existe nada que garanta retorno imediato. Meu pai já dizia que tudo que entra fácil sai fácil. Se não tiver sabedoria perde tudo e assim o presente se tornar uma luta de vencer a glória do passado..."
Short do 1 centavo: como dobra? é possível? (dúvida e ironia sobre a conta),aDL4MMF6AnE,Pra ficar rico você só precisa de 1 centavo #investimentos,UgxCbDSiJyuMIrcvmmZ4AaABAg,0,2025-09-07,"Não entendi muito bem, é colocar 1 real hj, 2 reais amanhã, 3 depois de amanhã?... ou 1 hj, 1 amanhã, 1 depois de amanhã?"
Short do 1 centavo: como dobra? é possível? (dúvida e ironia sobre a conta),aDL4MMF6AnE,Pra ficar rico você só precisa de 1 centavo #investimentos,UgzpMd5CvRmDZrkerRd4AaABAg,0,2025-09-06,aonde que existe esse investimento? kkkk
Short do 1 centavo: como dobra? é possível? (dúvida e ironia sobre a conta),aDL4MMF6AnE,Pra ficar rico você só precisa de 1 centavo #investimentos,UgyMk9IyeXdaxww2gpx4AaABAg,0,2025-09-05,Tenho doze reais em moedas e quatro em notas.Quanto faltam pra mim ficar rica?...
Short do 1 centavo: como dobra? é possível? (dúvida e ironia sobre a conta),aDL4MMF6AnE,Pra ficar rico você só precisa de 1 centavo #investimentos,Ugwjxg2CGif_tOh8ABt4AaABAg,0,2025-09-04,Essa matemática tá certa😂?
Short do 1 centavo: como dobra? é possível? (dúvida e ironia sobre a conta),aDL4MMF6AnE,Pra ficar rico você só precisa de 1 centavo #investimentos,UgzIQXzX5PtUQF4L2Kp4AaABAg,0,2025-09-04,Qual a sua desculpa?
Short do 1 centavo: como dobra? é possível? (dúvida e ironia sobre a conta),aDL4MMF6AnE,Pra ficar rico você só precisa de 1 centavo #investimentos,Ugxckh8M0ciy9incC3V4AaABAg,0,2025-09-03,E daí?? 😅😅😅😅😅😅😅
Short do 1 centavo: como dobra? é possível? (dúvida e ironia sobre a conta),aDL4MMF6AnE,Pra ficar rico você só precisa de 1 centavo #investimentos,Ugx2YZmr0wFCDRRjfR54AaABAg,0,2025-09-01,você acha que ele é louco?..louco é quem acredita nele
Short do 1 centavo: como dobra? é possível? (dúvida e ironia sobre a conta),aDL4MMF6AnE,Pra ficar rico você só precisa de 1 centavo #investimentos,UgwtUTF3QR3j5hpbd6h4AaABAg,0,2025-08-31,Como assim? Alguém me explica isso por favor!!
Short do 1 centavo: como dobra? é possível? (dúvida e ironia sobre a conta),aDL4MMF6AnE,Pra ficar rico você só precisa de 1 centavo #investimentos,UgyKbnfS8yM0vOBce6h4AaABAg,0,2025-08-31,E daí?
Short do 1 centavo: como dobra? é possível? (dúvida e ironia sobre a conta),aDL4MMF6AnE,Pra ficar rico você só precisa de 1 centavo #investimentos,Ugw5yf_vxMdGmLlnEsd4AaABAg,0,2025-08-26,Como assim e milafre
Short do 1 centavo: como dobra? é possível? (dúvida e ironia sobre a conta),aDL4MMF6AnE,Pra ficar rico você só precisa de 1 centavo #investimentos,Ugy5JStIphcNXrvIwqN4AaABAg,0,2025-08-24,Que matemática é esta?
Short do 1 centavo: como dobra? é possível? (dúvida e ironia sobre a conta),aDL4MMF6AnE,Pra ficar rico você só precisa de 1 centavo #investimentos,UgxhjDQIThFV2pkd5Zp4AaABAg,0,2025-08-23,Como funciona essa mágica.?
Short do 1 centavo: como dobra? é possível? (dúvida e ironia sobre a conta),aDL4MMF6AnE,Pra ficar rico você só precisa de 1 centavo #investimentos,Ugz69u1J3I1GFR2g7qZ4AaABAg,0,2025-08-23,Como e iso
Short do 1 centavo: como dobra? é possível? (dúvida e ironia sobre a conta),aDL4MMF6AnE,Pra ficar rico você só precisa de 1 centavo #investimentos,UgzLca4GFQmao427O9d4AaABAg,0,2025-08-21,"Kkkkkkkkkk se você não fizer a barba vai ficar barbudo também, sabiam?"
Short do 1 centavo: como dobra? é possível? (dúvida e ironia sobre a conta),aDL4MMF6AnE,Pra ficar rico você só precisa de 1 centavo #investimentos,UgyAlpkcqJArNyqoY594AaABAg,0,2025-08-19,E qual a bosta da lógica disso na vida real???
Short do 1 centavo: como dobra? é possível? (dúvida e ironia sobre a conta),aDL4MMF6AnE,Pra ficar rico você só precisa de 1 centavo #investimentos,Ugy2HoJD2_mFxlVUY914AaABAg,0,2025-08-15,😂 que porra essa ?!
Short do 1 centavo: como dobra? é possível? (dúvida e ironia sobre a conta),aDL4MMF6AnE,Pra ficar rico você só precisa de 1 centavo #investimentos,UgxbIrmp57UW-dccrp94AaABAg,0,2025-08-15,Que matemática é essa???
Short do 1 centavo: como dobra? é possível? (dúvida e ironia sobre a conta),aDL4MMF6AnE,Pra ficar rico você só precisa de 1 centavo #investimentos,Ugwd9VlCwUOnU-5ZlM54AaABAg,0,2025-08-15,E se usássemos a capacidade do cérebro em 100%?
Short do 1 centavo: como dobra? é possível? (dúvida e ironia sobre a conta),aDL4MMF6AnE,Pra ficar rico você só precisa de 1 centavo #investimentos,UgwA6Y-Qpbj_yIWI0cR4AaABAg,0,2025-08-14,Qual a magia de eu passar de 1 $ a 15.000 en dez dias
Short do 1 centavo: como dobra? é possível? (dúvida e ironia sobre a conta),aDL4MMF6AnE,Pra ficar rico você só precisa de 1 centavo #investimentos,Ugw4UZs05_bK9d3mRTZ4AaABAg,0,2025-08-14,"Como dizia Betina, simples assim"
Short do 1 centavo: como dobra? é possível? (dúvida e ironia sobre a conta),aDL4MMF6AnE,Pra ficar rico você só precisa de 1 centavo #investimentos,Ugw3g9d56ZYxJqBbdsV4AaABAg,0,2025-08-14,"Ou seja, não é para fazer nada com o dinheiro, né? Nem comprar comida. Aaaaahhhh..."
Short do 1 centavo: como dobra? é possível? (dúvida e ironia sobre a conta),aDL4MMF6AnE,Pra ficar rico você só precisa de 1 centavo #investimentos,Ugw_6DJCwWtdQywSQfR4AaABAg,0,2025-08-14,"Se vc tiver zero e somar 1 bilhão, no instante seguinte vc tem 1 bilhão. N é incrível?"
Short do 1 centavo: como dobra? é possível? (dúvida e ironia sobre a conta),aDL4MMF6AnE,Pra ficar rico você só precisa de 1 centavo #investimentos,UgwrwwZuKrF5_efdjiN4AaABAg,0,2025-08-14,Alguém tem um multiplicador por 2 para vender?
Short do 1 centavo: como dobra? é possível? (dúvida e ironia sobre a conta),aDL4MMF6AnE,Pra ficar rico você só precisa de 1 centavo #investimentos,UgyQUI_wS8lViquoI6R4AaABAg,0,2025-08-14,"Qual negócio ou investimento tem uma taxa de 100% de retorno ao dia? Pqp, é cada uma!"
Short do 1 centavo: como dobra? é possível? (dúvida e ironia sobre a conta),aDL4MMF6AnE,Pra ficar rico você só precisa de 1 centavo #investimentos,UgzV4NYK2Lk46dGaTr14AaABAg,0,2025-08-13,Onde tem uma aplicação de 100% por dia aí pra eu investir ?
Short do 1 centavo: como dobra? é possível? (dúvida e ironia sobre a conta),aDL4MMF6AnE,Pra ficar rico você só precisa de 1 centavo #investimentos,UgzgkOwZwrKPzEbMB-14AaABAg,0,2025-08-12,"QUANDO A PESSOA JA TEM DINHEIRO, ELE PODE FALAR QUALQUER MERDA"
Short do 1 centavo: como dobra? é possível? (dúvida e ironia sobre a conta),aDL4MMF6AnE,Pra ficar rico você só precisa de 1 centavo #investimentos,UgxllxLAnPXqFj5Spzh4AaABAg,0,2025-08-12,"Pergunta idiota da minha parte, mas pulemos la pro 1 real.. ai tu vai numa roleta e aposta 1 no verde e 1 no vermelho… e vai dobrando nao?"
Short do 1 centavo: como dobra? é possível? (dúvida e ironia sobre a conta),aDL4MMF6AnE,Pra ficar rico você só precisa de 1 centavo #investimentos,Ugzt2qNqQKJfY3S1obd4AaABAg,0,2025-08-12,Onde tem isso ilusionista para de bobagem
Short do 1 centavo: como dobra? é possível? (dúvida e ironia sobre a conta),aDL4MMF6AnE,Pra ficar rico você só precisa de 1 centavo #investimentos,Ugw8fHeUcPmbo6abeIJ4AaABAg,0,2025-08-11,como usar 0% do cérebro
Short do 1 centavo: como dobra? é possível? (dúvida e ironia sobre a conta),aDL4MMF6AnE,Pra ficar rico você só precisa de 1 centavo #investimentos,Ugzh2wVzOUQIfdkb3TR4AaABAg,0,2025-08-11,Ta e dai? Falou falou e o que mais? Só mais uma história de coach
Short do 1 centavo: como dobra? é possível? (dúvida e ironia sobre a conta),aDL4MMF6AnE,Pra ficar rico você só precisa de 1 centavo #investimentos,UgwL7PTI1VRhn6i2IS14AaABAg,0,2025-08-10,Progressao geometrica?
Short do 1 centavo: como dobra? é possível? (dúvida e ironia sobre a conta),aDL4MMF6AnE,Pra ficar rico você só precisa de 1 centavo #investimentos,UgzT9TCTdHfVeS-5_3x4AaABAg,0,2025-08-09,Como tem otario que caí na lábia desse embusteiro 🎉🎉🎉🎉
Short do 1 centavo: como dobra? é possível? (dúvida e ironia sobre a conta),aDL4MMF6AnE,Pra ficar rico você só precisa de 1 centavo #investimentos,UgxYJKlVqzIpLwPTTCZ4AaABAg,0,2025-08-07,Agr aonde eu faço isso ?
Short do 1 centavo: como dobra? é possível? (dúvida e ironia sobre a conta),aDL4MMF6AnE,Pra ficar rico você só precisa de 1 centavo #investimentos,Ugw1B0vVR-Rh6zVdf5J4AaABAg,0,2025-08-06,Como?
Short do 1 centavo: como dobra? é possível? (dúvida e ironia sobre a conta),aDL4MMF6AnE,Pra ficar rico você só precisa de 1 centavo #investimentos,Ugz9P-N9yL2qvvFX3ll4AaABAg,0,2025-08-06,Deu certo? 😂😂😂
Short do 1 centavo: como dobra? é possível? (dúvida e ironia sobre a conta),aDL4MMF6AnE,Pra ficar rico você só precisa de 1 centavo #investimentos,Ugz_3-vLgzCroPI56O14AaABAg,0,2025-08-03,Pessoal não estudou pg na escola não?
Short do 1 centavo: como dobra? é possível? (dúvida e ironia sobre a conta),aDL4MMF6AnE,Pra ficar rico você só precisa de 1 centavo #investimentos,UgyOSU6zlU9upJ19cjZ4AaABAg,0,2025-08-02,Quando chegar em 10 reais já lascou
Short do 1 centavo: como dobra? é possível? (dúvida e ironia sobre a conta),aDL4MMF6AnE,Pra ficar rico você só precisa de 1 centavo #investimentos,Ugy4g7Hsr0c9s5W82B54AaABAg,0,2025-07-29,Como tem imbecil que cai nessa labia desse manipulador kkkkkkkkk
Short do 1 centavo: como dobra? é possível? (dúvida e ironia sobre a conta),aDL4MMF6AnE,Pra ficar rico você só precisa de 1 centavo #investimentos,UgyIjMCi1EV2WHz2-jx4AaABAg,0,2025-07-29,Que conversa é essa aí pia?
Short do 1 centavo: como dobra? é possível? (dúvida e ironia sobre a conta),aDL4MMF6AnE,Pra ficar rico você só precisa de 1 centavo #investimentos,UgzSCo2FOyY1_Cil4EV4AaABAg,0,2025-07-28,E como que faz?
Short do 1 centavo: como dobra? é possível? (dúvida e ironia sobre a conta),aDL4MMF6AnE,Pra ficar rico você só precisa de 1 centavo #investimentos,UgzQG7F61seNSAeUFCB4AaABAg,0,2025-07-26,Como assim 😂 acho que ele tava tão perdido no argumento que nem reparou
Short do 1 centavo: como dobra? é possível? (dúvida e ironia sobre a conta),aDL4MMF6AnE,Pra ficar rico você só precisa de 1 centavo #investimentos,Ugz2g4Oiv2FUbDjfEGp4AaABAg,0,2025-07-21,10 milhões em 10 dias? Kkkkk
Short do 1 centavo: como dobra? é possível? (dúvida e ironia sobre a conta),aDL4MMF6AnE,Pra ficar rico você só precisa de 1 centavo #investimentos,Ugy_AXR4WUSA51c0JS54AaABAg,0,2025-07-17,"Agora a pergunta é, como dobra? 🤚🏽🤡"
Short do 1 centavo: como dobra? é possível? (dúvida e ironia sobre a conta),aDL4MMF6AnE,Pra ficar rico você só precisa de 1 centavo #investimentos,UgxrncDl7VXqVbGktBl4AaABAg,0,2025-07-10,Ou eu estou errado?
Short do 1 centavo: como dobra? é possível? (dúvida e ironia sobre a conta),aDL4MMF6AnE,Pra ficar rico você só precisa de 1 centavo #investimentos,Ugw-1pLQWLggrtinL4x4AaABAg,0,2025-07-08,"Até tentei,mas não consegui nem com alicate de pressão! 😂😂😂😂 A pergunta é: como?"
Short do 1 centavo: como dobra? é possível? (dúvida e ironia sobre a conta),aDL4MMF6AnE,Pra ficar rico você só precisa de 1 centavo #investimentos,UgwIWFWXAOTpEqGg7Ex4AaABAg,0,2025-07-04,Como posso receber assim ?
Short do 1 centavo: como dobra? é possível? (dúvida e ironia sobre a conta),aDL4MMF6AnE,Pra ficar rico você só precisa de 1 centavo #investimentos,UgyX8961DS9A0LxRq5x4AaABAg,0,2025-07-04,😂😂😂😂😂😂😂😂😂 é por isso que estou pobre?
Short do 1 centavo: como dobra? é possível? (dúvida e ironia sobre a conta),aDL4MMF6AnE,Pra ficar rico você só precisa de 1 centavo #investimentos,UgxQn9Z8m0H253ozuwV4AaABAg,0,2025-07-02,É milagre?
Short do 1 centavo: como dobra? é possível? (dúvida e ironia sobre a conta),aDL4MMF6AnE,Pra ficar rico você só precisa de 1 centavo #investimentos,UgwnOukRFW3QKGadb3d4AaABAg,0,2025-07-02,Trinta e um dia dez milhões de reais 😂😂😂 que matemática é essa?????? explique aí suponho que todos sabem😂😂😂😂
Short do 1 centavo: como dobra? é possível? (dúvida e ironia sobre a conta),aDL4MMF6AnE,Pra ficar rico você só precisa de 1 centavo #investimentos,UgwCrwaa2FnpoJfK8DJ4AaABAg,0,2025-06-28,O que ele fumou?? 😂😂😂😂
Short do 1 centavo: como dobra? é possível? (dúvida e ironia sobre a conta),aDL4MMF6AnE,Pra ficar rico você só precisa de 1 centavo #investimentos,UgwoViaglBJ3oxyZ04F4AaABAg,0,2025-06-27,Quem não tem dinheiro nenhum como faz?
Short do 1 centavo: como dobra? é possível? (dúvida e ironia sobre a conta),aDL4MMF6AnE,Pra ficar rico você só precisa de 1 centavo #investimentos,Ugx2k3xJlE9Y7jgssXB4AaABAg,0,2025-06-24,Como faria isso
Short do 1 centavo: como dobra? é possível? (dúvida e ironia sobre a conta),aDL4MMF6AnE,Pra ficar rico você só precisa de 1 centavo #investimentos,Ugz-62DKu6auuhD6s8p4AaABAg,0,2025-06-24,Qual a novidade super genio??
Short do 1 centavo: como dobra? é possível? (dúvida e ironia sobre a conta),aDL4MMF6AnE,Pra ficar rico você só precisa de 1 centavo #investimentos,UgzPCiiGV9ye8FPnXch4AaABAg,0,2025-06-20,"Pois é, mas em que banco eu encontro taxa de juros compostas pagando 200% a.d.??? Kkkkkk"
Short do 1 centavo: como dobra? é possível? (dúvida e ironia sobre a conta),aDL4MMF6AnE,Pra ficar rico você só precisa de 1 centavo #investimentos,UgxhuKt5LN655cUSTLh4AaABAg,0,2025-06-17,q investimento q é esse q garante do dobro e ainda todo dia?
Short do 1 centavo: como dobra? é possível? (dúvida e ironia sobre a conta),aDL4MMF6AnE,Pra ficar rico você só precisa de 1 centavo #investimentos,UgxnEUAAlX_-y9eBoGd4AaABAg,0,2025-06-15,O povo nem fez os cálculos e já sai fazendo juízo de valor. Que tal experimentarem calcular? Vcs vão se surpreender.
Short do 1 centavo: como dobra? é possível? (dúvida e ironia sobre a conta),aDL4MMF6AnE,Pra ficar rico você só precisa de 1 centavo #investimentos,UgyZe9Ku1p4abPs2H5l4AaABAg,0,2025-06-15,Se eu começae vendendo uma bala posso alavancar para um iate?
Short do 1 centavo: como dobra? é possível? (dúvida e ironia sobre a conta),aDL4MMF6AnE,Pra ficar rico você só precisa de 1 centavo #investimentos,Ugx27erjFwXlT3QthZp4AaABAg,0,2025-06-15,Em qual jogo de cassino isso é possível ?
Short do 1 centavo: como dobra? é possível? (dúvida e ironia sobre a conta),aDL4MMF6AnE,Pra ficar rico você só precisa de 1 centavo #investimentos,Ugwr6xC7mEIGs5I1s_d4AaABAg,0,2025-06-12,Não é mais fácil concentrar se num juro proporcional de 10% do valor que tiveres por dia?
Short do 1 centavo: como dobra? é possível? (dúvida e ironia sobre a conta),aDL4MMF6AnE,Pra ficar rico você só precisa de 1 centavo #investimentos,UgwECY6cmo-5RkMvmdJ4AaABAg,0,2025-06-11,Quando chegar nos 500mil no outro dia ?
Short do 1 centavo: como dobra? é possível? (dúvida e ironia sobre a conta),aDL4MMF6AnE,Pra ficar rico você só precisa de 1 centavo #investimentos,UgyS7nuimD6kc8SNzIZ4AaABAg,0,2025-06-11,E daí? Que informação babaca.
Short do 1 centavo: como dobra? é possível? (dúvida e ironia sobre a conta),aDL4MMF6AnE,Pra ficar rico você só precisa de 1 centavo #investimentos,UgwUsUxCFRgqQtNjrHV4AaABAg,0,2025-06-10,"Só quero saber aonde eu dobro, ou seja o que nessa face da terra gerar 100% de lucro todos os dias sem risco????"
Short do 1 centavo: como dobra? é possível? (dúvida e ironia sobre a conta),aDL4MMF6AnE,Pra ficar rico você só precisa de 1 centavo #investimentos,Ugxu8Ifkrs71AFXXdjh4AaABAg,0,2025-06-09,31 dias dez milhões onde?
Short do 1 centavo: como dobra? é possível? (dúvida e ironia sobre a conta),aDL4MMF6AnE,Pra ficar rico você só precisa de 1 centavo #investimentos,Ugz7uCscMhocN_OPuqN4AaABAg,0,2025-06-09,"ok, mas como q dobra?"
Short do 1 centavo: como dobra? é possível? (dúvida e ironia sobre a conta),aDL4MMF6AnE,Pra ficar rico você só precisa de 1 centavo #investimentos,UgztPSO76eeKp9A2nrh4AaABAg,0,2025-06-05,o que eu faço com essa informação?
Short do 1 centavo: como dobra? é possível? (dúvida e ironia sobre a conta),aDL4MMF6AnE,Pra ficar rico você só precisa de 1 centavo #investimentos,UgxKZjUfcqBKVvcmbER4AaABAg,0,2025-06-04,Investindo aonde?
Short do 1 centavo: como dobra? é possível? (dúvida e ironia sobre a conta),aDL4MMF6AnE,Pra ficar rico você só precisa de 1 centavo #investimentos,UgwJvGV2zb6-KKUdMBh4AaABAg,0,2025-06-02,"O legal é que nessa teoria da cabeça dele, funciona! Mas ele indica algum investimento que dá esse tipo de retorno?"
Short do 1 centavo: como dobra? é possível? (dúvida e ironia sobre a conta),aDL4MMF6AnE,Pra ficar rico você só precisa de 1 centavo #investimentos,Ugzlj7mXX1kdUbq8XiJ4AaABAg,0,2025-05-30,Quando a pessoa se acha inteligente só por saber fazer um cálculo simples...
Short do 1 centavo: como dobra? é possível? (dúvida e ironia sobre a conta),aDL4MMF6AnE,Pra ficar rico você só precisa de 1 centavo #investimentos,UgyfQTjgrtD8W5dgdFV4AaABAg,0,2025-05-30,Só eu que percebi que o cálculo que ele fez está errado ? 😅
Short do 1 centavo: como dobra? é possível? (dúvida e ironia sobre a conta),aDL4MMF6AnE,Pra ficar rico você só precisa de 1 centavo #investimentos,Ugyf_1UXY95JHZqxJ-94AaABAg,0,2025-05-29,E como eu faco pra bancar a dobra? Jogo no tigrinho?
Short do 1 centavo: como dobra? é possível? (dúvida e ironia sobre a conta),aDL4MMF6AnE,Pra ficar rico você só precisa de 1 centavo #investimentos,UgxOJPtN1GT8EvUeCl54AaABAg,0,2025-05-28,Quanta merda Como chegar a esse exponencial ???? Chega uma hora que se torna impossível ba peatica
Short do 1 centavo: como dobra? é possível? (dúvida e ironia sobre a conta),aDL4MMF6AnE,Pra ficar rico você só precisa de 1 centavo #investimentos,UgyNPp7djxsodbFyy594AaABAg,0,2025-05-25,Quem houve esses faladores de 💩?
Short do 1 centavo: como dobra? é possível? (dúvida e ironia sobre a conta),aDL4MMF6AnE,Pra ficar rico você só precisa de 1 centavo #investimentos,UgyebLZYRChZrJTo7yN4AaABAg,0,2025-05-25,Que bruxaria é essa.?😅
Short do 1 centavo: como dobra? é possível? (dúvida e ironia sobre a conta),aDL4MMF6AnE,Pra ficar rico você só precisa de 1 centavo #investimentos,UgzwlKOJrUknHWVV0Kh4AaABAg,0,2025-05-24,Como se os valores se automultiplicassem 😏
Short do 1 centavo: como dobra? é possível? (dúvida e ironia sobre a conta),aDL4MMF6AnE,Pra ficar rico você só precisa de 1 centavo #investimentos,UgzfNlcilMOF7P2nDYN4AaABAg,0,2025-05-23,Sério?? realmente as pessoas são miseráveis de pobres porque querem então??
Short do 1 centavo: como dobra? é possível? (dúvida e ironia sobre a conta),aDL4MMF6AnE,Pra ficar rico você só precisa de 1 centavo #investimentos,Ugx_jmN4q-PpocEermh4AaABAg,0,2025-05-23,E em qual investimento faz esse milagre? Teoria e prática são coisas diferentes...
Short do 1 centavo: como dobra? é possível? (dúvida e ironia sobre a conta),aDL4MMF6AnE,Pra ficar rico você só precisa de 1 centavo #investimentos,UgyYteeOkW6a5cCEvDp4AaABAg,0,2025-05-23,E ESSE VIRA...... é mágica????
Short do 1 centavo: como dobra? é possível? (dúvida e ironia sobre a conta),aDL4MMF6AnE,Pra ficar rico você só precisa de 1 centavo #investimentos,UgyUKN4HEUZH2tMM7tZ4AaABAg,0,2025-05-23,E de onde sai a dobra??? Nasceu com vento????
Short do 1 centavo: como dobra? é possível? (dúvida e ironia sobre a conta),aDL4MMF6AnE,Pra ficar rico você só precisa de 1 centavo #investimentos,UgzcjkMB2yoqZdN_U994AaABAg,0,2025-05-23,Quem vai fazer 10 milhões de reais em 31 dias ? Até parece quê é só assim
Short do 1 centavo: como dobra? é possível? (dúvida e ironia sobre a conta),aDL4MMF6AnE,Pra ficar rico você só precisa de 1 centavo #investimentos,UgxAQJplEOYgqEMXlyR4AaABAg,0,2025-05-23,O que esse cara tá fumando
Short do 1 centavo: como dobra? é possível? (dúvida e ironia sobre a conta),aDL4MMF6AnE,Pra ficar rico você só precisa de 1 centavo #investimentos,UgzENODMIczeuNZWDfh4AaABAg,0,2025-05-22,"Não é bem assim não até 5 milhões e fácil , e depois pra vc fazer os 5 milhões virar 10 milhões em 1 dia ?"
Short do 1 centavo: como dobra? é possível? (dúvida e ironia sobre a conta),aDL4MMF6AnE,Pra ficar rico você só precisa de 1 centavo #investimentos,UgwKaovg2VHy9UnfGRR4AaABAg,0,2025-05-22,"Falo falo e não falou nada !!! Sim ok e dobra como ??? Qual o método, o segredo, o milagre pra isso acontecer. Isso ele não falou ."
Short do 1 centavo: como dobra? é possível? (dúvida e ironia sobre a conta),aDL4MMF6AnE,Pra ficar rico você só precisa de 1 centavo #investimentos,UgxYLjEVBN2LhqImdJd4AaABAg,0,2025-05-22,Alguém mais foi na calculadora para confirmar essa informação?
Short do 1 centavo: como dobra? é possível? (dúvida e ironia sobre a conta),aDL4MMF6AnE,Pra ficar rico você só precisa de 1 centavo #investimentos,UgxFJRe0BDE5ChRNC8V4AaABAg,0,2025-05-21,"Tá, mas e daí?"
Short do 1 centavo: como dobra? é possível? (dúvida e ironia sobre a conta),aDL4MMF6AnE,Pra ficar rico você só precisa de 1 centavo #investimentos,UgxfgmMcN_97DJcqi5t4AaABAg,0,2025-05-21,"Rapaz, tá certo isso? 😂😂😂"
Short do 1 centavo: como dobra? é possível? (dúvida e ironia sobre a conta),aDL4MMF6AnE,Pra ficar rico você só precisa de 1 centavo #investimentos,UgxqeZDnma9_7w_WnuR4AaABAg,0,2025-05-21,Alguém gostaria de trabalhar home office e lucra de verdade? Chega de tanta plataforma falsa . Essa você vai indicar para toda sua família trabalha junto
Short do 1 centavo: como dobra? é possível? (dúvida e ironia sobre a conta),aDL4MMF6AnE,Pra ficar rico você só precisa de 1 centavo #investimentos,UgyrU_z8lo8V1gXIVBV4AaABAg,0,2025-05-19,"Blz A teoria é boa, mas á pratica? Como fazer isso ? Explica ae pra gente"
Short do 1 centavo: como dobra? é possível? (dúvida e ironia sobre a conta),aDL4MMF6AnE,Pra ficar rico você só precisa de 1 centavo #investimentos,UgxPgd2lm0GDFjE4J7B4AaABAg,0,2025-05-18,"Coisa mais idiota que alguém pode falar, pra que serve isso? Pra enganar trouxas ?"
Short do 1 centavo: como dobra? é possível? (dúvida e ironia sobre a conta),aDL4MMF6AnE,Pra ficar rico você só precisa de 1 centavo #investimentos,UgxrvdE8jMLYUzBMG4J4AaABAg,0,2025-05-18,Qual a aplicabilidade disso?
Short do 1 centavo: como dobra? é possível? (dúvida e ironia sobre a conta),aDL4MMF6AnE,Pra ficar rico você só precisa de 1 centavo #investimentos,UgxEy1Ge900qqZPxSdJ4AaABAg,0,2025-05-18,Ja viram aquele desenho ? O fantastico mundo do primo ..... kkkkk
Short do 1 centavo: como dobra? é possível? (dúvida e ironia sobre a conta),aDL4MMF6AnE,Pra ficar rico você só precisa de 1 centavo #investimentos,Ugw8aLgcJHr8I-afjKR4AaABAg,0,2025-05-18,Com maçãs será que dá certo?😁
Short do 1 centavo: como dobra? é possível? (dúvida e ironia sobre a conta),aDL4MMF6AnE,Pra ficar rico você só precisa de 1 centavo #investimentos,Ugxc15Z77NLxIEMjqwp4AaABAg,0,2025-05-17,Como se lucro fosse uma função linear num gráfico que só sobe em 100% todos os dias...
Short do 1 centavo: como dobra? é possível? (dúvida e ironia sobre a conta),aDL4MMF6AnE,Pra ficar rico você só precisa de 1 centavo #investimentos,UgxWuSZCzmVFnsmKta14AaABAg,0,2025-05-15,Como fazer isso
Short do 1 centavo: como dobra? é possível? (dúvida e ironia sobre a conta),aDL4MMF6AnE,Pra ficar rico você só precisa de 1 centavo #investimentos,Ugx_GcHXlQ9Nrh8pyw14AaABAg,0,2025-05-14,31 dias 10 milhões de reais? Ta certo isso😮
Short do 1 centavo: como dobra? é possível? (dúvida e ironia sobre a conta),aDL4MMF6AnE,Pra ficar rico você só precisa de 1 centavo #investimentos,Ugz66L4aDCptnFZqi914AaABAg,0,2025-05-13,Legal ne. Mas como dobra isso?
Short do 1 centavo: como dobra? é possível? (dúvida e ironia sobre a conta),aDL4MMF6AnE,Pra ficar rico você só precisa de 1 centavo #investimentos,UgzL-dxB1GkBHFec4iN4AaABAg,0,2025-05-10,"Uma planta colocada na margem de um lago dobra de tamanho todo dia, em 100 dias enche o lago. Em quantos dias chegará ao meio do lago? .............................50 dias? Nananinanão 99 dias."
Short do 1 centavo: como dobra? é possível? (dúvida e ironia sobre a conta),aDL4MMF6AnE,Pra ficar rico você só precisa de 1 centavo #investimentos,Ugy92oe2I7ge8z69GxN4AaABAg,0,2025-05-08,De onde que o primo tirou isso ? Misericórdia!!sem comentários
Short do 1 centavo: como dobra? é possível? (dúvida e ironia sobre a conta),aDL4MMF6AnE,Pra ficar rico você só precisa de 1 centavo #investimentos,UgzSiOXkRRk3QTXpBB94AaABAg,0,2025-05-08,"Mentiroso discarado! A lógica dos bancos é injusta, só os bancos ganham sempre emprestando nosso dinheiro. 1cet dobrando em um mês? esse cara pensa que nós somos burros?"
Short do 1 centavo: como dobra? é possível? (dúvida e ironia sobre a conta),aDL4MMF6AnE,Pra ficar rico você só precisa de 1 centavo #investimentos,Ugznh5wRQJ9hbe8PzxZ4AaABAg,0,2025-05-07,🤔🤔ESSA MULTPLICAÇÃO EH COM DINHEIRO 💰??? OU COM UMA BACTÉRIA 🧫🧫🧫🦠🦠🦠🦠🦠🦠🦠????
Short do 1 centavo: como dobra? é possível? (dúvida e ironia sobre a conta),aDL4MMF6AnE,Pra ficar rico você só precisa de 1 centavo #investimentos,UgxMkFyBRw7S9AtnVW94AaABAg,0,2025-05-07,que?????
Short do 1 centavo: como dobra? é possível? (dúvida e ironia sobre a conta),aDL4MMF6AnE,Pra ficar rico você só precisa de 1 centavo #investimentos,UgxWIJaKseOYof9OcS94AaABAg,0,2025-05-07,Maluco. Ta tentando iludir quem ?
Short do 1 centavo: como dobra? é possível? (dúvida e ironia sobre a conta),aDL4MMF6AnE,Pra ficar rico você só precisa de 1 centavo #investimentos,UgzcU_D_49hkvMc47s14AaABAg,0,2025-05-06,Uau.. e?
Short do 1 centavo: como dobra? é possível? (dúvida e ironia sobre a conta),aDL4MMF6AnE,Pra ficar rico você só precisa de 1 centavo #investimentos,UgykK4sjaajhfeZC_rl4AaABAg,0,2025-05-05,COMO DIZ O SENHOR MADRUGA! NÃO ME DIIIIGA!😂😂😂
Short do 1 centavo: como dobra? é possível? (dúvida e ironia sobre a conta),aDL4MMF6AnE,Pra ficar rico você só precisa de 1 centavo #investimentos,Ugxedkw9DbqnNfd--xV4AaABAg,0,2025-05-05,E essa informação serve pra que?
Short do 1 centavo: como dobra? é possível? (dúvida e ironia sobre a conta),aDL4MMF6AnE,Pra ficar rico você só precisa de 1 centavo #investimentos,Ugy8lNKyGklUYMrBENx4AaABAg,0,2025-05-05,E onde exatamente seria este investimento? 🤔
Short do 1 centavo: como dobra? é possível? (dúvida e ironia sobre a conta),aDL4MMF6AnE,Pra ficar rico você só precisa de 1 centavo #investimentos,UgwM5NvDgYAOCHFxueV4AaABAg,0,2025-05-04,Se baseou no trigo sobre o tabuleiro de xadrez baús em 30 dias 10 milhioes???
Short do 1 centavo: como dobra? é possível? (dúvida e ironia sobre a conta),aDL4MMF6AnE,Pra ficar rico você só precisa de 1 centavo #investimentos,UgzVWVZKT0XDF9JSj2R4AaABAg,0,2025-05-04,E qual a lógica disso?
Short do 1 centavo: como dobra? é possível? (dúvida e ironia sobre a conta),aDL4MMF6AnE,Pra ficar rico você só precisa de 1 centavo #investimentos,UgznZ94g2SLML7wMKA14AaABAg,0,2025-05-04,Quem quer ser meu socio ?eu fasso primeiros 16 dias o meu socio faz os ultimos 15 Quem topa?
Short do 1 centavo: como dobra? é possível? (dúvida e ironia sobre a conta),aDL4MMF6AnE,Pra ficar rico você só precisa de 1 centavo #investimentos,Ugzc2-GZsbOL3jd6crR4AaABAg,0,2025-05-03,E essa informação nos ajuda em quê? Isso que eu chamo de perder tempo.
Short do 1 centavo: como dobra? é possível? (dúvida e ironia sobre a conta),aDL4MMF6AnE,Pra ficar rico você só precisa de 1 centavo #investimentos,Ugyf4vR5BKEZJ4LUG6J4AaABAg,0,2025-05-03,"Cara, pq não pensamos nisso?? Agora todo mundo vai ficar rico 😂😂😂"
Short do 1 centavo: como dobra? é possível? (dúvida e ironia sobre a conta),aDL4MMF6AnE,Pra ficar rico você só precisa de 1 centavo #investimentos,UgxcNeY5b5i5hHvySmd4AaABAg,0,2025-05-02,E onde que dobra assim todo dia?? Kskskkskskskks
Short do 1 centavo: como dobra? é possível? (dúvida e ironia sobre a conta),aDL4MMF6AnE,Pra ficar rico você só precisa de 1 centavo #investimentos,Ugzod9I5AzcRWI4rWaJ4AaABAg,0,2025-05-02,100%de lucro todo dia?😂😂😂que mentira!!!
Short do 1 centavo: como dobra? é possível? (dúvida e ironia sobre a conta),aDL4MMF6AnE,Pra ficar rico você só precisa de 1 centavo #investimentos,UgxBMVKyQPKayovzMhx4AaABAg,0,2025-05-02,Dilma é você?
Short do 1 centavo: como dobra? é possível? (dúvida e ironia sobre a conta),aDL4MMF6AnE,Pra ficar rico você só precisa de 1 centavo #investimentos,UgwrqZdGCtCbN6_RH0V4AaABAg,0,2025-05-02,"Isso é uma coisa que na teoria faz sentido, mas na pratica não tem aplicação nenhuma. No dia 30 pro 31, tem que multiplicar por dois 5 milhões? Vai assaltar um banco?"
Short do 1 centavo: como dobra? é possível? (dúvida e ironia sobre a conta),aDL4MMF6AnE,Pra ficar rico você só precisa de 1 centavo #investimentos,UgxetPqjzn-epX5kBAp4AaABAg,0,2025-05-02,"O que ele tá querendo dizer é comprar algo e vender pelo dobro de preço. Em 1 dia você consegue encontrar um louco que vai comprar um iPhone de 15 mil conto, por 30 mil conto. E outro dia vc encontra outro louco que pagaria 200 mil num carro de 100 mil. E outro dia vc encontra mais um louco que pagaria 1 bilhão numa empresa de 500 milhões."
Short do 1 centavo: como dobra? é possível? (dúvida e ironia sobre a conta),aDL4MMF6AnE,Pra ficar rico você só precisa de 1 centavo #investimentos,Ugw8Lxh3O5bK6QuqTMx4AaABAg,0,2025-05-02,"Ta, e daí, o que fazer com essa super mega grande informação ? Ta loco!!!!"
Short do 1 centavo: como dobra? é possível? (dúvida e ironia sobre a conta),aDL4MMF6AnE,Pra ficar rico você só precisa de 1 centavo #investimentos,UgyLdyD07fCUyaVUS0p4AaABAg,0,2025-05-01,Qual investimento que faz esse milagre
Short do 1 centavo: como dobra? é possível? (dúvida e ironia sobre a conta),aDL4MMF6AnE,Pra ficar rico você só precisa de 1 centavo #investimentos,UgxpZrxlUjzfQConivd4AaABAg,0,2025-05-01,Que matemática é essa ?
Short do 1 centavo: como dobra? é possível? (dúvida e ironia sobre a conta),aDL4MMF6AnE,Pra ficar rico você só precisa de 1 centavo #investimentos,UgxmoWI-TMfx7vhP0Bt4AaABAg,0,2025-05-01,Ele têm 31 milhões? Todo mês
Short do 1 centavo: como dobra? é possível? (dúvida e ironia sobre a conta),aDL4MMF6AnE,Pra ficar rico você só precisa de 1 centavo #investimentos,UgylYcwJig1Irhr3AE94AaABAg,0,2025-05-01,10 milhões?
